YEAR,st_case,veh_no,per_no,P1,P2,P3,P4,P5,P6,P7,P8,P9,P10
2001,10591,2,1,0,0,0,0,0,0,0,0,0,0
2001,10592,1,1,0,0,0,0,0,0,0,0,0,0
2001,10593,1,1,24,3,23,6,21,20,13,0,9,13
2001,10594,1,1,25,25,25,25,25,25,25,25,25,25
2001,10595,1,1,0,13,35,0,17,0,16,0,16,0
2001,10595,2,1,18,0,14,17,0,0,0,12,0,0
2001,10596,1,1,27,23,30,11,21,20,9,0,25,21
2001,10597,1,1,10,21,0,0,10,36,25,21,12,21
2001,10598,1,1,0,0,0,0,0,0,0,0,0,0
2001,10599,1,1,0,0,0,0,0,0,0,0,0,0
2001,10600,1,1,0,0,0,0,0,0,0,0,0,0
2001,10600,2,1,0,0,0,0,0,0,0,0,0,0
2001,10600,3,1,0,0,0,0,0,0,0,0,0,0
2001,10601,1,1,0,0,0,0,0,0,8,0,0,0
2001,10601,2,1,0,0,0,0,0,0,0,0,0,0
2001,10602,1,1,15,10,7,20,13,31,16,10,22,14
2001,10603,1,1,18,0,20,0,0,43,19,22,0,0
2001,10604,1,1,0,0,0,0,0,0,0,0,0,0
2001,10604,2,1,0,0,0,0,0,0,0,0,18,0
2001,10605,1,1,19,28,0,0,15,11,0,15,14,0
2001,10606,1,1,0,0,0,0,0,0,0,0,0,0
2001,10606,2,1,0,0,0,0,0,0,0,0,0,0
2001,10606,3,1,0,0,0,0,0,0,0,0,0,0
2001,10607,1,1,0,0,0,0,0,0,0,0,0,0
2001,10607,2,1,0,0,0,0,0,0,0,0,0,0
2001,10608,1,1,10,17,6,21,21,16,34,27,15,19
2001,10609,1,1,21,0,0,0,0,0,16,0,0,0
2001,10609,2,1,0,31,20,20,6,0,0,24,0,18
2001,10610,1,1,0,0,0,0,0,0,0,0,0,0
2001,10610,2,1,0,0,0,0,0,0,0,0,0,0
2001,10611,1,1,0,0,0,0,0,0,0,0,0,17
2001,10611,2,1,0,0,0,0,0,0,0,0,7,0
2001,10612,0,1,0,37,25,15,22,24,39,20,9,18
2001,10612,1,1,0,0,0,0,0,0,0,0,0,0
2001,10613,1,1,21,36,2,6,22,27,20,39,11,14
2001,10614,1,1,0,0,13,14,9,0,17,0,0,32
2001,10614,2,1,0,0,0,0,15,0,0,0,0,0
2001,10615,1,1,27,0,9,33,15,14,6,11,18,14
2001,10616,1,1,0,0,0,0,18,9,0,10,12,0
2001,10616,2,1,0,0,0,0,0,0,0,0,0,0
2001,10616,3,1,0,0,0,0,0,0,0,0,0,0
2001,10616,4,1,32,11,0,0,33,0,0,0,0,0
2001,10617,1,1,11,22,7,4,0,5,8,6,26,29
2001,10618,1,1,0,0,0,0,0,0,0,0,0,0
2001,10618,2,1,0,0,0,0,0,0,0,0,0,0
2001,10619,1,1,13,13,13,13,13,13,13,13,13,13
2001,10620,0,1,22,12,0,0,4,6,20,28,42,0
2001,10620,0,2,0,21,25,0,11,31,3,60,34,29
2001,10620,1,1,0,0,0,0,3,18,0,0,0,0
2001,10621,1,1,28,28,28,28,28,28,28,28,28,28
2001,10622,1,1,0,0,0,0,0,0,0,0,0,0
2001,10622,2,1,4,0,0,0,0,0,0,0,0,0
2001,10623,1,1,0,0,0,0,0,0,0,0,0,0
2001,10623,2,1,0,0,0,0,0,0,0,0,2,0
2001,10624,1,1,0,0,0,22,0,12,25,0,0,0
2001,10625,1,1,0,6,0,0,0,0,16,0,0,0
2001,10626,1,1,0,0,0,0,0,0,0,0,0,0
2001,10626,2,1,0,0,0,0,0,0,0,0,0,0
2001,10627,1,3,0,0,0,0,0,0,5,0,0,0
2001,10628,0,1,20,31,24,8,13,43,12,12,25,13
2001,10628,1,1,0,0,0,0,0,0,0,0,0,0
2001,10629,1,1,13,0,15,0,0,12,0,0,18,0
2001,10630,1,1,0,0,16,0,0,0,0,0,0,0
2001,10631,0,1,0,0,0,0,0,0,0,0,0,0
2001,10631,1,1,0,0,0,0,0,0,0,0,0,0
2001,10632,1,1,42,9,17,12,16,7,7,20,0,15
2001,10633,0,1,0,0,0,0,0,0,0,0,0,0
2001,10633,1,1,0,0,0,0,0,0,0,0,0,0
2001,10634,1,1,0,0,7,23,0,0,0,0,0,7
2001,10634,2,1,0,0,0,0,0,0,0,15,0,12
2001,10634,3,1,5,0,0,0,0,0,0,0,0,0
2001,10634,4,1,0,0,0,0,0,0,0,0,0,0
2001,10635,1,1,0,0,9,17,0,0,0,0,0,15
2001,10636,0,1,15,0,0,0,0,0,19,10,0,0
2001,10636,1,1,0,0,0,0,0,0,0,0,0,0
2001,10637,1,1,0,0,0,0,0,0,0,0,0,0
2001,10637,2,1,0,0,0,0,0,0,0,0,0,0
2001,10638,1,1,0,0,0,0,0,0,0,0,0,18
2001,10638,2,1,0,0,0,0,0,0,0,0,0,0
2001,10639,1,1,0,0,0,0,0,0,0,0,0,0
2001,10639,2,1,0,0,0,0,0,0,0,0,0,0
2001,10639,3,1,0,0,0,0,0,21,0,0,0,0
2001,10640,1,1,0,0,0,0,0,0,0,0,0,0
2001,10641,1,1,0,0,0,0,0,0,0,0,0,0
2001,10641,2,1,0,0,0,0,0,0,0,0,0,0
2001,10642,1,1,29,17,11,15,0,12,38,20,14,11
2001,10643,1,1,0,0,0,7,15,27,0,0,0,0
2001,10644,1,1,18,0,18,11,9,8,16,20,5,18
2001,10644,2,1,0,0,0,0,0,0,0,0,0,0
2001,10645,1,1,0,0,13,9,18,12,11,0,20,0
2001,10646,1,1,0,0,0,0,0,0,0,0,0,0
2001,10647,1,1,0,0,0,0,0,0,0,0,0,8
2001,10647,2,1,0,0,13,0,0,0,0,0,0,0
2001,10648,1,1,5,6,17,13,21,22,22,24,17,37
2001,10648,2,1,0,13,0,0,0,0,0,0,0,0
2001,10649,1,1,0,0,0,0,0,0,0,0,0,0
2001,10649,2,1,0,0,0,0,0,0,0,0,0,0
2001,10650,1,1,0,0,0,0,0,0,0,0,0,0
2001,10650,2,1,0,0,0,0,0,0,0,0,0,0
2001,10651,1,1,7,13,13,16,16,4,27,16,6,16
2001,10652,0,1,10,32,0,0,0,0,36,18,0,25
2001,10652,1,1,0,0,0,0,0,0,0,0,0,0
2001,10653,0,1,35,4,15,0,0,25,32,14,0,26
2001,10653,1,1,0,0,0,0,0,0,0,0,0,0
2001,10653,2,1,0,0,0,0,0,0,0,0,0,0
2001,10654,1,1,16,14,11,15,10,24,18,19,8,16
2001,10654,2,1,0,0,0,0,0,0,0,0,0,0
2001,10655,1,1,0,0,0,0,0,0,24,0,0,34
2001,10656,1,1,7,23,14,0,22,20,12,17,6,19
2001,10657,1,1,0,0,0,0,0,0,0,0,0,0
2001,10658,1,1,0,0,0,0,0,0,0,0,0,0
2001,10659,1,1,6,18,13,13,28,12,12,30,13,0
2001,10660,1,1,0,0,0,0,0,0,0,0,0,0
2001,10661,1,1,26,18,25,35,0,8,25,35,27,0
2001,10662,1,1,0,0,0,0,0,0,0,0,0,0
2001,10662,2,1,0,0,0,0,0,0,0,0,0,0
2001,10663,1,1,0,0,0,0,0,0,0,0,0,0
2001,10663,2,1,0,0,2,0,0,0,0,0,0,0
2001,10664,1,1,0,0,0,0,2,18,0,0,0,0
2001,10665,1,1,18,24,12,0,16,30,11,19,39,15
2001,10666,1,1,0,0,0,0,0,0,0,0,0,0
2001,10666,2,1,0,0,0,0,0,0,0,0,0,0
2001,10667,1,1,24,23,19,15,20,29,0,21,20,19
2001,10668,1,1,33,5,26,16,20,17,25,16,21,19
2001,10669,1,1,12,0,0,0,0,29,6,7,20,13
2001,10670,1,1,12,36,15,15,15,24,27,9,7,12
2001,10670,2,1,0,0,0,0,0,0,0,0,0,0
2001,10671,1,1,0,0,0,0,0,0,0,0,0,0
2001,10671,2,1,0,0,0,0,0,0,0,0,0,0
2001,10672,1,1,0,0,0,0,0,0,0,0,6,0
2001,10673,1,1,0,0,0,0,0,0,0,0,0,0
2001,10674,1,1,0,0,0,0,0,0,0,0,0,0
2001,10674,2,1,0,0,2,0,0,0,0,0,0,0
2001,10675,1,1,0,0,0,0,0,0,0,0,0,0
2001,10676,1,1,0,0,0,0,0,0,0,0,0,0
2001,10677,1,1,5,12,14,17,5,23,8,10,37,23
2001,10678,0,1,0,0,0,0,0,0,0,0,0,0
2001,10678,1,1,0,0,0,0,0,0,0,0,0,0
2001,10679,1,1,0,0,0,17,32,25,13,20,0,7
2001,10680,1,1,0,12,0,7,0,0,25,0,19,0
2001,10681,1,1,0,0,11,0,0,0,0,0,28,0
2001,10682,1,1,0,0,0,0,0,0,0,0,0,0
2001,10683,1,1,0,0,0,0,0,4,0,0,0,11
2001,10684,0,1,0,0,0,0,0,0,0,0,0,0
2001,10684,1,1,0,0,0,0,0,0,0,0,0,0
2001,10685,1,1,0,0,0,0,0,0,0,0,0,0
2001,10685,2,1,0,0,0,0,0,0,0,0,0,0
2001,10686,0,1,0,0,0,0,0,0,0,0,0,0
2001,10686,1,1,0,0,0,0,0,0,0,0,0,0
2001,10687,1,1,0,0,0,0,0,0,0,0,0,0
2001,10688,1,1,14,0,0,32,0,0,11,8,8,17
2001,10688,2,1,0,0,11,0,0,0,0,0,0,0
2001,10689,1,1,0,0,0,5,2,0,0,0,0,0
2001,10689,2,1,0,0,0,0,0,0,0,0,0,0
2001,10690,1,1,0,0,0,0,0,0,0,0,0,0
2001,10690,2,1,0,0,0,0,0,0,10,0,0,0
2001,10691,1,1,16,0,0,19,3,0,6,9,5,0
2001,10692,1,1,0,0,0,0,0,0,0,0,0,0
2001,10692,2,1,0,0,0,0,0,0,0,0,0,0
2001,10692,3,1,0,0,0,0,0,0,0,0,0,0
2001,10693,1,1,0,0,17,12,0,8,0,0,0,0
2001,10693,2,1,21,0,0,0,0,0,0,0,0,0
2001,10694,1,1,0,0,0,0,0,0,0,0,0,0
2001,10694,2,1,0,19,0,0,0,0,0,12,0,0
2001,10695,1,1,16,16,0,20,4,34,13,0,6,5
2001,10696,1,1,0,0,0,0,13,0,0,0,0,0
2001,10696,2,1,0,0,0,0,0,0,0,0,0,0
2001,10697,1,1,0,0,0,0,0,15,0,23,0,0
2001,10698,1,1,0,0,0,0,0,0,0,0,0,0
2001,10698,2,1,0,0,0,0,0,0,0,0,0,0
2001,10699,1,1,24,31,22,10,5,19,11,0,5,13
2001,10699,2,1,0,0,0,0,0,0,0,0,0,0
2001,10700,1,1,0,0,0,0,0,23,21,0,14,0
2001,10701,1,1,0,0,0,0,0,0,0,0,0,0
2001,10702,1,1,0,0,0,0,0,0,0,0,0,0
2001,10703,1,1,23,23,23,23,23,23,23,23,23,23
2001,10704,1,1,4,14,8,7,15,5,18,14,7,11
2001,10705,1,1,0,0,14,0,0,29,0,0,0,0
2001,10705,2,1,0,0,0,0,0,0,0,0,0,0
2001,10706,1,1,23,15,22,20,12,9,29,4,0,9
2001,10707,1,1,0,0,0,0,0,17,12,0,0,0
2001,10708,0,1,16,36,27,13,27,8,15,30,22,21
2001,10708,1,1,0,0,0,4,0,0,0,0,0,0
2001,10709,1,1,18,19,29,18,5,15,20,14,39,45
2001,10710,1,1,0,11,23,20,10,17,0,0,18,0
2001,10711,1,1,0,0,0,0,0,0,0,0,0,0
2001,10711,2,1,0,0,0,0,0,0,0,0,0,0
2001,10712,1,1,11,0,18,29,0,21,16,15,37,18
2001,10713,1,1,0,8,0,0,0,0,0,0,0,0
2001,10714,1,1,27,10,16,17,23,17,30,10,27,17
2001,10715,1,1,0,0,0,0,0,0,0,0,0,0
2001,10715,2,1,0,0,0,0,0,0,0,0,0,0
2001,10716,1,1,27,20,15,18,37,16,6,18,30,23
2001,10717,1,1,0,0,0,0,0,0,0,0,0,0
2001,10718,1,1,0,0,0,0,0,0,0,0,0,0
2001,10718,2,1,0,0,0,0,0,0,0,0,0,0
2001,10719,1,1,0,0,0,0,0,0,0,0,0,0
2001,10719,2,1,0,0,0,0,0,0,0,0,0,0
2001,10720,1,1,18,0,0,0,19,19,30,8,0,6
2001,10721,1,1,0,0,0,0,0,0,0,0,0,0
2001,10721,2,1,0,0,0,0,0,0,0,0,0,0
2001,10722,1,1,22,10,13,19,13,20,21,18,15,0
2001,10722,2,1,0,0,0,0,0,0,0,0,0,0
2001,10723,1,1,27,27,27,27,27,27,27,27,27,27
2001,10724,1,1,12,0,0,0,56,0,0,0,20,0
2001,10725,1,1,0,0,0,0,0,0,0,0,0,0
2001,10726,1,1,7,16,3,31,28,16,17,15,21,12
2001,10727,1,1,0,0,0,0,0,0,0,0,0,0
2001,10727,2,1,0,0,0,0,0,0,3,12,0,0
2001,10728,1,1,16,15,14,3,2,9,5,11,18,0
2001,10729,1,1,1,18,6,0,27,0,24,21,13,18
2001,10730,1,1,42,13,31,0,40,7,29,15,27,11
2001,10731,1,1,22,0,0,0,0,0,0,0,0,0
2001,10732,1,1,0,0,0,0,0,0,0,0,0,0
2001,10732,2,1,0,0,0,0,0,0,0,0,0,0
2001,10733,1,1,0,0,0,0,0,0,0,0,0,0
2001,10733,2,1,0,0,0,0,0,0,0,0,0,0
2001,10734,1,1,0,0,0,0,0,0,30,0,0,0
2001,10735,1,1,35,24,12,0,21,28,16,6,29,16
2001,10735,2,1,0,0,0,0,0,0,0,0,0,0
2001,10736,1,1,7,12,11,16,0,0,0,0,0,14
2001,10737,1,1,0,0,0,0,0,0,0,0,0,0
2001,10738,1,1,13,17,17,19,11,17,12,14,10,12
2001,10738,2,1,10,0,0,0,0,0,0,0,0,0
2001,10738,3,1,0,0,0,19,0,0,0,16,0,0
2001,10739,1,1,0,0,0,0,0,16,0,0,0,0
2001,10740,1,1,35,0,0,21,9,0,0,0,12,0
2001,10741,1,1,0,0,13,3,0,0,0,0,0,0
2001,10742,1,1,20,4,13,23,13,4,17,15,18,6
2001,10742,2,1,0,0,0,9,0,0,0,0,0,0
2001,10743,1,1,0,0,0,0,0,14,0,0,0,0
2001,10744,1,1,0,0,0,0,0,0,0,0,0,0
2001,10745,0,1,0,26,33,24,12,10,20,0,0,0
2001,10745,1,1,0,0,0,0,0,0,0,0,0,0
2001,10746,1,1,0,0,12,0,12,0,0,0,0,0
2001,10747,1,1,0,0,0,0,0,0,0,0,0,0
2001,10747,2,1,0,0,0,0,0,0,0,0,0,0
2001,10748,1,1,0,17,12,7,24,12,28,15,17,9
2001,10749,1,1,12,11,9,8,25,11,19,11,20,22
2001,10749,2,1,0,27,0,0,0,0,0,20,0,0
2001,10750,1,1,12,12,26,16,5,9,10,18,8,28
2001,10751,1,1,0,0,0,0,0,17,0,0,0,0
2001,10752,1,1,0,18,0,0,0,0,0,0,0,0
2001,10753,1,1,0,0,0,0,0,0,0,0,0,0
2001,10753,2,1,0,0,0,0,0,0,0,0,0,0
2001,10754,1,1,0,0,0,0,24,0,0,0,0,0
2001,10754,2,1,0,0,0,0,0,0,0,0,0,0
2001,10754,3,1,0,0,0,0,0,0,0,0,0,0
2001,10754,4,1,0,0,0,0,0,0,0,0,0,0
2001,10755,1,1,12,20,16,18,42,27,31,21,17,19
2001,10755,2,1,13,44,11,15,9,16,10,19,14,23
2001,10756,0,1,0,0,0,0,0,0,0,0,0,0
2001,10756,1,1,0,0,0,0,0,0,0,0,0,0
2001,10757,1,1,0,0,0,0,0,0,0,0,0,0
2001,10757,2,1,0,0,0,0,0,0,0,0,0,11
2001,10757,3,1,0,0,0,0,15,0,0,0,0,20
2001,10758,1,1,19,18,0,0,17,24,16,20,18,0
2001,10759,1,1,0,0,0,0,0,0,0,0,0,0
2001,10760,1,1,0,7,7,12,0,0,0,0,12,12
2001,10760,2,1,0,0,0,0,0,0,0,0,0,0
2001,10761,1,1,20,14,26,14,24,20,14,13,11,26
2001,10761,2,1,0,0,10,0,0,0,0,0,0,0
2001,10762,1,1,0,0,0,0,0,0,0,0,0,0
2001,10762,2,1,0,0,0,0,0,0,0,0,0,0
2001,10763,1,1,0,0,15,0,0,0,0,0,0,0
2001,10764,0,1,0,0,0,0,16,0,0,0,0,0
2001,10764,1,1,22,6,17,0,16,0,6,9,15,31
2001,10765,1,1,0,0,0,0,0,0,0,0,0,0
2001,10765,2,1,0,0,0,0,0,0,0,0,0,0
2001,10766,1,1,0,0,0,0,0,0,0,0,0,0
2001,10767,1,1,0,0,0,0,0,0,0,0,0,0
2001,10768,1,1,0,15,17,0,13,14,14,0,3,0
2001,10768,2,1,0,0,0,0,0,0,0,0,0,0
2001,10769,1,1,0,0,0,0,0,0,0,16,0,0
2001,10770,1,1,0,0,0,0,9,0,0,0,0,0
2001,10770,2,1,0,0,0,0,0,0,0,0,0,0
2001,10771,1,1,0,0,18,0,22,30,0,17,0,24
2001,10772,1,1,0,0,0,0,0,0,0,0,10,0
2001,10773,1,1,0,0,0,0,0,0,0,0,0,12
2001,10773,2,1,0,0,0,0,0,0,0,0,0,0
2001,10774,1,1,0,0,0,0,0,0,0,0,0,0
2001,10774,2,1,0,0,0,0,0,0,0,0,0,0
2001,10775,0,1,0,0,0,0,0,0,0,0,0,0
2001,10775,1,1,0,0,0,0,0,0,0,0,0,0
2001,10776,0,1,0,3,33,0,0,23,0,20,0,0
2001,10776,1,1,0,0,0,0,0,0,0,0,0,0
2001,10777,1,1,0,0,0,0,0,0,0,0,0,0
2001,10777,2,1,14,18,17,15,18,0,12,16,24,0
2001,10777,3,1,0,0,0,0,0,0,0,0,0,0
2001,10778,1,1,0,0,0,0,0,0,0,0,0,0
2001,10778,2,1,0,0,0,0,0,0,0,0,0,0
2001,10779,1,1,0,0,0,0,0,0,0,0,0,0
2001,10780,1,1,0,0,0,0,0,0,21,0,10,0
2001,10780,2,1,0,0,0,0,0,0,0,0,0,0
2001,10780,3,1,0,0,0,0,0,0,0,0,0,0
2001,10781,1,1,0,9,0,0,0,0,0,0,0,0
2001,10781,2,1,0,0,0,0,0,0,0,0,0,0
2001,10782,1,1,0,8,0,0,15,0,7,0,0,17
2001,10783,1,1,0,14,0,4,0,0,28,0,0,3
2001,10784,1,1,0,0,0,0,0,0,0,0,0,0
2001,10784,2,1,0,0,0,0,0,0,0,0,0,0
2001,10785,1,1,19,16,0,0,15,13,0,23,0,22
2001,10786,1,1,26,10,25,16,15,15,32,14,13,26
2001,10786,2,1,0,0,0,0,0,0,0,0,0,0
2001,10787,1,1,0,13,0,0,0,0,11,0,0,20
2001,10787,2,1,0,0,0,4,0,0,0,0,0,0
2001,10788,1,1,0,0,17,0,0,0,0,0,0,0
2001,10789,1,1,0,0,0,0,0,0,0,0,0,0
2001,10790,1,1,0,0,0,0,0,0,0,0,0,0
2001,10791,1,1,0,0,0,0,0,0,0,0,0,0
2001,10791,2,1,0,0,0,0,0,0,0,0,0,0
2001,10791,3,1,0,0,0,0,0,0,0,0,0,15
2001,10792,1,1,0,0,0,0,0,0,0,0,0,0
2001,10792,2,1,0,0,0,0,0,0,0,0,0,0
2001,10793,1,1,0,0,4,0,0,0,0,0,0,12
2001,10794,1,1,0,0,0,0,0,0,0,0,0,0
2001,10794,2,1,0,0,0,0,0,0,0,0,0,0
2001,10795,1,1,13,10,8,15,9,10,17,0,6,2
2001,10796,1,1,10,9,11,23,0,0,5,27,5,0
2001,10797,1,1,0,0,0,0,0,0,0,0,0,0
2001,10797,2,1,0,0,0,0,0,0,0,0,0,0
2001,10798,1,1,0,0,0,0,27,0,0,0,21,0
2001,10799,1,1,8,8,8,8,8,8,8,8,8,8
2001,10800,1,1,9,5,2,3,42,9,0,34,3,6
2001,10800,2,1,10,0,19,0,0,0,0,17,0,0
2001,10801,1,1,0,0,0,0,0,0,0,0,0,0
2001,10801,2,1,0,0,0,0,0,0,0,0,0,0
2001,10802,1,1,19,29,23,22,30,31,4,36,17,0
2001,10803,1,1,0,0,0,0,0,0,0,0,0,0
2001,10803,2,1,5,0,0,0,0,0,0,0,8,14
2001,10804,1,1,7,0,0,0,21,0,0,8,0,16
2001,10805,1,1,21,0,22,0,0,9,0,19,0,0
2001,10806,1,1,0,15,0,21,0,0,0,10,0,28
2001,10806,2,1,17,19,5,20,10,41,20,24,28,0
2001,10807,1,1,0,17,0,0,0,0,0,0,0,17
2001,10807,2,1,0,0,0,0,0,0,0,0,0,0
2001,10808,1,1,0,0,0,0,0,0,0,0,0,0
2001,10808,2,1,0,0,0,0,0,0,0,0,0,0
2001,10809,1,1,0,0,0,0,0,14,0,0,0,0
2001,10810,1,1,16,28,0,9,13,15,0,20,22,0
2001,10810,2,1,0,10,25,3,11,11,0,0,27,11
2001,10810,3,1,0,20,11,30,0,0,0,0,0,0
2001,10811,1,1,0,17,21,14,9,24,15,18,13,15
2001,10812,1,1,0,0,0,0,0,0,0,0,0,0
2001,10812,2,1,0,0,0,0,0,0,0,0,0,0
2001,10813,1,1,0,0,0,0,0,0,10,0,28,0
2001,10814,1,1,0,0,0,0,0,0,0,0,0,0
2001,10814,2,1,0,0,0,0,0,0,0,0,0,0
2001,10815,1,1,0,0,0,0,0,0,0,0,0,0
2001,10816,1,1,0,0,0,0,8,0,0,0,0,0
2001,10817,0,1,0,0,0,17,0,13,0,0,0,0
2001,10817,0,2,0,0,0,0,14,0,23,10,21,0
2001,10817,1,1,0,0,0,0,0,0,0,0,0,0
2001,10818,1,1,17,22,16,0,39,24,25,24,19,22
2001,10819,1,1,0,0,0,0,0,0,0,0,0,0
2001,10820,1,1,0,0,18,0,0,0,0,18,0,0
2001,10821,1,1,11,0,16,10,9,10,10,7,2,31
2001,10822,1,1,0,0,0,0,0,0,0,3,0,0
2001,10822,2,1,0,0,0,0,0,0,0,0,0,0
2001,10823,1,1,21,21,21,21,21,21,21,21,21,21
2001,10824,1,1,20,25,26,12,17,8,14,3,14,9
2001,10824,2,1,0,12,0,0,0,0,0,0,0,0
2001,10825,1,1,0,0,0,0,0,0,23,6,0,0
2001,10826,1,1,0,8,0,0,0,0,0,0,0,0
2001,10827,1,1,0,0,0,9,0,0,21,0,0,0
2001,10828,1,1,0,0,0,0,0,0,0,0,0,0
2001,10828,2,1,0,0,0,0,0,0,0,0,0,0
2001,10828,3,1,0,0,0,0,0,0,0,0,0,0
2001,10828,4,1,0,0,16,0,0,0,0,0,0,0
2001,10828,5,1,0,0,0,0,0,0,0,0,0,0
2001,10828,6,1,0,0,0,0,0,0,0,0,0,0
2001,10829,1,1,0,0,0,0,0,0,0,0,0,0
2001,10829,2,1,18,0,0,0,0,0,13,0,0,0
2001,10830,1,1,0,0,0,11,0,0,0,0,0,0
2001,10831,1,1,0,0,0,0,0,0,0,0,0,0
2001,10831,2,1,0,23,0,0,0,23,0,24,15,11
2001,10832,1,1,21,6,28,9,9,15,14,14,0,7
2001,10832,2,1,0,3,10,0,9,0,0,9,0,0
2001,10833,1,1,0,0,0,0,0,0,0,0,0,0
2001,10833,2,1,0,0,0,0,0,0,0,0,0,0
2001,10834,1,1,0,0,0,0,0,0,0,0,0,0
2001,10835,1,1,0,0,0,0,0,0,0,0,0,0
2001,10835,2,1,0,0,0,0,0,0,0,0,0,0
2001,10836,1,1,12,12,21,14,11,27,13,20,7,18
2001,10836,2,1,0,0,0,0,0,0,0,0,0,0
2001,10837,1,1,0,0,0,0,0,0,0,0,0,0
2001,10838,1,1,0,0,0,0,0,0,0,0,0,0
2001,10838,2,1,0,0,0,0,0,0,0,0,0,0
2001,10839,1,1,0,0,0,0,0,0,0,0,0,0
2001,10839,2,1,0,0,0,0,0,0,0,0,0,0
2001,10839,3,1,0,0,0,0,0,0,0,0,0,0
2001,10839,4,1,0,0,0,0,0,0,0,0,0,0
2001,10840,0,1,24,0,25,13,15,22,21,34,17,24
2001,10840,1,1,8,8,8,8,8,8,8,8,8,8
2001,10841,1,1,0,0,0,0,0,0,0,0,0,0
2001,10841,2,1,0,0,0,0,0,0,0,0,0,0
2001,10842,1,1,0,0,0,0,0,0,0,0,0,0
2001,10842,2,1,0,0,0,0,0,0,0,0,0,0
2001,10843,1,1,19,30,13,0,7,11,0,0,0,0
2001,10844,1,1,0,0,0,0,0,0,0,0,0,0
2001,10845,1,1,0,0,0,0,0,0,0,0,0,0
2001,10845,2,1,0,0,0,0,0,0,0,0,0,0
2001,10846,1,1,0,0,0,0,0,0,0,0,0,0
2001,10848,1,1,0,35,0,0,8,0,0,0,0,0
2001,10848,2,1,0,16,0,0,0,4,0,39,0,0
2001,10849,1,1,21,12,32,9,28,40,16,22,11,4
2001,10850,1,1,0,0,7,0,0,0,0,0,0,4
2001,10851,1,1,0,0,0,0,0,0,28,0,0,8
2001,10852,1,1,19,0,0,0,17,13,33,12,0,0
2001,10853,1,1,0,0,0,0,0,0,0,0,0,0
2001,10853,2,1,0,0,0,0,0,0,0,0,0,0
2001,10854,1,1,9,31,23,19,32,0,3,19,4,0
2001,10855,1,1,0,0,0,0,0,0,0,0,0,0
2001,10855,2,1,0,0,0,0,0,0,0,0,0,0
2001,10856,1,1,0,0,0,0,0,0,0,0,0,0
2001,10856,2,1,0,11,0,0,0,0,0,19,0,0
2001,10857,1,1,0,0,0,0,0,0,0,0,0,0
2001,10857,2,1,0,0,0,0,0,0,0,5,0,0
2001,10858,2,1,19,30,15,16,9,0,32,12,25,30
2001,10859,1,1,0,0,0,0,0,0,0,0,0,0
2001,10859,2,1,0,0,0,0,0,0,0,0,0,0
2001,10860,1,1,0,0,0,0,0,0,0,0,0,0
2001,10860,2,1,24,29,15,27,22,17,10,6,0,34
2001,10861,1,1,25,19,0,24,13,23,29,11,13,0
2001,10862,1,1,0,0,8,0,6,0,33,0,0,0
2001,10863,1,1,0,0,0,0,0,0,0,0,0,0
2001,10863,2,1,0,0,0,0,0,0,0,0,0,0
2001,10864,1,1,11,8,21,0,9,35,0,10,0,10
2001,10865,1,1,20,0,33,0,9,21,0,22,14,0
2001,10865,2,1,0,0,0,0,0,18,0,0,0,0
2001,10866,1,1,0,0,0,0,0,0,0,10,0,0
2001,10866,2,1,24,0,18,24,29,12,8,11,9,0
2001,10867,1,1,0,0,0,0,0,0,0,0,0,0
2001,10867,2,1,0,0,0,0,0,0,0,0,0,0
2001,10868,1,1,0,0,0,0,0,0,0,0,0,0
2001,10868,2,1,0,0,0,0,0,0,0,0,0,0
2001,10869,1,1,0,0,0,0,0,0,0,0,0,0
2001,10869,2,1,0,0,0,0,0,0,0,0,0,0
2001,10870,1,1,0,0,0,0,0,0,0,0,0,0
2001,10870,2,1,0,0,0,0,0,0,0,0,0,0
2001,10870,3,1,0,0,0,0,0,0,0,0,0,0
2001,10871,1,1,0,0,0,0,23,0,0,0,0,0
2001,10871,2,1,8,9,18,13,13,9,15,16,13,7
2001,10872,1,1,0,0,0,0,0,0,0,0,0,0
2001,10872,2,1,0,0,0,0,0,0,0,0,0,10
2001,10873,1,1,0,0,0,0,0,0,0,0,0,18
2001,10873,2,1,0,0,0,0,0,0,0,0,0,0
2001,10874,1,1,16,0,17,5,28,12,40,27,20,26
2001,10874,2,1,0,0,0,0,0,0,0,0,0,0
2001,10875,1,1,7,0,0,0,0,6,0,4,6,6
2001,10876,1,1,0,0,0,0,0,0,0,0,0,0
2001,10876,2,1,0,0,0,0,0,0,0,0,0,0
2001,10877,1,1,27,27,27,27,27,27,27,27,27,27
2001,10877,2,1,16,0,0,0,0,0,0,0,0,0
2001,10878,1,1,0,0,0,0,0,0,0,0,0,0
2001,10878,2,1,0,0,0,0,17,15,0,0,0,0
2001,10878,3,1,0,0,0,0,0,0,0,0,0,0
2001,10879,0,1,0,0,0,0,0,0,0,0,0,16
2001,10879,1,1,0,0,0,0,0,0,0,0,0,0
2001,10880,1,1,18,24,4,10,15,3,12,0,10,13
2001,10880,2,1,0,0,0,10,0,0,0,0,0,0
2001,10881,1,1,0,0,0,0,0,0,0,0,20,24
2001,10881,2,1,0,0,0,0,0,0,0,0,0,0
2001,10881,3,1,0,0,0,0,0,0,0,0,0,0
2001,10882,1,1,9,26,10,5,21,29,24,9,19,7
2001,10882,2,3,24,8,9,8,0,0,16,19,18,0
2001,10883,1,1,14,23,11,0,0,22,11,16,25,7
2001,10884,1,1,9,17,0,0,0,0,26,0,0,0
2001,10885,1,1,21,16,9,23,9,7,19,14,11,0
2001,10886,1,1,0,0,0,0,0,0,0,0,0,0
2001,10886,2,1,0,0,0,0,0,0,0,0,0,0
2001,10887,1,1,13,16,15,0,36,0,17,16,4,6
2001,10888,1,1,21,21,21,21,21,21,21,21,21,21