YEAR,st_case,veh_no,per_no,P1,P2,P3,P4,P5,P6,P7,P8,P9,P10
2001,10888,2,1,0,0,0,0,0,0,0,0,0,0
2001,10889,1,1,0,0,0,0,0,0,0,0,0,0
2001,10889,2,1,0,0,0,0,0,0,0,0,0,0
2001,10890,1,1,0,0,0,0,0,0,0,0,0,0
2001,10890,2,1,0,0,0,0,0,0,0,11,0,0
2001,10891,0,1,0,0,8,0,0,0,0,0,0,0
2001,10891,1,1,0,0,0,0,0,14,0,0,0,0
2001,10892,0,1,0,0,0,0,0,0,0,0,0,0
2001,10892,0,2,0,5,2,0,0,0,0,0,0,7
2001,10892,1,1,0,0,0,0,0,0,0,0,17,0
2001,10892,2,1,0,0,0,0,0,0,0,0,0,0
2001,10893,1,1,0,0,0,16,0,0,0,0,0,0
2001,10893,2,1,0,0,0,0,0,0,0,0,0,0
2001,10894,1,1,0,0,0,0,0,0,0,0,0,0
2001,10894,2,1,0,0,0,0,0,0,0,0,0,0
2001,10895,1,1,0,0,0,0,0,0,0,0,0,0
2001,10895,2,1,0,0,0,0,0,0,0,0,0,0
2001,10896,1,1,0,0,0,0,0,0,0,0,0,0
2001,10896,2,1,0,0,0,0,0,0,0,0,0,0
2001,10897,1,1,0,0,0,0,0,0,0,0,0,0
2001,10898,1,1,0,0,0,0,0,0,0,0,0,0
2001,10898,2,1,0,0,0,0,0,0,0,0,0,0
2001,10898,3,1,0,0,0,0,0,0,0,0,0,0
2001,10899,0,1,0,14,0,0,0,18,20,0,28,0
2001,10899,1,1,15,15,15,15,15,15,15,15,15,15
2001,10900,1,1,18,11,15,27,9,11,22,8,41,20
2001,10901,1,1,24,13,48,28,0,15,5,0,0,0
2001,10901,2,1,0,0,0,0,0,0,0,0,0,0
2001,10902,1,1,32,23,22,26,18,39,32,27,8,23
2001,20001,1,1,0,18,0,0,7,0,0,0,20,23
2001,20002,1,1,0,0,0,0,0,0,0,0,12,0
2001,20002,2,1,0,0,0,0,0,8,0,0,0,0
2001,20003,1,1,0,0,0,0,0,0,0,0,0,0
2001,20003,2,1,0,0,0,0,0,0,0,0,0,0
2001,20003,3,1,0,0,0,0,0,0,0,0,0,0
2001,20003,4,1,0,0,0,0,0,0,0,0,0,0
2001,20004,1,1,0,0,0,9,0,0,0,0,0,0
2001,20004,2,1,0,19,0,0,0,11,0,0,0,0
2001,20005,1,1,28,28,28,28,28,28,28,28,28,28
2001,20005,2,1,0,0,0,7,0,17,8,10,0,0
2001,20006,1,1,0,0,12,20,22,35,10,0,0,13
2001,20007,0,1,0,0,0,0,0,0,0,0,0,0
2001,20007,1,1,9,7,20,0,32,0,0,17,14,0
2001,20008,1,1,0,0,0,0,0,0,0,0,0,0
2001,20008,2,1,0,0,0,0,0,0,0,0,0,0
2001,20008,3,1,0,0,0,0,0,0,0,0,0,5
2001,20009,1,1,0,0,0,0,0,0,0,0,0,0
2001,20009,2,1,0,0,0,0,27,0,0,0,0,0
2001,20010,1,1,0,0,0,0,0,0,0,0,0,0
2001,20010,2,1,0,0,0,0,0,0,0,0,0,0
2001,20011,1,1,22,22,22,22,22,22,22,22,22,22
2001,20011,2,1,1,1,1,1,1,1,1,1,1,1
2001,20012,1,1,12,14,28,0,16,8,6,12,15,25
2001,20012,2,1,0,0,0,0,0,0,0,0,0,0
2001,20013,0,1,18,18,18,18,18,18,18,18,18,18
2001,20013,1,1,0,0,0,0,0,0,0,0,0,0
2001,20014,1,1,0,0,0,0,0,0,0,0,0,0
2001,20015,1,1,0,0,0,0,0,0,0,0,0,0
2001,20016,1,1,0,0,0,0,0,0,0,0,0,0
2001,20017,1,1,3,10,24,13,18,21,7,10,17,13
2001,20017,2,1,0,0,0,0,0,0,0,0,0,0
2001,20018,1,1,0,0,0,0,0,0,0,0,0,0
2001,20018,2,1,0,0,0,0,0,0,0,0,0,0
2001,20018,3,1,0,0,0,0,0,0,0,0,0,0
2001,20019,1,1,25,0,0,0,0,0,0,0,22,0
2001,20020,1,1,0,0,0,0,0,0,0,0,0,0
2001,20020,2,1,0,0,0,0,0,18,0,15,0,23
2001,20021,1,1,0,0,0,0,0,0,0,0,0,0
2001,20022,1,1,12,12,12,12,12,12,12,12,12,12
2001,20022,2,1,0,18,9,21,0,5,0,0,0,0
2001,20023,0,1,24,24,24,24,24,24,24,24,24,24
2001,20023,1,1,0,0,0,0,0,0,8,0,0,0
2001,20024,1,1,17,17,17,17,17,17,17,17,17,17
2001,20025,1,1,18,18,18,18,18,18,18,18,18,18
2001,20025,2,1,10,22,0,17,2,0,0,0,0,0
2001,20026,1,1,0,0,0,0,0,0,0,0,0,0
2001,20026,2,1,0,0,0,0,0,0,0,0,0,0
2001,20027,1,1,0,0,0,0,0,0,0,0,0,0
2001,20028,1,1,0,0,0,0,0,0,0,0,0,0
2001,20028,2,1,0,0,0,0,0,0,0,0,0,0
2001,20029,1,1,0,0,0,0,0,0,0,0,0,0
2001,20029,2,1,0,0,0,0,0,0,0,0,0,0
2001,20029,3,1,0,0,0,0,0,0,0,0,0,0
2001,20030,0,1,0,0,0,0,0,0,0,0,0,0
2001,20030,1,1,0,0,0,0,0,0,0,0,0,0
2001,20031,1,1,0,0,0,0,0,0,0,0,0,0
2001,20031,2,1,0,0,0,0,0,0,0,0,0,0
2001,20032,1,1,2,2,2,2,2,2,2,2,2,2
2001,20032,2,1,0,0,0,0,0,0,0,0,0,0
2001,20033,1,1,25,25,25,25,25,25,25,25,25,25
2001,20033,2,1,13,13,13,13,13,13,13,13,13,13
2001,20034,1,1,22,22,22,22,22,22,22,22,22,22
2001,20035,1,1,7,7,7,7,7,7,7,7,7,7
2001,20035,2,1,0,0,0,0,0,0,0,0,0,0
2001,20036,1,1,0,0,0,0,0,0,0,0,0,0
2001,20036,2,1,0,0,0,0,0,0,0,0,0,0
2001,20036,3,1,0,0,0,0,0,0,0,0,0,0
2001,20037,1,1,19,0,0,0,0,0,0,0,0,0
2001,20038,1,1,21,21,21,21,21,21,21,21,21,21
2001,20038,2,1,0,0,0,0,0,0,0,0,0,0
2001,20039,1,1,0,0,0,0,0,0,0,0,0,0
2001,20039,2,1,0,0,0,0,0,0,0,0,0,0
2001,20039,3,1,0,26,0,0,0,0,0,0,0,0
2001,20040,1,1,0,0,0,0,0,0,0,0,0,0
2001,20041,1,1,0,8,27,13,0,29,0,0,0,0
2001,20042,1,1,0,0,0,0,0,0,0,0,0,0
2001,20042,2,1,0,0,0,0,0,0,0,0,0,0
2001,20043,1,1,0,0,0,0,0,0,0,0,0,0
2001,20043,2,1,0,0,0,0,0,0,0,0,0,0
2001,20044,1,1,9,9,9,9,9,9,9,9,9,9
2001,20044,2,1,0,0,0,0,0,0,0,0,0,0
2001,20045,1,1,10,10,10,10,10,10,10,10,10,10
2001,20046,1,1,25,25,25,25,25,25,25,25,25,25
2001,20047,1,1,0,0,0,0,0,0,0,0,0,0
2001,20048,1,1,0,0,0,0,0,0,0,0,0,0
2001,20048,2,1,0,0,21,0,0,2,0,0,0,0
2001,20049,1,1,25,7,21,15,0,10,8,22,0,26
2001,20050,1,1,13,0,20,20,8,21,23,12,18,17
2001,20051,1,1,0,6,0,24,0,13,0,19,0,0
2001,20052,1,1,0,0,0,0,0,0,0,0,0,0
2001,20053,1,1,0,0,0,0,0,0,0,0,0,0
2001,20053,2,1,0,0,7,0,0,0,0,0,0,0
2001,20054,1,1,0,0,0,0,0,0,0,0,0,0
2001,20056,1,1,15,15,15,15,15,15,15,15,15,15
2001,20056,2,1,21,0,0,0,0,0,0,0,0,0
2001,20056,3,1,0,0,0,0,0,0,0,0,0,0
2001,20057,1,1,29,12,20,16,28,21,25,11,17,32
2001,20058,0,1,0,0,0,0,0,0,0,0,0,0
2001,20058,1,1,11,4,10,19,0,18,0,3,18,0
2001,20059,1,1,28,28,28,28,28,28,28,28,28,28
2001,20059,2,1,2,2,2,2,2,2,2,2,2,2
2001,20060,1,1,0,0,0,0,0,0,0,0,0,0
2001,20060,2,1,0,0,0,0,0,0,0,0,0,0
2001,20061,1,1,28,28,28,28,28,28,28,28,28,28
2001,20061,2,1,0,0,0,0,0,0,0,0,0,0
2001,20062,1,1,0,20,18,19,0,32,0,18,9,21
2001,20063,1,1,21,21,21,21,21,21,21,21,21,21
2001,20063,2,1,19,12,13,13,23,7,15,10,19,20
2001,20064,1,1,21,21,21,21,21,21,21,21,21,21
2001,20065,1,1,0,0,0,0,0,0,0,0,0,0
2001,20065,2,1,0,0,0,16,0,0,0,0,0,0
2001,20066,0,1,11,11,11,11,11,11,11,11,11,11
2001,20066,1,1,18,18,18,18,18,18,18,18,18,18
2001,20067,1,1,21,21,21,21,21,21,21,21,21,21
2001,20068,0,1,0,0,0,0,0,0,0,0,0,0
2001,20068,1,1,0,0,0,0,0,0,0,0,0,0
2001,20069,1,1,19,19,19,19,19,19,19,19,19,19
2001,20070,1,1,32,32,32,32,32,32,32,32,32,32
2001,20070,2,1,13,9,0,6,25,21,0,15,0,0
2001,20071,1,1,0,0,0,0,0,0,0,0,0,0
2001,20072,1,1,0,0,0,0,0,0,0,0,0,0
2001,20072,2,1,0,0,0,0,0,0,0,0,0,0
2001,20073,1,1,0,0,0,0,0,0,0,0,0,0
2001,20073,2,1,0,0,0,0,0,0,0,0,0,0
2001,20074,1,1,19,25,13,20,12,12,23,13,18,28
2001,20075,1,1,8,8,8,8,8,8,8,8,8,8
2001,20075,2,1,0,0,0,0,0,0,0,0,0,0
2001,20076,1,1,23,23,23,23,23,23,23,23,23,23
2001,20077,1,1,26,26,26,26,26,26,26,26,26,26
2001,20077,2,1,23,15,0,0,41,0,0,0,0,0
2001,20078,1,1,17,25,11,11,14,21,15,37,10,20
2001,20079,1,1,0,0,0,0,0,0,0,0,0,0
2001,20079,2,1,0,0,18,8,14,13,0,0,6,0
2001,20080,0,1,0,0,0,0,0,0,0,0,0,0
2001,20080,1,1,9,9,9,9,9,9,9,9,9,9
2001,20081,1,1,20,21,13,23,3,22,19,16,15,20
2001,40001,1,1,16,16,16,16,16,16,16,16,16,16
2001,40001,2,1,27,27,27,27,27,27,27,27,27,27
2001,40001,3,1,16,3,18,18,0,8,22,10,18,12
2001,40001,4,1,0,0,0,0,10,7,0,0,0,0
2001,40001,5,1,11,0,0,0,0,0,0,0,0,10
2001,40002,1,1,0,0,0,0,0,0,0,0,0,0
2001,40002,2,1,0,0,0,0,0,0,0,0,0,0
2001,40003,1,1,0,0,0,0,0,0,0,0,0,0
2001,40003,2,1,0,0,0,0,0,0,0,0,0,0
2001,40004,1,1,0,25,23,13,0,0,8,13,15,0
2001,40004,2,1,8,8,8,8,8,8,8,8,8,8
2001,40005,1,1,11,19,12,12,10,17,8,6,14,7
2001,40005,2,1,0,0,0,0,0,0,0,0,0,0
2001,40006,1,1,0,0,0,0,0,0,0,0,0,0
2001,40006,2,1,0,0,0,0,0,0,0,0,0,0
2001,40007,1,1,20,20,20,20,20,20,20,20,20,20
2001,40008,0,1,0,0,0,0,0,0,0,0,0,0
2001,40008,1,1,7,0,19,0,18,23,12,0,21,19
2001,40009,0,1,27,27,27,27,27,27,27,27,27,27
2001,40009,1,1,0,0,0,0,0,0,0,0,0,0
2001,40010,2,1,0,0,0,0,0,0,0,0,0,0
2001,40011,1,1,0,0,0,0,0,0,0,0,0,0
2001,40011,2,1,0,0,0,0,0,0,0,0,0,0
2001,40012,0,1,0,0,0,0,0,0,0,0,0,0
2001,40012,1,1,0,0,0,10,0,0,4,0,0,0
2001,40013,1,1,0,0,0,0,0,0,0,0,0,0
2001,40014,1,1,0,0,25,0,20,35,0,26,7,0
2001,40015,1,1,5,5,5,5,5,5,5,5,5,5
2001,40015,2,1,0,0,0,0,0,0,0,0,0,0
2001,40016,1,1,0,0,0,0,0,8,0,0,0,0
2001,40017,0,1,14,32,15,16,17,7,27,0,17,14
2001,40017,0,2,31,16,0,20,26,0,30,30,14,10
2001,40017,1,1,0,9,0,0,0,0,0,0,0,0
2001,40018,0,1,20,20,20,20,20,20,20,20,20,20
2001,40018,1,1,0,0,0,0,0,0,0,0,0,0
2001,40019,0,1,0,0,0,0,0,0,0,0,0,0
2001,40019,1,1,0,0,0,0,0,0,0,0,0,0
2001,40020,0,1,0,0,0,0,0,0,0,0,0,0
2001,40020,1,1,0,0,0,0,0,0,0,0,0,0
2001,40021,0,1,27,27,27,27,27,27,27,27,27,27
2001,40021,1,1,0,0,0,0,0,0,0,0,14,0
2001,40022,0,1,0,0,0,0,0,0,0,0,0,0
2001,40022,1,1,0,0,0,0,0,0,0,0,0,0
2001,40023,1,1,0,0,0,0,0,0,0,5,3,5
2001,40023,2,1,0,12,0,0,0,0,0,0,0,0
2001,40024,1,1,0,0,0,0,0,0,0,0,0,0
2001,40024,2,1,0,0,0,0,0,0,0,0,0,0
2001,40025,1,1,0,0,0,0,0,0,0,0,0,0
2001,40025,2,1,0,0,0,0,0,0,0,0,0,0
2001,40026,1,2,26,9,0,31,15,0,13,12,13,6
2001,40027,1,1,0,0,0,0,0,0,0,0,0,0
2001,40028,1,1,0,0,0,0,0,0,0,0,0,0
2001,40028,2,1,0,0,0,0,0,0,0,0,0,0
2001,40029,1,1,19,19,19,19,19,19,19,19,19,19
2001,40029,2,1,0,0,0,0,0,0,0,0,0,0
2001,40030,0,1,17,22,27,6,15,20,7,30,32,35
2001,40030,1,1,0,0,0,0,0,0,0,0,0,0
2001,40031,1,1,0,0,0,0,0,0,0,0,0,0
2001,40031,2,1,0,0,0,0,0,0,0,0,0,0
2001,40032,1,1,26,0,25,19,0,0,0,22,0,18
2001,40033,1,1,0,0,16,3,0,16,0,0,0,17
2001,40034,1,1,0,0,0,0,0,0,0,0,0,0
2001,40034,2,1,0,0,24,0,0,0,0,0,0,0
2001,40035,1,1,10,25,0,22,6,20,16,4,5,14
2001,40036,1,1,0,20,10,11,0,9,18,17,28,11
2001,40037,1,1,0,0,0,19,0,14,0,0,0,0
2001,40038,0,1,0,0,0,0,0,0,0,0,0,0
2001,40038,1,1,0,0,0,0,0,0,0,0,0,0
2001,40039,1,1,25,10,19,16,13,0,14,15,10,11
2001,40039,2,1,10,10,10,10,10,10,10,10,10,10
2001,40040,1,1,15,0,0,7,14,3,0,0,10,0
2001,40040,2,1,0,28,0,27,0,0,0,0,0,0
2001,40041,1,1,19,19,19,19,19,19,19,19,19,19
2001,40042,1,1,0,0,0,0,0,0,0,0,0,0
2001,40042,2,1,0,0,0,0,0,0,0,0,0,0
2001,40043,1,1,0,0,0,0,0,0,0,0,0,0
2001,40043,2,1,0,0,0,0,0,0,0,0,0,0
2001,40044,1,1,0,0,0,0,0,0,15,0,0,0
2001,40045,1,1,15,15,15,15,15,15,15,15,15,15
2001,40045,2,1,0,0,0,0,0,0,0,0,0,0
2001,40046,1,1,22,18,0,0,7,31,14,0,5,0
2001,40047,1,1,0,0,0,0,0,0,0,0,0,0
2001,40048,1,1,0,0,0,0,0,0,0,0,0,0
2001,40049,1,1,0,0,0,0,0,0,0,0,0,0
2001,40049,2,1,0,0,0,0,0,0,0,0,0,0
2001,40049,3,1,0,0,0,0,0,0,0,0,0,0
2001,40050,1,1,0,0,20,16,0,0,0,0,0,33
2001,40051,1,1,0,0,0,12,0,0,0,0,18,0
2001,40051,2,1,0,28,0,0,0,0,0,0,0,0
2001,40052,0,1,0,0,0,0,0,0,0,0,0,0
2001,40052,1,1,0,0,0,5,0,7,0,0,0,0
2001,40052,2,1,0,0,0,0,0,0,0,0,0,0
2001,40052,3,1,5,0,0,0,0,0,0,0,0,0
2001,40053,1,1,0,0,19,21,9,0,0,0,18,0
2001,40053,2,1,0,0,0,0,0,0,0,0,0,0
2001,40054,1,1,18,18,18,18,18,18,18,18,18,18
2001,40054,2,1,0,0,0,0,0,0,0,0,0,0
2001,40054,3,1,0,0,0,0,0,0,0,0,0,0
2001,40054,4,1,0,0,0,0,10,0,0,0,0,0
2001,40055,1,1,16,16,16,16,16,16,16,16,16,16
2001,40055,2,1,0,0,0,0,0,0,0,0,0,0
2001,40055,3,1,0,0,0,15,0,0,0,0,0,0
2001,40055,4,1,0,0,0,0,0,0,14,0,0,0
2001,40055,5,1,19,0,0,20,5,0,0,0,0,0
2001,40056,1,1,0,0,0,0,0,0,0,0,0,0
2001,40056,2,1,0,0,0,0,0,0,0,0,0,0
2001,40056,3,1,0,0,0,0,0,0,0,0,0,0
2001,40057,1,1,0,0,0,0,0,0,0,0,0,0
2001,40057,2,1,0,0,10,0,0,0,0,0,0,0
2001,40057,3,1,10,0,0,0,0,0,0,0,0,0
2001,40057,4,1,0,0,0,38,0,0,0,0,0,13
2001,40058,1,1,19,19,19,19,19,19,19,19,19,19
2001,40059,1,1,14,0,0,19,28,0,0,25,42,0
2001,40060,1,1,4,16,19,9,31,19,22,25,5,15
2001,40060,2,1,0,0,0,0,0,0,0,0,0,9
2001,40061,1,1,13,13,13,13,13,13,13,13,13,13
2001,40061,2,1,0,0,0,0,0,0,0,0,0,0
2001,40062,1,1,0,0,0,0,0,0,0,0,0,0
2001,40063,1,1,0,0,0,0,0,0,0,0,0,0
2001,40063,2,1,0,0,0,0,0,0,0,0,0,0
2001,40064,1,1,25,25,25,25,25,25,25,25,25,25
2001,40065,1,1,21,21,21,21,21,21,21,21,21,21
2001,40065,2,1,0,0,0,0,0,0,0,0,0,0
2001,40066,0,1,0,0,0,0,0,0,0,0,0,0
2001,40066,1,1,0,0,0,0,0,0,0,0,0,0
2001,40067,1,1,0,0,0,0,0,0,0,0,0,0
2001,40068,0,1,0,0,0,0,0,0,0,0,0,19
2001,40068,1,1,0,0,0,0,0,0,0,0,0,0
2001,40069,0,1,0,0,0,0,0,0,0,0,0,0
2001,40069,1,1,0,0,0,0,0,0,0,0,0,0
2001,40070,0,1,0,0,0,16,0,0,0,17,0,0
2001,40070,1,1,0,0,0,0,0,0,0,0,0,0
2001,40071,0,1,0,0,0,0,0,0,0,0,0,0
2001,40071,1,1,0,0,0,0,0,0,0,0,0,0
2001,40072,1,1,2,2,2,2,2,2,2,2,2,2
2001,40072,2,1,0,0,0,0,0,0,0,0,0,0
2001,40073,1,1,8,11,19,0,20,10,16,0,8,0
2001,40073,2,1,0,0,0,0,0,0,0,0,0,0
2001,40074,1,1,18,0,0,0,0,0,0,0,0,0
2001,40075,1,1,0,0,0,0,0,0,0,0,0,0
2001,40075,2,1,0,0,0,0,0,0,0,0,0,0
2001,40076,1,1,0,0,0,0,0,0,0,0,0,0
2001,40076,2,1,0,0,0,0,0,0,0,0,0,0
2001,40077,0,1,26,26,26,26,26,26,26,26,26,26
2001,40077,1,1,0,0,0,0,0,0,0,0,0,0
2001,40078,1,1,12,9,22,16,21,35,0,0,21,0
2001,40079,1,1,20,17,14,12,7,12,10,13,23,0
2001,40080,0,1,7,7,7,7,7,7,7,7,7,7
2001,40080,1,1,0,0,0,0,0,0,0,0,0,0
2001,40081,1,1,14,14,14,14,14,14,14,14,14,14
2001,40082,1,1,0,0,0,0,0,0,0,0,0,0
2001,40082,2,1,0,0,0,0,0,0,0,0,0,0
2001,40082,3,1,0,0,0,0,13,0,0,0,20,0
2001,40082,4,1,0,0,0,0,0,9,0,0,0,0
2001,40083,0,1,11,11,11,11,11,11,11,11,11,11
2001,40083,1,1,0,0,0,0,0,0,0,0,0,0
2001,40084,1,1,14,14,14,14,14,14,14,14,14,14
2001,40084,2,1,0,0,0,0,0,0,0,0,0,0
2001,40085,1,1,0,5,34,0,0,0,0,0,0,0
2001,40086,1,1,0,0,0,0,0,0,0,0,0,33
2001,40087,1,1,0,0,11,0,0,0,0,0,0,0
2001,40087,2,1,0,0,0,0,0,0,0,0,0,0
2001,40087,3,1,0,0,0,0,0,0,0,0,0,0
2001,40087,4,1,0,0,0,0,0,0,0,0,0,0
2001,40088,0,1,0,0,0,0,0,0,0,0,0,0
2001,40088,1,1,0,0,0,0,0,0,0,0,0,0
2001,40089,0,1,0,0,0,0,0,0,0,0,0,0
2001,40089,1,1,0,0,0,0,0,0,0,0,0,0
2001,40090,1,1,10,10,10,10,10,10,10,10,10,10
2001,40091,0,1,23,23,23,23,23,23,23,23,23,23
2001,40091,1,1,16,15,0,0,0,0,0,0,18,0
2001,40092,0,1,0,0,0,0,0,0,0,0,0,0
2001,40092,1,1,0,0,0,0,0,0,0,0,0,0
2001,40093,1,1,46,8,11,0,0,0,0,0,39,20
2001,40094,1,1,0,0,0,0,0,0,0,0,0,0
2001,40094,2,1,0,0,0,0,0,0,0,0,0,0
2001,40095,0,1,0,0,0,0,0,0,0,0,0,0
2001,40095,1,1,0,0,0,0,0,0,0,0,0,0
2001,40096,1,1,0,9,0,13,4,18,20,0,13,31
2001,40096,2,1,0,0,0,0,0,0,0,0,0,0
2001,40096,3,1,0,0,0,0,0,0,0,0,0,0
2001,40096,4,1,0,0,0,0,0,0,0,0,0,0
2001,40096,5,1,0,0,0,0,0,0,0,0,0,0
2001,40096,6,1,0,0,0,0,0,0,22,0,0,0
2001,40097,0,1,0,0,0,0,0,0,0,0,0,0
2001,40097,1,1,0,0,0,27,0,0,0,0,0,0
2001,40098,1,1,25,25,25,12,22,4,30,13,54,9
2001,40099,1,1,29,15,0,21,11,25,14,5,12,22
2001,40100,1,1,0,18,37,18,45,26,8,4,16,42
2001,40101,1,1,16,16,16,16,16,16,16,16,16,16
2001,40101,2,1,0,0,0,0,0,0,0,0,0,0
2001,40102,1,1,0,0,0,0,0,0,0,0,0,0
2001,40103,1,1,0,0,0,0,0,0,0,0,0,0
2001,40103,2,1,0,0,0,0,0,0,0,0,0,0
2001,40103,3,1,0,0,0,0,0,0,0,0,0,0
2001,40104,1,1,26,25,0,20,21,3,24,12,12,23
2001,40105,1,1,19,19,19,19,19,19,19,19,19,19
2001,40106,1,1,7,7,7,7,7,7,7,7,7,7
2001,40106,2,1,0,0,0,0,0,0,0,0,21,0
2001,40107,1,1,0,0,0,0,0,0,0,0,0,0
2001,40107,2,1,0,0,0,0,0,0,0,0,0,0
2001,40107,3,1,0,0,0,0,0,0,0,0,0,0
2001,40108,1,1,4,23,8,6,21,11,7,12,10,5
2001,40108,2,1,0,0,17,0,0,0,0,0,0,0
2001,40109,1,1,0,0,0,0,0,0,0,0,0,0
2001,40109,2,1,0,0,0,0,0,0,0,0,0,0
2001,40110,1,1,0,0,0,0,0,0,0,0,0,0
2001,40110,2,1,0,0,0,0,0,0,0,0,0,0
2001,40110,3,1,0,0,0,0,0,0,0,0,0,0
2001,40111,1,1,0,0,0,0,0,0,0,0,0,0
2001,40111,2,1,0,0,0,0,0,0,0,0,0,0
2001,40112,1,1,24,24,24,24,24,24,24,24,24,24
2001,40113,0,1,8,8,8,8,8,8,8,8,8,8
2001,40113,1,1,0,0,0,0,0,0,0,0,0,0
2001,40114,1,1,0,8,0,0,0,0,0,21,11,0
2001,40115,1,1,0,0,0,0,20,0,0,12,0,0
2001,40115,2,1,0,0,0,0,0,0,0,0,0,0
2001,40115,3,1,0,0,0,0,0,0,0,0,0,0
2001,40115,4,1,0,0,0,0,0,0,0,0,0,0
2001,40115,5,1,0,0,0,0,0,0,0,0,0,0
2001,40115,6,1,0,0,0,10,0,0,0,0,0,0
2001,40115,7,1,0,0,0,0,0,0,0,0,0,0
2001,40115,8,1,0,0,0,0,0,0,14,0,0,0
2001,40115,9,1,0,0,0,0,0,0,0,0,0,0
2001,40116,1,1,0,0,0,0,0,0,7,0,0,0
2001,40117,0,1,0,15,2,0,13,0,0,0,0,0
2001,40117,1,1,0,0,0,0,0,0,0,0,0,0
2001,40118,1,1,0,0,0,0,0,0,0,0,0,0
2001,40119,1,1,0,0,0,12,0,0,0,0,0,0
2001,40120,1,1,0,0,0,0,0,0,0,0,0,0
2001,40120,2,1,0,0,0,0,15,0,0,0,0,0
2001,40120,3,1,0,0,0,0,0,0,0,0,0,0
2001,40121,1,1,0,0,9,0,0,0,0,0,0,0
2001,40122,1,1,21,20,18,16,16,15,9,12,23,3
2001,40122,2,1,0,0,0,0,0,0,0,0,0,0
2001,40123,1,1,0,0,0,0,0,0,0,0,0,0
2001,40124,1,1,0,0,0,0,0,0,0,0,0,0
2001,40124,2,1,0,0,0,0,0,0,0,0,0,0
2001,40125,0,1,0,0,0,0,0,0,0,0,0,0
2001,40125,1,1,0,0,0,0,0,0,0,0,0,0
2001,40126,1,1,9,0,0,0,0,0,0,0,0,0
2001,40127,0,1,0,0,0,0,0,0,0,0,0,0
2001,40127,1,1,0,0,0,0,0,0,0,0,0,0
2001,40128,1,1,0,0,0,0,0,0,0,0,0,0
2001,40128,2,1,0,0,0,0,14,0,0,0,0,0
2001,40129,1,1,11,16,8,15,3,24,18,19,8,2
2001,40129,2,1,0,0,0,0,0,0,0,0,0,0
2001,40130,0,1,0,0,0,0,0,0,0,0,0,0
2001,40130,1,1,0,0,0,0,0,0,0,0,0,0
2001,40131,1,1,0,0,0,0,0,0,21,0,0,0
2001,40132,1,1,0,0,0,0,0,0,0,0,13,0
2001,40132,2,1,0,0,0,0,0,0,0,0,0,0
2001,40132,3,1,0,0,0,0,0,0,0,0,0,0
2001,40132,4,1,0,0,0,0,0,0,0,0,0,0
2001,40132,5,1,0,0,0,14,0,0,0,0,0,0
2001,40133,1,1,0,0,0,0,0,0,0,0,0,0
2001,40134,0,1,35,23,15,0,0,14,23,22,39,11
2001,40134,1,1,20,20,20,20,20,20,20,20,20,20
2001,40135,0,1,12,0,11,19,44,0,42,11,26,14
2001,40135,1,1,0,0,0,0,0,0,7,0,0,0
2001,40136,1,1,16,16,16,16,16,16,16,16,16,16
2001,40137,0,1,0,0,0,0,0,0,0,0,0,0
2001,40137,1,1,0,0,0,0,12,0,0,0,0,0
2001,40138,1,1,0,0,0,0,15,0,0,0,0,0
2001,40139,1,1,0,0,0,0,0,0,0,0,0,0
2001,40139,2,1,0,0,0,0,0,0,0,0,0,0
2001,40139,3,1,0,0,0,0,0,0,0,0,0,0
2001,40139,4,1,0,0,0,0,0,0,0,0,0,0
2001,40140,1,1,0,0,0,0,0,0,0,0,0,0
2001,40141,1,1,0,13,29,0,26,0,0,0,9,0
2001,40141,2,1,0,0,0,0,0,0,0,0,0,0
2001,40142,1,1,0,0,0,0,0,0,0,0,0,0
2001,40143,1,1,0,0,0,0,0,0,0,0,0,0
2001,40143,2,1,0,0,0,0,0,0,0,0,0,0
2001,40144,0,1,1,1,1,1,1,1,1,1,1,1
2001,40144,1,1,0,0,0,0,0,0,0,0,0,0
2001,40145,1,1,25,15,24,21,24,40,35,30,0,25
2001,40146,0,1,0,10,0,0,0,0,15,0,31,0
2001,40146,1,1,0,0,0,0,0,0,0,0,0,0
2001,40147,1,1,14,14,14,14,14,14,14,14,14,14
2001,40148,1,1,15,15,15,15,15,15,15,15,15,15
2001,40149,1,1,0,0,0,0,0,0,0,0,0,0
2001,40149,2,1,11,0,0,0,0,0,0,7,0,0
2001,40150,1,1,0,0,0,15,0,0,0,0,0,0
2001,40151,1,1,0,0,0,0,0,0,0,0,0,0
2001,40152,1,1,0,0,0,0,0,0,0,0,0,0
2001,40152,2,1,0,0,0,0,0,0,13,0,0,0
2001,40153,1,1,0,0,0,0,0,0,0,0,0,0
2001,40154,0,1,35,35,35,35,35,35,35,35,35,35
2001,40154,1,1,0,0,0,0,0,0,0,0,0,0
2001,40155,1,1,0,0,0,0,0,0,0,0,0,0
2001,40155,2,1,0,0,0,0,0,0,0,0,0,0
2001,40156,1,1,0,0,0,0,0,0,0,0,0,0
2001,40157,1,1,0,0,0,0,0,0,0,0,0,0
2001,40157,2,1,0,0,0,0,0,0,0,0,0,0
2001,40158,1,1,0,0,0,0,0,0,0,0,0,0
2001,40159,0,1,24,24,24,24,24,24,24,24,24,24
2001,40159,0,2,0,24,0,0,0,0,0,0,38,0
2001,40159,1,1,0,0,0,0,0,0,0,0,0,0
2001,40160,1,1,0,13,10,9,8,28,19,10,17,7
2001,40160,2,1,0,0,0,0,0,0,0,0,0,0
2001,40161,0,1,20,20,20,20,20,20,20,20,20,20
2001,40161,1,1,0,0,12,18,0,18,0,18,0,8
2001,40162,1,1,0,0,0,0,0,0,0,0,0,0
2001,40162,2,1,0,0,0,0,0,0,0,0,0,0