YEAR,st_case,veh_no,per_no,P1,P2,P3,P4,P5,P6,P7,P8,P9,P10
2001,40163,1,1,0,0,15,0,0,0,0,0,0,0
2001,40164,1,1,19,26,18,8,18,7,12,20,19,13
2001,40165,0,1,21,21,21,21,21,21,21,21,21,21
2001,40165,1,1,0,0,0,0,0,0,0,0,0,0
2001,40166,1,1,0,0,0,0,0,0,0,0,0,0
2001,40166,2,1,15,15,15,15,15,15,15,15,15,15
2001,40167,0,1,21,21,21,21,21,21,21,21,21,21
2001,40167,1,1,11,18,0,0,0,22,0,0,2,0
2001,40168,1,1,18,18,18,18,18,18,18,18,18,18
2001,40169,0,1,40,0,24,0,0,21,0,0,0,16
2001,40169,0,2,22,22,22,22,22,22,22,22,22,22
2001,40169,1,1,16,0,9,0,0,0,15,0,0,0
2001,40170,0,1,19,0,0,0,0,0,30,0,0,19
2001,40170,1,1,0,17,6,16,18,18,12,9,13,10
2001,40171,1,1,36,0,11,18,5,4,14,10,0,19
2001,40172,1,4,16,24,8,23,22,0,18,11,10,21
2001,40173,1,1,0,0,0,0,3,10,0,0,4,0
2001,40173,2,1,0,0,0,0,0,0,0,0,0,0
2001,40174,1,1,0,0,0,0,0,0,0,0,0,0
2001,40175,0,1,0,0,0,0,0,0,0,0,0,0
2001,40175,0,2,0,0,0,0,0,0,0,0,0,0
2001,40175,0,3,0,0,0,0,0,0,0,0,0,0
2001,40175,1,1,0,0,0,0,0,0,0,0,0,0
2001,40176,1,1,0,0,0,0,0,0,0,0,0,0
2001,40176,2,1,0,0,0,0,0,0,0,0,0,0
2001,40177,0,1,0,4,0,0,0,0,0,0,0,6
2001,40177,1,1,3,0,0,0,10,7,10,7,2,0
2001,40178,1,1,13,13,13,13,13,13,13,13,13,13
2001,40179,1,1,0,0,0,0,0,0,0,0,0,0
2001,40179,2,1,0,0,0,0,0,0,0,0,0,0
2001,40180,1,1,15,15,15,15,15,15,15,15,15,15
2001,40181,1,1,0,0,0,0,0,0,0,0,0,0
2001,40182,1,1,0,0,0,0,0,0,0,0,0,0
2001,40182,2,1,0,0,0,0,0,0,0,0,0,0
2001,40183,0,1,0,0,0,0,0,0,0,0,0,0
2001,40183,1,1,0,0,5,6,0,7,30,0,14,15
2001,40184,1,1,0,0,0,0,0,0,0,0,0,0
2001,40184,2,1,0,0,0,0,0,0,0,0,0,0
2001,40185,1,1,8,8,8,8,8,8,8,8,8,8
2001,40186,0,1,27,27,27,27,27,27,27,27,27,27
2001,40186,1,1,0,0,0,0,0,0,0,0,0,0
2001,40187,1,1,0,0,0,0,0,0,0,0,0,0
2001,40187,2,1,31,4,5,0,0,0,0,11,0,29
2001,40187,3,1,0,0,21,0,0,0,0,0,0,0
2001,40187,4,1,0,0,0,0,0,0,0,0,0,0
2001,40188,1,1,12,14,12,20,10,38,7,12,19,23
2001,40189,1,1,0,0,0,0,0,0,0,0,0,0
2001,40189,2,1,0,0,0,0,0,0,0,0,0,0
2001,40190,1,1,0,0,0,0,0,0,0,0,0,0
2001,40191,1,1,0,0,0,0,0,23,0,0,0,0
2001,40191,2,1,0,0,0,0,0,0,0,0,0,8
2001,40192,0,1,1,1,1,1,1,1,1,1,1,1
2001,40192,1,1,0,0,0,0,0,0,0,0,0,0
2001,40193,0,1,14,0,34,14,6,0,13,27,0,21
2001,40193,1,1,0,0,0,0,0,0,6,0,0,0
2001,40194,0,1,0,0,0,0,0,0,0,0,0,0
2001,40194,1,1,5,5,5,5,5,5,5,5,5,5
2001,40195,0,1,13,13,13,13,13,13,13,13,13,13
2001,40195,1,1,0,1,0,15,0,0,0,0,0,0
2001,40196,1,1,14,9,19,19,12,17,16,10,13,15
2001,40197,0,1,0,26,0,0,0,0,18,0,0,0
2001,40197,1,1,0,0,0,0,0,0,0,0,0,0
2001,40198,1,1,7,10,12,18,7,3,2,6,25,0
2001,40199,0,1,18,28,11,15,0,0,14,22,0,0
2001,40199,1,1,0,0,0,0,0,0,0,0,0,0
2001,40200,1,1,11,18,13,12,10,19,15,8,18,11
2001,40200,2,1,0,0,0,0,0,0,0,0,0,0
2001,40201,1,1,0,0,0,0,0,0,0,0,0,0
2001,40202,0,1,0,0,0,0,0,0,0,0,0,0
2001,40202,0,2,0,0,0,0,0,0,0,0,0,0
2001,40202,0,3,0,0,0,0,0,0,0,0,0,0
2001,40202,1,1,0,0,0,0,0,0,0,0,0,0
2001,40203,0,1,0,0,0,0,0,0,0,0,0,0
2001,40203,1,1,0,0,0,0,0,0,0,0,0,0
2001,40204,1,1,0,0,0,0,0,0,0,0,0,0
2001,40205,1,1,0,0,0,0,0,0,0,0,0,0
2001,40205,2,1,0,0,0,0,0,0,0,0,0,0
2001,40206,1,1,0,0,0,18,0,24,0,0,0,0
2001,40207,1,1,12,0,7,4,0,11,10,24,16,3
2001,40207,2,1,0,0,0,0,0,0,0,0,0,0
2001,40208,1,1,28,28,28,28,28,28,28,28,28,28
2001,40208,2,1,0,0,0,0,0,0,0,0,0,0
2001,40209,1,1,0,0,0,0,0,0,0,0,0,0
2001,40209,2,1,0,0,0,0,0,0,0,0,0,0
2001,40210,0,1,0,0,0,0,0,0,0,0,0,0
2001,40210,1,1,0,0,0,0,0,0,0,0,0,0
2001,40211,0,1,0,0,34,30,8,26,17,0,23,0
2001,40211,1,1,0,0,0,0,0,0,0,0,0,0
2001,40212,1,1,11,11,11,11,11,11,11,11,11,11
2001,40213,1,1,0,0,0,0,0,0,0,0,0,0
2001,40213,2,1,0,0,0,0,0,0,0,0,0,0
2001,40214,0,1,29,29,29,29,29,29,29,29,29,29
2001,40214,1,1,0,0,0,0,0,0,0,11,5,7
2001,40215,1,1,0,0,0,17,0,0,0,0,0,0
2001,40215,2,1,0,0,0,0,0,0,0,0,0,0
2001,40216,0,1,10,16,0,18,8,0,9,26,11,21
2001,40216,1,1,0,0,0,0,0,0,0,0,0,0
2001,40217,1,1,0,0,0,0,0,0,0,0,0,0
2001,40217,2,1,0,0,0,0,0,0,0,0,0,0
2001,40218,1,1,31,14,29,13,0,6,10,0,20,16
2001,40218,2,1,0,0,0,0,0,0,0,0,0,0
2001,40219,1,1,0,0,0,0,0,0,0,0,0,0
2001,40220,0,1,10,20,38,12,0,20,31,16,24,15
2001,40220,1,1,0,0,0,0,0,0,0,0,0,0
2001,40221,0,1,3,3,3,3,3,3,3,3,3,3
2001,40221,1,1,23,11,0,6,25,4,0,10,0,0
2001,40221,2,1,19,0,0,0,0,14,0,10,12,0
2001,40221,3,1,0,0,0,0,0,0,0,0,0,0
2001,40221,4,1,0,0,0,10,0,0,16,10,8,0
2001,40222,1,1,0,0,14,14,0,5,7,0,9,0
2001,40223,1,1,0,0,0,0,0,0,0,0,0,0
2001,40223,2,1,0,0,0,7,19,6,0,0,0,0
2001,40224,1,1,0,0,27,0,0,0,14,0,0,0
2001,40224,2,1,8,0,0,0,0,0,0,0,0,0
2001,40225,1,1,12,12,12,12,12,12,12,12,12,12
2001,40226,1,1,0,0,0,0,0,0,0,0,0,13
2001,40226,2,1,0,0,0,0,0,0,0,10,0,0
2001,40227,1,1,21,14,12,8,13,8,21,6,3,33
2001,40228,1,1,0,0,0,0,0,0,0,0,0,0
2001,40228,2,1,0,0,0,28,0,0,8,0,0,0
2001,40229,1,1,0,0,0,0,0,0,0,0,0,0
2001,40230,0,1,20,20,20,20,20,20,20,20,20,20
2001,40230,1,1,0,0,0,0,0,0,0,0,0,0
2001,40231,1,1,0,0,0,0,0,0,0,7,0,0
2001,40231,2,1,0,0,0,0,0,0,0,0,0,0
2001,40232,1,1,32,11,11,10,2,11,9,21,8,9
2001,40233,1,1,0,0,0,0,0,0,0,0,0,0
2001,40233,2,1,0,0,0,0,0,0,0,0,0,0
2001,40234,1,1,0,0,0,0,0,0,0,0,0,0
2001,40235,1,1,0,0,0,0,0,0,0,0,0,0
2001,40235,2,1,0,0,0,0,0,0,0,0,0,0
2001,40236,1,1,0,0,0,0,0,0,0,0,0,0
2001,40236,2,1,0,0,0,0,0,0,0,0,0,0
2001,40237,0,1,0,0,0,0,0,0,0,0,0,0
2001,40237,1,1,0,0,0,0,0,0,0,0,0,0
2001,40238,1,1,0,0,0,0,0,0,0,0,0,0
2001,40238,2,1,0,0,0,0,0,0,0,0,0,0
2001,40239,1,1,0,0,0,0,0,0,28,0,0,0
2001,40239,2,1,0,0,0,0,0,0,0,0,0,0
2001,40240,1,1,0,12,0,7,0,0,0,0,8,0
2001,40240,2,1,0,0,0,0,15,0,0,0,0,0
2001,40241,0,1,19,19,19,19,19,19,19,19,19,19
2001,40241,1,1,0,0,0,0,0,0,0,0,0,0
2001,40242,1,1,0,9,0,0,0,0,0,0,0,0
2001,40243,1,1,0,0,7,0,0,0,0,0,0,0
2001,40243,2,1,0,0,0,0,0,2,11,0,0,10
2001,40243,3,1,22,18,17,25,14,25,13,0,21,21
2001,40244,1,1,8,8,8,8,8,8,8,8,8,8
2001,40244,2,1,17,17,17,17,17,17,17,17,17,17
2001,40245,1,1,5,5,5,5,5,5,5,5,5,5
2001,40245,2,1,0,0,0,0,0,0,0,0,0,0
2001,40246,1,1,0,0,0,0,0,0,0,0,0,0
2001,40247,1,1,24,24,24,24,24,24,24,24,24,24
2001,40247,2,1,0,0,0,0,0,0,0,0,0,0
2001,40248,1,1,0,0,0,0,0,0,0,0,0,0
2001,40249,1,1,0,0,0,0,0,0,0,0,0,0
2001,40250,1,1,0,26,0,0,0,0,0,0,0,0
2001,40250,2,1,0,0,0,0,0,0,0,0,0,0
2001,40251,1,1,0,0,0,0,0,0,0,0,0,8
2001,40251,2,1,0,0,0,0,0,0,0,0,0,0
2001,40252,1,1,0,0,0,0,0,0,0,0,0,0
2001,40252,2,1,0,0,0,0,0,0,0,0,0,0
2001,40253,1,1,0,0,4,0,12,0,18,0,12,0
2001,40254,1,1,0,0,0,0,0,0,0,0,0,0
2001,40255,1,1,0,0,0,0,0,0,11,0,0,0
2001,40255,2,1,0,0,0,0,0,0,0,0,0,0
2001,40255,3,1,0,0,0,0,0,0,0,0,0,0
2001,40255,4,1,0,0,0,0,0,0,0,0,0,0
2001,40256,1,1,4,4,4,4,4,4,4,4,4,4
2001,40256,2,1,0,0,0,0,0,0,0,0,0,0
2001,40257,1,1,0,0,0,0,0,0,0,0,0,0
2001,40258,1,1,42,7,0,0,0,0,0,0,10,0
2001,40259,1,1,18,18,18,18,18,18,18,18,18,18
2001,40260,1,1,15,0,16,25,9,0,0,0,0,0
2001,40261,1,1,0,0,12,0,0,0,0,0,0,0
2001,40261,2,1,0,0,0,0,0,0,0,0,0,0
2001,40262,1,1,10,11,27,13,24,18,16,16,17,20
2001,40263,1,1,0,0,0,0,0,0,0,0,0,0
2001,40264,1,1,16,0,0,0,0,9,0,0,0,0
2001,40265,1,1,23,28,25,14,23,21,43,20,0,0
2001,40266,1,1,0,0,0,0,0,0,0,0,0,0
2001,40266,2,1,0,0,0,0,0,0,0,0,0,0
2001,40267,1,1,0,0,0,0,0,0,0,0,0,0
2001,40267,2,1,0,0,0,0,0,0,0,0,0,0
2001,40267,3,1,0,0,0,0,0,0,0,0,0,0
2001,40267,4,1,0,0,0,0,0,6,0,0,0,0
2001,40268,1,1,0,0,0,0,0,0,0,0,0,0
2001,40268,2,1,3,5,7,0,12,15,4,9,0,26
2001,40269,1,1,0,0,0,0,0,0,0,0,0,0
2001,40269,2,1,0,0,0,0,0,0,0,0,0,0
2001,40269,3,1,0,0,0,0,0,0,0,0,0,0
2001,40270,1,1,0,0,0,0,0,0,0,0,0,0
2001,40270,2,1,0,0,0,0,0,0,0,0,0,0
2001,40271,1,1,0,0,0,0,0,0,0,0,0,0
2001,40272,1,1,24,0,0,0,0,0,0,0,0,0
2001,40273,1,1,0,0,0,0,0,0,0,0,0,24
2001,40273,2,1,0,0,0,0,0,0,0,0,0,0
2001,40274,1,1,0,0,0,0,0,0,0,0,0,0
2001,40274,2,1,28,5,19,9,20,11,8,9,24,8
2001,40275,1,1,0,0,0,0,0,0,0,28,0,8
2001,40275,2,1,0,0,0,0,0,0,0,0,0,0
2001,40275,3,1,0,19,20,5,25,0,0,0,0,0
2001,40276,1,1,0,0,0,0,0,0,0,0,0,0
2001,40276,2,1,0,0,0,0,0,0,0,0,0,0
2001,40276,3,1,0,0,0,0,0,0,0,0,0,0
2001,40277,1,1,0,0,0,0,0,0,0,0,0,0
2001,40278,1,1,0,0,0,0,0,0,0,0,0,0
2001,40279,1,1,0,0,0,0,0,0,0,0,0,0
2001,40280,1,1,0,0,0,0,0,0,0,0,0,0
2001,40281,1,1,0,15,0,0,0,26,8,0,0,0
2001,40282,1,1,30,30,30,30,30,30,30,30,30,30
2001,40282,2,1,0,0,0,0,0,0,0,0,0,0
2001,40282,3,1,0,0,0,0,0,0,0,0,0,0
2001,40283,1,1,0,0,0,0,0,0,0,0,0,0
2001,40283,2,1,0,0,1,0,0,0,0,0,0,8
2001,40283,3,1,0,0,0,0,0,0,0,14,0,0
2001,40284,1,1,0,0,0,0,0,0,0,0,0,0
2001,40285,1,1,0,0,0,0,0,0,0,0,0,0
2001,40285,2,1,0,0,0,0,0,0,0,0,0,0
2001,40286,1,1,1,1,1,1,1,1,1,1,1,1
2001,40287,1,1,26,26,26,26,26,26,26,26,26,26
2001,40287,2,1,9,0,0,17,14,16,13,17,20,0
2001,40288,1,1,11,12,12,26,17,21,25,7,13,25
2001,40289,1,1,0,0,0,0,0,13,0,14,0,0
2001,40290,1,1,0,0,0,0,0,0,0,0,0,0
2001,40290,2,1,0,0,0,0,0,0,0,0,0,0
2001,40290,3,1,0,0,0,16,0,0,0,0,17,0
2001,40291,1,1,3,3,3,3,3,3,3,3,3,3
2001,40291,2,1,0,0,0,0,0,0,0,0,0,0
2001,40291,3,1,0,0,0,0,0,0,0,0,0,0
2001,40291,4,1,0,0,0,0,0,16,0,0,0,0
2001,40292,1,1,0,0,0,0,0,0,0,0,0,0
2001,40292,2,1,0,0,0,0,0,0,0,0,0,0
2001,40293,1,1,24,4,0,24,0,0,4,0,26,0
2001,40294,1,1,0,0,0,0,0,0,0,0,0,0
2001,40295,1,1,0,0,0,0,0,0,0,0,0,0
2001,40295,2,1,0,0,0,0,0,0,0,0,0,0
2001,40295,3,1,0,0,0,0,0,0,0,0,0,0
2001,40296,1,1,27,27,27,27,27,27,27,27,27,27
2001,40297,1,1,0,0,0,0,23,0,0,0,0,15
2001,40297,2,1,0,0,8,0,0,0,0,0,0,0
2001,40298,1,1,0,0,0,12,0,0,0,0,0,0
2001,40298,2,1,12,17,25,18,0,10,16,27,9,16
2001,40299,1,1,8,0,0,25,11,18,0,0,0,0
2001,40300,1,1,0,0,0,23,0,14,0,18,0,18
2001,40301,1,1,0,0,0,0,0,0,0,0,0,0
2001,40301,2,1,0,0,0,0,0,0,0,0,0,0
2001,40301,3,1,0,0,0,0,0,0,0,0,0,0
2001,40302,1,1,0,9,23,13,21,2,8,4,19,12
2001,40302,2,1,0,0,0,0,0,0,0,0,0,0
2001,40302,3,1,0,0,0,0,0,0,0,0,0,0
2001,40304,0,1,0,0,0,0,0,0,0,0,0,0
2001,40304,1,1,9,0,16,0,0,0,0,0,0,0
2001,40305,0,1,0,0,0,0,0,0,0,0,0,0
2001,40305,1,1,0,0,0,0,0,0,0,0,0,0
2001,40306,1,1,12,14,28,9,11,14,12,5,11,21
2001,40307,0,1,0,0,0,0,0,0,0,0,0,0
2001,40307,1,1,0,0,0,0,0,0,0,0,0,0
2001,40308,1,1,0,0,0,15,0,0,12,0,16,13
2001,40309,1,1,0,0,0,0,0,0,0,0,0,0
2001,40309,2,1,0,0,0,0,0,0,0,0,0,0
2001,40310,1,1,0,0,0,18,0,0,0,0,0,10
2001,40311,1,1,13,13,13,13,13,13,13,13,13,13
2001,40312,1,1,0,0,0,0,12,31,23,0,0,0
2001,40312,2,1,0,0,0,0,0,0,0,0,0,0
2001,40312,3,1,0,0,0,0,0,0,0,0,0,0
2001,40313,1,1,16,0,7,12,31,15,14,12,6,4
2001,40314,0,1,6,45,0,0,16,21,3,0,0,25
2001,40314,1,1,13,11,0,7,6,15,0,19,6,7
2001,40314,2,1,0,8,21,12,0,0,6,0,8,12
2001,40315,1,1,29,29,29,29,29,29,29,29,29,29
2001,40316,1,1,0,0,0,0,0,0,0,0,0,0
2001,40317,0,1,21,21,21,21,21,21,21,21,21,21
2001,40317,1,1,0,0,16,15,7,0,0,0,25,7
2001,40318,0,1,18,18,22,23,8,12,24,13,9,9
2001,40318,1,1,0,0,0,0,0,0,0,0,0,22
2001,40319,0,1,0,5,0,5,0,0,0,12,0,20
2001,40319,1,1,0,0,0,0,0,0,0,0,0,0
2001,40320,1,1,9,9,9,9,9,9,9,9,9,9
2001,40321,1,1,38,26,4,0,12,16,0,13,14,17
2001,40322,1,1,0,2,13,24,22,0,9,19,13,21
2001,40323,0,1,21,21,21,21,21,21,21,21,21,21
2001,40323,1,1,0,0,0,0,0,0,0,14,0,9
2001,40324,1,1,0,0,0,0,0,0,0,0,0,0
2001,40325,1,1,0,0,0,0,0,0,0,0,0,0
2001,40325,2,1,19,19,19,19,19,19,19,19,19,19
2001,40326,0,1,57,35,31,12,27,7,5,13,27,12
2001,40326,1,1,0,0,0,0,0,0,0,0,0,0
2001,40327,1,1,0,0,0,0,0,0,0,0,0,0
2001,40327,2,1,0,0,0,0,0,0,0,14,0,0
2001,40328,0,1,0,0,0,0,0,0,0,0,0,0
2001,40328,1,1,0,0,0,0,0,0,0,0,0,0
2001,40329,1,1,0,0,0,0,0,0,0,0,0,0
2001,40330,1,1,31,15,11,6,27,19,14,9,21,17
2001,40330,2,1,0,0,0,0,0,0,0,0,0,0
2001,40331,1,1,11,11,11,11,11,11,11,11,11,11
2001,40331,2,1,0,0,0,0,0,1,0,0,0,0
2001,40332,1,1,13,13,13,13,13,13,13,13,13,13
2001,40332,2,1,0,0,0,0,0,18,0,0,0,6
2001,40333,1,1,10,10,10,10,10,10,10,10,10,10
2001,40333,2,1,0,0,0,0,0,0,0,0,0,0
2001,40334,1,1,11,11,11,11,11,11,11,11,11,11
2001,40335,1,1,0,0,0,0,0,0,0,0,0,0
2001,40335,2,1,0,0,0,0,0,0,0,0,0,0
2001,40336,1,1,0,0,0,0,0,0,0,0,0,0
2001,40336,2,1,0,0,0,0,0,0,0,0,0,0
2001,40337,1,1,25,12,0,36,16,21,28,29,0,12
2001,40337,2,1,0,0,0,0,0,12,0,0,7,0
2001,40338,1,1,11,12,0,24,10,28,0,25,12,9
2001,40338,2,1,0,23,14,25,0,0,14,0,0,0
2001,40339,0,1,12,12,12,12,12,12,12,12,12,12
2001,40339,1,1,0,0,0,0,0,0,0,0,0,0
2001,40340,1,1,0,0,0,0,0,0,8,0,0,0
2001,40340,2,1,0,0,0,0,0,0,0,0,0,0
2001,40340,3,1,0,0,0,0,0,0,0,0,0,0
2001,40341,1,1,0,0,0,0,0,0,0,0,0,0
2001,40342,1,1,22,6,20,20,25,27,21,15,25,19
2001,40343,1,1,0,0,0,0,0,0,0,0,0,0
2001,40344,1,1,0,0,0,0,0,0,0,0,0,0
2001,40345,1,1,0,0,9,10,0,0,0,0,0,30
2001,40346,1,1,23,23,23,23,23,23,23,23,23,23
2001,40346,2,1,0,0,16,0,0,0,0,0,0,0
2001,40347,1,1,16,16,16,16,16,16,16,16,16,16
2001,40348,0,1,0,0,0,0,0,0,0,0,0,0
2001,40348,1,1,0,0,0,0,0,0,0,0,0,0
2001,40349,1,1,26,26,26,26,26,26,26,26,26,26
2001,40350,1,1,0,0,0,0,0,0,0,0,0,0
2001,40350,2,1,0,0,0,0,0,0,0,0,0,0
2001,40350,3,1,0,0,0,0,0,0,0,0,0,0
2001,40351,1,1,19,9,0,6,15,13,14,5,0,14
2001,40351,2,1,0,0,0,0,0,0,0,0,0,0
2001,40352,1,1,0,0,0,0,0,0,0,0,0,0
2001,40352,2,1,0,0,0,0,0,0,0,0,0,0
2001,40353,1,1,24,24,24,24,24,24,24,24,24,24
2001,40354,1,1,11,11,11,11,11,11,11,11,11,11
2001,40355,1,1,0,0,0,0,0,0,0,0,0,0
2001,40355,2,1,3,3,3,3,3,3,3,3,3,3
2001,40356,1,1,0,0,0,0,0,0,0,0,0,0
2001,40357,1,1,0,0,0,0,12,0,0,0,0,0
2001,40357,2,1,0,0,0,0,0,0,0,0,0,0
2001,40357,3,1,0,0,0,0,0,0,0,0,0,0
2001,40358,1,1,0,15,22,12,0,17,32,15,8,28
2001,40358,2,1,0,0,0,0,0,0,0,0,0,0
2001,40359,1,1,0,0,0,0,0,0,0,0,0,0
2001,40359,2,1,0,0,0,0,0,0,0,0,0,0
2001,40360,1,1,0,21,0,0,11,0,5,0,0,0
2001,40361,1,1,0,0,0,0,0,0,0,0,0,0
2001,40361,2,1,0,0,14,0,0,0,0,0,0,0
2001,40362,1,1,20,20,20,20,20,20,20,20,20,20
2001,40363,1,1,0,21,20,13,0,22,0,21,13,28
2001,40364,1,1,8,24,24,0,24,25,0,32,11,42
2001,40365,1,1,22,22,22,22,22,22,22,22,22,22
2001,40366,1,1,0,0,0,0,0,0,18,0,14,0
2001,40367,1,1,0,0,0,0,0,0,0,0,0,0
2001,40368,1,1,0,0,0,0,0,0,0,0,0,0
2001,40369,1,1,0,0,0,0,0,0,0,0,0,0
2001,40370,0,1,0,0,0,0,0,0,0,0,0,0
2001,40370,1,1,0,0,7,0,0,0,15,0,0,16
2001,40370,2,1,0,0,0,0,0,0,0,0,0,0
2001,40371,1,1,0,0,19,0,0,0,0,6,7,0
2001,40372,1,1,0,0,0,0,0,0,0,0,0,0
2001,40373,1,1,0,34,33,0,0,0,0,13,24,0
2001,40374,1,1,0,0,0,0,10,0,0,7,0,0
2001,40375,1,1,0,0,0,0,0,0,0,15,0,0
2001,40375,2,1,0,0,0,0,0,0,0,0,0,0
2001,40376,0,1,0,0,0,0,0,0,0,0,0,0
2001,40376,1,1,0,0,0,0,0,0,0,0,0,0
2001,40377,1,1,0,0,22,0,0,21,0,29,17,31
2001,40378,1,1,0,0,0,0,0,0,0,0,0,0
2001,40378,2,1,0,0,0,0,6,0,0,0,0,0
2001,40379,1,1,0,0,0,26,0,0,0,29,0,0
2001,40379,2,1,0,0,0,0,0,0,0,0,0,0
2001,40379,3,1,0,0,0,0,0,0,0,0,0,0
2001,40380,1,1,0,0,0,0,0,0,0,0,0,0
2001,40381,1,1,0,0,0,11,0,0,0,0,0,0
2001,40381,2,1,0,0,0,0,0,0,0,0,0,0
2001,40382,0,1,0,0,0,0,0,0,0,0,0,0
2001,40382,1,1,0,0,0,0,0,0,0,0,0,0
2001,40383,1,1,0,0,0,0,0,0,0,0,0,11
2001,40383,2,1,0,0,0,0,0,0,0,0,0,0
2001,40384,1,1,0,0,0,0,0,0,0,0,0,0
2001,40385,1,1,0,0,0,0,0,0,0,0,0,0
2001,40386,1,1,0,0,0,0,0,0,0,0,0,0
2001,40387,0,1,20,16,0,0,0,20,0,0,12,9
2001,40387,1,1,0,0,0,0,0,0,0,0,0,0
2001,40388,1,1,4,0,23,12,20,35,12,10,18,28
2001,40389,1,1,0,0,0,0,0,0,0,0,0,0
2001,40390,1,1,0,0,11,0,11,0,0,0,9,0
2001,40391,1,1,0,0,0,0,0,0,0,0,0,0
2001,40391,2,1,0,9,0,0,0,0,0,0,0,0
2001,40392,1,1,0,0,0,0,0,0,0,0,0,0
2001,40393,1,1,29,29,29,29,29,29,29,29,29,29
2001,40394,1,1,19,0,0,0,0,21,24,19,0,21
2001,40395,0,1,16,16,19,22,30,12,15,20,8,25
2001,40395,1,1,0,0,0,0,0,0,0,0,0,0
2001,40396,0,1,47,11,22,26,21,19,38,13,5,37
2001,40396,1,1,15,15,12,9,14,0,0,7,21,14
2001,40397,1,1,0,0,0,0,0,0,0,0,0,0
2001,40398,0,1,0,0,0,0,0,20,20,16,19,0
2001,40398,1,1,0,0,16,19,13,0,0,20,0,0
2001,40399,1,2,0,9,0,0,0,6,20,12,8,0
2001,40400,1,1,0,0,12,0,9,0,0,0,0,0
2001,40401,1,1,0,0,0,0,0,0,0,0,0,0
2001,40401,2,1,9,14,0,0,0,0,0,11,0,0
2001,40402,1,1,13,13,13,13,13,13,13,13,13,13
2001,40403,1,1,0,0,0,0,0,0,0,0,0,0
2001,40403,2,1,0,0,0,0,0,0,0,0,4,0
2001,40403,3,1,0,0,0,0,0,0,0,0,0,0
2001,40404,1,1,4,0,0,19,24,7,18,12,20,10
2001,40404,2,1,0,0,0,0,0,0,0,0,0,0
2001,40405,1,1,0,0,0,0,0,0,0,0,0,0
2001,40406,1,1,0,0,0,0,0,17,0,0,0,19
2001,40406,2,1,0,0,0,0,0,0,0,0,0,0
2001,40407,1,1,10,10,20,11,0,0,6,12,12,24
2001,40407,2,1,0,0,0,0,0,0,0,0,0,0
2001,40408,1,1,0,0,0,0,0,0,0,0,0,0
2001,40408,2,1,0,0,0,0,0,0,0,0,0,0
2001,40409,1,1,3,3,3,3,3,3,3,3,3,3
2001,40410,1,1,10,8,12,5,4,16,7,7,24,5
2001,40410,2,1,0,0,0,17,20,30,21,0,12,0
2001,40411,1,1,18,18,18,18,18,18,18,18,18,18
2001,40411,2,1,0,0,0,0,0,0,0,0,0,0
2001,40412,1,1,0,8,0,0,0,0,0,0,0,0
2001,40412,2,1,0,0,0,0,0,0,0,19,0,0
2001,40413,1,1,20,20,20,20,20,20,20,20,20,20
2001,40414,1,1,0,0,0,0,0,0,0,0,0,0
2001,40414,2,1,0,0,0,0,0,0,0,0,0,0
2001,40415,1,1,27,27,27,27,27,27,27,27,27,27
2001,40416,1,1,0,0,0,0,0,0,0,29,0,0
2001,40416,2,1,0,0,0,0,0,0,0,0,0,0
2001,40417,1,1,0,0,0,0,0,0,0,0,0,0
2001,40417,2,1,0,0,0,0,0,0,0,0,0,0
2001,40418,1,1,0,0,0,32,0,0,38,0,0,0
2001,40419,1,1,18,12,13,20,22,10,13,13,12,15
2001,40419,2,1,0,0,0,0,0,0,0,0,0,0
2001,40419,3,1,0,0,0,0,0,0,0,0,0,0
2001,40420,1,1,20,20,20,20,20,20,20,20,20,20
2001,40421,1,1,0,0,0,0,0,0,0,12,13,0
2001,40421,2,1,0,0,0,0,0,0,0,16,0,0
2001,40422,0,1,20,20,20,20,20,20,20,20,20,20
2001,40422,1,1,18,0,0,0,24,0,0,0,16,0
2001,40423,1,1,0,0,0,0,0,0,0,0,0,0
2001,40423,2,1,0,0,0,0,0,0,0,0,0,0
2001,40424,1,1,0,0,0,0,0,0,0,0,0,0
2001,40424,2,1,0,0,0,0,0,0,0,0,0,0
2001,40425,1,1,0,0,0,0,0,0,0,0,0,6
2001,40425,2,1,21,21,21,21,21,21,21,21,21,21
2001,40426,0,1,26,26,26,26,26,26,26,26,26,26
2001,40426,1,1,24,0,0,20,0,0,0,0,0,0
2001,40427,1,1,19,19,19,19,19,19,19,19,19,19
2001,40427,2,1,13,6,11,4,16,6,5,12,14,8
2001,40428,0,1,0,19,8,0,0,0,12,0,0,0
2001,40428,1,1,0,0,0,0,0,0,0,0,0,0
2001,40429,1,1,16,16,16,16,16,16,16,16,16,16
2001,40430,1,1,8,18,11,23,11,9,31,20,12,0
2001,40431,1,1,0,0,0,0,0,0,0,0,0,0
2001,40432,1,1,0,0,0,0,0,0,0,9,0,9
2001,40432,2,1,0,0,0,0,0,0,0,0,0,0
2001,40433,0,1,9,16,20,9,0,32,25,0,16,13
2001,40433,1,1,0,0,0,0,0,0,0,0,0,0
2001,40434,1,1,0,17,0,0,0,0,0,0,0,0
2001,40435,1,1,0,0,0,0,0,0,0,0,0,0
2001,40435,2,1,0,0,0,0,0,0,0,0,0,0
2001,40436,1,1,0,0,0,0,0,0,0,0,0,0
2001,40436,2,1,0,0,0,0,0,0,0,0,0,0
2001,40436,3,1,0,0,0,0,0,0,0,0,0,0
2001,40437,1,1,0,0,0,0,0,0,0,0,0,0
2001,40437,2,1,6,0,11,0,0,26,0,0,0,0
2001,40438,1,1,10,4,17,0,15,0,21,8,6,19
2001,40439,1,1,0,0,0,0,0,0,0,0,0,0