YEAR,st_case,veh_no,per_no,P1,P2,P3,P4,P5,P6,P7,P8,P9,P10
2001,40439,2,1,0,0,0,0,0,0,0,0,0,0
2001,40439,3,1,0,0,0,0,0,0,0,0,0,0
2001,40440,1,2,0,0,0,0,0,0,0,20,7,0
2001,40441,1,1,3,10,5,9,18,15,9,13,34,14
2001,40442,0,1,0,0,0,0,0,0,0,0,0,0
2001,40442,1,1,0,14,0,0,2,21,0,0,0,12
2001,40442,2,1,0,0,9,15,0,0,0,0,0,0
2001,40443,1,1,7,9,0,5,11,0,15,6,22,10
2001,40443,2,1,0,0,0,0,0,0,0,0,0,0
2001,40444,1,1,22,0,0,0,8,0,16,0,0,0
2001,40444,2,1,6,4,0,6,8,0,13,8,29,17
2001,40445,1,1,0,0,0,0,0,0,0,0,0,0
2001,40446,1,1,0,0,0,0,0,0,0,0,0,0
2001,40447,1,1,0,0,0,0,14,0,0,0,0,0
2001,40447,2,1,0,0,0,0,0,0,0,0,0,0
2001,40448,1,1,0,0,0,0,0,0,0,0,0,0
2001,40449,0,1,28,22,0,19,0,36,27,31,18,18
2001,40449,1,1,0,0,0,0,0,0,0,0,0,11
2001,40450,0,1,17,17,17,17,17,17,17,17,17,17
2001,40450,1,1,11,0,0,0,0,0,0,0,0,0
2001,40451,1,1,25,31,11,22,18,16,8,12,29,18
2001,40451,2,1,0,30,0,14,0,0,0,0,0,0
2001,40452,1,1,0,0,0,0,24,0,0,0,0,0
2001,40453,0,1,18,10,13,21,9,28,23,27,32,0
2001,40453,1,1,9,19,11,11,16,16,6,13,12,27
2001,40454,1,1,30,20,30,4,24,7,3,22,16,7
2001,40454,2,1,31,9,19,28,24,31,12,20,11,22
2001,40455,1,1,0,0,0,0,0,0,0,0,0,0
2001,40455,2,1,0,0,0,0,0,0,0,0,0,0
2001,40455,3,1,0,0,0,0,0,0,0,0,0,0
2001,40456,0,1,11,11,11,11,11,11,11,11,11,11
2001,40456,1,1,13,0,21,0,0,13,0,15,0,0
2001,40457,1,1,9,14,12,9,6,8,14,22,17,10
2001,40457,2,1,0,0,0,0,0,0,0,0,0,0
2001,40458,1,1,0,0,0,0,0,0,0,0,0,0
2001,40459,1,1,0,0,0,0,0,0,0,0,0,0
2001,40459,2,1,0,0,0,0,0,0,0,0,0,0
2001,40460,1,1,0,0,0,0,0,0,0,0,0,0
2001,40461,0,1,0,0,0,0,0,0,0,0,0,0
2001,40461,1,1,0,0,13,0,0,0,0,0,0,0
2001,40462,1,1,0,0,0,0,0,0,0,0,0,0
2001,40463,1,1,0,0,0,0,0,0,0,0,0,0
2001,40463,2,1,0,0,0,0,0,0,0,0,0,0
2001,40464,1,1,0,0,0,0,0,0,0,0,0,0
2001,40465,1,1,0,0,0,0,0,0,0,0,0,0
2001,40465,2,1,0,0,0,0,0,0,0,0,0,0
2001,40465,3,1,0,0,0,0,0,0,0,0,0,0
2001,40466,1,1,0,18,7,18,18,17,12,5,7,16
2001,40467,0,1,17,30,13,8,0,23,25,16,10,20
2001,40467,1,1,0,0,0,0,0,0,0,0,0,0
2001,40468,1,1,12,12,12,12,12,12,12,12,12,12
2001,40469,0,1,0,0,0,0,0,0,0,0,0,0
2001,40469,1,1,0,0,19,21,9,32,0,0,0,0
2001,40470,1,1,0,0,0,0,0,0,0,0,0,0
2001,40471,1,1,0,0,0,0,0,0,0,0,0,0
2001,40472,1,1,0,0,0,0,0,17,0,0,0,0
2001,40473,1,1,15,15,15,15,15,15,15,15,15,15
2001,40474,1,1,0,0,0,0,0,0,0,0,0,0
2001,40475,1,1,0,0,0,0,0,0,0,0,0,0
2001,40475,2,1,0,0,0,0,0,0,0,0,0,0
2001,40476,1,1,4,4,4,4,4,4,4,4,4,4
2001,40477,1,1,0,0,0,0,0,0,0,0,0,0
2001,40477,2,1,0,0,0,0,0,0,0,0,0,0
2001,40478,1,1,20,18,22,23,26,26,22,23,31,31
2001,40479,0,1,0,0,0,0,0,0,0,0,0,0
2001,40479,1,1,0,0,0,22,0,0,0,0,0,0
2001,40480,1,1,0,0,0,0,0,0,0,0,0,0
2001,40480,2,1,0,0,0,0,0,0,0,0,0,0
2001,40481,0,1,14,14,14,14,14,14,14,14,14,14
2001,40481,1,1,0,0,0,0,0,0,0,0,0,0
2001,40482,1,1,5,5,5,5,5,5,5,5,5,5
2001,40484,1,1,0,0,0,0,0,0,0,0,0,0
2001,40485,1,1,0,0,0,0,0,0,0,0,0,0
2001,40486,1,1,0,0,0,0,0,0,0,0,0,0
2001,40486,2,1,0,0,0,0,29,0,0,0,0,0
2001,40487,1,1,2,9,11,3,14,6,0,0,8,19
2001,40488,1,1,15,15,15,15,15,15,15,15,15,15
2001,40489,1,1,0,5,0,14,15,18,30,21,17,12
2001,40490,1,1,22,0,0,0,0,0,0,0,0,0
2001,40490,2,1,0,0,0,0,0,0,0,0,0,0
2001,40491,1,1,19,5,15,4,9,19,9,20,29,6
2001,40491,2,1,0,0,0,0,13,0,0,0,0,0
2001,40492,1,1,0,0,0,0,0,0,0,0,0,0
2001,40492,2,1,0,0,0,0,0,0,0,0,0,0
2001,40493,0,1,3,3,3,3,3,3,3,3,3,3
2001,40493,1,1,0,0,0,0,0,0,0,0,0,0
2001,40493,2,1,0,0,0,0,0,0,9,15,21,0
2001,40493,3,1,0,0,0,0,0,0,0,13,0,0
2001,40494,1,1,21,20,10,22,13,4,23,15,19,15
2001,40494,2,1,0,0,0,0,7,0,0,0,0,0
2001,40495,1,1,10,5,0,12,15,14,4,27,5,8
2001,40495,2,1,0,0,0,0,0,0,0,0,0,0
2001,40496,1,1,0,0,0,0,0,0,0,0,0,0
2001,40496,2,1,22,20,0,15,7,19,8,14,7,11
2001,40497,1,1,0,0,0,0,0,0,0,0,0,0
2001,40498,1,1,10,0,0,0,0,0,0,0,0,0
2001,40499,1,1,0,0,0,0,0,0,0,0,0,0
2001,40499,2,1,0,0,0,0,0,0,0,0,0,0
2001,40499,3,1,0,0,0,0,0,0,0,0,0,0
2001,40500,0,1,0,0,0,0,0,0,0,0,8,0
2001,40500,1,1,0,0,0,0,0,0,23,0,0,0
2001,40501,0,1,13,14,16,18,17,16,20,16,0,20
2001,40501,1,1,0,0,0,0,0,0,0,0,0,0
2001,40502,1,1,2,15,17,29,15,15,24,2,18,15
2001,40502,2,1,0,0,0,0,0,0,0,0,0,0
2001,40503,1,1,0,0,0,0,0,0,0,0,0,0
2001,40503,2,1,0,0,0,6,0,0,0,0,0,0
2001,40504,0,1,0,0,21,27,0,0,15,21,25,24
2001,40504,0,2,0,0,22,23,0,18,0,27,0,37
2001,40504,1,1,0,0,0,0,0,0,0,0,0,0
2001,40505,1,1,12,16,21,23,0,19,21,18,7,19
2001,40506,1,1,0,0,0,0,0,0,0,0,0,0
2001,40506,2,1,0,0,0,0,0,0,0,0,0,0
2001,40507,1,1,0,0,0,0,0,0,0,0,0,0
2001,40507,2,1,0,0,0,0,0,0,0,0,0,0
2001,40508,0,1,36,36,36,36,36,36,36,36,36,36
2001,40508,1,1,0,15,0,0,0,18,0,0,0,0
2001,40509,0,1,30,30,30,30,30,30,30,30,30,30
2001,40509,1,1,12,0,32,14,10,0,0,10,21,10
2001,40510,1,1,11,11,11,11,11,11,11,11,11,11
2001,40511,0,1,0,0,0,0,0,0,0,0,0,0
2001,40511,1,1,21,18,18,2,0,12,22,0,0,0
2001,40511,2,1,0,0,0,0,0,0,0,7,0,0
2001,40512,1,1,10,0,20,12,9,3,8,8,16,8
2001,40513,1,1,11,14,24,21,20,23,18,11,11,26
2001,40514,1,1,10,0,0,19,19,27,10,5,24,19
2001,40514,2,1,0,9,11,0,0,0,0,0,0,0
2001,40515,0,1,0,0,0,0,0,0,0,0,0,0
2001,40515,1,1,18,10,23,14,0,8,7,17,4,12
2001,40516,0,1,0,0,0,0,0,0,0,0,0,0
2001,40516,1,1,4,14,16,15,0,3,8,0,27,15
2001,40517,1,1,19,11,17,0,11,26,16,23,17,22
2001,40517,2,1,0,0,0,0,0,0,0,0,0,0
2001,40517,3,1,0,0,0,0,0,0,0,0,0,0
2001,40518,1,1,0,0,0,0,0,10,0,0,26,0
2001,40519,1,1,0,0,0,0,0,0,0,0,0,0
2001,40519,2,1,0,0,0,0,0,0,0,0,0,0
2001,40520,1,1,0,11,9,11,8,11,6,12,11,13
2001,40520,2,1,0,0,0,0,0,0,0,0,0,7
2001,40520,3,1,0,0,0,0,0,0,0,0,0,0
2001,40521,1,1,0,0,0,0,25,0,0,0,0,15
2001,40522,1,1,17,17,17,17,17,17,17,17,17,17
2001,40522,2,1,0,0,0,0,0,0,0,0,0,18
2001,40523,1,1,0,0,0,0,3,0,0,0,0,0
2001,40524,0,1,0,0,0,0,0,0,0,0,0,0
2001,40524,1,1,23,7,4,10,20,16,12,8,15,10
2001,40525,1,1,15,15,15,15,15,15,15,15,15,15
2001,40526,0,1,16,16,16,16,16,16,16,16,16,16
2001,40526,1,1,0,0,0,0,0,0,0,0,0,0
2001,40527,1,1,0,0,0,0,0,0,0,0,0,0
2001,40527,2,1,14,0,0,0,0,0,0,0,0,0
2001,40528,0,1,20,8,0,0,0,12,0,0,0,0
2001,40528,1,1,0,0,0,0,0,0,0,0,10,0
2001,40529,1,1,0,0,0,0,0,0,0,0,12,15
2001,40530,0,1,0,0,0,0,0,0,0,0,0,0
2001,40530,1,1,0,6,0,0,18,27,16,0,0,0
2001,40531,0,1,8,8,8,8,8,8,8,8,8,8
2001,40531,1,1,30,17,8,15,19,14,6,12,6,14
2001,40532,1,1,0,0,0,0,0,0,0,0,0,0
2001,40533,1,1,0,20,15,4,27,15,8,32,28,10
2001,40534,1,1,32,33,26,10,7,23,12,21,22,14
2001,40535,0,1,11,11,11,11,11,11,11,11,11,11
2001,40535,2,1,0,0,0,0,0,0,0,0,0,0
2001,40536,1,1,29,29,29,29,29,29,29,29,29,29
2001,40537,1,1,0,0,2,0,0,0,17,0,0,0
2001,40537,2,1,0,0,0,0,0,0,0,0,0,0
2001,40538,1,1,12,10,31,7,9,0,9,23,13,12
2001,40538,2,1,0,0,0,0,0,0,0,0,4,0
2001,40538,3,1,0,9,0,0,0,0,0,0,0,0
2001,40538,4,1,0,0,0,0,0,0,0,0,0,0
2001,40539,1,1,5,0,0,24,0,0,19,0,0,0
2001,40539,2,1,0,0,0,0,0,0,0,0,0,0
2001,40540,1,1,26,26,26,26,26,26,26,26,26,26
2001,40541,1,1,0,15,7,12,12,9,19,0,13,14
2001,40542,1,1,14,0,0,0,0,0,0,0,0,0
2001,40543,1,1,0,0,0,0,0,0,0,0,0,20
2001,40544,1,1,0,0,0,0,0,0,23,0,4,0
2001,40545,1,1,9,0,0,0,11,0,0,9,12,0
2001,40546,0,1,23,6,30,27,13,23,0,38,17,11
2001,40546,1,1,0,0,0,0,0,0,0,0,0,0
2001,40547,0,1,0,12,0,15,16,15,26,34,22,9
2001,40547,1,1,0,0,0,0,0,0,0,0,0,0
2001,40548,1,1,10,13,0,2,7,8,0,11,19,21
2001,40549,1,1,0,8,12,6,12,8,21,18,8,16
2001,40549,2,1,1,1,1,1,1,1,1,1,1,1
2001,40550,0,1,0,0,0,0,0,0,0,0,0,0
2001,40550,1,1,0,15,0,13,0,0,14,21,0,0
2001,40551,0,1,0,17,0,13,14,0,0,0,0,39
2001,40551,1,1,26,26,26,26,26,26,26,26,26,26
2001,40552,1,1,0,0,0,0,0,0,0,0,0,0
2001,40553,1,1,0,0,0,0,0,0,0,0,0,0
2001,40553,2,1,0,0,0,0,0,0,0,0,0,0
2001,40554,1,1,6,0,24,26,22,24,17,12,8,9
2001,40555,1,1,0,0,0,0,0,0,0,0,0,0
2001,40555,2,1,0,0,0,0,0,0,0,0,0,0
2001,40556,1,1,0,26,0,0,0,14,0,11,0,0
2001,40557,1,1,31,25,27,10,23,21,22,34,10,25
2001,40558,1,1,7,17,9,18,19,14,21,11,10,13
2001,40559,0,1,0,0,0,0,0,0,18,0,0,0
2001,40559,1,1,0,0,0,0,0,0,0,0,0,0
2001,40560,1,1,0,0,0,0,10,0,0,0,7,31
2001,40561,1,1,0,0,0,0,0,0,0,0,0,0
2001,40561,2,1,32,13,36,15,26,18,9,15,14,15
2001,40562,1,1,9,0,0,0,0,0,0,0,0,0
2001,40563,1,1,0,22,0,0,0,0,0,16,0,0
2001,40563,2,1,0,0,0,0,0,0,0,0,0,0
2001,40564,0,1,11,0,0,0,0,0,12,5,9,0
2001,40564,1,1,0,0,0,0,6,0,0,0,0,0
2001,40565,1,1,18,18,18,18,18,18,18,18,18,18
2001,40566,0,1,34,34,34,34,34,34,34,34,34,34
2001,40566,1,1,4,0,5,15,0,10,0,0,0,43
2001,40567,1,1,0,0,0,0,0,0,14,0,0,0
2001,40567,2,1,27,18,21,5,13,0,13,27,16,13
2001,40568,1,1,0,0,0,6,0,0,21,0,0,0
2001,40568,2,1,0,7,16,0,14,13,14,8,12,12
2001,40568,3,1,0,0,0,0,0,0,0,0,0,0
2001,40569,1,1,0,0,0,0,0,0,0,0,0,0
2001,40570,1,1,0,0,0,0,0,0,0,0,0,0
2001,40570,2,1,0,0,0,0,0,0,0,0,0,0
2001,40571,1,1,0,0,0,0,0,0,0,0,0,0
2001,40571,2,1,0,0,0,0,0,0,0,0,0,0
2001,40572,1,1,28,28,28,28,28,28,28,28,28,28
2001,40572,2,1,0,0,0,0,0,0,0,0,0,0
2001,40572,3,1,0,0,28,0,0,0,0,11,6,0
2001,40572,4,1,0,0,0,7,0,0,0,0,0,0
2001,40572,5,1,0,0,0,0,0,0,0,25,14,38
2001,40573,1,1,0,0,0,0,0,0,0,0,0,0
2001,40574,1,1,20,20,20,20,20,20,20,20,20,20
2001,40575,1,1,22,22,22,22,22,22,22,22,22,22
2001,40576,1,1,0,0,15,0,0,0,23,19,0,17
2001,40576,2,1,0,0,0,0,0,0,0,0,0,0
2001,40576,3,1,0,0,0,0,0,0,0,0,0,0
2001,40577,1,1,0,0,0,0,0,0,0,0,0,0
2001,40577,2,1,0,0,0,0,0,0,15,0,0,0
2001,40577,3,1,16,0,0,0,0,0,0,0,0,0
2001,40578,1,1,0,0,3,0,0,0,0,0,0,0
2001,40578,2,1,0,0,0,0,0,0,0,0,0,0
2001,40579,1,1,0,0,0,0,0,0,0,0,0,0
2001,40579,2,1,0,0,0,0,0,0,0,0,0,0
2001,40579,3,1,0,0,0,0,0,0,0,0,0,0
2001,40580,1,1,13,17,15,25,15,13,12,13,8,14
2001,40580,2,1,0,0,0,21,3,6,0,0,0,0
2001,40581,1,1,6,7,22,7,14,20,24,13,15,11
2001,40582,0,1,18,20,14,0,0,30,0,0,0,0
2001,40582,1,1,0,0,0,0,0,0,0,0,15,0
2001,40583,1,1,0,0,0,0,0,0,0,0,0,0
2001,40584,1,1,0,0,0,0,23,0,0,0,16,14
2001,40584,2,1,0,0,0,0,0,0,0,0,0,0
2001,40585,0,1,32,32,32,32,32,32,32,32,32,32
2001,40585,1,1,0,0,0,0,0,0,0,0,0,0
2001,40586,1,1,5,0,8,0,7,0,22,2,5,28
2001,40587,1,1,0,0,0,0,0,0,0,0,0,0
2001,40588,1,1,25,25,25,25,25,25,25,25,25,25
2001,40589,0,1,35,35,35,35,35,35,35,35,35,35
2001,40589,1,1,0,12,17,0,0,16,20,7,18,15
2001,40590,1,1,0,0,0,0,0,0,0,0,0,0
2001,40590,2,1,0,0,0,0,0,0,0,0,0,0
2001,40591,1,1,0,7,0,0,0,0,0,0,0,0
2001,40592,0,1,0,0,0,0,0,0,0,0,0,0
2001,40592,1,1,0,0,0,0,0,0,0,0,0,0
2001,40593,0,1,0,0,0,0,0,0,0,0,0,0
2001,40593,1,1,0,0,0,0,0,0,0,0,0,0
2001,40594,1,1,0,0,0,0,0,0,0,0,0,0
2001,40595,1,1,23,0,0,15,19,15,13,4,8,9
2001,40595,2,1,0,0,0,0,0,0,0,0,0,0
2001,40596,1,1,20,20,20,20,20,20,20,20,20,20
2001,40597,1,1,0,0,0,0,0,0,0,0,0,0
2001,40597,2,1,0,0,0,0,0,0,0,0,0,0
2001,40597,3,1,0,0,0,0,0,0,0,0,0,0
2001,40597,4,1,0,0,0,0,0,0,0,0,0,0
2001,40598,1,1,0,0,0,0,0,0,0,0,0,0
2001,40598,2,1,0,0,0,0,0,0,0,0,0,0
2001,40599,1,1,0,0,0,0,13,0,0,0,0,0
2001,40600,1,1,28,28,28,28,28,28,28,28,28,28
2001,40600,2,1,0,0,0,0,0,0,0,0,0,0
2001,40601,1,1,9,20,14,11,0,14,5,17,18,16
2001,40602,1,1,0,0,0,0,0,0,0,0,0,0
2001,40602,2,1,0,0,0,0,0,0,0,0,0,0
2001,40602,3,1,0,0,14,0,0,0,7,0,0,0
2001,40603,1,1,8,17,8,7,16,16,10,8,19,6
2001,40604,1,1,0,0,0,0,0,28,0,0,0,0
2001,40605,1,1,0,20,0,0,0,0,0,0,0,0
2001,40606,0,1,0,0,5,0,0,6,34,10,0,21
2001,40606,1,1,13,23,17,10,0,18,12,20,19,17
2001,40607,1,1,0,0,0,0,0,0,0,0,0,0
2001,40608,1,1,0,0,0,0,0,0,0,0,0,0
2001,40608,2,1,0,0,0,0,0,0,0,0,0,0
2001,40609,1,1,0,0,0,0,0,0,0,0,0,0
2001,40610,1,1,22,22,22,22,22,22,22,22,22,22
2001,40611,1,1,0,0,0,0,0,0,0,0,0,0
2001,40612,1,1,0,0,0,0,0,0,0,0,0,0
2001,40612,2,1,0,0,0,0,0,0,0,0,0,0
2001,40613,1,1,0,0,0,0,0,0,0,0,0,0
2001,40613,2,1,0,0,0,0,0,0,0,0,0,0
2001,40613,3,1,0,0,0,0,0,0,0,0,0,0
2001,40614,0,1,10,10,10,10,10,10,10,10,10,10
2001,40614,1,1,0,0,0,0,23,0,0,9,0,10
2001,40615,1,1,17,0,10,0,0,0,13,0,0,0
2001,40616,1,1,9,15,20,28,0,0,9,17,0,8
2001,40617,1,1,25,0,25,30,7,17,12,5,18,0
2001,40618,1,1,9,0,0,20,20,0,0,8,0,22
2001,40618,2,1,0,0,0,0,0,0,0,0,0,0
2001,40619,1,1,0,0,0,0,0,0,0,0,0,0
2001,40620,1,1,0,0,8,20,11,16,0,38,19,0
2001,40621,1,1,0,0,0,0,0,0,0,0,0,0
2001,40622,1,1,0,0,0,0,0,0,0,0,0,0
2001,40622,2,1,0,0,0,0,0,0,0,0,0,0
2001,40622,3,1,0,0,0,0,0,0,0,0,0,0
2001,40623,1,1,40,0,0,0,0,0,0,0,0,0
2001,40623,2,1,0,17,0,0,0,0,0,0,0,0
2001,40623,3,1,0,0,0,0,0,0,0,0,0,0
2001,40624,1,1,14,0,0,0,0,10,0,0,15,0
2001,40624,2,1,0,0,0,0,0,0,0,0,0,0
2001,40624,3,1,5,20,12,4,2,10,0,0,8,0
2001,40625,1,1,0,9,14,0,0,18,18,0,16,0
2001,40626,1,1,0,0,0,0,0,0,0,0,0,0
2001,40627,0,1,0,0,0,0,0,0,0,0,0,0
2001,40627,1,1,0,0,0,0,0,0,0,0,0,0
2001,40628,1,1,0,0,0,0,0,0,0,0,0,0
2001,40628,2,1,0,0,0,0,0,0,0,0,0,0
2001,40629,1,1,0,0,0,0,0,0,0,0,0,0
2001,40629,2,1,0,0,0,0,0,0,0,0,0,0
2001,40630,1,1,0,0,0,0,0,0,0,0,0,0
2001,40630,2,1,25,0,0,0,0,0,0,0,0,22
2001,40630,3,1,0,0,0,0,0,0,0,0,0,0
2001,40631,0,1,0,0,0,0,0,0,0,0,0,0
2001,40631,1,1,0,0,0,0,0,6,0,0,0,0
2001,40632,1,1,0,0,0,0,0,0,0,0,0,0
2001,40632,2,1,0,0,0,0,0,0,0,0,0,0
2001,40633,1,1,17,21,11,34,38,27,27,29,18,16
2001,40634,1,1,17,16,17,51,24,8,8,10,14,13
2001,40635,1,1,9,8,0,22,6,0,0,22,0,0
2001,40635,2,1,0,0,0,0,0,0,0,0,21,0
2001,40635,3,1,0,0,0,0,0,0,0,0,0,0
2001,40636,1,1,11,15,0,0,11,24,0,7,0,11
2001,40636,2,1,0,0,0,0,0,0,0,0,0,0
2001,40636,3,1,0,0,0,0,0,0,0,0,0,0
2001,40637,1,1,9,9,9,9,9,9,9,9,9,9
2001,40637,2,1,0,0,0,0,0,0,0,0,0,0
2001,40638,0,1,27,27,27,27,27,27,27,27,27,27
2001,40638,1,1,0,0,0,0,13,0,0,0,0,0
2001,40639,1,1,0,0,0,0,0,0,0,0,9,21
2001,40639,2,1,0,0,0,0,0,0,0,0,0,0
2001,40640,1,1,16,16,16,16,16,16,16,16,16,16
2001,40640,2,1,0,0,0,0,0,0,0,0,0,0
2001,40641,1,1,13,17,27,23,12,0,9,0,16,32
2001,40642,1,1,18,6,11,0,11,21,0,10,19,6
2001,40642,2,1,0,0,0,0,0,0,0,0,0,0
2001,40643,1,1,20,20,20,20,20,20,20,20,20,20
2001,40643,2,1,5,5,14,4,13,6,3,5,13,0
2001,40644,1,1,0,0,0,0,0,18,0,0,0,0
2001,40645,1,1,0,0,0,0,0,0,0,0,0,0
2001,40645,2,1,9,14,19,0,0,11,10,0,17,27
2001,40646,1,1,0,0,0,0,0,0,0,0,0,0
2001,40647,1,1,0,0,0,15,20,8,27,25,23,0
2001,40647,2,1,0,10,5,0,0,0,0,0,0,0
2001,40648,0,1,0,0,0,0,0,0,0,0,0,0
2001,40648,1,1,8,8,8,8,8,8,8,8,8,8
2001,40649,1,1,30,30,30,30,30,30,30,30,30,30
2001,40650,0,1,14,14,14,14,14,14,14,14,14,14
2001,40650,0,2,0,0,28,0,21,22,22,0,0,17
2001,40650,1,1,16,16,16,16,16,16,16,16,16,16
2001,40651,1,6,0,5,24,0,15,9,0,0,6,0
2001,40652,1,1,14,14,14,14,14,14,14,14,14,14
2001,40653,1,1,0,0,0,0,0,0,0,0,0,0
2001,40653,2,1,0,0,0,0,0,0,0,0,0,0
2001,40654,1,1,1,1,1,1,1,1,1,1,1,1
2001,40654,2,1,0,2,0,0,0,0,0,4,0,1
2001,40654,3,1,0,0,0,0,0,0,0,4,0,0
2001,40655,1,1,22,22,22,22,22,22,22,22,22,22
2001,40656,1,1,22,22,22,22,22,22,22,22,22,22
2001,40657,1,1,0,0,0,0,19,0,0,0,21,0
2001,40657,2,1,0,0,0,0,0,0,0,0,0,0
2001,40658,1,1,0,0,0,0,10,0,26,0,0,0
2001,40658,2,1,0,0,0,0,0,0,0,0,0,25
2001,40659,1,1,18,18,18,18,18,18,18,18,18,18
2001,40659,2,1,6,4,17,19,11,12,26,10,29,10
2001,40660,1,1,22,22,22,22,22,22,22,22,22,22
2001,40660,2,1,0,0,0,0,0,0,0,0,0,0
2001,40661,1,1,28,28,28,28,28,28,28,28,28,28
2001,40661,2,1,7,7,7,7,7,7,7,7,7,7
2001,40661,3,1,0,0,0,0,0,0,0,0,0,0
2001,40662,1,1,0,0,0,0,0,0,0,0,0,0
2001,40662,2,1,0,0,0,0,0,0,0,0,0,0
2001,40663,1,1,8,15,0,0,0,6,0,0,0,14
2001,40663,2,1,0,0,7,14,0,0,0,9,0,0
2001,40663,3,1,0,0,0,0,0,0,0,0,0,0
2001,40664,1,1,0,0,0,0,0,0,3,0,0,0
2001,40664,2,1,0,0,0,0,0,0,0,0,0,0
2001,40665,1,1,0,0,0,0,0,0,0,0,0,0
2001,40665,2,1,0,0,0,0,0,0,0,0,0,0
2001,40666,1,1,0,0,0,0,0,0,0,0,0,0
2001,40667,1,1,0,0,0,0,0,0,0,0,0,0
2001,40668,1,1,17,6,14,0,21,8,0,5,9,23
2001,40669,0,1,0,0,0,0,0,0,0,0,0,0
2001,40669,1,1,0,0,0,0,0,0,0,0,0,0
2001,40670,1,1,0,0,0,0,0,0,0,0,0,0
2001,40671,0,1,0,0,0,0,0,0,0,0,0,0
2001,40671,1,1,0,0,0,0,0,0,0,0,0,0
2001,40672,0,1,11,11,11,11,11,11,11,11,11,11
2001,40672,1,1,0,0,0,0,0,0,0,0,0,0
2001,40673,1,2,0,0,19,0,14,16,0,0,35,17
2001,40674,1,1,0,0,2,0,0,0,0,0,0,0
2001,40675,1,1,0,0,0,0,0,0,0,0,0,0
2001,40675,2,1,0,0,0,0,0,0,0,0,0,0
2001,40676,0,1,0,0,0,0,0,0,0,0,0,0
2001,40676,1,1,24,0,0,0,0,0,0,0,0,0
2001,40677,0,2,0,0,0,0,0,0,0,0,0,0
2001,40677,1,1,0,10,4,0,0,0,0,0,0,0
2001,40678,0,1,15,15,15,15,15,15,15,15,15,15
2001,40678,1,1,0,0,0,17,0,0,22,0,0,2
2001,40679,1,1,32,32,32,32,32,32,32,32,32,32
2001,40679,2,1,0,0,0,0,0,0,0,0,0,0
2001,40680,1,1,0,16,0,0,11,5,29,0,0,11
2001,40681,0,1,16,16,16,16,16,16,16,16,16,16
2001,40681,1,1,0,20,0,19,0,0,0,0,0,17
2001,40682,1,1,0,0,0,0,0,0,0,0,0,0
2001,40683,1,1,0,0,0,0,0,0,0,0,0,0
2001,40683,2,1,0,0,0,0,0,0,0,0,0,19
2001,40684,0,1,0,0,0,0,0,0,0,0,0,0
2001,40684,1,1,0,0,0,0,0,0,0,0,0,0
2001,40685,1,1,0,0,0,0,0,0,0,0,0,0
2001,40686,1,1,21,14,16,15,7,8,0,8,20,24
2001,40686,2,1,0,0,0,0,0,3,0,0,0,0
2001,40687,0,1,30,30,30,30,30,30,30,30,30,30
2001,40687,1,1,0,0,0,0,0,0,0,0,0,0
2001,40688,1,1,0,0,0,0,0,0,0,8,10,14
2001,40689,1,1,16,0,0,0,0,0,0,0,0,0
2001,40689,2,1,0,0,0,0,0,0,0,0,0,0
2001,40690,1,1,0,0,0,0,0,0,0,0,0,0
2001,40690,2,1,0,0,0,0,0,0,0,0,0,0
2001,40691,1,1,0,0,13,10,0,8,20,0,0,0
2001,40691,2,1,0,0,0,0,0,0,0,0,0,0
2001,40691,3,1,0,0,0,0,0,0,0,0,0,0
2001,40691,4,1,0,0,0,0,0,0,0,0,0,0
2001,40692,0,1,0,0,0,0,0,0,0,0,0,0
2001,40692,1,1,0,0,0,0,0,0,0,0,0,0
2001,40693,1,1,14,14,14,14,14,14,14,14,14,14
2001,40694,1,1,0,0,0,0,0,0,0,0,0,0
2001,40694,2,1,0,0,0,0,0,0,0,0,0,0
2001,40695,1,1,0,0,0,0,0,0,0,10,0,0
2001,40695,2,1,0,0,0,0,0,0,0,0,0,0
2001,40696,0,1,20,20,20,20,20,20,20,20,20,20
2001,40696,1,1,0,0,0,0,0,6,0,0,0,0
2001,40697,1,1,8,13,0,16,37,15,13,16,21,0
2001,40698,1,1,0,0,0,0,0,0,0,0,0,0
2001,40698,2,1,0,0,0,0,0,0,0,0,0,0
2001,40699,0,1,0,0,0,0,0,0,0,0,0,0
2001,40699,1,1,0,0,0,0,0,0,0,0,8,0
2001,40700,1,1,0,0,27,0,0,0,0,0,0,0
2001,40700,2,1,0,0,0,0,0,0,0,0,0,0
2001,40701,1,1,0,0,0,0,0,0,0,0,0,0
2001,40702,0,1,0,46,7,12,16,14,0,15,36,24
2001,40702,1,1,0,0,0,0,0,0,0,0,0,0
2001,40703,1,1,0,26,28,30,24,0,47,6,0,22
2001,40704,1,1,0,0,0,0,0,0,0,0,0,0
2001,40705,1,1,0,0,0,0,0,0,0,0,0,0
2001,40705,2,1,0,0,0,0,0,0,0,0,0,0
2001,40706,1,1,17,0,17,19,12,20,18,0,16,17
2001,40706,2,1,0,0,0,0,0,0,0,0,0,0
2001,40707,1,1,0,0,0,0,0,0,0,0,0,0
2001,40708,1,1,0,0,0,0,0,0,0,0,0,0
2001,40709,0,1,0,0,0,0,0,0,0,0,0,0
2001,40709,1,1,0,10,0,0,0,0,0,0,0,0
2001,40710,1,1,4,4,4,4,4,4,4,4,4,4
2001,40711,1,1,17,17,17,17,17,17,17,17,17,17
2001,40711,2,1,0,0,0,0,0,0,0,0,0,0
2001,40712,1,1,0,0,0,0,0,0,0,0,0,0