YEAR,st_case,veh_no,per_no,P1,P2,P3,P4,P5,P6,P7,P8,P9,P10
2001,40712,2,1,0,0,0,0,0,0,0,0,0,0
2001,40712,3,1,0,0,0,0,0,0,0,0,0,0
2001,40713,0,1,0,17,0,0,0,0,11,0,0,0
2001,40713,1,1,20,4,14,13,12,37,10,17,17,9
2001,40714,1,1,11,11,11,11,11,11,11,11,11,11
2001,40715,0,1,30,27,19,7,22,20,0,15,3,31
2001,40715,1,1,20,0,0,0,0,0,0,0,0,0
2001,40716,1,1,23,18,10,12,0,19,5,13,25,21
2001,40716,2,1,2,2,2,2,2,2,2,2,2,2
2001,40717,1,1,14,14,14,14,14,14,14,14,14,14
2001,40717,2,1,0,0,0,8,0,0,0,0,0,0
2001,40718,1,1,33,0,17,24,14,8,22,10,41,20
2001,40719,1,1,24,22,26,23,0,15,17,23,26,36
2001,40719,2,1,0,0,0,0,0,0,0,9,0,0
2001,40720,1,1,0,0,0,0,0,0,0,0,0,0
2001,40721,1,1,0,0,0,0,0,0,0,0,0,0
2001,40721,2,1,0,0,0,0,0,0,0,0,0,0
2001,40722,1,1,0,0,0,0,0,0,0,0,0,0
2001,40723,0,1,0,0,0,0,0,0,0,0,0,0
2001,40723,1,1,0,0,0,0,0,0,0,0,0,0
2001,40724,1,1,15,0,0,0,10,0,0,0,0,0
2001,40724,2,1,0,0,0,0,0,0,0,0,0,0
2001,40725,1,1,10,0,0,0,0,0,0,0,0,0
2001,40726,0,1,20,20,20,20,20,20,20,20,20,20
2001,40726,1,1,0,0,0,0,0,11,0,0,0,0
2001,40727,1,1,0,9,0,0,0,0,0,12,0,0
2001,40727,2,1,0,0,0,0,0,0,0,0,0,0
2001,40728,1,1,0,0,0,0,0,0,0,0,0,0
2001,40728,2,1,0,0,16,0,0,25,0,0,0,22
2001,40729,1,1,0,0,0,0,0,0,0,0,0,0
2001,40729,2,1,0,0,0,0,0,0,0,0,0,0
2001,40730,1,1,9,9,9,9,9,9,9,9,9,9
2001,40731,0,1,0,0,0,0,0,0,0,0,0,0
2001,40731,1,1,0,0,0,0,0,0,0,0,0,0
2001,40731,2,1,3,0,14,0,0,5,0,0,0,0
2001,40732,1,1,28,28,28,28,28,28,28,28,28,28
2001,40733,1,1,0,0,0,15,0,0,0,32,0,0
2001,40734,1,1,26,26,26,26,26,26,26,26,26,26
2001,40734,2,1,0,0,0,0,0,0,0,0,0,0
2001,40735,1,1,0,0,0,0,0,0,0,0,0,0
2001,40736,1,1,0,0,6,22,0,0,0,16,14,0
2001,40737,0,1,31,31,31,31,31,31,31,31,31,31
2001,40737,1,1,0,0,0,0,15,0,0,0,0,0
2001,40737,2,1,0,0,0,0,6,0,0,0,0,0
2001,40738,1,1,0,0,0,0,0,0,0,0,0,0
2001,40738,2,1,0,0,0,0,0,0,0,10,0,0
2001,40739,0,1,0,0,0,0,0,0,0,0,0,0
2001,40739,1,1,0,0,0,0,0,0,0,0,0,0
2001,40740,1,1,0,0,0,0,0,0,0,0,0,0
2001,40740,2,1,0,0,0,0,0,0,0,0,0,0
2001,40740,3,1,0,0,0,0,0,0,0,0,0,0
2001,40740,4,1,0,0,0,0,0,0,0,0,0,0
2001,40741,1,1,0,0,0,0,0,0,0,0,0,0
2001,40741,2,1,0,0,0,0,0,0,0,0,0,0
2001,40742,0,1,0,0,0,0,0,0,0,0,0,0
2001,40742,1,1,0,0,0,0,0,0,0,0,0,0
2001,40743,1,1,15,15,15,15,15,15,15,15,15,15
2001,40743,2,1,0,0,0,0,0,0,0,0,0,0
2001,40744,1,1,7,7,7,7,7,7,7,7,7,7
2001,40745,1,1,9,14,35,10,23,16,20,12,0,17
2001,40745,2,1,0,0,0,6,0,0,0,0,0,0
2001,40745,3,1,0,0,0,0,0,0,0,0,0,0
2001,40746,1,1,0,0,0,15,8,0,0,15,19,0
2001,40747,1,1,3,3,3,3,3,3,3,3,3,3
2001,40747,2,1,0,0,0,0,0,0,0,0,0,0
2001,40748,1,1,17,17,17,17,17,17,17,17,17,17
2001,40749,1,1,11,16,0,19,26,24,7,11,16,15
2001,40749,2,1,0,0,0,0,0,0,0,0,0,0
2001,40750,1,1,0,0,0,0,0,0,0,0,0,0
2001,40750,2,1,0,0,0,0,0,0,0,0,0,0
2001,40751,1,1,0,0,0,0,0,0,0,0,0,0
2001,40751,2,1,0,0,0,0,0,0,0,0,0,0
2001,40752,1,1,0,0,0,0,0,0,0,0,0,0
2001,40753,1,1,14,0,0,0,0,0,0,0,0,0
2001,40754,1,1,0,0,0,0,0,0,0,0,0,0
2001,40754,2,1,0,0,0,0,0,0,0,0,0,0
2001,40755,1,1,0,0,0,0,0,0,0,0,0,0
2001,40756,1,1,0,0,17,0,0,0,0,16,0,0
2001,40756,2,1,7,7,7,7,7,7,7,7,7,7
2001,40757,1,1,0,0,0,0,0,0,0,0,0,0
2001,40758,1,1,0,0,0,0,0,0,0,0,0,0
2001,40759,1,1,3,3,3,3,3,3,3,3,3,3
2001,40760,1,1,30,30,30,30,30,30,30,30,30,30
2001,40761,1,1,0,0,0,0,0,0,0,0,0,0
2001,40761,2,1,18,18,18,18,18,18,18,18,18,18
2001,40762,1,1,0,0,0,0,0,0,13,0,27,0
2001,40763,0,1,0,0,0,15,16,3,13,3,0,0
2001,40763,1,1,0,0,0,0,0,0,0,0,0,0
2001,40764,0,1,0,0,0,0,0,0,0,0,0,0
2001,40764,1,1,0,0,0,0,0,0,0,0,0,0
2001,40765,0,1,28,28,28,28,28,28,28,28,28,28
2001,40765,1,1,0,0,0,0,0,0,0,0,0,0
2001,40766,0,1,0,0,0,0,0,0,0,3,0,0
2001,40766,1,1,0,0,0,0,0,0,0,0,0,0
2001,40767,1,1,10,23,0,14,9,7,0,21,9,5
2001,40767,2,1,0,0,15,0,0,0,0,0,0,0
2001,40768,1,1,0,14,6,0,0,0,21,0,0,0
2001,40769,1,1,0,0,9,0,0,4,0,0,0,0
2001,40770,1,1,0,0,0,0,0,0,0,0,0,0
2001,40770,2,1,0,0,0,0,0,0,0,0,0,0
2001,40771,0,1,0,0,0,0,0,0,0,0,0,0
2001,40771,1,1,0,0,0,0,0,0,0,0,0,0
2001,40772,1,1,0,0,0,0,0,0,0,0,0,0
2001,40772,2,1,0,0,0,0,0,0,0,0,0,0
2001,40773,1,1,0,24,24,42,8,17,8,0,0,27
2001,40774,1,1,18,0,27,0,0,0,0,0,0,0
2001,40774,2,1,0,0,0,0,0,0,0,0,0,0
2001,40775,0,1,27,27,27,27,27,27,27,27,27,27
2001,40775,1,1,0,0,0,0,0,0,0,0,7,0
2001,40776,1,1,37,17,22,29,18,21,22,18,35,29
2001,40777,1,1,5,0,17,5,0,8,15,11,12,24
2001,40777,2,1,0,0,0,0,0,0,24,0,0,0
2001,40778,1,1,0,0,0,9,4,6,16,0,0,20
2001,40779,1,1,0,0,0,0,0,0,0,0,0,0
2001,40780,1,1,0,0,0,0,0,0,0,0,0,0
2001,40780,2,1,0,0,0,0,16,0,0,0,0,0
2001,40781,1,1,0,0,0,0,0,0,0,0,0,0
2001,40781,2,1,0,0,0,0,0,0,0,0,0,0
2001,40782,0,1,0,0,21,21,17,21,0,11,0,0
2001,40782,1,1,13,35,7,4,0,10,19,0,15,12
2001,40783,1,1,6,0,0,26,0,0,0,0,23,0
2001,40783,2,1,0,0,0,0,0,0,0,0,0,0
2001,40783,3,1,0,0,0,0,0,0,0,0,0,0
2001,40783,4,1,0,0,0,0,0,0,0,0,0,0
2001,40784,0,1,0,0,0,0,0,0,0,0,0,0
2001,40784,1,1,0,0,0,0,0,0,0,0,0,0
2001,40785,1,1,33,10,13,21,16,12,14,11,0,0
2001,40785,2,1,0,0,0,0,0,0,0,0,0,0
2001,40786,0,1,0,0,0,0,0,0,0,0,0,0
2001,40786,1,1,0,0,0,0,0,0,0,0,0,0
2001,40787,1,1,10,0,0,0,0,5,0,0,0,0
2001,40788,1,1,19,19,19,19,19,19,19,19,19,19
2001,40788,2,1,0,0,0,0,0,0,0,0,0,0
2001,40789,1,1,0,0,0,0,0,25,0,22,26,0
2001,40790,0,1,36,36,36,36,36,36,36,36,36,36
2001,40790,1,1,0,0,0,0,0,0,14,0,0,0
2001,40791,1,1,0,0,0,0,0,0,0,0,0,0
2001,40791,2,1,0,0,0,0,0,0,0,0,0,0
2001,40792,1,1,0,0,0,0,0,0,0,0,0,0
2001,40793,1,1,0,0,0,0,0,0,0,0,0,0
2001,40793,2,1,0,0,0,0,0,0,0,0,0,0
2001,40794,0,1,0,12,12,0,0,14,24,0,6,13
2001,40794,1,1,0,0,0,0,0,0,0,0,0,0
2001,40795,0,1,0,0,0,0,0,0,0,0,26,0
2001,40795,1,1,21,29,0,28,12,27,31,0,7,23
2001,40796,0,1,0,0,0,0,0,30,0,0,0,0
2001,40796,1,1,0,0,0,0,0,0,0,0,0,0
2001,40797,0,1,21,21,21,21,21,21,21,21,21,21
2001,40797,1,1,10,0,0,0,0,0,0,0,0,0
2001,40798,1,1,25,30,4,24,14,17,27,24,33,21
2001,40799,0,1,0,0,0,0,0,0,0,0,0,0
2001,40799,1,1,0,0,0,0,0,0,0,4,0,0
2001,40800,1,1,9,9,9,9,9,9,9,9,9,9
2001,40800,2,1,0,0,0,0,0,0,0,0,0,0
2001,40801,1,1,0,0,0,0,0,0,0,0,0,0
2001,40802,1,1,0,30,0,6,24,21,0,0,10,0
2001,40803,0,1,0,0,0,0,0,0,0,0,0,0
2001,40803,1,1,0,36,0,0,0,0,0,0,0,0
2001,40804,1,1,0,14,0,0,20,35,26,12,52,0
2001,40805,1,1,12,12,12,12,12,12,12,12,12,12
2001,40806,1,1,0,0,0,0,0,0,5,0,0,0
2001,40806,2,1,0,0,0,0,0,0,0,0,0,0
2001,40807,1,1,0,0,0,0,0,0,0,0,0,0
2001,40807,2,1,0,0,0,0,0,0,0,0,0,0
2001,40808,1,1,20,20,15,23,19,0,12,0,10,14
2001,40809,1,1,10,26,8,5,19,19,33,14,7,20
2001,40809,2,1,0,0,0,0,0,0,0,0,0,0
2001,40810,1,1,28,28,28,28,28,28,28,28,28,28
2001,40810,2,1,0,15,0,9,0,0,0,0,0,0
2001,40811,1,1,0,0,0,0,0,0,0,0,0,0
2001,40811,2,1,0,0,0,0,0,0,0,0,0,0
2001,40812,1,1,0,0,0,0,0,0,0,0,0,0
2001,40812,2,1,0,0,0,0,0,0,0,0,0,0
2001,40813,1,1,0,0,0,0,0,0,0,0,0,0
2001,40813,2,1,0,0,0,0,2,0,0,0,0,0
2001,40814,1,1,0,0,7,0,0,0,0,0,0,0
2001,40814,2,1,22,0,0,0,0,0,0,0,0,0
2001,40815,1,1,15,15,15,15,15,15,15,15,15,15
2001,40816,1,1,0,0,0,0,0,0,0,0,0,0
2001,40817,0,1,0,8,0,0,35,8,29,0,28,20
2001,40817,1,1,0,0,0,0,0,0,0,0,0,0
2001,40818,1,1,0,15,0,0,24,0,0,0,0,0
2001,40819,1,1,0,0,0,0,0,0,0,0,0,0
2001,40819,2,1,0,0,0,0,0,0,0,0,0,0
2001,40820,1,1,0,0,0,0,0,0,0,0,0,0
2001,40821,1,1,0,0,0,0,0,0,0,0,0,0
2001,40821,2,1,0,0,0,0,0,0,0,0,0,0
2001,40822,0,1,0,0,0,0,0,0,0,0,0,0
2001,40822,1,1,0,0,0,0,0,0,0,0,0,0
2001,40823,1,1,0,18,0,5,38,11,0,34,28,32
2001,40824,1,1,0,0,0,0,0,0,0,0,0,0
2001,40825,1,1,0,0,0,0,14,0,11,0,7,0
2001,40825,2,1,0,9,9,0,23,0,0,27,0,0
2001,40825,3,1,0,0,0,0,0,0,0,17,0,0
2001,40825,4,1,0,0,0,0,0,0,0,0,0,0
2001,40826,0,1,48,27,7,20,22,14,21,38,31,35
2001,40826,1,1,0,17,0,0,0,0,0,0,0,0
2001,40827,1,1,0,0,0,0,0,0,0,0,0,0
2001,40827,2,1,0,0,0,0,0,0,0,0,0,0
2001,40828,1,1,0,0,0,0,0,0,0,0,0,17
2001,40828,2,1,0,0,0,0,0,0,0,0,0,0
2001,40829,1,1,12,12,12,12,12,12,12,12,12,12
2001,40830,0,1,17,15,34,37,25,6,27,18,25,8
2001,40830,1,1,0,12,0,0,0,0,0,5,0,0
2001,40831,1,1,21,21,21,21,21,21,21,21,21,21
2001,40832,1,1,0,0,0,0,0,0,0,0,0,0
2001,40832,2,1,0,0,0,0,0,0,0,0,0,0
2001,40833,1,1,0,0,0,0,0,0,0,0,0,0
2001,40833,2,1,0,0,0,0,0,0,0,0,0,0
2001,40834,1,1,0,0,24,0,16,0,8,0,0,27
2001,40834,2,1,0,0,0,0,0,0,0,0,0,0
2001,40835,1,1,9,9,9,9,9,9,9,9,9,9
2001,40836,1,1,23,23,23,23,23,23,23,23,23,23
2001,40836,2,1,0,0,0,0,0,0,0,0,14,0
2001,40836,3,1,0,0,0,0,0,0,0,0,0,0
2001,40837,1,1,23,23,23,23,23,23,23,23,23,23
2001,40837,2,1,0,0,0,0,0,0,0,0,0,0
2001,40838,1,1,10,10,10,10,10,10,10,10,10,10
2001,40838,2,1,16,19,29,25,7,16,18,9,13,12
2001,40839,1,1,31,0,17,0,0,0,0,0,0,0
2001,40839,2,1,0,0,0,0,0,0,0,15,0,0
2001,40840,1,1,0,0,0,0,0,0,0,0,0,0
2001,40840,2,1,0,0,0,0,0,0,0,0,0,0
2001,40841,1,1,20,20,20,20,20,20,20,20,20,20
2001,40841,2,1,0,0,0,0,0,0,0,0,0,0
2001,40841,3,1,0,0,0,0,0,0,0,0,0,0
2001,40842,1,1,17,17,17,17,17,17,17,17,17,17
2001,40843,1,1,25,8,9,30,14,9,26,10,18,21
2001,40844,1,1,0,0,0,0,0,0,0,0,0,0
2001,40844,2,1,0,0,0,0,0,0,0,0,0,0
2001,40845,1,1,0,0,0,0,0,0,0,0,0,0
2001,40845,2,1,0,0,0,0,0,0,0,0,0,0
2001,40846,1,1,0,24,0,0,0,0,17,0,11,0
2001,40847,1,1,0,0,0,0,0,0,0,0,0,0
2001,40848,0,1,31,31,31,31,31,31,31,31,31,31
2001,40848,1,1,0,0,0,0,0,0,0,0,0,0
2001,40849,1,1,0,0,0,0,0,0,0,0,0,0
2001,40849,2,1,0,0,0,0,0,0,0,0,0,0
2001,40850,1,1,0,0,0,0,0,0,0,0,0,4
2001,40850,2,1,0,0,0,0,0,0,0,0,0,0
2001,40851,1,1,0,13,15,11,14,10,11,5,9,16
2001,40851,2,1,0,16,6,0,4,7,14,5,18,11
2001,40852,1,1,36,36,36,36,36,36,36,36,36,36
2001,40852,2,1,0,0,0,0,0,0,0,0,0,0
2001,40853,0,1,0,0,0,0,0,0,0,0,0,0
2001,40853,1,1,0,0,0,0,0,9,0,0,13,0
2001,40854,1,1,22,22,22,22,22,22,22,22,22,22
2001,40855,1,1,0,0,0,0,0,0,0,0,0,0
2001,40856,0,1,32,32,32,32,32,32,32,32,32,32
2001,40856,1,1,0,0,2,0,0,2,6,0,0,9
2001,40857,1,1,0,0,0,0,0,0,0,0,0,0
2001,40857,2,1,0,0,0,0,0,0,0,0,0,0
2001,40858,1,1,0,5,3,15,0,7,0,3,0,12
2001,40858,2,1,0,0,0,0,0,0,0,0,0,0
2001,40859,1,1,13,13,13,13,13,13,13,13,13,13
2001,40859,2,1,0,0,0,0,0,0,0,0,0,0
2001,40860,1,1,0,0,0,0,0,0,0,0,0,0
2001,40860,2,1,0,0,0,0,0,0,0,0,0,0
2001,40861,0,1,37,37,37,37,37,37,37,37,37,37
2001,40861,1,1,0,0,0,0,0,0,0,0,0,0
2001,40862,0,1,0,0,0,0,0,0,0,0,0,0
2001,40862,1,1,0,0,0,0,0,0,0,0,0,0
2001,40863,1,1,6,22,13,14,0,10,0,26,0,34
2001,40864,0,1,0,0,0,0,0,0,0,0,0,0
2001,40864,1,1,0,0,0,0,0,0,0,0,0,0
2001,40865,0,1,0,0,0,0,0,0,37,33,0,20
2001,40865,1,1,11,7,11,8,11,7,6,15,14,10
2001,40866,1,1,8,18,9,20,0,0,0,12,21,7
2001,40867,1,1,8,8,8,8,8,8,8,8,8,8
2001,40867,2,1,24,24,24,24,24,24,24,24,24,24
2001,40868,1,1,0,0,0,0,0,0,0,0,0,0
2001,40869,1,1,0,0,0,0,12,0,14,0,0,0
2001,40870,1,1,0,20,22,14,0,0,18,18,10,0
2001,40871,0,1,0,0,0,0,0,0,0,0,0,0
2001,40871,0,2,0,0,0,0,0,0,0,0,0,0
2001,40871,1,1,0,0,0,0,0,0,0,0,0,0
2001,40872,1,1,0,0,0,0,0,0,0,0,0,0
2001,40873,1,1,0,0,0,0,0,0,0,0,0,0
2001,40874,1,1,0,0,0,0,0,0,0,0,0,0
2001,40874,2,1,0,0,0,0,0,0,0,0,0,0
2001,40875,1,1,0,0,0,0,0,0,0,0,0,0
2001,40875,2,1,0,0,0,0,0,0,0,0,0,0
2001,40875,3,1,0,0,0,0,0,0,0,0,0,0
2001,40875,4,1,0,0,0,0,0,0,0,0,0,0
2001,40875,5,1,0,0,0,0,0,0,0,0,0,0
2001,40875,6,1,0,0,0,0,0,0,0,0,0,0
2001,40875,7,1,0,0,0,0,0,0,0,0,0,0
2001,40876,1,1,0,0,0,0,0,0,0,0,0,0
2001,40876,2,1,0,20,0,0,0,0,0,0,0,0
2001,40877,0,1,24,0,6,21,0,11,0,20,0,0
2001,40877,1,1,25,3,25,0,0,6,0,9,0,0
2001,40878,1,1,0,17,10,0,7,10,0,0,0,9
2001,40879,1,2,0,11,0,9,0,7,0,0,15,0
2001,40880,1,1,0,0,0,0,0,0,0,0,0,0
2001,40880,2,1,0,0,0,0,0,0,0,0,0,0
2001,40880,3,1,0,0,0,0,0,0,0,0,0,0
2001,40881,1,1,24,32,19,18,39,27,30,45,32,43
2001,40882,1,2,0,0,0,0,0,0,0,0,0,0
2001,40883,1,1,0,0,0,0,0,0,0,0,0,0
2001,40884,1,1,0,12,0,18,0,6,0,12,6,6
2001,40884,2,1,0,4,0,13,0,18,0,0,5,8
2001,40885,1,1,21,21,21,21,21,21,21,21,21,21
2001,40886,0,1,0,0,39,40,36,8,0,0,35,0
2001,40886,1,1,0,0,0,0,0,0,0,0,6,0
2001,40887,1,1,13,14,14,0,32,19,22,0,29,0
2001,40888,1,1,25,25,25,25,25,25,25,25,25,25
2001,40888,2,1,0,0,5,0,0,31,0,0,0,0
2001,40889,1,1,22,7,0,16,13,14,11,16,33,16
2001,40890,0,1,20,13,31,39,8,31,12,24,22,15
2001,40890,1,1,0,10,21,0,0,9,15,0,36,0
2001,40891,0,1,0,0,0,0,0,0,0,0,0,0
2001,40891,1,1,0,0,0,0,0,0,0,0,0,0
2001,40892,1,1,0,0,32,0,21,22,4,12,0,23
2001,40893,1,1,0,0,0,0,0,15,0,0,0,0
2001,40893,2,1,0,0,0,0,0,0,0,0,0,0
2001,40893,3,1,0,0,0,0,0,0,0,0,0,0
2001,40894,1,1,9,0,0,11,0,8,0,0,0,7
2001,40895,1,1,0,0,14,0,0,0,23,0,0,9
2001,40895,2,1,29,20,12,0,10,19,0,0,3,12
2001,40896,0,1,34,42,28,48,9,0,0,23,13,22
2001,40896,1,1,0,0,0,0,0,11,0,0,13,0
2001,40897,1,2,12,8,9,18,0,6,0,0,31,0
2001,40898,1,1,0,0,0,0,0,13,0,0,0,12
2001,40899,1,1,0,0,0,0,0,0,0,0,0,0
2001,40899,2,1,6,6,6,6,6,6,6,6,6,6
2001,40900,0,1,5,5,5,5,5,5,5,5,5,5
2001,40900,1,1,0,0,0,0,0,0,0,0,0,0
2001,40901,1,1,0,0,0,0,0,0,0,0,0,0
2001,40902,1,1,15,11,2,7,18,25,28,13,13,11
2001,40903,1,1,25,25,25,25,25,25,25,25,25,25
2001,40904,1,1,0,0,0,0,0,0,0,0,0,0
2001,40905,1,1,0,0,0,0,0,0,0,0,0,0
2001,40905,2,1,0,0,0,0,0,0,0,0,0,0
2001,40906,1,1,0,0,0,0,0,0,0,0,0,0
2001,40906,2,1,0,0,0,0,0,0,0,0,0,0
2001,40907,1,1,14,0,0,0,0,0,0,0,0,0
2001,40908,0,1,0,0,0,0,0,8,0,0,0,0
2001,40908,1,1,0,0,15,6,23,0,0,0,0,0
2001,40909,0,1,0,0,0,0,0,0,0,0,11,0
2001,40909,1,1,0,0,0,4,11,0,0,15,11,22
2001,40910,1,1,18,37,0,7,0,33,13,18,0,0
2001,40911,1,1,10,19,15,4,0,18,12,19,15,15
2001,40911,2,1,0,0,0,12,0,0,0,0,0,0
2001,40912,1,1,12,0,11,27,13,0,0,8,0,11
2001,40912,2,1,0,0,0,0,0,0,0,16,0,16
2001,40913,1,1,10,10,10,10,10,10,10,10,10,10
2001,40914,1,1,0,0,0,0,0,0,0,0,0,0
2001,40915,1,1,0,0,0,0,0,0,0,0,0,0
2001,40916,0,1,0,0,0,0,0,0,0,0,0,0
2001,40916,1,1,0,0,0,0,0,0,0,0,0,0
2001,40917,1,1,11,11,11,11,11,11,11,11,11,11
2001,40918,1,1,0,0,20,11,5,0,0,0,23,0
2001,40918,2,1,27,27,0,19,13,19,7,0,21,35
2001,40919,0,1,0,0,0,0,0,0,0,0,0,0
2001,40919,1,1,0,0,0,0,0,0,25,0,0,0
2001,40920,1,1,0,0,0,0,0,0,0,0,0,0
2001,40920,2,1,0,0,0,0,0,0,0,0,0,0
2001,40921,1,1,19,31,13,18,29,32,23,32,10,12
2001,40922,0,1,22,22,22,22,22,22,22,22,22,22
2001,40922,1,1,8,0,0,0,0,6,0,33,15,0
2001,40923,1,1,9,10,7,0,15,0,5,0,5,0
2001,40924,1,1,21,29,9,8,18,12,13,18,16,12
2001,40925,1,1,15,5,10,25,21,18,10,19,36,9
2001,40926,1,1,0,0,0,0,0,0,0,0,0,0
2001,40927,1,1,21,0,15,36,19,36,15,0,0,17
2001,40927,2,1,0,20,0,0,0,0,0,0,0,0
2001,40928,1,1,6,0,5,15,0,0,0,19,16,0
2001,40929,1,1,37,21,0,6,13,23,26,7,25,17
2001,40930,1,1,0,0,0,0,0,4,0,2,0,0
2001,40930,2,1,0,0,0,11,0,0,0,0,0,0
2001,40931,1,1,35,0,0,0,0,29,24,18,0,0
2001,40931,2,1,8,8,12,0,0,11,0,0,0,9
2001,40932,1,1,13,19,0,6,5,10,35,18,30,0
2001,40933,1,1,0,25,0,18,5,3,8,5,17,16
2001,40934,1,2,0,0,0,0,17,3,4,0,0,0
2001,40935,1,2,0,0,0,11,0,3,0,0,8,3
2001,40936,1,1,0,0,0,0,0,0,0,0,0,0
2001,40936,2,1,0,0,0,0,0,0,0,0,0,0
2001,40936,3,1,0,0,0,0,0,0,0,0,0,0
2001,40937,1,1,20,25,13,21,8,14,17,29,30,24
2001,40938,1,1,0,0,0,0,0,0,0,0,0,0
2001,40938,2,1,0,0,0,0,16,0,0,0,0,0
2001,40939,1,1,21,8,25,21,15,11,11,21,21,10
2001,40939,2,1,0,0,0,0,0,0,0,0,0,0
2001,40939,3,1,15,32,0,0,16,19,10,0,12,31
2001,40940,0,1,0,0,0,0,0,0,0,0,0,0
2001,40940,1,1,0,16,0,0,0,0,0,0,0,0
2001,50001,1,1,0,0,13,0,0,0,0,0,35,0
2001,50002,1,1,0,0,0,0,0,0,0,0,0,0
2001,50003,1,1,0,0,0,0,0,0,0,0,0,0
2001,50003,2,1,0,0,0,0,0,0,0,0,0,0
2001,50004,1,1,0,0,0,24,0,0,0,24,0,0
2001,50005,1,1,0,0,0,0,0,0,0,0,0,0
2001,50005,2,1,0,0,0,10,0,0,0,0,0,0
2001,50006,1,1,0,0,0,0,0,0,0,0,0,0
2001,50006,2,1,2,2,2,2,2,2,2,2,2,2
2001,50006,3,1,0,0,0,0,0,0,0,0,0,0
2001,50007,1,1,0,0,0,0,0,0,0,0,0,0
2001,50007,2,1,0,0,0,0,0,0,0,0,0,0
2001,50008,1,1,0,0,0,0,0,0,0,0,0,0
2001,50008,2,1,0,0,0,0,0,0,0,0,0,0
2001,50009,1,1,0,0,0,0,0,0,0,0,0,0
2001,50009,2,1,0,0,0,0,0,0,0,0,0,0
2001,50010,1,1,17,17,17,17,17,17,17,17,17,17
2001,50011,1,1,0,0,0,0,0,0,0,0,0,0
2001,50011,2,1,0,0,0,0,0,0,0,0,0,0
2001,50012,1,1,0,0,0,0,0,0,0,0,0,0
2001,50012,2,1,0,0,0,0,0,0,0,0,0,0
2001,50013,1,1,0,0,0,0,0,0,0,0,0,0
2001,50013,2,1,0,0,0,0,0,0,0,0,0,0
2001,50014,1,1,0,0,0,0,0,0,0,0,0,0
2001,50014,2,1,0,0,0,0,0,0,0,0,0,0
2001,50015,1,1,0,0,0,0,0,0,0,0,0,0
2001,50015,2,1,0,0,0,0,0,0,0,0,0,0
2001,50016,1,1,9,9,9,9,9,9,9,9,9,9
2001,50017,1,1,0,0,0,0,0,0,0,0,0,0
2001,50018,1,1,24,24,24,24,24,24,24,24,24,24
2001,50019,1,1,17,17,17,17,17,17,17,17,17,17
2001,50019,2,1,0,0,0,0,0,0,0,0,0,0
2001,50020,1,1,24,24,24,24,24,24,24,24,24,24
2001,50021,1,1,12,12,12,12,12,12,12,12,12,12
2001,50022,1,1,19,19,19,19,19,19,19,19,19,19
2001,50023,1,1,0,0,0,0,0,0,0,0,0,0
2001,50024,1,1,0,0,0,0,0,0,0,0,0,0
2001,50024,2,1,0,0,0,0,0,0,0,0,0,0
2001,50025,1,1,0,0,0,0,0,0,0,0,0,0
2001,50025,2,1,0,0,0,0,0,0,0,0,0,0
2001,50026,1,1,0,0,0,0,0,0,0,0,0,0
2001,50027,1,1,0,0,0,0,0,0,0,0,0,0
2001,50027,2,1,0,0,0,0,0,0,0,0,0,0
2001,50028,1,1,27,27,27,27,27,27,27,27,27,27
2001,50029,1,1,0,0,0,0,0,0,0,0,0,0
2001,50029,2,1,29,29,29,29,29,29,29,29,29,29
2001,50030,1,1,0,0,0,0,0,0,0,18,0,0
2001,50031,1,1,19,19,19,19,19,19,19,19,19,19
2001,50032,1,1,0,0,0,0,0,0,0,0,0,0
2001,50033,1,1,0,0,0,0,0,0,0,0,0,0
2001,50034,1,1,18,18,18,18,18,18,18,18,18,18
2001,50035,1,1,12,12,12,12,12,12,12,12,12,12
2001,50036,1,1,0,0,0,0,0,0,0,0,0,0
2001,50036,2,1,21,14,0,21,20,0,0,0,0,17
2001,50037,1,1,0,0,0,0,0,0,0,0,0,0
2001,50038,0,1,0,0,0,0,0,0,0,0,0,0
2001,50038,1,1,0,0,0,0,0,0,0,0,0,0
2001,50039,1,1,0,0,0,0,0,0,0,0,0,0
2001,50040,1,1,0,0,0,0,0,0,0,0,0,0
2001,50040,2,1,0,0,0,0,0,0,0,0,0,0
2001,50041,1,1,0,0,0,0,0,0,0,0,0,0
2001,50041,2,1,0,0,0,0,0,0,0,0,0,0
2001,50042,1,1,0,0,0,0,0,0,0,0,0,0
2001,50043,1,1,14,14,14,14,14,14,14,14,14,14
2001,50044,1,1,8,8,8,8,8,8,8,8,8,8
2001,50045,1,1,0,0,0,0,0,0,0,0,0,0
2001,50046,1,1,17,17,17,17,17,17,17,17,17,17
2001,50047,1,1,0,19,0,15,0,0,18,0,7,0
2001,50048,1,1,0,0,0,0,0,0,0,0,0,0
2001,50048,2,1,0,0,0,0,0,0,0,0,0,0
2001,50049,1,1,6,6,6,6,6,6,6,6,6,6
2001,50049,2,1,0,0,0,0,0,0,0,0,0,0
2001,50050,1,1,0,0,0,0,0,0,0,0,0,0
2001,50051,1,1,0,0,0,0,0,0,0,0,0,0
2001,50051,2,1,0,0,0,0,0,0,0,0,0,0
2001,50052,1,1,0,0,0,0,0,0,0,0,0,0
2001,50052,2,1,0,0,0,0,0,0,0,0,0,0
2001,50053,1,1,0,0,0,0,0,0,0,0,0,0
2001,50053,2,1,0,0,0,0,0,0,0,0,0,0
2001,50054,1,1,0,0,0,0,0,0,0,0,0,0
2001,50054,2,1,0,0,0,0,0,0,0,0,0,0
2001,50055,1,1,0,0,0,0,0,0,0,0,0,0
2001,50055,2,1,0,0,0,0,0,0,0,0,0,0