YEAR,st_case,veh_no,per_no,P1,P2,P3,P4,P5,P6,P7,P8,P9,P10
2001,50056,1,1,3,3,3,3,3,3,3,3,3,3
2001,50056,2,1,0,0,0,0,0,0,0,0,0,0
2001,50057,1,1,1,1,1,1,1,1,1,1,1,1
2001,50058,1,1,13,13,13,13,13,13,13,13,13,13
2001,50059,1,1,0,0,0,0,0,0,0,0,0,0
2001,50060,0,1,0,0,0,0,0,0,0,0,0,0
2001,50060,1,1,0,0,0,0,0,0,0,0,0,0
2001,50060,2,1,0,0,0,0,0,0,0,0,0,0
2001,50060,3,1,0,0,0,0,0,0,0,0,0,0
2001,50061,0,1,0,0,0,0,0,0,0,0,0,0
2001,50061,1,1,0,0,0,0,0,0,0,0,0,0
2001,50062,1,1,0,0,0,0,0,0,0,0,0,0
2001,50062,2,1,0,0,0,0,0,0,0,0,0,0
2001,50063,0,1,4,0,0,0,0,0,0,0,10,0
2001,50063,2,1,0,0,0,0,0,0,0,0,0,0
2001,50064,1,1,0,0,0,0,0,0,0,0,0,0
2001,50065,1,1,0,0,0,0,0,27,0,0,22,0
2001,50066,1,1,0,0,0,0,0,0,0,0,0,0
2001,50066,2,1,0,0,0,9,0,0,0,0,0,0
2001,50066,3,1,0,0,0,0,0,0,0,0,0,10
2001,50067,1,1,0,0,0,0,0,0,0,0,0,0
2001,50067,2,1,29,0,0,0,0,0,0,0,0,0
2001,50068,1,1,0,0,0,0,0,0,0,0,0,0
2001,50068,2,1,0,0,0,0,0,0,0,0,0,0
2001,50068,3,1,0,0,0,0,0,0,0,0,0,0
2001,50069,1,1,11,11,11,11,11,11,11,11,11,11
2001,50069,2,1,0,0,0,0,0,0,0,0,0,0
2001,50070,1,1,0,0,0,0,0,0,0,0,0,0
2001,50070,2,1,0,0,0,0,0,0,0,0,0,0
2001,50071,1,1,0,0,0,0,0,0,0,0,0,0
2001,50071,2,1,0,0,0,0,0,0,0,0,0,0
2001,50072,0,1,24,10,0,11,0,6,0,0,0,0
2001,50072,1,1,0,0,0,0,0,0,0,0,0,0
2001,50073,1,1,22,22,22,22,22,22,22,22,22,22
2001,50074,1,1,0,0,0,0,0,0,0,0,0,0
2001,50074,2,1,0,0,0,0,0,0,0,0,0,0
2001,50075,1,1,0,0,0,0,0,0,0,0,0,0
2001,50075,2,1,0,0,0,0,0,0,0,0,0,0
2001,50076,1,1,22,22,22,22,22,22,22,22,22,22
2001,50077,1,1,0,0,0,0,0,0,0,0,0,0
2001,50078,1,1,0,0,0,0,0,0,0,0,0,0
2001,50079,1,1,0,0,0,0,0,0,0,0,0,0
2001,50080,1,1,0,0,0,0,0,0,0,0,0,0
2001,50080,2,1,0,0,0,0,0,0,0,0,0,0
2001,50081,0,1,0,0,0,0,0,0,0,0,0,0
2001,50081,1,1,0,0,0,0,0,0,0,0,0,0
2001,50082,1,1,18,18,18,18,18,18,18,18,18,18
2001,50083,0,1,22,22,22,22,22,22,22,22,22,22
2001,50083,1,1,0,0,0,0,0,0,0,0,0,0
2001,50084,1,1,0,0,0,0,0,0,0,0,0,0
2001,50084,2,1,0,0,0,0,0,0,0,0,0,0
2001,50085,1,1,0,0,0,0,0,0,0,0,0,0
2001,50085,2,1,4,4,4,4,4,4,4,4,4,4
2001,50086,1,1,17,17,17,17,17,17,17,17,17,17
2001,50087,1,1,0,0,0,0,0,0,0,0,0,0
2001,50087,2,1,0,0,0,0,0,0,0,0,0,0
2001,50088,1,1,25,25,25,25,25,25,25,25,25,25
2001,50088,2,1,0,0,0,0,0,0,0,0,0,0
2001,50089,1,1,0,0,0,0,0,0,0,0,0,0
2001,50089,2,1,0,0,0,0,0,0,0,0,0,0
2001,50090,1,1,19,19,19,19,19,19,19,19,19,19
2001,50091,0,1,0,0,0,0,0,12,0,0,0,0
2001,50091,1,1,0,0,0,0,0,0,0,0,0,0
2001,50092,1,1,0,0,0,0,0,0,0,0,0,0
2001,50093,1,1,0,0,0,0,0,0,0,0,0,0
2001,50093,2,1,0,0,0,0,0,0,0,0,0,0
2001,50094,0,1,0,0,0,0,0,0,0,0,0,25
2001,50094,1,1,0,0,0,0,0,0,0,0,0,0
2001,50095,0,1,0,0,0,0,0,0,0,0,0,0
2001,50095,1,1,0,0,0,0,0,0,0,0,0,0
2001,50096,1,1,0,0,0,0,0,0,0,0,0,0
2001,50097,1,1,3,3,3,3,3,3,3,3,3,3
2001,50098,1,1,0,0,0,0,0,0,0,0,0,0
2001,50098,2,1,0,0,0,0,0,0,0,0,0,0
2001,50098,3,1,0,0,0,0,0,0,0,0,0,0
2001,50098,4,1,0,0,0,0,0,0,0,0,0,0
2001,50099,1,1,20,20,20,20,20,20,20,20,20,20
2001,50100,1,1,0,0,0,0,0,0,0,0,0,0
2001,50100,2,1,0,0,0,0,0,0,0,0,0,0
2001,50101,1,1,0,0,0,0,0,0,0,0,0,0
2001,50102,1,1,0,0,0,0,0,0,0,0,0,0
2001,50102,2,1,0,0,0,0,0,0,0,0,0,0
2001,50102,3,1,0,0,0,0,0,0,0,0,0,0
2001,50103,1,1,0,0,0,0,0,0,0,0,0,0
2001,50103,2,1,0,0,0,0,0,0,0,0,0,0
2001,50104,1,1,11,10,0,10,0,0,0,0,0,0
2001,50105,1,1,22,22,22,22,22,22,22,22,22,22
2001,50106,1,1,0,0,0,0,0,0,0,0,0,0
2001,50106,2,1,0,0,0,0,0,0,0,0,0,0
2001,50107,1,1,0,14,0,20,0,12,0,13,23,0
2001,50108,1,1,0,0,0,0,0,0,0,0,0,0
2001,50109,1,1,25,25,25,25,25,25,25,25,25,25
2001,50110,1,1,0,0,0,0,0,0,0,0,0,0
2001,50111,1,1,0,0,0,0,0,0,0,0,0,0
2001,50112,0,1,0,5,18,10,0,12,0,13,0,0
2001,50112,1,1,0,11,0,0,0,0,0,0,0,0
2001,50113,1,1,0,0,0,0,0,0,0,0,0,0
2001,50113,2,1,0,0,0,0,0,0,0,0,0,0
2001,50114,1,1,0,0,0,0,0,0,0,0,0,0
2001,50114,2,1,0,0,0,0,0,0,0,0,0,0
2001,50115,1,1,0,0,0,0,0,0,0,0,0,0
2001,50116,1,1,0,0,0,0,0,0,0,0,0,0
2001,50116,2,1,0,0,0,0,0,0,0,0,0,0
2001,50117,1,1,0,0,0,0,0,0,0,0,0,0
2001,50118,1,1,0,0,0,0,0,0,0,0,0,0
2001,50119,1,1,0,0,0,0,0,0,0,0,0,0
2001,50119,2,1,0,0,0,0,0,0,0,0,0,0
2001,50120,1,1,0,0,0,0,0,0,0,0,0,0
2001,50120,2,1,10,10,10,10,10,10,10,10,10,10
2001,50121,1,1,0,0,0,0,0,0,0,0,0,0
2001,50121,2,1,0,0,0,0,0,0,0,0,0,0
2001,50121,3,1,0,0,0,0,0,0,0,0,0,0
2001,50122,1,1,18,18,18,18,18,18,18,18,18,18
2001,50123,1,1,0,0,0,0,0,0,0,0,0,0
2001,50123,2,1,0,0,0,0,0,0,0,0,0,0
2001,50123,3,1,0,0,0,0,0,0,0,0,0,0
2001,50124,1,1,8,8,8,8,8,8,8,8,8,8
2001,50125,1,1,23,23,23,23,23,23,23,23,23,23
2001,50126,1,1,12,12,12,12,12,12,12,12,12,12
2001,50126,2,1,13,13,13,13,13,13,13,13,13,13
2001,50127,1,1,0,0,0,0,0,0,0,0,0,0
2001,50127,2,1,0,0,0,0,0,0,0,0,0,0
2001,50128,0,1,23,23,23,23,23,23,23,23,23,23
2001,50128,1,1,0,0,0,0,0,0,0,0,0,0
2001,50129,1,1,7,7,7,7,7,7,7,7,7,7
2001,50129,2,1,0,0,0,0,0,0,0,0,0,0
2001,50130,1,1,25,25,25,25,25,25,25,25,25,25
2001,50131,1,1,0,0,0,0,0,0,0,0,0,0
2001,50131,2,1,8,8,8,8,8,8,8,8,8,8
2001,50132,1,1,0,0,0,0,0,0,0,0,0,0
2001,50132,2,1,27,27,27,27,27,27,27,27,27,27
2001,50133,1,1,0,0,0,0,0,0,0,0,0,0
2001,50133,2,1,0,0,0,0,0,0,0,0,0,0
2001,50134,1,1,17,17,17,17,17,17,17,17,17,17
2001,50135,1,1,0,0,0,0,0,0,0,0,0,0
2001,50135,2,1,0,0,0,0,0,0,0,0,0,0
2001,50136,1,1,18,18,18,18,18,18,18,18,18,18
2001,50137,1,1,1,1,1,1,1,1,1,1,1,1
2001,50138,1,1,22,22,22,22,22,22,22,22,22,22
2001,50139,1,1,0,0,0,0,0,0,0,0,0,0
2001,50139,2,1,0,0,0,0,0,0,0,0,0,0
2001,50140,1,1,0,0,15,0,23,0,0,0,12,0
2001,50141,1,1,0,0,0,17,0,0,0,0,0,0
2001,50142,1,1,0,0,0,0,0,0,0,0,0,0
2001,50142,2,1,0,0,0,0,0,0,0,0,0,0
2001,50143,0,1,0,0,0,0,0,0,0,0,0,0
2001,50143,1,1,0,0,0,0,0,0,0,0,0,0
2001,50144,1,1,0,0,0,0,0,0,0,0,0,0
2001,50145,1,1,0,0,0,0,0,0,0,0,0,0
2001,50145,2,1,0,0,0,0,0,0,0,0,0,0
2001,50146,1,1,0,0,0,0,0,0,0,0,0,0
2001,50147,1,1,0,0,0,0,0,0,0,0,0,0
2001,50147,2,1,0,0,0,0,0,0,0,0,0,0
2001,50148,1,1,0,0,0,0,0,0,0,0,0,0
2001,50148,2,1,0,0,0,0,0,0,0,0,0,0
2001,50149,0,1,0,0,0,0,0,0,0,0,0,0
2001,50149,1,1,0,0,0,0,0,0,0,0,0,0
2001,50150,1,1,0,0,0,0,0,0,0,0,0,0
2001,50151,1,1,0,16,0,0,0,0,0,0,0,35
2001,50152,1,1,43,43,43,43,43,43,43,43,43,43
2001,50153,1,1,0,0,0,0,0,10,0,0,0,0
2001,50153,2,1,0,0,13,0,0,32,0,0,0,0
2001,50154,1,1,0,0,0,0,0,0,0,0,0,0
2001,50155,1,1,0,0,0,0,0,0,0,0,0,0
2001,50155,2,1,0,0,0,0,0,0,0,0,0,0
2001,50156,1,1,0,0,0,0,0,0,0,0,0,0
2001,50157,1,1,0,0,0,0,0,0,0,0,0,0
2001,50158,1,1,0,0,0,0,0,0,0,0,0,0
2001,50158,2,1,0,0,0,0,0,0,0,0,0,0
2001,50158,3,1,0,0,0,10,0,0,0,0,0,0
2001,50159,1,1,0,0,0,0,0,0,0,0,0,0
2001,50159,2,1,0,0,0,0,0,0,0,0,0,0
2001,50160,1,1,20,20,20,20,20,20,20,20,20,20
2001,50161,1,1,18,18,18,18,18,18,18,18,18,18
2001,50161,2,1,0,0,0,0,0,0,0,0,0,0
2001,50162,1,1,0,0,0,0,0,0,0,0,0,0
2001,50162,2,1,0,0,0,0,0,0,0,0,0,0
2001,50163,1,1,0,0,0,12,0,0,0,0,4,0
2001,50164,1,1,0,0,0,0,0,0,0,0,0,0
2001,50165,1,1,0,0,0,5,0,0,0,0,0,0
2001,50166,0,1,0,0,0,0,0,0,0,0,0,0
2001,50166,1,1,0,0,0,0,0,0,0,0,0,0
2001,50167,1,1,0,0,0,0,0,0,0,0,0,0
2001,50168,1,1,0,0,14,0,0,0,0,0,0,0
2001,50168,2,1,0,0,0,0,0,0,0,0,0,0
2001,50169,1,1,13,13,13,13,13,13,13,13,13,13
2001,50170,1,1,41,41,41,41,41,41,41,41,41,41
2001,50171,0,1,0,0,0,0,0,0,0,0,0,0
2001,50171,1,1,0,0,0,0,0,0,0,0,0,0
2001,50172,1,1,13,0,0,5,14,0,0,11,0,0
2001,50173,1,1,0,0,0,0,0,0,0,0,0,0
2001,50174,1,1,12,0,0,12,20,0,12,15,4,0
2001,50175,1,1,0,0,0,0,0,0,0,0,0,0
2001,50176,1,1,0,0,0,0,0,0,0,0,0,0
2001,50176,2,1,0,0,0,0,0,0,0,0,0,0
2001,50177,1,1,0,0,0,0,0,0,0,0,0,0
2001,50177,2,1,0,0,0,0,0,0,0,0,0,0
2001,50178,1,1,0,0,0,0,0,0,0,0,0,0
2001,50178,2,1,0,0,0,0,0,0,0,0,0,0
2001,50179,1,1,0,0,0,0,0,0,0,0,0,0
2001,50180,1,1,0,23,0,0,0,0,0,0,0,0
2001,50181,1,1,0,0,0,0,0,0,0,0,0,0
2001,50181,2,1,0,0,0,0,0,0,0,0,0,0
2001,50182,1,1,0,0,0,0,0,0,0,0,0,0
2001,50183,1,1,24,13,0,0,0,0,0,0,0,9
2001,50184,1,1,0,0,0,0,0,0,0,0,0,0
2001,50184,2,1,0,0,0,0,0,0,0,0,0,0
2001,50185,1,1,0,0,0,0,0,0,0,0,0,0
2001,50186,0,1,1,1,1,1,1,1,1,1,1,1
2001,50186,1,1,0,0,0,0,0,0,0,0,0,0
2001,50187,1,1,0,0,0,0,0,0,0,0,0,0
2001,50187,2,1,0,0,0,0,20,0,0,0,0,0
2001,50188,1,1,11,0,0,0,19,17,0,0,14,0
2001,50189,1,1,0,0,0,0,0,0,0,0,0,0
2001,50189,2,1,0,0,0,0,0,0,0,0,0,0
2001,50190,1,1,0,0,0,0,0,0,0,0,0,0
2001,50190,2,1,0,0,0,0,0,0,0,0,0,0
2001,50191,1,1,0,0,0,0,0,0,0,0,0,0
2001,50192,1,1,0,0,0,0,0,0,0,0,0,0
2001,50192,2,1,0,0,0,0,0,0,0,0,0,0
2001,50193,1,1,0,0,0,0,0,0,0,0,0,0
2001,50193,2,1,0,0,0,0,0,0,0,0,0,0
2001,50194,1,1,3,3,3,3,3,3,3,3,3,3
2001,50195,1,1,0,0,0,0,0,0,0,0,0,0
2001,50196,1,1,16,16,16,16,16,16,16,16,16,16
2001,50196,2,1,13,13,13,13,13,13,13,13,13,13
2001,50197,1,1,11,11,11,11,11,11,11,11,11,11
2001,50198,1,1,0,0,0,0,0,0,0,0,0,0
2001,50198,2,1,0,0,0,0,0,0,0,0,0,0
2001,50199,1,1,2,2,2,2,2,2,2,2,2,2
2001,50200,1,1,14,14,14,14,14,14,14,14,14,14
2001,50201,1,1,0,0,0,0,0,0,0,0,0,0
2001,50202,1,1,0,0,0,0,0,0,0,0,0,0
2001,50203,1,1,0,0,0,0,0,0,0,0,0,0
2001,50203,2,1,0,0,0,0,0,0,0,0,0,0
2001,50204,1,1,0,0,0,0,0,0,0,0,0,0
2001,50204,2,1,0,0,0,0,0,0,0,0,0,0
2001,50205,1,1,0,0,0,0,0,0,0,0,0,0
2001,50206,1,1,19,19,19,19,19,19,19,19,19,19
2001,50207,1,1,9,34,0,0,0,0,0,0,0,21
2001,50208,0,1,23,23,23,23,23,23,23,23,23,23
2001,50208,1,1,0,0,0,0,0,0,0,0,0,0
2001,50209,1,1,0,0,0,0,0,0,0,0,0,0
2001,50210,1,1,0,0,0,0,0,0,0,0,0,0
2001,50210,2,1,0,0,0,0,0,0,0,0,0,0
2001,50211,0,1,0,0,0,0,0,0,0,0,0,0
2001,50211,0,2,0,0,0,0,0,0,0,0,0,0
2001,50211,1,1,0,0,0,0,0,0,0,0,0,0
2001,50212,1,1,0,0,0,32,0,0,0,0,0,10
2001,50212,2,1,0,0,0,0,0,0,0,0,0,0
2001,50212,3,1,0,0,0,2,0,0,0,0,0,0
2001,50213,1,1,0,0,0,0,10,0,30,0,0,0
2001,50214,1,1,0,0,0,0,0,0,0,0,0,0
2001,50214,2,1,0,0,0,0,0,0,0,0,0,0
2001,50215,1,1,0,0,0,0,0,0,0,0,0,0
2001,50215,2,1,0,0,0,0,0,0,0,0,0,0
2001,50216,1,1,0,0,0,0,0,0,0,0,0,0
2001,50216,2,1,0,0,0,0,0,0,0,0,0,0
2001,50217,1,1,0,0,0,0,0,0,0,0,0,0
2001,50218,1,1,0,0,0,0,0,0,0,0,0,0
2001,50219,1,1,17,17,17,17,17,17,17,17,17,17
2001,50220,1,1,0,0,0,0,0,0,0,0,0,0
2001,50221,1,1,0,0,0,0,0,0,0,0,0,0
2001,50221,2,1,0,0,0,0,0,0,0,0,0,0
2001,50222,1,1,0,0,0,0,0,0,0,0,0,0
2001,50222,2,1,0,0,0,0,0,0,0,0,0,0
2001,50223,0,1,0,0,0,0,0,0,0,0,0,0
2001,50223,1,1,0,0,0,0,0,0,0,0,0,0
2001,50224,1,1,11,11,11,11,11,11,11,11,11,11
2001,50225,1,1,0,0,0,0,0,0,0,0,0,0
2001,50225,2,1,0,0,0,0,0,0,3,0,0,0
2001,50225,3,1,0,0,0,0,0,0,0,0,0,0
2001,50226,1,1,0,0,0,0,0,0,0,0,0,0
2001,50226,2,1,0,0,0,0,0,0,0,0,0,0
2001,50227,1,1,7,7,7,7,7,7,7,7,7,7
2001,50228,1,1,28,0,0,0,0,0,19,9,0,0
2001,50229,1,1,14,14,14,14,14,14,14,14,14,14
2001,50230,1,1,9,9,9,9,9,9,9,9,9,9
2001,50231,1,1,0,0,0,0,0,0,0,0,0,0
2001,50232,1,1,0,0,0,0,0,0,0,0,0,0
2001,50233,1,1,6,6,6,6,6,6,6,6,6,6
2001,50234,1,1,0,0,0,0,0,0,0,0,0,0
2001,50235,1,1,0,0,0,0,0,0,0,0,0,0
2001,50236,0,1,2,2,2,2,2,2,2,2,2,2
2001,50236,1,1,0,0,0,0,0,0,0,0,0,0
2001,50237,1,1,0,0,0,0,0,0,0,0,0,0
2001,50237,2,1,4,4,4,4,4,4,4,4,4,4
2001,50238,1,1,0,0,0,0,0,0,0,0,0,0
2001,50239,1,1,0,0,0,0,0,0,0,0,0,0
2001,50239,2,1,0,0,0,0,0,0,0,0,0,0
2001,50240,1,1,0,0,0,0,0,0,0,0,0,0
2001,50240,2,1,0,0,0,0,0,0,0,0,0,0
2001,50240,3,1,0,0,0,0,0,0,0,0,0,0
2001,50241,1,1,0,0,0,0,0,0,0,0,0,0
2001,50242,1,1,0,0,0,0,0,0,0,0,0,0
2001,50243,1,1,0,0,0,0,0,0,0,0,0,0
2001,50244,1,1,0,0,0,0,0,0,0,0,0,0
2001,50244,2,1,0,0,0,0,0,0,0,0,0,0
2001,50244,3,1,0,0,0,0,0,0,0,0,9,0
2001,50245,1,1,0,14,0,0,37,24,19,40,0,0
2001,50246,1,1,0,0,0,0,0,0,0,0,0,0
2001,50247,1,1,0,0,0,0,0,0,0,0,0,0
2001,50247,2,1,0,0,0,0,0,0,0,0,0,0
2001,50248,1,1,0,0,0,0,0,0,0,0,0,0
2001,50249,1,1,0,0,0,0,0,0,0,0,0,0
2001,50249,2,1,0,0,0,0,0,0,0,0,0,0
2001,50249,3,1,0,0,0,0,0,0,0,0,0,0
2001,50249,4,1,0,0,0,0,0,0,0,0,0,0
2001,50249,5,1,0,0,0,0,0,0,0,0,0,0
2001,50250,1,1,0,0,0,0,0,0,0,0,0,0
2001,50251,1,1,0,0,0,0,0,0,0,0,0,0
2001,50252,0,1,0,0,0,0,0,0,0,0,0,0
2001,50252,1,1,0,0,0,0,0,0,0,15,0,0
2001,50253,1,1,0,0,0,0,0,0,0,0,0,0
2001,50254,1,1,0,0,0,0,0,0,0,0,0,0
2001,50254,2,1,0,0,0,0,0,0,0,0,0,0
2001,50254,3,1,0,0,0,0,0,0,0,0,0,0
2001,50255,1,1,0,0,0,0,0,0,0,0,0,0
2001,50256,1,1,0,0,0,0,0,0,0,0,0,0
2001,50257,1,1,8,8,8,8,8,8,8,8,8,8
2001,50257,2,1,0,0,0,0,0,0,0,0,0,0
2001,50258,1,1,0,0,0,0,0,0,0,0,0,0
2001,50258,2,1,0,0,0,0,0,0,0,0,0,0
2001,50259,1,1,11,11,11,11,11,11,11,11,11,11
2001,50260,1,1,0,0,0,0,0,0,17,0,0,0
2001,50260,2,1,0,0,0,0,0,0,0,0,0,0
2001,50260,3,1,0,0,0,0,0,0,0,0,0,0
2001,50261,1,1,0,0,0,0,0,0,0,0,0,0
2001,50262,1,1,0,0,0,0,0,0,0,0,0,0
2001,50262,2,1,0,0,0,0,0,0,0,0,0,0
2001,50262,3,1,0,0,0,0,0,0,0,0,0,0
2001,50263,1,1,0,19,0,0,0,0,0,0,0,0
2001,50263,2,1,0,0,0,0,0,0,0,0,0,0
2001,50263,3,1,0,0,0,0,0,0,0,0,0,0
2001,50264,1,1,0,0,0,0,0,0,0,0,0,0
2001,50264,2,1,0,0,0,0,0,0,0,0,0,0
2001,50265,1,1,0,0,0,0,0,0,13,0,0,0
2001,50266,1,1,0,0,0,0,0,0,0,0,0,0
2001,50266,2,1,0,0,0,0,0,0,0,0,0,0
2001,50267,1,1,7,7,7,7,7,7,7,7,7,7
2001,50268,1,1,0,0,0,0,0,0,0,0,0,0
2001,50269,1,1,0,0,0,0,0,0,0,0,0,0
2001,50270,1,1,0,0,0,0,0,0,0,0,0,0
2001,50271,1,1,0,0,0,0,0,0,0,0,0,0
2001,50272,1,1,0,6,0,0,0,6,0,0,21,0
2001,50273,1,1,0,0,0,0,0,0,0,0,0,13
2001,50274,1,1,0,0,0,0,0,0,0,0,0,0
2001,50274,2,1,0,0,0,0,0,0,0,0,0,0
2001,50274,3,1,0,0,0,0,0,0,0,0,0,0
2001,50275,1,1,17,17,17,17,17,17,17,17,17,17
2001,50276,0,1,23,23,23,23,23,23,23,23,23,23
2001,50276,1,1,0,0,0,0,0,0,0,0,0,0
2001,50277,1,1,0,0,0,0,0,0,0,0,0,0
2001,50277,2,1,0,0,0,0,0,0,0,0,0,0
2001,50277,3,1,0,0,0,0,4,0,0,0,0,0
2001,50278,1,1,19,19,19,19,19,19,19,19,19,19
2001,50279,1,1,0,0,0,0,0,0,0,0,0,0
2001,50279,2,1,0,0,0,0,0,0,0,0,0,0
2001,50280,1,1,0,0,0,0,0,0,0,0,0,0
2001,50280,2,1,0,0,0,0,0,0,0,0,0,0
2001,50281,1,1,0,0,0,0,0,0,0,0,0,0
2001,50281,2,1,0,0,0,0,0,0,0,0,0,0
2001,50281,3,1,0,0,0,0,0,0,0,0,0,0
2001,50281,4,1,0,0,0,0,0,0,0,0,0,0
2001,50282,1,1,0,0,0,0,0,0,0,0,0,0
2001,50283,1,1,22,22,22,22,22,22,22,22,22,22
2001,50283,2,1,0,0,0,0,0,0,0,0,0,0
2001,50284,1,1,0,0,0,0,0,0,0,0,0,0
2001,50285,1,1,0,0,0,0,0,0,0,0,0,0
2001,50286,1,1,15,15,15,15,15,15,15,15,15,15
2001,50287,1,1,0,0,0,0,0,0,0,0,0,0
2001,50288,1,1,0,0,0,0,12,23,0,0,6,0
2001,50289,1,1,0,0,0,0,0,0,0,0,0,0
2001,50289,2,1,0,0,0,0,0,0,0,0,0,0
2001,50289,3,1,0,0,0,0,0,0,0,0,0,0
2001,50290,1,1,0,0,0,0,0,0,10,0,0,8
2001,50291,1,1,0,0,0,0,0,0,0,0,0,0
2001,50291,2,1,0,0,0,0,0,0,0,0,0,0
2001,50292,0,1,0,0,4,0,0,0,0,6,0,12
2001,50292,1,1,0,0,0,0,0,0,0,13,0,0
2001,50293,1,1,0,0,0,0,0,0,0,0,0,0
2001,50293,2,1,0,0,0,0,0,0,0,0,0,0
2001,50293,3,1,0,0,0,16,0,0,0,0,0,0
2001,50294,1,1,0,0,0,0,0,0,0,0,0,0
2001,50294,2,1,0,0,0,0,0,0,0,0,0,0
2001,50295,1,1,8,8,8,8,8,8,8,8,8,8
2001,50296,1,1,0,0,0,0,0,0,0,0,0,0
2001,50297,1,1,0,0,0,0,0,0,0,0,0,0
2001,50298,1,1,0,0,0,17,0,0,0,0,0,16
2001,50299,1,1,0,0,0,0,0,0,0,0,0,0
2001,50300,1,1,0,0,8,0,0,0,18,0,0,16
2001,50301,1,1,2,2,2,2,2,2,2,2,2,2
2001,50301,2,1,0,0,0,0,0,0,0,0,0,0
2001,50302,1,1,0,0,0,0,0,0,0,0,0,0
2001,50302,2,1,8,20,9,0,21,6,11,26,18,17
2001,50303,1,1,0,0,0,0,0,0,0,0,0,0
2001,50303,2,1,0,0,0,0,0,2,0,0,0,0
2001,50304,1,1,0,0,0,20,0,0,0,0,0,0
2001,50304,2,1,0,0,0,0,0,0,0,0,0,0
2001,50304,3,1,0,0,0,0,0,0,0,0,0,0
2001,50305,1,1,6,6,6,6,6,6,6,6,6,6
2001,50306,1,1,0,0,0,0,0,0,0,0,0,0
2001,50307,1,1,0,0,5,0,0,0,0,0,0,0
2001,50307,2,1,0,0,0,0,0,0,0,0,0,0
2001,50308,1,1,0,0,0,0,0,0,0,0,6,0
2001,50308,2,1,0,0,0,0,0,0,0,0,0,0
2001,50308,3,1,0,0,0,0,0,0,0,0,0,0
2001,50309,1,1,20,20,20,20,20,20,20,20,20,20
2001,50310,1,1,21,21,21,21,21,21,21,21,21,21
2001,50311,1,1,19,19,19,19,19,19,19,19,19,19
2001,50312,1,1,0,0,0,0,0,0,0,0,21,0
2001,50312,2,1,0,0,0,9,0,0,0,0,0,0
2001,50313,1,1,0,0,0,0,0,0,0,0,0,0
2001,50314,1,1,0,17,0,5,0,16,11,0,0,0
2001,50314,2,1,0,0,0,0,5,0,0,0,0,0
2001,50315,1,1,27,25,27,35,17,18,23,13,28,20
2001,50316,1,1,11,11,11,11,11,11,11,11,11,11
2001,50317,1,1,19,0,26,0,11,9,0,0,0,0
2001,50318,1,1,0,0,0,0,0,0,0,0,0,0
2001,50319,1,1,0,0,0,0,0,0,0,0,0,0
2001,50319,2,1,0,0,0,0,0,0,0,0,0,0
2001,50319,3,1,0,0,0,0,0,0,0,0,0,0
2001,50320,1,1,0,0,0,0,0,0,0,0,0,0
2001,50320,2,1,0,0,0,0,0,0,0,0,11,0
2001,50320,3,1,0,0,0,0,0,0,0,0,11,0
2001,50320,4,1,0,0,0,0,0,0,0,0,0,0
2001,50321,1,1,14,14,14,14,14,14,14,14,14,14
2001,50322,1,1,0,0,0,0,0,0,0,0,0,0
2001,50322,2,1,0,0,0,0,0,0,0,0,0,0
2001,50323,1,1,12,12,12,12,12,12,12,12,12,12
2001,50324,1,1,40,40,40,40,40,40,40,40,40,40
2001,50325,1,1,0,0,0,0,0,0,0,0,0,0
2001,50325,2,1,0,0,0,0,0,0,0,0,0,0
2001,50326,1,1,0,0,0,0,0,0,0,0,0,0
2001,50327,1,1,0,0,0,0,0,0,0,0,0,0
2001,50327,2,1,0,0,0,0,0,0,0,0,0,0
2001,50327,3,1,0,0,0,0,0,0,0,0,0,0
2001,50328,1,1,0,0,0,0,0,0,0,0,0,0
2001,50329,1,1,0,18,17,0,0,0,0,15,0,0
2001,50330,1,1,0,0,0,0,0,0,0,0,0,0
2001,50331,1,1,0,0,0,0,0,0,0,0,0,0
2001,50331,2,1,0,0,0,0,0,0,0,0,0,0
2001,50331,3,1,0,0,0,0,0,0,0,0,0,0
2001,50332,0,1,0,0,0,0,0,0,0,0,0,0
2001,50332,1,1,0,0,0,0,0,0,0,0,0,0
2001,50333,1,1,8,8,8,8,8,8,8,8,8,8
2001,50333,2,1,0,0,0,0,0,0,0,0,0,0
2001,50334,1,1,5,5,5,5,5,5,5,5,5,5
2001,50335,1,1,10,10,10,10,10,10,10,10,10,10
2001,50336,1,1,3,0,0,0,0,0,0,0,0,0
2001,50337,1,1,0,0,0,0,0,0,0,0,0,0
2001,50337,2,1,0,0,0,0,0,0,0,0,0,0
2001,50338,1,1,0,0,0,0,0,0,0,0,0,0
2001,50339,1,1,18,18,18,18,18,18,18,18,18,18
2001,50340,1,1,23,23,23,23,23,23,23,23,23,23
2001,50341,0,1,32,32,32,32,32,32,32,32,32,32
2001,50341,1,1,0,0,0,0,0,0,0,0,0,0
2001,50342,1,1,0,0,0,0,0,0,0,0,0,0
2001,50342,2,1,0,0,0,0,0,0,0,0,0,0
2001,50343,0,1,15,15,15,15,15,15,15,15,15,15
2001,50343,1,1,0,0,0,0,0,0,0,0,0,0
2001,50344,1,1,0,0,0,0,0,0,0,0,0,0
2001,50345,1,1,0,0,0,0,0,0,0,0,0,0
2001,50346,1,1,0,0,0,0,0,0,0,0,0,0
2001,50347,1,1,0,0,0,0,0,0,0,0,0,0
2001,50347,2,1,0,0,0,0,0,0,0,0,0,0
2001,50348,1,1,13,13,13,13,13,13,13,13,13,13
2001,50349,1,1,0,0,0,0,0,0,0,0,0,0
2001,50350,1,1,0,0,0,0,0,0,0,0,0,0
2001,50351,1,1,0,0,0,0,0,0,0,0,0,0
2001,50351,2,1,0,0,0,0,0,0,0,0,0,0
2001,50351,3,1,0,0,0,0,0,0,0,0,0,0
2001,50351,4,1,0,0,0,0,0,0,0,0,0,0
2001,50352,1,1,26,26,26,26,26,26,26,26,26,26
2001,50353,1,1,0,0,0,0,0,0,0,0,0,0
2001,50353,2,1,17,17,17,17,17,17,17,17,17,17
2001,50354,1,1,30,30,30,30,30,30,30,30,30,30
2001,50355,1,1,0,0,0,0,0,0,0,0,0,0
2001,50355,2,1,0,0,0,0,0,0,0,0,0,0
2001,50356,1,1,0,0,0,0,0,0,0,0,0,0