YEAR,st_case,veh_no,per_no,P1,P2,P3,P4,P5,P6,P7,P8,P9,P10
2001,50356,2,1,0,0,0,0,0,0,0,0,0,0
2001,50357,0,1,0,0,0,0,0,0,0,0,0,0
2001,50357,1,1,0,0,0,0,4,0,0,0,0,0
2001,50358,1,1,0,0,0,0,0,0,0,0,0,0
2001,50358,2,1,0,0,0,0,0,0,0,0,0,0
2001,50359,1,1,0,0,0,0,0,0,0,0,0,0
2001,50359,2,1,2,2,2,2,2,2,2,2,2,2
2001,50360,1,1,0,0,0,0,0,0,0,0,0,0
2001,50361,1,1,18,18,18,18,18,18,18,18,18,18
2001,50362,1,1,22,22,22,22,22,22,22,22,22,22
2001,50363,1,1,16,16,16,16,16,16,16,16,16,16
2001,50364,1,1,0,0,0,0,0,0,0,0,0,0
2001,50364,2,1,0,0,0,0,0,0,0,0,0,0
2001,50365,1,1,0,0,11,0,0,0,0,0,0,0
2001,50366,1,1,18,18,18,18,18,18,18,18,18,18
2001,50367,1,1,0,0,0,0,0,0,0,0,0,0
2001,50367,2,1,0,0,0,0,0,0,0,0,0,0
2001,50368,1,1,26,26,26,26,26,26,26,26,26,26
2001,50369,1,1,0,0,0,0,0,0,0,0,0,0
2001,50370,1,1,0,0,0,0,0,0,0,0,0,0
2001,50371,1,1,0,0,0,0,0,0,0,0,0,0
2001,50371,2,1,17,7,13,0,0,0,0,0,0,0
2001,50371,3,1,0,0,0,0,0,0,0,0,0,0
2001,50371,4,1,0,0,0,0,0,0,0,0,0,0
2001,50372,1,1,0,0,0,4,0,0,0,0,0,0
2001,50372,2,1,0,5,0,19,0,0,9,0,8,0
2001,50373,1,1,0,0,0,0,0,0,0,0,0,0
2001,50374,1,1,0,0,0,0,13,20,0,0,0,0
2001,50374,2,1,0,0,0,0,0,0,0,0,0,0
2001,50375,0,1,0,0,0,0,0,0,0,0,0,0
2001,50375,1,1,0,0,0,0,0,0,0,0,0,0
2001,50376,1,1,9,0,0,0,0,0,0,18,0,15
2001,50377,1,1,0,0,0,0,0,0,0,0,0,0
2001,50378,1,1,0,0,0,0,0,0,0,0,0,0
2001,50378,2,1,0,0,0,0,0,25,0,0,13,0
2001,50379,1,1,0,0,0,0,0,0,0,0,0,0
2001,50380,1,1,5,5,5,5,5,5,5,5,5,5
2001,50381,1,1,19,19,19,19,19,19,19,19,19,19
2001,50382,1,1,0,0,0,0,0,0,0,0,0,0
2001,50383,1,1,0,0,0,0,0,0,0,0,0,0
2001,50384,1,1,0,0,0,0,0,0,0,0,0,0
2001,50385,1,1,0,0,0,0,0,0,0,0,0,0
2001,50385,2,1,0,0,0,0,0,0,0,0,0,19
2001,50386,1,1,0,0,0,0,0,0,0,0,0,0
2001,50387,1,1,0,0,0,0,0,0,0,0,0,0
2001,50387,2,1,0,0,0,0,20,0,0,0,0,0
2001,50388,1,1,0,0,0,0,0,0,0,0,0,0
2001,50389,1,1,0,0,0,0,0,0,0,0,0,0
2001,50390,1,1,0,0,0,0,0,0,0,0,0,0
2001,50391,1,1,0,0,0,0,0,0,0,0,0,0
2001,50391,2,1,0,0,0,0,0,0,0,0,0,0
2001,50392,0,1,29,29,29,29,29,29,29,29,29,29
2001,50392,1,1,12,0,0,0,0,0,0,0,8,0
2001,50392,2,1,0,0,0,0,0,0,0,0,0,0
2001,50393,1,1,0,0,0,0,0,0,0,0,0,0
2001,50394,1,1,11,11,11,11,11,11,11,11,11,11
2001,50395,1,1,17,0,0,0,0,0,0,0,0,0
2001,50396,1,1,0,0,0,0,0,0,0,0,0,0
2001,50396,2,1,0,0,0,0,0,0,0,0,0,0
2001,50396,3,1,0,0,0,0,0,0,0,0,0,0
2001,50396,4,1,0,0,0,0,0,0,0,0,0,0
2001,50397,1,1,26,26,26,26,26,26,26,26,26,26
2001,50398,1,1,0,0,0,0,0,0,0,0,0,0
2001,50398,2,1,0,0,0,0,0,0,0,0,0,0
2001,50399,1,1,0,0,0,0,0,0,0,0,0,0
2001,50400,1,1,0,0,0,0,0,0,0,0,0,0
2001,50401,1,1,0,0,0,0,0,0,0,0,0,0
2001,50401,2,1,0,0,0,4,0,0,0,0,0,0
2001,50402,1,1,0,0,0,0,0,0,0,0,0,0
2001,50402,2,1,0,18,0,0,27,16,14,0,0,0
2001,50403,1,1,0,0,0,0,0,0,0,0,0,0
2001,50403,2,1,0,0,0,0,0,0,0,0,0,0
2001,50404,1,1,0,0,0,0,0,0,0,0,0,0
2001,50404,2,1,0,0,0,0,0,0,0,0,0,0
2001,50405,1,1,0,0,0,0,0,0,0,0,0,0
2001,50405,2,1,0,0,0,0,0,0,0,0,12,0
2001,50406,1,1,0,0,0,0,0,0,0,0,0,0
2001,50406,2,1,0,0,0,0,0,0,0,0,0,0
2001,50406,3,1,0,0,0,0,0,0,0,0,0,0
2001,50407,1,1,0,0,0,0,0,0,0,0,0,0
2001,50408,1,1,0,0,0,0,0,0,0,0,0,0
2001,50408,2,1,0,0,0,0,0,0,0,0,0,0
2001,50409,1,1,0,0,0,0,0,0,0,0,0,0
2001,50410,1,1,18,18,18,18,18,18,18,18,18,18
2001,50411,1,1,0,0,0,0,0,0,0,0,0,0
2001,50411,2,1,0,0,0,0,0,0,0,0,0,0
2001,50412,1,1,0,0,0,0,0,0,0,0,0,0
2001,50412,2,1,0,0,0,0,0,0,0,0,0,0
2001,50413,1,1,19,19,19,19,19,19,19,19,19,19
2001,50414,1,1,0,0,0,0,0,0,0,0,0,0
2001,50415,1,1,0,0,0,0,0,0,0,0,0,0
2001,50415,2,1,0,0,0,0,0,0,9,0,0,0
2001,50416,1,1,0,0,0,0,0,0,0,0,0,0
2001,50417,1,1,0,0,0,0,0,0,0,0,0,0
2001,50417,2,1,0,0,0,0,0,0,0,0,0,0
2001,50418,1,1,20,15,0,0,0,0,0,0,0,0
2001,50419,0,1,3,3,3,3,3,3,3,3,3,3
2001,50419,1,1,0,0,0,0,0,0,0,0,0,0
2001,50420,1,1,19,19,19,19,19,19,19,19,19,19
2001,50420,2,1,0,0,0,0,0,0,0,0,0,0
2001,50421,1,1,0,0,0,0,0,0,0,0,0,0
2001,50422,1,1,0,0,0,0,0,0,0,0,0,0
2001,50422,2,1,0,0,0,0,0,0,0,0,0,0
2001,50423,1,1,26,26,26,26,26,26,26,26,26,26
2001,50424,1,1,0,0,0,0,0,0,0,0,0,0
2001,50424,2,1,0,0,0,0,0,0,0,0,0,0
2001,50425,1,1,0,0,0,0,0,0,0,0,0,0
2001,50425,2,1,0,0,0,0,0,0,0,0,0,0
2001,50426,1,1,0,20,0,0,0,0,0,13,0,0
2001,50427,1,1,0,0,0,0,0,0,0,0,0,0
2001,50427,2,1,0,0,0,0,0,0,0,0,0,0
2001,50428,1,1,0,0,0,0,0,0,0,0,0,0
2001,50429,1,1,0,0,0,0,0,0,0,0,0,0
2001,50429,2,1,0,0,0,0,0,0,0,0,0,0
2001,50430,1,1,8,8,8,8,8,8,8,8,8,8
2001,50431,1,1,22,22,22,22,22,22,22,22,22,22
2001,50432,1,1,0,0,0,0,0,0,0,0,0,0
2001,50433,1,1,0,0,0,4,0,0,0,0,0,0
2001,50433,2,1,0,0,0,0,0,0,0,9,0,0
2001,50434,1,1,9,9,9,9,9,9,9,9,9,9
2001,50435,1,1,5,5,5,5,5,5,5,5,5,5
2001,50435,2,1,0,0,0,0,0,0,0,0,0,0
2001,50436,1,1,0,0,0,0,0,0,0,0,0,0
2001,50437,1,1,0,0,0,0,0,0,0,0,0,0
2001,50437,2,1,0,0,0,0,0,0,0,0,0,0
2001,50438,1,1,0,0,0,0,0,0,0,0,0,0
2001,50439,1,1,0,0,0,0,0,0,0,0,0,0
2001,50439,2,1,0,0,0,0,0,0,0,0,0,0
2001,50440,1,1,0,0,0,0,0,0,0,0,0,0
2001,50440,2,1,0,0,0,0,0,0,0,0,0,0
2001,50441,1,1,0,0,0,0,0,0,0,0,0,0
2001,50441,2,1,0,0,0,0,0,0,0,0,0,0
2001,50442,1,1,0,0,0,0,0,0,0,0,9,0
2001,50443,1,1,0,0,0,0,0,0,0,0,0,0
2001,50444,1,1,4,4,4,4,4,4,4,4,4,4
2001,50445,1,1,0,0,0,0,0,0,0,0,0,0
2001,50445,2,1,0,0,0,0,0,0,0,0,0,0
2001,50446,1,1,6,6,6,6,6,6,6,6,6,6
2001,50447,1,1,0,0,0,0,13,0,0,0,0,0
2001,50448,1,1,0,0,0,0,0,0,0,0,0,0
2001,50449,1,1,0,0,0,0,0,0,0,0,0,0
2001,50450,1,1,14,14,14,14,14,14,14,14,14,14
2001,50451,1,1,27,27,27,27,27,27,27,27,27,27
2001,50452,1,1,8,8,8,8,8,8,8,8,8,8
2001,50453,1,1,0,0,0,0,0,0,0,0,0,0
2001,50453,2,1,0,0,0,0,0,0,0,0,0,0
2001,50454,1,1,11,11,11,11,11,11,11,11,11,11
2001,50455,1,1,14,14,14,14,14,14,14,14,14,14
2001,50456,1,1,0,0,0,0,0,0,0,0,0,0
2001,50456,2,1,0,14,0,0,0,0,0,0,0,0
2001,50457,0,1,15,15,15,15,15,15,15,15,15,15
2001,50457,1,1,0,0,0,0,0,0,0,0,0,0
2001,50458,1,1,0,0,0,0,0,0,0,0,0,0
2001,50459,1,1,0,0,0,0,0,0,0,0,0,0
2001,50460,1,1,17,17,17,17,17,17,17,17,17,17
2001,50461,0,1,0,0,0,0,0,0,0,0,0,0
2001,50461,1,1,4,4,4,4,4,4,4,4,4,4
2001,50462,0,1,0,0,0,0,0,0,0,0,0,0
2001,50462,1,1,0,0,0,0,0,0,0,0,0,0
2001,50463,1,1,0,0,0,0,0,0,0,0,0,0
2001,50463,2,1,0,10,0,0,0,0,0,20,0,0
2001,50464,0,1,0,0,0,0,0,0,0,0,0,0
2001,50464,1,1,0,0,0,0,0,0,0,0,0,0
2001,50465,1,1,7,7,7,7,7,7,7,7,7,7
2001,50466,1,1,0,0,0,0,0,0,0,0,0,0
2001,50466,2,1,0,0,0,0,0,0,0,0,0,0
2001,50467,1,1,0,0,0,0,0,0,0,0,0,0
2001,50467,2,1,20,20,20,20,20,20,20,20,20,20
2001,50468,0,1,0,0,0,0,0,0,0,0,0,0
2001,50468,1,1,0,0,0,0,0,0,0,0,0,0
2001,50469,1,1,0,0,0,0,0,0,0,0,0,0
2001,50470,1,1,12,0,10,0,0,0,0,0,10,0
2001,50471,1,1,0,0,0,0,0,0,0,0,0,0
2001,50472,1,1,0,0,0,0,0,0,0,0,0,0
2001,50473,1,1,0,0,0,23,0,0,0,0,5,0
2001,50474,1,1,21,21,21,21,21,21,21,21,21,21
2001,50475,1,1,0,0,0,0,0,0,0,0,0,0
2001,50475,2,1,0,0,0,10,0,0,0,0,0,9
2001,50476,1,1,0,0,0,0,0,0,0,0,0,0
2001,50476,2,1,0,0,0,0,0,0,0,0,0,0
2001,50477,1,1,0,0,0,0,0,0,0,0,0,0
2001,50477,2,1,0,0,0,0,0,0,0,0,0,0
2001,50478,1,1,0,0,0,0,0,0,0,0,0,0
2001,50478,2,1,0,0,0,20,0,0,0,0,0,0
2001,50479,1,1,15,15,15,15,15,15,15,15,15,15
2001,50479,2,1,0,0,0,0,0,0,0,0,0,0
2001,50479,3,1,0,0,0,0,0,0,0,0,0,0
2001,50479,4,1,12,0,0,4,0,0,0,0,0,0
2001,50480,1,1,0,0,0,0,0,0,0,0,0,0
2001,50481,1,1,4,4,4,4,4,4,4,4,4,4
2001,50481,2,1,0,0,0,0,0,0,0,0,23,0
2001,50482,1,1,0,0,0,0,0,0,0,0,0,0
2001,50483,0,1,0,0,0,0,0,0,0,0,0,0
2001,50483,1,1,0,0,0,0,0,0,0,0,0,0
2001,50484,1,1,0,0,0,0,0,0,0,0,0,0
2001,50484,2,1,0,0,0,0,0,0,0,0,0,0
2001,50485,1,1,0,0,0,0,0,0,0,0,0,0
2001,50486,1,1,0,0,0,0,0,0,0,0,0,0
2001,50487,1,1,0,0,0,0,0,0,0,0,0,0
2001,50488,1,1,0,0,0,0,0,0,0,0,0,0
2001,50488,2,1,0,0,0,0,0,0,0,0,0,0
2001,50489,1,1,12,0,0,21,0,18,0,0,0,0
2001,50490,1,1,17,17,17,17,17,17,17,17,17,17
2001,50491,1,1,0,0,0,0,0,0,0,0,0,0
2001,50491,2,1,0,0,0,0,0,0,0,0,0,0
2001,50492,1,1,0,0,0,0,0,0,0,0,0,0
2001,50492,2,1,0,0,0,0,0,0,0,0,0,0
2001,50493,1,1,21,21,21,21,21,21,21,21,21,21
2001,50494,1,1,0,0,0,0,0,0,0,0,0,0
2001,50494,2,1,0,0,0,0,0,0,0,0,0,0
2001,50495,1,1,0,0,0,0,0,0,0,0,0,29
2001,50495,2,1,0,0,0,0,0,0,0,0,0,0
2001,50496,1,1,0,0,0,0,0,0,0,0,0,0
2001,50496,2,1,0,0,0,0,0,0,0,0,0,0
2001,50497,1,1,20,20,20,20,20,20,20,20,20,20
2001,50497,2,1,0,0,0,0,0,0,0,0,0,0
2001,50498,1,1,19,19,19,19,19,19,19,19,19,19
2001,50499,1,1,0,0,0,0,0,0,0,0,0,0
2001,50500,1,1,4,7,0,0,0,0,0,0,0,0
2001,50501,1,1,0,0,0,0,0,0,0,0,0,0
2001,50501,2,1,6,6,6,6,6,6,6,6,6,6
2001,50502,1,1,0,0,0,0,0,0,0,0,0,0
2001,50502,2,1,0,0,0,0,0,0,0,0,0,0
2001,50503,1,1,0,0,0,17,0,0,0,0,0,0
2001,50504,1,1,0,0,0,0,0,0,0,0,0,0
2001,50504,2,1,0,0,0,0,0,0,0,0,0,0
2001,50505,0,1,0,0,0,0,0,0,0,0,0,0
2001,50505,1,1,0,0,0,0,0,0,0,0,0,0
2001,50506,1,1,2,2,2,2,2,2,2,2,2,2
2001,50507,1,1,0,0,0,0,0,0,0,0,0,0
2001,50507,2,1,0,0,0,0,0,0,0,0,0,0
2001,50507,3,1,0,0,0,0,0,0,0,0,0,0
2001,50508,1,1,0,0,0,0,0,0,0,0,0,0
2001,50508,2,1,19,19,19,19,19,19,19,19,19,19
2001,50509,1,1,7,7,7,7,7,7,7,7,7,7
2001,50511,1,1,20,20,20,20,20,20,20,20,20,20
2001,50512,1,1,3,3,3,3,3,3,3,3,3,3
2001,50513,1,1,0,0,0,0,11,0,0,0,9,0
2001,50514,1,1,0,0,0,0,0,20,0,0,0,0
2001,50514,2,1,0,0,0,0,0,0,0,0,0,0
2001,50515,1,1,18,18,18,18,18,18,18,18,18,18
2001,50516,1,1,0,8,0,0,0,16,0,0,0,0
2001,50516,2,1,0,0,0,0,0,0,0,0,0,0
2001,50516,3,1,0,0,0,0,0,0,0,0,0,0
2001,50517,1,1,0,0,0,0,0,0,0,0,0,0
2001,50517,2,1,0,0,0,0,0,0,0,0,0,0
2001,50518,1,1,0,0,0,0,0,30,0,0,0,10
2001,50519,0,1,0,0,0,0,0,0,0,0,0,0
2001,50519,1,1,0,0,0,0,0,0,0,0,0,0
2001,50520,1,1,0,0,0,0,0,0,0,0,0,0
2001,50520,2,1,0,0,0,0,0,0,0,0,0,0
2001,50521,1,1,0,0,0,0,0,0,0,0,0,0
2001,50522,1,1,0,0,0,0,0,0,0,0,0,0
2001,50522,2,1,0,0,0,0,0,0,0,0,0,0
2001,50523,0,1,25,25,25,25,25,25,25,25,25,25
2001,50523,1,1,0,0,0,0,0,0,0,0,0,0
2001,50524,1,1,0,0,0,0,0,0,0,0,0,0
2001,50524,2,1,0,0,0,9,0,4,5,0,0,0
2001,50525,1,1,0,0,0,0,0,0,0,0,0,0
2001,50526,0,1,0,0,0,0,0,0,0,0,0,0
2001,50526,1,1,0,0,0,0,0,0,0,0,0,0
2001,50527,1,1,0,0,0,0,0,0,0,0,0,0
2001,50527,2,1,18,26,0,0,0,0,0,0,0,0
2001,50528,1,1,0,0,0,0,0,0,0,0,0,0
2001,50528,2,1,3,3,3,3,3,3,3,3,3,3
2001,50529,1,1,16,16,16,16,16,16,16,16,16,16
2001,50530,1,1,4,4,4,4,4,4,4,4,4,4
2001,50530,2,1,0,0,0,0,0,0,0,0,0,0
2001,50530,3,1,0,0,0,0,0,0,0,0,0,0
2001,50531,1,1,29,29,29,29,29,29,29,29,29,29
2001,50532,1,1,18,18,18,18,18,18,18,18,18,18
2001,50532,2,1,7,7,7,7,7,7,7,7,7,7
2001,50533,1,1,10,10,10,10,10,10,10,10,10,10
2001,50534,1,1,31,31,31,31,31,31,31,31,31,31
2001,50535,1,1,25,25,25,25,25,25,25,25,25,25
2001,50536,1,1,0,0,0,0,0,0,0,0,0,0
2001,50537,0,1,17,17,17,17,17,17,17,17,17,17
2001,50537,1,1,0,0,0,0,0,0,0,0,0,0
2001,50538,1,1,0,0,0,0,0,0,0,0,0,0
2001,50539,1,1,0,0,0,0,0,0,0,0,0,0
2001,50539,2,1,0,0,0,0,0,0,0,0,0,0
2001,80001,1,1,0,0,0,0,0,0,0,0,0,0
2001,80002,0,1,0,0,0,0,0,0,0,0,0,0
2001,80002,1,1,9,27,0,0,26,12,20,16,0,8
2001,80003,1,1,27,27,27,27,27,27,27,27,27,27
2001,80004,0,1,24,24,24,24,24,24,24,24,24,24
2001,80004,1,1,0,0,0,0,0,0,0,7,0,9
2001,80005,1,1,0,0,0,0,0,0,0,0,0,0
2001,80006,1,1,0,0,0,0,0,0,0,0,0,0
2001,80006,2,1,0,0,0,0,0,0,0,0,0,0
2001,80007,1,1,0,0,0,0,0,0,0,0,0,0
2001,80007,2,1,0,0,0,0,0,0,0,0,0,0
2001,80008,1,1,10,10,10,10,10,10,10,10,10,10
2001,80009,1,1,17,17,17,17,17,17,17,17,17,17
2001,80009,2,1,0,0,0,0,0,0,0,0,0,0
2001,80010,1,1,16,16,16,16,16,16,16,16,16,16
2001,80011,1,1,0,0,0,0,0,0,0,0,0,0
2001,80011,2,1,0,0,0,0,13,0,0,0,0,0
2001,80012,1,1,0,0,0,0,0,0,0,0,0,0
2001,80012,2,1,0,0,0,0,0,0,22,0,0,0
2001,80013,1,1,0,0,0,0,0,0,0,0,0,0
2001,80013,2,1,8,0,0,0,0,0,0,0,0,0
2001,80013,3,1,0,0,0,0,0,0,0,0,0,0
2001,80013,4,1,0,0,0,0,0,0,0,0,0,0
2001,80013,5,1,0,0,0,0,0,0,0,0,0,0
2001,80014,1,1,10,10,10,10,10,10,10,10,10,10
2001,80014,2,1,0,0,0,0,0,0,0,0,0,0
2001,80015,0,1,0,0,0,0,0,0,0,0,0,0
2001,80015,1,1,0,0,0,0,0,0,0,0,0,0
2001,80016,0,1,36,36,36,36,36,36,36,36,36,36
2001,80016,1,1,19,19,19,19,19,19,19,19,19,19
2001,80017,1,1,0,0,0,0,0,0,0,0,0,0
2001,80018,1,1,1,1,1,1,1,1,1,1,1,1
2001,80018,2,1,0,0,0,0,0,0,0,0,0,0
2001,80019,1,1,0,0,0,0,0,0,0,0,0,0
2001,80020,1,1,0,0,0,0,0,0,0,0,0,0
2001,80020,2,1,0,0,0,0,0,0,0,0,0,0
2001,80021,1,1,0,0,0,0,0,0,0,0,0,0
2001,80021,2,1,0,0,0,0,0,0,0,0,0,0
2001,80022,1,1,0,0,0,0,0,0,0,0,0,0
2001,80022,2,1,0,0,0,0,0,0,0,0,0,0
2001,80022,3,1,0,0,0,0,0,0,0,0,0,0
2001,80022,4,1,0,0,13,0,0,0,0,0,0,0
2001,80023,1,1,21,21,21,21,21,21,21,21,21,21
2001,80024,1,1,14,14,14,14,14,14,14,14,14,14
2001,80025,1,1,33,13,29,25,35,20,24,13,18,33
2001,80026,1,1,0,0,0,0,0,0,0,0,0,0
2001,80027,1,1,0,0,0,0,0,0,0,0,0,0
2001,80027,2,1,15,15,15,15,15,15,15,15,15,15
2001,80028,1,1,32,32,32,32,32,32,32,32,32,32
2001,80029,1,1,36,36,36,36,36,36,36,36,36,36
2001,80030,1,1,9,9,9,9,9,9,9,9,9,9
2001,80031,1,1,0,0,0,0,0,0,0,0,0,0
2001,80031,2,1,0,0,0,0,0,0,0,0,0,0
2001,80032,1,1,21,21,21,21,21,21,21,21,21,21
2001,80033,1,1,0,0,0,0,0,0,0,0,0,0
2001,80033,2,1,0,0,0,0,0,0,0,0,0,0
2001,80034,1,1,25,25,25,25,25,25,25,25,25,25
2001,80035,1,1,0,0,0,0,0,0,0,0,0,0
2001,80036,1,1,0,0,0,0,0,0,0,0,0,0
2001,80036,2,1,0,0,0,0,0,0,0,0,0,0
2001,80037,1,1,0,0,0,0,0,0,0,0,0,0
2001,80038,1,1,0,0,0,0,0,0,0,0,0,0
2001,80038,2,1,0,0,0,0,0,0,0,0,0,0
2001,80038,3,1,0,0,0,0,0,0,0,0,0,0
2001,80038,4,1,0,0,0,0,0,0,0,0,0,0
2001,80039,1,1,0,0,0,0,0,0,0,0,0,0
2001,80039,2,1,0,0,0,0,0,0,0,0,0,0
2001,80039,3,1,0,0,0,0,0,0,0,0,0,0
2001,80040,0,1,10,10,10,10,10,10,10,10,10,10
2001,80040,1,1,0,0,0,0,0,0,0,0,0,0
2001,80041,1,1,0,0,0,0,0,0,0,0,0,0
2001,80041,2,1,0,0,0,0,0,0,0,0,0,0
2001,80042,0,1,0,0,0,0,0,0,0,0,0,0
2001,80042,1,1,0,0,26,0,0,0,0,0,0,0
2001,80043,1,1,0,0,0,0,0,0,0,0,0,0
2001,80043,2,1,0,0,0,0,0,0,0,0,0,0
2001,80044,1,1,0,0,0,0,0,0,0,0,0,0
2001,80044,2,1,0,0,0,0,0,0,0,0,0,0
2001,80045,1,1,0,0,0,0,0,0,0,0,0,0
2001,80045,2,1,0,0,0,0,0,0,0,0,0,0
2001,80046,1,1,0,10,0,0,0,0,0,0,0,0
2001,80046,2,1,0,0,0,0,0,0,0,0,0,0
2001,80046,3,1,0,0,0,0,0,0,0,0,0,0
2001,80047,1,1,0,0,0,0,0,0,0,0,0,0
2001,80047,2,1,0,0,6,0,0,0,0,0,0,0
2001,80048,1,1,16,16,16,16,16,16,16,16,16,16
2001,80049,1,1,0,0,0,0,0,0,0,0,0,0
2001,80049,2,1,0,0,0,0,0,0,0,0,0,0
2001,80050,1,1,18,18,18,18,18,18,18,18,18,18
2001,80051,1,1,0,0,0,0,0,0,0,10,0,0
2001,80051,2,1,0,0,0,0,0,0,0,0,0,0
2001,80051,3,1,0,0,0,0,0,0,0,0,0,0
2001,80052,1,1,0,0,0,0,0,0,0,0,0,0
2001,80052,2,1,0,37,0,0,0,0,0,0,0,0
2001,80053,1,1,0,0,0,0,0,0,0,0,0,0
2001,80054,1,1,11,11,11,11,11,11,11,11,11,11
2001,80054,2,1,0,0,0,0,0,0,0,0,0,0
2001,80055,1,1,20,20,20,20,20,20,20,20,20,20
2001,80055,2,1,21,21,21,21,21,21,21,21,21,21
2001,80056,0,1,16,16,16,16,16,16,16,16,16,16
2001,80056,1,1,0,0,0,0,0,0,20,0,0,17
2001,80057,1,1,0,0,0,0,0,0,0,0,0,0
2001,80057,2,1,0,0,0,0,0,0,0,0,0,0
2001,80058,1,1,16,16,16,16,16,16,16,16,16,16
2001,80058,2,1,0,0,0,0,0,0,0,0,0,0
2001,80059,1,1,0,0,0,0,0,0,0,0,0,0
2001,80060,1,1,18,18,18,18,18,18,18,18,18,18
2001,80061,0,1,24,24,24,24,24,24,24,24,24,24
2001,80061,1,1,2,2,2,2,2,2,2,2,2,2
2001,80062,1,1,0,0,0,0,0,0,0,0,0,0
2001,80063,1,1,0,0,0,18,0,0,0,0,0,0
2001,80064,0,1,16,16,16,16,16,16,16,16,16,16
2001,80064,1,1,0,0,0,0,0,0,0,0,0,0
2001,80065,1,1,0,0,0,0,0,0,0,0,0,0
2001,80065,2,1,0,0,0,0,0,0,0,0,0,0
2001,80066,1,1,0,0,0,0,0,0,0,0,0,0
2001,80067,1,1,12,15,19,26,0,16,9,47,17,27
2001,80067,2,1,0,0,0,0,0,0,0,0,0,0
2001,80067,3,1,0,0,0,0,0,0,0,0,0,0
2001,80068,1,1,12,12,12,12,12,12,12,12,12,12
2001,80068,2,1,0,0,0,0,0,0,0,0,0,0
2001,80069,1,1,20,20,20,20,20,20,20,20,20,20
2001,80070,1,1,16,16,16,16,16,16,16,16,16,16
2001,80071,1,1,0,0,0,0,0,0,0,0,0,0
2001,80071,2,1,21,0,0,0,0,0,0,9,0,0
2001,80072,1,1,0,0,0,0,0,0,0,0,0,0
2001,80073,1,1,17,28,26,21,10,6,25,35,23,28
2001,80074,0,1,0,0,0,0,0,0,0,0,0,0
2001,80074,1,1,0,7,0,0,2,5,0,10,16,7
2001,80075,1,1,13,13,13,13,13,13,13,13,13,13
2001,80076,1,1,0,0,0,0,0,10,0,0,0,0
2001,80076,2,1,0,0,0,0,0,0,0,0,0,0
2001,80076,3,1,0,0,0,0,0,0,0,0,0,0
2001,80077,1,1,19,19,19,19,19,19,19,19,19,19
2001,80078,0,1,0,0,0,0,0,0,0,0,0,0
2001,80078,1,1,17,10,0,0,0,9,8,9,12,6
2001,80079,0,1,0,0,0,7,0,0,0,0,5,0
2001,80079,0,2,0,0,0,0,0,0,0,0,0,0
2001,80079,0,3,0,0,0,0,0,0,0,0,0,0
2001,80079,0,4,0,0,0,0,0,0,0,3,0,14
2001,80079,0,5,11,0,0,12,0,0,0,0,0,0
2001,80079,0,6,0,0,0,0,6,0,0,23,0,0
2001,80079,0,7,0,0,0,0,0,0,0,0,0,0
2001,80079,1,1,0,0,0,0,0,0,0,0,0,0
2001,80080,0,1,0,0,0,0,0,0,0,0,0,0
2001,80080,1,1,0,0,0,0,0,0,0,0,0,0
2001,80081,1,1,25,25,25,25,25,25,25,25,25,25
2001,80082,1,1,23,23,23,23,23,23,23,23,23,23
2001,80083,1,1,19,19,19,19,19,19,19,19,19,19
2001,80083,2,1,19,19,19,19,19,19,19,19,19,19
2001,80084,1,1,0,0,0,0,0,0,0,0,0,0
2001,80084,2,1,0,0,0,0,0,0,0,0,0,0
2001,80085,1,1,0,0,0,0,0,0,0,0,0,0
2001,80085,2,1,0,0,0,0,0,0,0,0,0,0
2001,80086,1,1,25,25,25,25,25,25,25,25,25,25
2001,80087,1,1,0,0,0,0,0,0,0,0,0,0
2001,80088,1,1,8,8,8,8,8,8,8,8,8,8
2001,80089,1,1,0,0,0,0,0,0,0,0,0,0
2001,80089,2,1,0,0,0,0,0,0,0,0,0,0
2001,80090,1,1,18,18,18,18,18,18,18,18,18,18
2001,80091,1,1,21,21,21,21,21,21,21,21,21,21
2001,80091,2,1,0,0,0,0,0,0,0,0,0,0
2001,80092,1,1,0,0,0,0,0,0,0,0,0,0
2001,80092,2,1,0,0,0,17,0,10,20,0,0,0
2001,80093,1,1,4,4,4,4,4,4,4,4,4,4
2001,80094,1,1,1,1,1,1,1,1,1,1,1,1
2001,80095,1,1,0,0,13,0,0,0,0,0,0,0
2001,80096,1,1,0,0,10,0,0,0,0,0,0,0
2001,80096,2,1,0,0,0,0,0,0,0,0,0,0
2001,80097,1,1,0,0,0,0,0,0,0,0,0,0
2001,80098,1,1,26,26,26,26,26,26,26,26,26,26
2001,80099,1,1,0,0,0,0,0,0,19,0,0,0
2001,80100,1,1,13,13,13,13,13,13,13,13,13,13
2001,80101,1,1,21,21,21,21,21,21,21,21,21,21
2001,80102,1,1,0,0,0,0,0,0,0,0,0,0
2001,80102,2,1,0,0,4,0,0,0,0,0,0,0
2001,80103,1,1,16,16,16,16,16,16,16,16,16,16
2001,80103,2,1,2,2,2,2,2,2,2,2,2,2
2001,80104,1,1,0,0,0,0,0,0,0,0,0,0
2001,80104,2,1,0,0,0,0,0,0,0,0,0,0
2001,80105,1,1,0,20,0,7,0,12,0,0,14,0
2001,80106,1,1,24,24,24,24,24,24,24,24,24,24
2001,80106,2,1,0,0,14,0,0,0,0,0,0,0
2001,80106,3,1,6,6,6,6,6,6,6,6,6,6
2001,80107,0,1,0,0,0,0,0,0,0,0,0,0
2001,80107,1,1,0,0,0,0,0,0,0,0,0,0
2001,80108,1,1,0,0,0,0,0,0,0,0,0,0
2001,80109,1,1,20,20,20,20,20,20,20,20,20,20
2001,80110,1,1,4,4,4,4,4,4,4,4,4,4
2001,80111,1,1,0,0,0,0,0,0,0,0,0,0
2001,80111,2,1,0,0,0,0,0,0,0,0,0,0
2001,80112,1,1,0,0,0,0,0,0,0,0,0,0
2001,80112,2,1,0,0,0,0,0,0,0,0,0,0