YEAR,st_case,veh_no,per_no,P1,P2,P3,P4,P5,P6,P7,P8,P9,P10
2001,80113,1,1,0,0,0,0,0,0,0,0,0,0
2001,80114,1,1,0,0,0,0,0,0,0,0,0,0
2001,80115,1,1,8,8,8,8,8,8,8,8,8,8
2001,80116,1,1,30,30,30,30,30,30,30,30,30,30
2001,80117,1,1,14,14,14,14,14,14,14,14,14,14
2001,80118,1,1,0,0,0,0,0,0,0,0,0,0
2001,80119,1,1,16,16,16,16,16,16,16,16,16,16
2001,80120,1,1,0,0,0,0,0,0,0,0,0,0
2001,80121,1,1,0,0,0,0,0,0,0,0,0,0
2001,80121,2,1,0,0,0,0,0,0,0,0,0,0
2001,80122,1,1,0,0,0,0,0,0,0,0,0,0
2001,80122,2,1,0,0,0,0,0,0,0,0,0,0
2001,80123,1,1,18,18,18,18,18,18,18,18,18,18
2001,80124,1,1,0,0,0,0,0,19,0,0,0,0
2001,80125,1,1,0,0,0,0,0,0,0,0,0,0
2001,80125,2,1,5,5,5,5,5,5,5,5,5,5
2001,80125,3,1,0,0,0,0,0,0,0,0,0,0
2001,80126,1,1,11,11,11,11,11,11,11,11,11,11
2001,80127,1,1,19,19,19,19,19,19,19,19,19,19
2001,80128,1,1,12,12,12,12,12,12,12,12,12,12
2001,80129,1,1,0,0,0,0,0,0,0,0,0,0
2001,80130,1,1,0,0,0,0,0,0,0,0,0,0
2001,80131,1,1,12,12,12,12,12,12,12,12,12,12
2001,80132,1,1,15,15,15,15,15,15,15,15,15,15
2001,80132,2,1,8,8,8,8,8,8,8,8,8,8
2001,80133,1,1,0,0,0,0,0,0,0,0,0,0
2001,80133,2,1,0,0,0,0,0,0,0,0,0,0
2001,80134,0,1,5,5,5,5,5,5,5,5,5,5
2001,80134,1,1,0,0,0,0,0,0,0,0,0,0
2001,80135,1,1,0,0,0,20,34,0,0,0,0,33
2001,80136,1,1,0,0,0,0,0,0,0,0,0,0
2001,80137,1,1,0,0,0,0,0,0,0,0,0,0
2001,80137,2,1,0,0,0,0,0,0,0,0,0,0
2001,80137,3,1,0,0,0,0,0,0,0,0,0,0
2001,80138,1,1,15,15,15,15,15,15,15,15,15,15
2001,80139,0,1,0,0,0,0,0,0,0,0,0,0
2001,80139,1,1,0,0,0,0,0,0,0,0,0,0
2001,80140,1,1,0,0,0,0,0,0,0,9,0,18
2001,80140,2,1,0,0,0,0,0,0,0,0,0,0
2001,80141,1,1,33,33,33,33,33,33,33,33,33,33
2001,80142,1,1,0,0,0,0,0,0,0,0,0,0
2001,80142,2,1,0,0,0,0,0,0,0,0,0,0
2001,80142,3,1,0,0,0,0,0,0,0,0,0,0
2001,80142,4,1,0,0,0,0,0,0,0,0,0,0
2001,80143,1,1,0,18,0,0,0,0,0,0,0,26
2001,80144,1,1,0,0,0,0,0,0,0,0,0,0
2001,80145,1,1,16,16,16,16,16,16,16,16,16,16
2001,80146,1,1,23,23,23,23,23,23,23,23,23,23
2001,80147,1,1,0,0,0,0,0,0,0,0,0,0
2001,80147,2,1,0,0,0,0,0,0,0,0,0,0
2001,80148,1,1,21,21,21,21,21,21,21,21,21,21
2001,80149,1,1,0,0,0,0,0,0,0,0,0,0
2001,80150,1,1,0,0,0,0,0,0,0,0,0,0
2001,80150,2,1,0,0,0,0,0,0,0,0,0,0
2001,80151,1,1,0,0,0,0,0,0,0,0,0,0
2001,80152,0,1,0,0,0,0,0,0,0,0,0,0
2001,80152,1,1,0,0,0,0,0,0,0,7,0,0
2001,80153,1,1,0,0,0,0,0,0,0,0,0,0
2001,80154,1,1,25,25,25,25,25,25,25,25,25,25
2001,80154,2,1,0,0,0,0,0,0,0,0,0,0
2001,80155,1,1,0,0,0,0,0,0,0,0,0,0
2001,80156,1,1,8,8,8,8,8,8,8,8,8,8
2001,80156,2,1,13,13,13,13,13,13,13,13,13,13
2001,80156,3,1,8,8,8,8,8,8,8,8,8,8
2001,80157,1,1,6,6,6,6,6,6,6,6,6,6
2001,80158,1,1,0,0,0,0,0,0,0,0,0,0
2001,80159,1,1,0,0,5,0,0,0,0,0,0,0
2001,80160,1,1,21,21,21,21,21,21,21,21,21,21
2001,80161,1,1,5,5,5,5,5,5,5,5,5,5
2001,80161,2,1,0,0,0,0,0,0,0,0,0,0
2001,80162,1,1,0,0,0,0,0,0,0,0,0,0
2001,80162,2,1,0,0,0,0,0,0,0,0,0,0
2001,80162,3,1,0,0,0,0,0,0,0,0,0,0
2001,80163,1,1,0,0,0,0,0,0,0,0,0,0
2001,80164,0,1,0,0,0,0,0,0,0,0,0,0
2001,80164,1,1,0,0,0,0,0,0,0,0,0,0
2001,80165,1,1,0,0,0,0,0,0,0,0,0,0
2001,80165,2,1,0,0,0,0,0,0,0,0,0,0
2001,80166,1,1,0,0,0,0,0,0,0,0,0,0
2001,80167,1,1,0,0,0,0,0,0,0,0,0,0
2001,80167,2,1,0,0,0,0,0,0,0,0,0,0
2001,80167,3,1,0,0,0,0,0,0,0,0,0,0
2001,80168,1,1,4,4,4,4,4,4,4,4,4,4
2001,80169,1,1,0,0,0,0,0,0,0,0,0,0
2001,80170,0,1,8,8,8,8,8,8,8,8,8,8
2001,80170,1,1,0,7,0,19,0,6,0,9,0,7
2001,80171,0,1,21,21,21,21,21,21,21,21,21,21
2001,80171,1,1,15,3,9,6,0,5,12,12,10,0
2001,80172,1,1,15,15,15,15,15,15,15,15,15,15
2001,80172,2,1,0,0,0,0,0,0,0,0,8,0
2001,80173,1,1,0,0,0,0,0,0,0,0,0,0
2001,80174,1,1,0,0,0,0,0,0,0,0,0,0
2001,80174,2,1,0,0,0,0,0,0,0,0,0,0
2001,80175,1,1,0,0,0,0,26,0,0,0,0,0
2001,80176,1,1,0,0,0,0,0,0,0,0,0,0
2001,80176,2,1,29,8,14,9,18,1,5,6,13,10
2001,80177,1,1,0,0,0,0,0,0,0,0,0,0
2001,80177,2,1,0,0,0,0,0,0,0,0,0,0
2001,80178,1,1,17,17,17,17,17,17,17,17,17,17
2001,80179,1,1,28,28,28,28,28,28,28,28,28,28
2001,80180,1,1,0,0,0,0,0,0,0,0,0,0
2001,80181,1,1,0,0,0,0,0,0,0,0,0,0
2001,80181,2,1,0,0,0,0,0,0,0,0,0,0
2001,80182,1,1,10,10,10,10,10,10,10,10,10,10
2001,80183,1,1,0,0,0,0,0,0,0,0,0,0
2001,80184,1,1,10,10,10,10,10,10,10,10,10,10
2001,80185,1,1,20,20,20,20,20,20,20,20,20,20
2001,80186,1,1,0,0,0,0,0,0,0,0,0,0
2001,80187,1,1,0,0,0,0,0,0,0,0,0,0
2001,80187,2,1,0,0,0,0,0,0,0,0,0,0
2001,80188,1,1,0,0,0,0,0,16,0,0,0,0
2001,80189,0,1,24,24,24,24,24,24,24,24,24,24
2001,80189,1,1,0,11,0,0,0,4,0,0,23,8
2001,80190,1,1,10,10,10,10,10,10,10,10,10,10
2001,80190,2,1,0,0,0,0,0,0,0,0,0,0
2001,80191,1,1,0,0,0,0,0,0,0,0,0,0
2001,80191,2,1,0,0,0,0,0,0,0,0,0,0
2001,80192,1,1,0,0,0,0,0,0,0,0,0,0
2001,80193,1,1,0,0,0,0,0,0,0,0,0,0
2001,80194,1,1,0,0,0,0,0,0,0,0,0,0
2001,80195,1,1,18,18,18,18,18,18,18,18,18,18
2001,80196,1,1,6,6,6,6,6,6,6,6,6,6
2001,80197,0,1,0,0,0,0,0,0,0,0,0,0
2001,80197,1,1,1,1,1,1,1,1,1,1,1,1
2001,80198,1,1,22,22,22,22,22,22,22,22,22,22
2001,80199,1,1,20,20,20,20,20,20,20,20,20,20
2001,80200,1,1,0,0,0,0,0,0,0,0,0,0
2001,80201,1,1,14,14,14,14,14,14,14,14,14,14
2001,80202,1,1,21,21,21,21,21,21,21,21,21,21
2001,80203,1,1,26,26,26,26,26,26,26,26,26,26
2001,80204,1,1,13,13,13,13,13,13,13,13,13,13
2001,80205,0,1,0,0,0,0,0,0,0,0,0,0
2001,80205,1,1,0,11,0,0,0,0,0,0,0,0
2001,80206,1,1,14,0,0,0,0,0,0,0,14,0
2001,80207,1,1,0,0,0,0,0,0,0,0,0,0
2001,80208,0,1,30,30,30,30,30,30,30,30,30,30
2001,80208,1,1,0,0,0,6,0,0,0,0,0,0
2001,80209,1,1,0,0,0,0,0,0,0,0,0,0
2001,80210,1,1,27,27,27,27,27,27,27,27,27,27
2001,80211,1,1,0,0,0,0,0,0,0,0,0,0
2001,80212,1,1,0,0,0,0,0,0,0,0,0,0
2001,80213,0,1,0,0,0,0,0,0,0,0,0,0
2001,80213,1,1,11,15,13,12,23,8,19,0,3,4
2001,80214,1,1,0,0,0,0,0,0,0,0,0,0
2001,80215,1,1,9,9,9,9,9,9,9,9,9,9
2001,80216,1,1,0,0,0,0,0,0,0,0,0,0
2001,80217,1,1,0,0,0,0,0,0,0,0,0,0
2001,80217,2,1,0,0,0,0,0,0,0,0,0,0
2001,80218,1,1,0,0,0,0,0,0,9,0,0,5
2001,80218,2,1,0,0,0,0,0,0,0,0,0,0
2001,80218,3,1,0,0,0,0,0,0,0,0,0,0
2001,80219,1,1,9,9,9,9,9,9,9,9,9,9
2001,80219,2,1,0,0,0,0,0,0,0,0,0,0
2001,80220,1,1,26,20,20,12,13,7,14,8,12,11
2001,80220,2,1,0,0,0,0,0,0,0,0,0,0
2001,80221,1,1,0,0,0,0,0,0,0,0,0,0
2001,80222,1,1,0,0,0,0,0,0,0,0,0,0
2001,80222,2,1,0,0,0,0,0,0,5,0,0,0
2001,80223,1,1,7,7,7,7,7,7,7,7,7,7
2001,80224,1,1,29,29,29,29,29,29,29,29,29,29
2001,80224,2,1,0,0,0,0,0,0,0,0,0,0
2001,80225,1,1,23,23,23,23,23,23,23,23,23,23
2001,80225,2,1,0,0,0,0,0,0,0,0,0,0
2001,80225,3,1,0,0,0,0,0,0,0,0,0,0
2001,80226,0,1,20,20,20,20,20,20,20,20,20,20
2001,80226,1,1,7,0,0,0,18,19,13,13,10,0
2001,80227,1,1,0,0,0,0,0,0,0,0,0,0
2001,80227,2,1,0,0,0,0,0,0,0,0,0,0
2001,80228,1,1,0,0,0,0,0,0,0,0,0,0
2001,80229,1,1,0,0,0,0,0,0,0,0,0,0
2001,80229,2,1,0,0,0,0,0,0,0,0,0,0
2001,80230,1,1,10,10,10,10,10,10,10,10,10,10
2001,80231,1,1,0,0,0,0,0,0,0,0,0,0
2001,80232,1,1,0,0,0,0,0,0,0,0,0,0
2001,80232,2,1,0,0,0,0,0,0,0,0,0,0
2001,80233,1,1,0,0,0,0,0,0,0,0,0,0
2001,80233,2,1,0,0,0,0,0,0,0,0,0,0
2001,80234,1,1,10,10,10,10,10,10,10,10,10,10
2001,80234,2,1,0,0,0,0,0,0,0,0,0,0
2001,80235,1,1,10,0,0,0,0,0,0,0,0,0
2001,80236,1,1,0,0,0,0,0,0,0,0,0,0
2001,80236,2,1,0,0,0,0,0,0,0,0,0,0
2001,80237,1,1,0,0,0,0,0,0,0,0,0,0
2001,80237,2,1,0,0,0,0,0,0,0,0,0,14
2001,80238,1,1,18,18,18,18,18,18,18,18,18,18
2001,80238,2,1,0,0,0,0,0,0,0,0,0,0
2001,80239,1,1,0,0,0,0,11,0,0,0,0,0
2001,80239,2,1,0,0,0,0,0,0,0,0,0,0
2001,80240,1,1,0,0,0,0,0,0,0,0,0,0
2001,80240,2,1,0,0,0,0,0,0,0,0,0,0
2001,80241,1,1,0,0,0,0,0,0,0,0,0,0
2001,80241,2,1,0,0,0,0,0,0,0,0,0,0
2001,80242,1,1,0,0,0,0,0,0,0,0,0,0
2001,80243,1,1,0,0,0,0,0,0,0,0,0,0
2001,80243,2,1,0,0,0,0,0,0,0,0,0,0
2001,80244,0,1,0,0,0,0,0,0,27,0,0,0
2001,80244,1,1,0,0,0,0,0,0,0,0,0,0
2001,80245,1,1,0,0,0,0,0,0,0,0,0,0
2001,80246,1,1,6,6,6,6,6,6,6,6,6,6
2001,80247,1,1,23,23,23,23,23,23,23,23,23,23
2001,80247,2,1,0,0,0,0,0,0,0,0,0,0
2001,80248,1,1,0,0,0,0,0,0,0,0,0,0
2001,80248,2,1,0,0,0,0,0,0,12,0,0,0
2001,80249,1,1,10,10,10,10,10,10,10,10,10,10
2001,80250,1,1,5,5,5,5,5,5,5,5,5,5
2001,80251,1,1,0,0,0,0,0,0,0,0,0,0
2001,80251,2,1,0,0,0,0,0,0,0,0,0,0
2001,80252,1,1,11,11,11,11,11,11,11,11,11,11
2001,80253,1,1,0,0,0,0,0,0,0,0,0,0
2001,80253,2,1,0,0,0,0,0,0,0,0,0,0
2001,80254,1,1,20,20,20,20,20,20,20,20,20,20
2001,80255,1,1,27,27,27,27,27,27,27,27,27,27
2001,80256,0,1,23,23,23,23,23,23,23,23,23,23
2001,80256,1,1,0,0,0,0,0,0,0,0,0,0
2001,80257,1,1,0,0,0,0,0,0,0,0,0,0
2001,80257,2,1,24,0,0,14,10,19,0,11,12,0
2001,80257,3,1,0,0,0,0,0,0,0,0,0,14
2001,80258,1,1,12,12,12,12,12,12,12,12,12,12
2001,80258,2,1,0,0,0,0,12,0,0,0,10,0
2001,80259,1,1,0,0,0,0,0,0,0,0,0,0
2001,80259,2,1,0,0,0,0,0,0,0,0,0,0
2001,80259,3,1,0,0,0,0,0,0,0,0,0,0
2001,80260,1,1,21,21,21,21,21,21,21,21,21,21
2001,80261,1,1,9,9,9,9,9,9,9,9,9,9
2001,80262,1,1,11,11,11,11,11,11,11,11,11,11
2001,80263,1,1,23,9,0,0,0,0,0,0,0,0
2001,80264,1,1,0,0,0,0,0,0,0,0,0,0
2001,80264,2,1,0,0,0,0,0,0,0,0,0,0
2001,80265,1,1,0,0,0,0,0,0,0,0,0,0
2001,80266,0,1,0,0,0,0,0,0,0,0,0,0
2001,80266,1,1,0,0,0,0,0,0,0,0,0,0
2001,80267,1,1,0,0,0,0,0,0,0,0,0,0
2001,80267,2,1,0,0,0,0,0,0,0,0,0,0
2001,80268,1,1,8,8,8,8,8,8,8,8,8,8
2001,80268,2,1,0,0,0,0,0,0,0,0,0,0
2001,80269,0,1,0,0,0,13,0,0,0,0,0,0
2001,80269,0,2,0,0,3,0,11,0,0,20,0,0
2001,80269,1,1,0,0,0,0,0,0,0,0,0,0
2001,80270,1,1,1,1,1,1,1,1,1,1,1,1
2001,80271,1,1,0,0,0,0,0,0,0,0,0,0
2001,80272,1,1,0,0,0,0,0,0,0,0,0,0
2001,80272,2,1,0,0,0,0,0,0,0,0,0,0
2001,80272,3,1,0,0,0,0,0,0,0,0,0,14
2001,80273,0,1,22,22,22,22,22,22,22,22,22,22
2001,80273,1,1,23,15,0,0,5,20,0,18,0,0
2001,80274,1,1,17,17,17,17,17,17,17,17,17,17
2001,80274,2,1,0,0,0,0,0,0,0,0,0,0
2001,80275,1,1,0,0,0,0,0,0,0,0,0,0
2001,80276,1,1,0,0,0,0,0,0,0,0,0,0
2001,80276,2,1,0,0,0,0,0,0,0,0,0,0
2001,80277,1,1,0,0,0,0,0,0,0,0,0,0
2001,80278,1,1,25,25,25,25,25,25,25,25,25,25
2001,80279,1,1,25,25,25,25,25,25,25,25,25,25
2001,80280,1,1,1,1,1,1,1,1,1,1,1,1
2001,80281,1,1,0,0,0,0,0,0,0,0,0,0
2001,80282,1,1,0,0,0,0,0,0,0,0,0,0
2001,80282,2,1,0,0,0,0,0,0,0,0,0,0
2001,80283,1,1,17,17,17,17,17,17,17,17,17,17
2001,80284,1,1,0,0,0,0,0,0,0,0,0,0
2001,80284,2,1,0,0,0,0,0,0,0,0,0,0
2001,80285,1,1,0,0,0,0,0,0,0,0,0,0
2001,80285,2,1,0,0,0,0,0,0,0,0,0,0
2001,80286,1,1,0,0,0,0,0,0,0,0,0,0
2001,80286,2,1,0,0,0,0,0,0,0,0,0,0
2001,80287,1,1,0,0,0,0,0,0,0,0,0,0
2001,80287,2,1,0,0,0,0,0,0,0,0,0,0
2001,80287,3,1,0,0,0,0,0,0,0,0,0,0
2001,80288,1,1,0,0,0,0,0,0,0,0,0,0
2001,80288,2,1,0,0,0,0,0,0,0,0,0,0
2001,80288,3,1,23,0,0,0,0,0,0,0,0,0
2001,80289,1,1,0,0,0,0,0,0,0,0,0,0
2001,80290,1,1,19,19,19,19,19,19,19,19,19,19
2001,80290,2,1,0,0,0,0,0,0,0,0,0,0
2001,80291,1,1,5,5,5,5,5,5,5,5,5,5
2001,80291,2,1,0,0,0,0,0,0,0,0,0,0
2001,80292,0,1,17,17,17,17,17,17,17,17,17,17
2001,80292,1,1,0,0,14,27,0,6,2,0,8,9
2001,80293,1,1,0,0,0,0,0,0,0,0,0,0
2001,80293,2,1,0,0,0,0,0,0,0,0,0,0
2001,80293,3,1,0,0,0,0,0,0,0,0,0,0
2001,80293,4,1,0,0,0,0,0,0,0,0,0,0
2001,80293,5,1,0,0,0,0,0,0,0,0,0,0
2001,80294,1,1,23,23,23,23,23,23,23,23,23,23
2001,80295,1,1,11,11,11,11,11,11,11,11,11,11
2001,80296,1,1,4,4,4,4,4,4,4,4,4,4
2001,80297,1,1,11,11,11,11,11,11,11,11,11,11
2001,80298,1,1,0,0,0,0,0,0,0,0,0,0
2001,80298,2,1,0,0,0,0,0,0,0,0,0,0
2001,80299,1,1,10,16,8,25,41,7,20,8,12,15
2001,80300,1,1,0,0,0,0,0,0,0,0,0,0
2001,80300,2,1,0,0,0,0,0,0,0,0,0,0
2001,80301,1,1,8,8,8,8,8,8,8,8,8,8
2001,80301,2,1,0,0,0,0,0,0,0,0,0,0
2001,80302,1,1,20,0,0,0,0,21,21,0,0,0
2001,80303,1,1,15,15,15,15,15,15,15,15,15,15
2001,80303,2,1,25,22,16,19,10,0,9,20,10,0
2001,80304,1,1,14,14,14,14,14,14,14,14,14,14
2001,80305,1,1,0,0,0,10,0,0,15,0,0,0
2001,80306,0,1,0,31,34,0,0,0,0,27,0,0
2001,80306,1,1,0,0,0,0,0,0,0,0,0,0
2001,80307,1,1,21,21,21,21,21,21,21,21,21,21
2001,80308,1,1,0,0,0,0,0,0,0,0,0,0
2001,80308,2,1,0,0,0,0,0,0,0,0,0,0
2001,80309,1,1,18,18,18,18,18,18,18,18,18,18
2001,80309,2,1,0,0,0,0,0,0,0,0,0,0
2001,80310,1,1,0,0,0,0,24,0,0,0,0,0
2001,80310,2,1,0,17,0,0,0,0,0,0,0,0
2001,80311,1,1,0,0,0,0,0,0,0,0,0,0
2001,80312,1,1,0,0,0,0,0,0,0,0,0,0
2001,80313,1,1,0,0,0,0,0,0,0,0,0,0
2001,80313,2,1,0,0,0,0,0,0,0,0,0,0
2001,80314,1,1,5,5,5,5,5,5,5,5,5,5
2001,80315,1,1,0,0,0,0,0,0,0,0,0,0
2001,80316,1,1,21,21,21,21,21,21,21,21,21,21
2001,80317,1,1,0,0,0,0,0,0,0,0,0,0
2001,80318,1,1,0,0,0,0,0,0,0,0,0,0
2001,80318,2,1,0,0,0,0,0,0,0,0,0,0
2001,80319,1,1,0,11,0,0,6,0,0,0,0,0
2001,80319,2,1,0,0,17,0,0,0,0,0,0,0
2001,80320,1,1,0,0,0,0,0,0,14,0,0,0
2001,80321,1,1,0,0,0,0,0,0,0,0,0,0
2001,80321,2,1,0,0,0,0,0,0,0,0,0,0
2001,80322,1,1,0,0,0,0,0,0,0,0,0,0
2001,80322,2,1,0,0,0,0,0,0,0,0,0,0
2001,80323,1,1,5,5,5,5,5,5,5,5,5,5
2001,80323,2,1,0,0,0,0,0,0,0,0,0,0
2001,80323,3,1,0,0,0,0,0,0,0,0,0,0
2001,80324,1,1,0,0,0,0,0,0,0,0,0,0
2001,80325,1,1,0,0,0,0,0,0,0,0,0,0
2001,80325,2,1,0,0,0,0,0,0,0,0,0,0
2001,80325,3,1,0,0,0,0,0,0,0,0,0,0
2001,80325,4,1,0,0,0,0,0,15,0,0,0,0
2001,80325,5,1,0,0,0,0,0,0,0,0,0,0
2001,80326,0,1,24,24,24,24,24,24,24,24,24,24
2001,80326,1,1,20,20,20,20,20,20,20,20,20,20
2001,80327,0,1,20,20,20,20,20,20,20,20,20,20
2001,80327,1,1,22,7,0,5,1,11,0,7,0,7
2001,80328,1,1,0,0,0,0,0,0,0,0,0,0
2001,80329,1,1,0,0,4,0,0,0,0,15,0,0
2001,80330,1,1,16,12,24,37,14,15,18,0,9,11
2001,80331,1,1,16,16,16,16,16,16,16,16,16,16
2001,80332,1,1,14,14,14,14,14,14,14,14,14,14
2001,80333,1,1,0,0,0,0,0,0,0,0,0,0
2001,80334,1,1,0,0,0,0,0,0,0,0,0,0
2001,80334,2,1,10,10,10,10,10,10,10,10,10,10
2001,80335,1,1,19,19,19,19,19,19,19,19,19,19
2001,80336,1,1,11,11,11,11,11,11,11,11,11,11
2001,80337,1,1,0,0,0,0,0,0,0,0,0,0
2001,80337,2,1,0,0,0,0,0,0,0,0,0,0
2001,80338,1,1,4,4,4,4,4,4,4,4,4,4
2001,80339,1,1,0,0,0,0,0,0,0,0,0,0
2001,80339,2,1,0,0,0,0,0,0,0,0,0,0
2001,80340,1,1,31,31,31,31,31,31,31,31,31,31
2001,80340,2,1,0,0,0,0,0,0,0,0,3,0
2001,80341,1,1,9,9,9,9,9,9,9,9,9,9
2001,80341,2,1,0,0,0,0,0,0,0,0,0,0
2001,80342,1,1,0,0,0,0,0,0,0,0,0,0
2001,80343,1,1,18,18,18,18,18,18,18,18,18,18
2001,80343,2,1,0,0,11,0,0,0,0,0,0,0
2001,80343,3,1,0,0,0,0,0,0,0,0,0,0
2001,80344,1,1,0,0,0,0,0,0,0,0,0,0
2001,80345,1,1,0,0,0,0,0,0,0,0,0,0
2001,80345,2,1,0,0,0,0,0,0,0,0,0,0
2001,80346,1,1,0,0,0,0,0,0,0,0,0,0
2001,80346,2,1,0,0,0,0,0,0,0,0,0,0
2001,80347,1,1,0,0,0,0,0,0,0,24,0,0
2001,80348,0,1,24,24,24,24,24,24,24,24,24,24
2001,80348,1,1,0,0,0,0,0,0,0,0,0,0
2001,80349,1,1,17,17,17,17,17,17,17,17,17,17
2001,80350,1,1,0,0,0,0,0,0,0,0,0,0
2001,80351,0,1,23,23,23,23,23,23,23,23,23,23
2001,80351,1,1,0,0,0,0,0,0,17,0,0,0
2001,80352,1,1,11,11,11,11,11,11,11,11,11,11
2001,80353,1,1,14,14,14,14,14,14,14,14,14,14
2001,80354,0,1,21,21,21,21,21,21,21,21,21,21
2001,80354,1,1,10,0,0,0,0,10,0,0,17,7
2001,80355,1,1,0,0,0,0,0,0,0,0,0,0
2001,80356,1,1,31,31,31,31,31,31,31,31,31,31
2001,80357,1,1,9,9,9,9,9,9,9,9,9,9
2001,80357,2,1,0,0,0,0,0,0,0,0,0,0
2001,80358,0,1,0,0,0,0,0,0,0,0,0,0
2001,80358,1,1,22,22,22,22,22,22,22,22,22,22
2001,80359,1,1,14,14,14,14,14,14,14,14,14,14
2001,80359,2,1,0,0,0,0,0,0,0,0,0,0
2001,80359,3,1,0,0,0,0,0,0,0,0,0,0
2001,80359,4,1,0,0,0,0,0,0,0,0,0,0
2001,80359,5,1,0,0,0,0,0,0,0,0,0,0
2001,80359,6,1,0,0,0,0,0,0,0,0,0,0
2001,80360,0,1,0,0,0,0,0,0,0,0,0,0
2001,80360,1,1,0,0,0,0,0,0,0,0,0,0
2001,80361,1,1,0,0,0,0,0,0,0,0,0,0
2001,80362,1,1,24,24,24,24,24,24,24,24,24,24
2001,80362,2,1,8,8,8,8,8,8,8,8,8,8
2001,80363,1,1,0,0,0,0,0,0,0,0,0,0
2001,80363,2,1,0,0,0,0,0,0,0,0,0,0
2001,80364,1,1,0,0,0,0,0,0,0,0,0,0
2001,80364,2,1,0,0,0,0,0,0,0,0,0,0
2001,80365,1,1,25,25,25,25,25,25,25,25,25,25
2001,80366,1,1,0,0,0,0,0,0,0,0,0,0
2001,80366,2,1,0,0,0,0,0,0,0,0,0,0
2001,80366,3,1,0,0,0,0,0,0,0,0,0,0
2001,80367,1,1,0,0,0,0,0,0,0,0,0,0
2001,80367,2,1,0,0,0,0,0,0,0,0,0,0
2001,80368,1,1,0,0,0,5,0,0,0,0,0,0
2001,80368,2,1,13,13,13,13,13,13,13,13,13,13
2001,80369,1,1,23,23,23,23,23,23,23,23,23,23
2001,80370,1,1,13,13,13,13,13,13,13,13,13,13
2001,80370,2,1,0,0,0,0,0,0,0,0,0,0
2001,80371,0,1,35,35,35,35,35,35,35,35,35,35
2001,80371,1,1,9,13,0,8,0,0,22,0,19,12
2001,80371,2,1,0,0,0,0,0,0,0,0,0,0
2001,80372,1,1,0,0,0,0,0,0,0,0,0,0
2001,80372,2,1,0,0,0,0,0,0,0,0,0,0
2001,80372,3,1,0,0,0,0,0,0,0,0,0,0
2001,80373,1,1,0,0,0,0,0,10,0,0,0,0
2001,80374,1,1,0,0,0,0,0,0,0,0,0,0
2001,80375,1,1,0,0,0,0,0,0,0,0,0,0
2001,80375,2,1,0,0,0,0,0,0,0,0,0,2
2001,80376,1,1,0,0,0,0,0,0,0,0,0,0
2001,80377,1,1,0,0,0,0,0,0,0,0,0,0
2001,80377,2,1,0,0,0,0,0,0,0,0,0,0
2001,80378,1,1,0,0,0,0,0,0,0,0,0,0
2001,80379,1,1,6,6,6,6,6,6,6,6,6,6
2001,80380,1,1,8,8,8,8,8,8,8,8,8,8
2001,80381,1,1,0,0,0,0,0,0,0,0,0,0
2001,80382,1,1,10,10,10,10,10,10,10,10,10,10
2001,80382,2,1,0,0,0,0,0,0,0,0,0,0
2001,80383,1,1,0,0,0,0,0,0,0,0,0,0
2001,80383,2,1,0,0,0,0,0,0,0,0,0,0
2001,80384,1,1,0,0,0,0,0,0,0,0,0,0
2001,80384,2,1,0,0,0,0,0,0,0,0,0,0
2001,80385,1,1,17,0,0,0,0,0,0,0,14,0
2001,80386,1,1,6,6,6,6,6,6,6,6,6,6
2001,80387,1,1,15,15,15,15,15,15,15,15,15,15
2001,80388,1,1,0,0,0,0,0,0,0,0,0,0
2001,80389,0,1,0,0,0,0,0,0,0,0,0,0
2001,80389,1,1,0,0,0,0,0,0,0,0,0,0
2001,80390,1,1,10,10,10,10,10,10,10,10,10,10
2001,80391,1,1,0,0,0,0,0,0,0,0,0,0
2001,80391,2,1,0,0,0,0,0,0,0,0,0,0
2001,80392,1,1,0,0,0,0,0,0,0,0,0,0
2001,80393,1,1,0,0,0,0,0,0,0,0,0,0
2001,80393,2,1,0,0,0,0,0,0,0,0,0,0
2001,80393,3,1,0,0,0,0,0,0,0,0,0,0
2001,80393,4,1,0,0,0,0,0,0,0,0,0,0
2001,80394,1,1,0,0,0,0,0,0,0,0,12,0
2001,80394,2,1,0,0,0,0,0,0,0,0,0,0
2001,80395,1,1,0,0,0,0,0,0,0,0,0,0
2001,80395,2,1,0,0,0,0,0,0,0,0,0,0
2001,80395,3,1,0,0,0,0,0,0,0,0,0,0
2001,80396,1,1,0,0,0,0,0,0,0,0,0,0
2001,80396,2,1,0,0,0,0,0,0,0,0,0,0
2001,80397,1,1,20,20,20,20,20,20,20,20,20,20
2001,80398,1,1,20,20,20,20,20,20,20,20,20,20
2001,80399,1,1,0,0,0,0,0,0,0,0,0,0
2001,80400,1,1,0,0,0,0,0,0,0,0,0,0
2001,80400,2,1,0,0,0,0,0,0,0,0,0,0
2001,80401,1,1,0,0,0,0,0,0,0,0,0,0
2001,80402,1,1,0,0,0,0,0,0,0,0,0,0
2001,80403,1,1,0,0,0,0,0,0,0,0,0,0
2001,80404,1,1,23,23,23,23,23,23,23,23,23,23
2001,80404,2,1,4,4,4,4,4,4,4,4,4,4
2001,80404,3,1,0,0,0,0,0,0,0,0,0,0
2001,80405,1,1,0,0,0,0,0,0,0,0,0,0
2001,80406,1,1,18,18,18,18,18,18,18,18,18,18
2001,80407,1,1,0,0,0,0,0,0,0,0,0,0
2001,80407,2,1,0,0,0,0,0,0,0,0,0,0
2001,80408,1,1,0,0,0,0,0,0,0,0,0,0
2001,80408,2,1,0,0,0,0,0,0,0,0,0,0