YEAR,st_case,veh_no,per_no,P1,P2,P3,P4,P5,P6,P7,P8,P9,P10
2001,80409,0,1,0,0,0,0,0,0,0,0,0,0
2001,80409,1,1,0,0,0,0,0,0,0,0,0,0
2001,80410,0,1,0,0,0,0,0,0,0,0,0,0
2001,80410,1,1,0,0,0,0,0,0,0,0,0,0
2001,80411,1,1,0,0,0,0,0,0,0,0,0,0
2001,80411,2,1,18,18,18,18,18,18,18,18,18,18
2001,80412,1,1,0,0,0,0,0,0,0,0,0,0
2001,80412,2,1,0,0,0,0,0,0,0,0,0,0
2001,80413,1,1,0,0,0,0,0,0,0,0,0,0
2001,80413,2,1,0,0,0,0,0,0,0,0,0,0
2001,80414,0,1,12,12,12,12,12,12,12,12,12,12
2001,80414,1,1,26,26,26,26,26,26,26,26,26,26
2001,80415,1,1,5,5,5,5,5,5,5,5,5,5
2001,80415,2,1,0,0,0,0,0,0,0,0,0,0
2001,80416,0,1,0,13,0,0,22,0,0,29,0,0
2001,80416,1,1,0,0,0,11,0,0,14,0,25,0
2001,80417,1,1,0,0,0,0,0,0,0,0,0,0
2001,80418,1,1,0,0,0,0,0,0,0,0,0,0
2001,80419,1,1,5,5,5,5,5,5,5,5,5,5
2001,80420,1,1,0,0,0,0,0,0,0,0,0,0
2001,80421,1,1,0,0,0,0,0,0,0,0,0,0
2001,80422,1,1,0,0,0,0,0,0,0,0,0,0
2001,80423,1,1,0,0,0,0,0,0,0,0,0,0
2001,80423,2,1,0,0,0,0,0,0,0,0,0,0
2001,80424,1,1,0,0,0,0,0,0,0,0,0,0
2001,80425,1,1,0,0,0,0,0,0,0,0,0,0
2001,80425,2,1,0,0,0,0,0,0,0,0,0,0
2001,80426,1,1,22,22,22,22,22,22,22,22,22,22
2001,80427,1,1,0,0,0,0,0,0,0,0,0,0
2001,80427,2,1,0,0,0,0,0,0,0,0,0,0
2001,80428,1,1,0,0,0,0,0,0,0,0,0,0
2001,80429,1,1,12,12,12,12,12,12,12,12,12,12
2001,80430,1,1,0,0,0,0,0,0,0,0,0,0
2001,80430,2,1,0,0,0,0,0,0,0,0,0,0
2001,80430,3,1,0,0,0,0,0,0,0,0,0,0
2001,80430,4,1,0,0,0,0,0,0,0,0,0,0
2001,80431,1,1,0,0,0,0,0,0,0,0,0,0
2001,80431,2,1,0,0,0,0,0,0,0,0,0,0
2001,80432,1,1,28,28,28,28,28,28,28,28,28,28
2001,80432,2,1,0,0,0,0,0,0,0,0,0,0
2001,80433,1,1,0,0,0,0,0,0,0,0,0,0
2001,80433,2,1,6,6,6,6,6,6,6,6,6,6
2001,80434,1,1,0,0,0,0,0,0,0,0,0,7
2001,80434,2,1,0,0,0,0,0,18,0,0,0,0
2001,80435,1,1,12,12,12,12,12,12,12,12,12,12
2001,80436,1,1,0,0,0,0,10,0,0,0,0,0
2001,80436,2,1,0,0,0,15,0,0,0,0,0,0
2001,80437,1,1,40,40,40,40,40,40,40,40,40,40
2001,80438,1,1,8,8,8,8,8,8,8,8,8,8
2001,80439,1,1,24,24,24,24,24,24,24,24,24,24
2001,80440,1,1,0,0,0,0,0,0,0,0,0,0
2001,80440,2,1,0,0,0,0,0,0,0,0,0,0
2001,80441,1,1,0,0,0,0,0,0,0,0,0,0
2001,80441,2,1,0,0,0,0,0,0,0,0,0,0
2001,80442,1,1,27,27,27,27,27,27,27,27,27,27
2001,80442,2,1,0,0,0,0,0,0,0,0,0,0
2001,80443,1,1,0,0,0,0,0,0,0,0,0,0
2001,80444,1,1,0,0,0,0,0,0,0,0,0,0
2001,80444,2,1,0,0,0,0,0,0,0,0,0,0
2001,80445,1,1,0,0,0,0,0,5,47,0,0,0
2001,80446,1,1,0,0,0,0,0,0,0,0,0,0
2001,80446,2,1,0,0,0,0,0,0,0,0,0,0
2001,80447,1,1,0,0,0,0,0,0,0,0,0,0
2001,80447,2,1,0,0,0,0,0,0,0,0,0,0
2001,80448,1,1,0,0,0,0,0,0,0,0,0,0
2001,80448,2,1,0,0,0,0,0,0,0,0,0,0
2001,80449,1,1,0,0,0,0,0,0,0,0,0,0
2001,80449,2,1,0,0,0,0,0,0,0,0,0,0
2001,80450,1,1,20,20,20,20,20,20,20,20,20,20
2001,80451,1,1,0,0,0,0,0,0,0,0,0,0
2001,80452,1,1,0,0,0,0,0,0,0,0,0,0
2001,80452,2,1,0,0,0,0,0,0,0,0,0,0
2001,80453,1,1,0,0,0,23,6,0,0,0,0,0
2001,80453,2,1,0,0,0,0,0,0,0,0,0,0
2001,80454,1,1,0,0,0,0,0,0,0,0,0,0
2001,80455,1,1,21,21,21,21,21,21,21,21,21,21
2001,80456,1,1,0,0,0,0,0,0,0,0,0,0
2001,80457,1,1,8,17,5,17,0,7,23,14,14,6
2001,80457,2,1,19,19,19,19,19,19,19,19,19,19
2001,80458,1,1,0,0,0,0,0,0,0,0,0,0
2001,80459,1,1,0,0,0,0,0,0,0,0,0,0
2001,80460,1,1,0,0,18,0,0,0,0,0,0,0
2001,80461,1,1,0,0,0,0,0,0,33,0,0,0
2001,80461,2,1,0,0,0,0,0,0,0,0,0,0
2001,80462,0,1,34,34,34,34,34,34,34,34,34,34
2001,80462,1,1,0,0,0,0,0,0,0,0,0,0
2001,80463,1,1,0,0,0,0,0,0,0,0,0,0
2001,80463,2,1,0,0,0,0,5,0,0,0,0,0
2001,80463,3,1,0,0,0,0,0,0,0,0,0,0
2001,80464,0,1,0,0,0,0,0,0,0,0,0,0
2001,80464,1,1,0,0,0,0,0,0,0,0,0,0
2001,80465,0,1,0,0,0,0,0,0,0,0,0,0
2001,80465,1,1,0,0,0,0,0,0,0,0,0,0
2001,80466,1,1,0,0,0,0,0,0,0,0,0,0
2001,80467,1,1,0,0,0,0,0,0,0,0,0,0
2001,80467,2,1,0,0,0,0,0,0,0,16,0,0
2001,80468,0,1,3,0,0,0,0,0,0,0,0,0
2001,80468,0,2,0,0,0,0,13,0,0,0,0,0
2001,80468,1,1,0,0,0,0,0,0,0,0,0,0
2001,80468,2,1,0,0,0,0,0,0,0,0,0,0
2001,80468,3,1,0,0,0,0,0,0,0,0,0,0
2001,80468,5,1,0,0,0,0,0,0,0,0,0,0
2001,80468,7,1,0,0,0,0,0,0,0,0,0,0
2001,80469,1,1,22,22,22,22,22,22,22,22,22,22
2001,80469,2,1,0,0,0,0,0,0,0,0,0,0
2001,80470,1,1,0,0,0,0,18,0,0,0,0,0
2001,80471,1,1,0,0,0,0,0,0,0,0,0,0
2001,80472,1,1,0,0,0,0,0,0,0,0,0,0
2001,80473,1,1,0,0,0,0,0,0,0,0,0,0
2001,80474,1,1,0,0,0,0,0,0,0,0,0,0
2001,80475,1,1,0,0,0,0,0,0,0,0,0,0
2001,80475,2,1,0,0,0,0,0,0,0,0,0,0
2001,80475,3,1,0,0,0,0,0,0,0,0,0,0
2001,80476,1,1,0,0,0,0,0,0,0,0,0,0
2001,80476,2,1,0,0,0,0,0,0,0,0,0,0
2001,80477,1,1,0,0,0,0,0,0,0,0,0,0
2001,80477,2,1,0,0,0,0,0,0,0,0,0,0
2001,80477,3,1,0,0,0,0,0,0,0,0,0,0
2001,80478,1,1,0,0,0,0,0,0,0,0,0,0
2001,80479,1,1,22,22,22,22,22,22,22,22,22,22
2001,80480,1,1,19,19,19,19,19,19,19,19,19,19
2001,80481,1,1,0,0,0,0,0,0,0,0,0,0
2001,80482,1,1,0,0,0,0,0,0,0,0,0,0
2001,80482,2,1,0,0,0,0,0,0,0,0,0,0
2001,80483,1,1,10,10,10,10,10,10,10,10,10,10
2001,80483,2,1,0,0,0,0,0,0,0,0,0,0
2001,80484,1,1,0,0,0,0,0,0,0,0,0,0
2001,80485,1,1,4,4,4,4,4,4,4,4,4,4
2001,80486,1,1,13,13,13,13,13,13,13,13,13,13
2001,80487,1,1,14,14,14,14,14,14,14,14,14,14
2001,80488,1,1,0,0,0,17,0,0,0,0,0,0
2001,80489,1,1,8,8,8,8,8,8,8,8,8,8
2001,80490,1,1,3,3,3,3,3,3,3,3,3,3
2001,80490,2,1,0,0,0,0,0,0,0,0,0,0
2001,80491,0,1,0,0,0,0,0,0,0,0,0,0
2001,80491,1,1,0,0,0,0,0,0,0,0,0,0
2001,80492,1,1,15,15,15,15,15,15,15,15,15,15
2001,80493,1,1,0,0,0,0,0,0,0,0,0,0
2001,80493,2,1,0,0,0,0,0,10,0,0,0,0
2001,80494,0,1,0,0,0,0,0,0,0,0,0,0
2001,80494,1,1,26,26,26,26,26,26,26,26,26,26
2001,80495,1,1,0,0,0,0,0,0,0,0,0,0
2001,80495,2,1,0,0,0,0,0,0,0,0,0,0
2001,80496,1,1,25,25,25,25,25,25,25,25,25,25
2001,80497,1,1,16,16,16,16,16,16,16,16,16,16
2001,80497,2,1,0,0,0,0,0,0,0,0,0,0
2001,80498,1,1,12,12,12,12,12,12,12,12,12,12
2001,80499,1,1,0,0,0,0,0,0,0,0,0,0
2001,80499,2,1,0,0,0,0,0,0,0,0,0,0
2001,80500,1,1,0,0,0,0,0,0,0,0,0,0
2001,80500,2,1,0,0,0,0,0,0,0,0,0,0
2001,80501,1,1,0,0,0,0,0,0,0,0,0,0
2001,80501,2,1,0,0,0,0,0,0,0,0,0,0
2001,80501,3,1,0,0,0,0,0,0,0,0,0,0
2001,80502,1,1,0,0,0,0,0,0,0,0,0,0
2001,80502,2,1,0,0,0,0,0,0,0,0,0,0
2001,80503,1,1,0,0,0,0,0,0,0,0,0,0
2001,80503,2,1,0,0,0,0,0,0,0,0,0,0
2001,80504,1,1,9,9,9,9,9,9,9,9,9,9
2001,80504,2,1,0,0,0,0,0,0,0,0,0,0
2001,80505,1,1,2,2,2,2,2,2,2,2,2,2
2001,80506,1,1,13,13,13,13,13,13,13,13,13,13
2001,80506,2,1,0,0,0,0,0,0,0,0,0,0
2001,80507,1,1,0,0,0,0,0,0,0,0,0,0
2001,80507,2,1,0,0,0,0,0,0,0,0,0,0
2001,80508,1,1,0,0,0,0,0,0,0,0,0,0
2001,80508,2,1,0,0,0,0,0,0,0,0,0,0
2001,80509,1,1,0,0,0,0,0,0,0,0,0,0
2001,80509,2,1,0,0,0,0,0,0,0,0,0,0
2001,80510,1,1,7,7,7,7,7,7,7,7,7,7
2001,80510,2,1,0,0,0,0,0,0,0,0,0,0
2001,80510,3,1,0,0,0,0,0,0,0,0,0,0
2001,80511,1,1,4,4,4,4,4,4,4,4,4,4
2001,80512,1,1,0,0,0,0,0,0,0,0,0,0
2001,80513,1,1,0,0,0,0,0,0,0,0,0,0
2001,80513,2,1,0,0,0,0,0,0,0,0,0,0
2001,80514,1,1,0,0,0,0,0,0,0,0,0,0
2001,80514,2,1,0,0,0,0,0,0,0,0,0,0
2001,80514,3,1,0,15,0,0,0,0,0,0,0,0
2001,80515,1,1,0,0,0,0,0,0,0,0,0,0
2001,80515,2,1,0,0,0,0,0,0,0,0,0,0
2001,80516,1,1,0,0,0,0,0,0,0,0,0,0
2001,80517,1,1,9,9,9,9,9,9,9,9,9,9
2001,80518,1,1,13,13,13,13,13,13,13,13,13,13
2001,80518,2,1,0,0,0,0,0,0,0,0,0,0
2001,80519,1,1,0,0,0,0,0,0,0,0,0,0
2001,80519,2,1,0,0,0,0,0,0,0,0,0,0
2001,80520,1,1,20,20,20,20,20,20,20,20,20,20
2001,80521,1,1,0,0,0,0,0,0,0,0,0,0
2001,80521,2,1,0,0,16,0,0,0,0,0,0,0
2001,80522,1,1,21,21,21,21,21,21,21,21,21,21
2001,80523,1,1,9,9,9,9,9,9,9,9,9,9
2001,80524,1,1,0,0,0,0,0,0,0,13,0,0
2001,80525,1,1,0,0,0,0,0,0,0,0,0,0
2001,80526,1,1,0,0,0,0,0,0,0,0,0,0
2001,80526,2,1,0,0,0,0,0,0,0,0,0,0
2001,80526,3,1,0,0,0,0,0,0,0,0,0,0
2001,80526,4,1,0,0,0,0,0,0,0,0,0,0
2001,80527,1,1,25,25,25,25,25,25,25,25,25,25
2001,80527,2,1,0,0,0,0,0,0,0,0,0,0
2001,80528,1,1,0,0,0,0,0,0,0,0,0,0
2001,80528,2,1,0,0,10,0,0,0,0,0,0,0
2001,80529,1,1,0,0,0,0,0,0,0,0,0,0
2001,80529,2,1,0,0,0,0,0,0,0,0,0,0
2001,80530,1,1,15,15,15,15,15,15,15,15,15,15
2001,80530,2,1,0,0,0,0,0,0,0,0,0,29
2001,80530,3,1,0,0,0,0,0,0,0,0,0,14
2001,80531,0,1,2,2,2,2,2,2,2,2,2,2
2001,80531,1,1,0,0,0,0,0,0,0,0,0,0
2001,80532,0,1,0,0,0,0,0,0,0,0,0,0
2001,80532,1,1,14,14,14,14,14,14,14,14,14,14
2001,80533,0,1,0,0,0,0,0,0,0,0,0,0
2001,80533,1,1,0,0,0,0,0,0,0,0,0,0
2001,80534,1,1,0,0,0,0,0,0,0,0,0,0
2001,80534,2,1,0,0,0,0,0,0,0,0,0,0
2001,80535,1,1,0,0,0,0,0,0,0,0,0,0
2001,80536,1,1,11,11,11,11,11,11,11,11,11,11
2001,80537,1,1,0,0,0,0,0,0,0,0,0,0
2001,80537,2,1,0,0,0,0,0,0,0,0,0,0
2001,80538,1,1,0,0,0,0,0,0,0,0,0,0
2001,80538,2,1,0,0,0,0,0,0,0,0,0,0
2001,80539,0,1,15,15,15,15,15,15,15,15,15,15
2001,80539,1,1,0,0,0,0,0,11,0,0,0,0
2001,80540,1,1,0,0,0,0,0,0,0,0,0,19
2001,80540,2,1,0,0,0,0,0,0,0,0,0,0
2001,80541,1,1,18,18,18,18,18,18,18,18,18,18
2001,80541,2,1,0,0,0,0,0,0,0,0,0,0
2001,80542,1,1,17,17,17,17,17,17,17,17,17,17
2001,80543,0,1,27,27,27,27,27,27,27,27,27,27
2001,80543,1,1,0,0,0,12,0,0,0,0,0,0
2001,80544,1,1,24,24,24,24,24,24,24,24,24,24
2001,80545,1,1,2,2,2,2,2,2,2,2,2,2
2001,80546,1,1,0,0,0,0,0,0,0,0,0,0
2001,80547,1,1,23,23,23,23,23,23,23,23,23,23
2001,80548,1,1,0,0,0,0,0,0,0,0,0,0
2001,80548,2,1,0,0,0,0,0,0,0,0,0,0
2001,80549,1,1,23,23,23,23,23,23,23,23,23,23
2001,80550,0,1,14,14,14,14,14,14,14,14,14,14
2001,80550,1,1,0,0,0,0,0,0,0,0,0,0
2001,80551,1,1,16,16,16,16,16,16,16,16,16,16
2001,80552,1,1,10,10,10,10,10,10,10,10,10,10
2001,80552,2,1,0,0,0,0,0,0,27,0,0,0
2001,80553,1,1,15,15,15,15,15,15,15,15,15,15
2001,80554,1,1,24,24,24,24,24,24,24,24,24,24
2001,80555,1,1,21,21,21,21,21,21,21,21,21,21
2001,80556,1,1,0,0,0,0,0,0,0,0,0,0
2001,80556,2,1,0,0,0,0,0,0,0,0,0,0
2001,80557,1,1,0,0,0,0,0,0,0,0,0,0
2001,80558,1,1,0,0,0,0,0,0,0,0,0,0
2001,80558,2,1,0,0,0,0,0,0,0,0,0,0
2001,80559,1,1,0,0,0,0,0,0,0,0,0,0
2001,80560,1,1,0,0,0,0,0,0,0,0,0,0
2001,80560,2,1,46,46,46,46,46,46,46,46,46,46
2001,80561,1,1,1,1,1,1,1,1,1,1,1,1
2001,80561,2,1,0,0,0,0,0,0,0,0,0,0
2001,80562,1,1,0,0,0,0,0,0,0,0,0,0
2001,80562,2,1,0,0,0,0,0,0,0,0,0,0
2001,80562,3,1,0,0,0,0,0,0,0,0,0,0
2001,80563,1,1,18,18,18,18,18,18,18,18,18,18
2001,80563,2,1,1,1,1,1,1,1,1,1,1,1
2001,80564,1,1,0,0,16,0,0,0,0,0,0,0
2001,80565,1,1,0,0,0,0,0,0,0,0,0,0
2001,80566,1,1,0,0,0,0,0,0,0,0,0,0
2001,80567,1,1,0,0,0,0,0,0,0,0,0,0
2001,80567,2,1,0,0,0,0,0,0,0,0,0,0
2001,80568,1,1,27,27,27,27,27,27,27,27,27,27
2001,80569,1,1,0,0,0,0,0,0,0,0,0,0
2001,80569,2,1,0,0,0,0,0,0,13,0,0,0
2001,80570,1,1,0,0,0,0,0,0,0,0,0,0
2001,80570,2,1,0,0,0,0,0,0,0,0,0,16
2001,80571,1,1,0,0,0,0,0,0,0,0,0,0
2001,80571,2,1,0,0,0,0,0,0,0,0,0,0
2001,80572,0,1,16,0,26,17,0,26,0,0,0,0
2001,80572,0,2,0,0,0,0,0,0,0,0,0,0
2001,80572,1,1,0,0,0,0,0,0,0,0,0,0
2001,80573,0,1,16,16,16,16,16,16,16,16,16,16
2001,80573,1,1,0,0,0,15,0,0,0,0,0,0
2001,80574,0,1,0,0,0,0,0,0,0,0,0,0
2001,80574,1,1,0,0,0,0,0,0,0,0,0,0
2001,80575,1,1,0,0,0,0,0,0,0,0,0,0
2001,80575,2,1,0,0,0,0,0,0,0,0,0,0
2001,80576,1,1,0,0,0,0,0,0,0,0,0,0
2001,80577,1,1,3,3,3,3,3,3,3,3,3,3
2001,80577,2,1,0,0,0,0,0,0,0,0,0,0
2001,80578,0,1,0,0,27,12,0,0,0,0,0,0
2001,80578,1,1,0,0,21,3,0,4,0,0,0,14
2001,80579,1,1,6,6,6,6,6,6,6,6,6,6
2001,80580,1,1,0,0,0,0,0,0,0,0,0,0
2001,80580,2,1,0,0,0,0,0,0,3,0,0,0
2001,80580,3,1,0,0,0,0,0,0,0,0,0,0
2001,80581,1,1,0,0,0,0,0,0,0,0,0,0
2001,80582,1,1,0,18,0,0,0,0,0,0,0,12
2001,80583,1,1,7,7,7,7,7,7,7,7,7,7
2001,80584,1,1,0,0,0,0,0,0,0,0,0,0
2001,80585,1,1,0,0,0,0,0,0,0,0,0,0
2001,80585,2,1,0,0,0,0,0,0,0,0,0,0
2001,80586,1,1,0,0,0,0,0,0,0,0,0,0
2001,80586,2,1,0,0,0,0,0,0,0,0,0,0
2001,80587,1,1,0,0,0,0,0,0,0,0,0,0
2001,80588,1,1,15,15,15,15,15,15,15,15,15,15
2001,80588,2,1,0,0,0,14,0,0,0,0,0,0
2001,80588,3,1,0,0,0,0,0,0,0,0,0,0
2001,80589,0,1,0,0,0,0,0,0,0,0,0,0
2001,80589,1,1,0,0,0,0,0,0,0,0,0,0
2001,80590,0,1,0,0,0,0,0,0,0,0,0,0
2001,80590,0,2,0,0,0,4,0,0,0,0,15,0
2001,80590,1,1,0,0,0,0,0,0,0,0,0,0
2001,80591,0,1,8,8,8,8,8,8,8,8,8,8
2001,80591,1,1,0,0,0,0,0,0,0,0,0,0
2001,80592,1,1,0,0,0,0,0,0,0,0,0,0
2001,80592,2,1,0,0,0,0,0,0,0,0,0,0
2001,80593,1,1,4,4,4,4,4,4,4,4,4,4
2001,80594,1,1,11,11,11,11,11,11,11,11,11,11
2001,80594,2,1,0,0,0,0,0,0,0,0,0,0
2001,80595,1,1,21,21,21,21,21,21,21,21,21,21
2001,80595,2,1,0,0,0,19,0,0,0,0,0,0
2001,80596,1,1,0,0,0,0,0,0,0,11,0,13
2001,80597,1,1,5,5,5,5,5,5,5,5,5,5
2001,80598,1,1,0,0,0,0,0,0,0,0,0,0
2001,80598,2,1,0,0,0,0,0,0,0,0,0,0
2001,80599,0,1,30,30,30,30,30,30,30,30,30,30
2001,80599,1,1,0,0,0,0,0,0,0,0,0,0
2001,80600,1,1,9,9,9,9,9,9,9,9,9,9
2001,80601,1,1,0,0,0,0,0,0,0,0,0,0
2001,80602,1,1,25,0,36,0,0,26,0,0,0,0
2001,80603,1,1,0,0,0,0,0,0,0,0,0,0
2001,80603,2,1,0,0,0,0,0,0,0,0,0,0
2001,80604,1,1,0,0,0,0,0,0,0,0,0,0
2001,80604,2,1,0,0,27,0,0,0,0,0,0,0
2001,80604,3,1,0,0,0,0,0,0,0,0,0,0
2001,80604,4,1,0,0,0,0,0,0,0,0,0,0
2001,80605,1,1,20,20,20,20,20,20,20,20,20,20
2001,80606,1,1,15,15,15,15,15,15,15,15,15,15
2001,80607,1,1,20,20,20,20,20,20,20,20,20,20
2001,80608,1,1,0,5,0,0,0,0,15,0,0,0
2001,80609,1,1,0,0,0,0,0,0,0,0,0,0
2001,80610,1,1,0,0,0,0,0,0,0,0,0,0
2001,80610,2,1,0,0,0,0,0,0,0,0,0,0
2001,80611,1,1,0,0,0,0,0,26,0,0,0,0
2001,80611,2,1,0,0,0,0,0,0,0,0,0,0
2001,80612,1,1,0,0,0,0,0,0,0,0,0,0
2001,80612,2,1,0,0,0,0,0,0,0,0,0,0
2001,80613,1,1,27,27,27,27,27,27,27,27,27,27
2001,80614,1,1,0,0,0,0,0,0,0,0,0,0
2001,80615,1,1,0,0,0,0,0,0,0,0,0,0
2001,80615,2,1,0,0,0,0,0,0,0,0,0,0
2001,80615,3,1,0,0,0,0,0,0,0,0,0,0
2001,80615,4,1,0,0,0,0,0,0,0,0,0,0
2001,80615,5,1,0,0,0,0,0,0,0,0,0,0
2001,80616,1,1,0,0,0,0,0,0,0,0,0,0
2001,80617,1,1,0,0,0,0,0,0,0,0,0,0
2001,80617,2,1,0,0,0,0,0,0,0,0,0,0
2001,80618,1,1,8,8,8,8,8,8,8,8,8,8
2001,80618,2,1,0,0,0,0,0,0,0,0,0,0
2001,80618,3,1,0,0,0,0,0,0,0,0,0,0
2001,80619,1,1,0,0,0,0,0,0,0,0,0,0
2001,80619,2,1,0,0,0,0,0,0,0,0,0,0
2001,80619,3,1,0,0,0,0,0,0,0,0,0,0
2001,80620,1,1,0,0,0,0,0,0,0,0,0,0
2001,80620,2,1,0,0,0,0,0,0,0,0,0,0
2001,80621,1,1,15,15,15,15,15,15,15,15,15,15
2001,80622,0,1,0,0,0,0,0,0,0,0,0,0
2001,80622,1,1,0,0,0,0,0,0,0,0,0,0
2001,80623,0,1,37,37,37,37,37,37,37,37,37,37
2001,80623,1,1,0,0,0,0,0,0,0,0,0,0
2001,80624,1,1,28,28,28,28,28,28,28,28,28,28
2001,80625,1,1,0,0,0,0,0,0,0,0,0,0
2001,80626,1,1,0,0,0,0,0,0,0,0,0,0
2001,80626,2,1,0,15,0,0,0,0,0,0,0,14
2001,80626,3,1,0,0,0,0,0,0,0,0,0,0
2001,80627,1,1,0,0,0,0,0,0,0,0,0,0
2001,80627,2,1,0,0,0,0,0,0,0,0,0,0
2001,80628,0,1,27,27,27,27,27,27,27,27,27,27
2001,80628,1,1,0,0,10,0,0,0,0,0,16,0
2001,80629,1,1,0,0,0,0,0,0,0,0,0,0
2001,80629,2,1,0,0,0,0,0,0,0,0,0,0
2001,80630,1,1,26,26,26,26,26,26,26,26,26,26
2001,80631,0,1,41,41,41,41,41,41,41,41,41,41
2001,80631,1,1,10,0,0,4,0,8,8,14,0,0
2001,80632,1,1,0,0,0,0,0,0,0,0,0,0
2001,80633,1,1,0,0,0,0,0,0,0,0,0,0
2001,80633,2,1,0,0,0,0,0,0,0,0,0,0
2001,80634,1,1,10,10,10,10,10,10,10,10,10,10
2001,80635,1,1,0,0,0,0,0,0,0,0,0,0
2001,80635,2,1,0,0,0,0,0,0,0,0,0,0
2001,80636,1,1,16,16,16,16,16,16,16,16,16,16
2001,80636,2,1,0,0,0,0,0,0,0,0,0,0
2001,80636,3,1,0,0,0,0,0,0,0,0,0,0
2001,80637,1,1,5,5,5,5,5,5,5,5,5,5
2001,80638,0,1,0,0,0,0,0,0,0,0,0,0
2001,80638,1,1,0,0,0,0,0,0,0,0,0,0
2001,80639,1,1,0,0,0,0,0,0,0,0,0,0
2001,80639,2,1,0,0,0,0,0,0,14,0,0,0
2001,80640,0,1,12,12,12,12,12,12,12,12,12,12
2001,80640,1,1,0,0,0,0,0,0,0,0,0,0
2001,80641,1,1,24,24,24,24,24,24,24,24,24,24
2001,80642,1,1,0,0,0,0,0,0,0,0,0,0
2001,80643,1,1,0,0,0,0,0,0,0,0,0,0
2001,80644,1,1,23,23,23,23,23,23,23,23,23,23
2001,80645,1,1,0,0,0,0,0,0,0,0,0,0
2001,80646,1,1,0,0,0,0,0,0,0,0,0,0
2001,80647,1,1,0,0,0,0,0,0,0,0,0,0
2001,90001,1,1,0,0,0,0,0,0,0,0,0,0
2001,90001,2,1,0,0,0,0,0,0,0,0,0,0
2001,90002,1,1,0,0,0,0,0,0,0,0,0,0
2001,90003,0,1,0,0,0,0,0,0,0,0,0,0
2001,90003,0,2,0,0,0,0,0,0,0,0,0,0
2001,90003,1,1,0,0,0,0,0,0,0,0,0,0
2001,90004,1,1,0,0,0,0,0,0,0,0,0,0
2001,90005,1,1,5,5,5,5,5,5,5,5,5,5
2001,90006,1,1,0,0,0,0,0,28,0,8,0,0
2001,90006,2,1,0,0,0,0,0,0,0,0,0,0
2001,90007,1,1,9,9,18,19,5,14,12,25,12,3
2001,90008,1,1,0,0,0,0,0,0,0,0,0,0
2001,90008,2,1,0,0,0,0,0,0,0,0,0,0
2001,90009,1,1,13,13,13,13,13,13,13,13,13,13
2001,90010,1,1,2,0,0,19,0,0,0,0,0,0
2001,90011,1,1,0,0,0,0,0,0,0,0,0,0
2001,90011,2,1,0,0,0,0,0,0,0,0,0,0
2001,90012,1,1,0,0,0,0,0,0,0,0,0,0
2001,90013,1,1,23,23,23,23,23,23,23,23,23,23
2001,90014,1,1,12,0,22,13,0,0,20,19,15,0
2001,90015,1,1,16,0,0,0,0,0,0,0,0,20
2001,90015,2,1,8,0,0,0,0,0,0,0,0,0
2001,90015,3,1,0,0,0,0,0,0,0,0,0,0
2001,90016,1,1,0,0,0,0,0,0,0,0,0,0
2001,90017,1,1,0,0,0,0,0,0,0,0,0,0
2001,90017,2,1,25,0,0,0,0,20,0,0,0,0
2001,90018,1,1,0,0,0,0,0,0,0,0,0,0
2001,90019,1,1,0,0,0,0,0,0,0,0,0,0
2001,90020,1,1,0,0,0,15,0,0,0,0,0,0
2001,90020,2,1,0,17,25,12,16,0,0,0,20,0
2001,90021,1,1,0,0,0,25,0,0,27,13,0,13
2001,90022,1,1,0,0,0,0,0,0,0,0,0,0
2001,90023,1,1,0,0,0,0,0,0,0,0,0,0
2001,90024,1,1,0,0,0,0,0,0,0,0,0,0
2001,90024,2,1,23,23,23,23,23,23,23,23,23,23
2001,90025,1,1,9,9,9,9,9,9,9,9,9,9
2001,90026,0,1,0,0,0,0,0,0,0,0,0,0
2001,90026,1,1,0,0,0,0,0,0,0,0,0,0
2001,90027,1,1,6,6,6,6,6,6,6,6,6,6
2001,90027,2,1,0,0,0,0,0,0,0,0,0,0
2001,90028,1,1,21,21,21,21,21,21,21,21,21,21
2001,90028,2,1,0,0,0,0,0,0,0,0,0,0
2001,90029,1,1,0,0,0,0,0,0,0,0,0,0
2001,90029,2,1,0,0,0,0,0,0,0,0,0,0
2001,90030,1,1,0,0,0,0,0,0,0,0,0,0
2001,90030,2,1,0,0,0,0,0,0,0,17,0,0
2001,90031,1,1,11,11,11,11,11,11,11,11,11,11
2001,90032,1,1,11,11,11,11,11,11,11,11,11,11
2001,90033,1,1,22,22,22,22,22,22,22,22,22,22
2001,90033,2,1,0,0,0,0,0,0,0,0,0,0
2001,90034,1,1,0,0,0,0,0,0,0,0,0,0
2001,90034,2,1,7,7,7,7,7,7,7,7,7,7
2001,90035,1,1,0,0,0,0,0,0,0,0,0,0
2001,90035,2,1,0,0,0,0,0,0,0,0,0,0
2001,90036,1,1,13,13,13,13,13,13,13,13,13,13
2001,90037,1,1,0,0,13,0,0,0,0,0,14,0
2001,90037,2,1,27,27,27,27,27,27,27,27,27,27
2001,90038,0,1,0,0,0,0,0,0,0,0,0,0
2001,90038,1,1,0,10,0,0,0,14,0,0,18,0
2001,90039,1,1,0,0,0,0,0,0,0,0,0,0
2001,90039,2,1,0,0,0,0,0,0,0,0,0,0
2001,90040,1,1,13,13,13,13,13,13,13,13,13,13
2001,90041,1,1,10,10,10,10,10,10,10,10,10,10
2001,90042,1,1,41,41,41,41,41,41,41,41,41,41
2001,90043,0,1,6,6,6,6,6,6,6,6,6,6
2001,90043,1,1,4,0,0,14,0,0,0,0,2,0
2001,90043,2,1,0,12,0,0,0,0,0,0,0,0
2001,90044,1,1,0,0,0,0,0,0,0,0,0,0
2001,90044,2,1,0,0,0,0,0,0,0,0,0,0
2001,90045,1,1,0,0,0,0,0,0,0,0,0,0
2001,90046,1,1,12,12,12,12,12,12,12,12,12,12
2001,90047,1,1,16,16,16,16,16,16,16,16,16,16