YEAR,st_case,veh_no,per_no,P1,P2,P3,P4,P5,P6,P7,P8,P9,P10
2001,90047,2,1,0,0,26,0,0,0,0,0,0,0
2001,90048,0,1,0,0,0,0,0,0,0,0,0,0
2001,90048,1,1,0,0,0,0,0,0,0,0,0,0
2001,90049,1,1,9,21,20,18,16,22,14,19,14,19
2001,90050,0,1,0,0,0,0,0,0,0,0,0,0
2001,90050,1,1,0,0,0,0,0,0,0,0,0,0
2001,90051,0,1,0,0,0,0,0,0,0,0,0,0
2001,90051,1,1,0,0,0,0,0,0,0,0,0,0
2001,90052,1,1,20,20,20,20,20,20,20,20,20,20
2001,90053,1,1,2,2,2,2,2,2,2,2,2,2
2001,90053,2,1,0,0,0,0,0,0,0,0,0,0
2001,90053,3,1,0,0,0,0,0,0,14,0,0,0
2001,90054,1,1,8,32,23,14,18,6,26,26,28,21
2001,90055,1,1,12,12,12,12,12,12,12,12,12,12
2001,90056,1,1,0,0,0,0,0,0,0,0,0,0
2001,90057,1,1,8,8,8,8,8,8,8,8,8,8
2001,90057,2,1,0,0,0,0,0,0,0,0,0,0
2001,90057,3,1,0,0,0,27,0,0,7,29,0,0
2001,90058,1,1,15,15,15,15,15,15,15,15,15,15
2001,90059,1,1,6,6,6,6,6,6,6,6,6,6
2001,90060,1,1,0,0,0,0,0,0,0,0,0,0
2001,90061,1,1,0,0,0,0,7,0,9,0,0,0
2001,90062,1,1,0,0,0,0,0,0,0,0,0,0
2001,90063,1,1,0,0,0,0,0,0,0,0,0,0
2001,90064,0,1,0,0,0,0,0,0,0,0,0,0
2001,90064,1,1,0,13,4,0,0,0,16,6,0,0
2001,90065,1,1,9,27,0,0,19,0,13,0,0,36
2001,90066,1,1,0,0,0,0,0,0,0,0,0,0
2001,90067,1,1,14,14,14,14,14,14,14,14,14,14
2001,90068,1,1,21,21,21,21,21,21,21,21,21,21
2001,90069,1,1,21,21,21,21,21,21,21,21,21,21
2001,90070,1,1,0,0,0,0,0,0,0,0,0,0
2001,90071,1,1,0,0,0,0,0,0,0,0,0,0
2001,90071,2,1,0,0,0,0,0,0,0,0,0,0
2001,90072,1,1,21,21,21,21,21,21,21,21,21,21
2001,90073,1,1,1,1,1,1,1,1,1,1,1,1
2001,90074,1,1,0,0,0,0,0,0,0,0,0,0
2001,90074,2,1,0,0,0,0,0,0,0,0,0,0
2001,90075,1,1,0,0,0,0,0,0,0,0,0,0
2001,90075,2,1,0,0,0,0,0,0,0,0,0,0
2001,90076,1,1,14,14,14,14,14,14,14,14,14,14
2001,90077,1,1,22,22,22,22,22,22,22,22,22,22
2001,90078,1,1,19,19,19,19,19,19,19,19,19,19
2001,90079,1,1,20,20,20,20,20,20,20,20,20,20
2001,90080,1,1,0,0,0,0,0,0,0,0,0,0
2001,90081,0,1,0,0,0,0,0,0,0,0,0,0
2001,90081,1,1,19,19,19,19,19,19,19,19,19,19
2001,90082,1,1,17,17,17,17,17,17,17,17,17,17
2001,90083,1,1,0,0,0,0,0,0,0,0,0,0
2001,90083,2,1,0,0,0,0,0,0,0,0,0,0
2001,90083,3,1,13,13,13,13,13,13,13,13,13,13
2001,90083,4,1,0,0,0,0,0,0,0,0,0,0
2001,90084,0,1,10,10,10,10,10,10,10,10,10,10
2001,90085,1,1,0,0,0,0,0,0,0,0,0,0
2001,90085,2,1,0,0,14,0,0,0,0,0,0,21
2001,90086,1,1,0,0,0,0,0,0,0,0,0,13
2001,90087,1,1,0,0,0,0,0,0,0,0,0,0
2001,90088,1,1,0,0,0,0,0,0,0,0,0,0
2001,90088,2,1,0,0,18,0,0,0,0,0,7,0
2001,90088,3,1,0,13,0,15,0,0,0,0,0,0
2001,90088,4,1,0,0,0,0,0,0,20,0,0,0
2001,90089,1,1,0,0,0,0,0,0,0,0,0,0
2001,90090,1,1,28,28,28,28,28,28,28,28,28,28
2001,90091,1,1,0,2,0,0,14,0,19,10,0,11
2001,90091,2,1,0,0,0,0,0,0,0,25,0,0
2001,90091,3,1,0,0,16,0,0,0,0,22,26,0
2001,90092,1,1,9,9,9,9,9,9,9,9,9,9
2001,90093,1,1,0,0,0,0,0,0,0,0,0,0
2001,90094,0,1,0,0,0,0,0,0,0,0,0,0
2001,90094,1,1,0,0,0,0,0,0,0,0,0,0
2001,90095,1,1,0,0,0,0,0,0,0,0,0,0
2001,90095,2,1,0,0,0,0,0,0,0,0,0,0
2001,90096,0,1,13,13,13,13,13,13,13,13,13,13
2001,90096,1,1,0,21,0,0,0,0,27,0,17,0
2001,90097,1,1,0,6,0,0,0,8,0,0,17,6
2001,90097,2,1,0,0,0,0,0,0,0,0,0,0
2001,90098,1,1,0,0,0,0,0,0,0,0,0,0
2001,90098,2,1,0,0,0,0,0,0,0,0,0,0
2001,90099,1,1,0,0,0,0,0,0,0,0,0,0
2001,90100,1,1,20,0,0,0,0,0,0,0,0,0
2001,90100,2,1,0,0,0,0,0,0,0,0,0,0
2001,90101,1,1,0,0,0,0,0,0,0,0,0,0
2001,90101,2,1,0,0,0,0,0,0,0,0,0,0
2001,90102,1,1,20,20,20,20,20,20,20,20,20,20
2001,90103,1,1,0,0,0,0,0,0,0,0,0,8
2001,90103,2,1,0,0,0,0,0,0,0,0,0,0
2001,90104,1,1,0,0,0,0,0,0,0,0,0,0
2001,90104,2,1,0,0,0,0,0,0,0,10,0,0
2001,90105,1,1,14,14,14,14,14,14,14,14,14,14
2001,90106,1,1,0,0,0,0,0,0,0,0,0,0
2001,90106,2,1,0,0,0,0,0,0,0,0,0,0
2001,90107,1,1,17,17,17,17,17,17,17,17,17,17
2001,90108,0,1,0,0,0,0,0,0,0,0,0,0
2001,90108,1,1,0,0,0,0,0,0,0,0,0,0
2001,90109,0,1,0,0,0,0,0,0,0,0,0,0
2001,90109,1,1,33,0,21,0,0,0,0,0,0,0
2001,90110,1,1,0,0,0,0,0,0,0,0,0,0
2001,90110,2,1,0,0,0,0,0,0,6,0,0,0
2001,90110,3,1,14,14,14,14,14,14,14,14,14,14
2001,90111,1,1,0,0,0,0,0,0,0,0,0,0
2001,90111,2,1,0,0,0,0,0,0,0,2,0,0
2001,90112,0,1,0,0,0,0,0,0,0,0,0,0
2001,90112,1,1,8,20,0,15,30,15,19,6,9,0
2001,90113,1,1,0,0,0,0,0,0,0,0,0,0
2001,90113,2,1,0,0,0,0,0,0,0,0,0,0
2001,90114,1,1,14,14,14,14,14,14,14,14,14,14
2001,90115,1,1,23,23,23,23,23,23,23,23,23,23
2001,90115,2,1,9,0,25,0,11,23,20,0,0,11
2001,90116,0,1,0,0,0,0,0,0,0,0,0,0
2001,90116,1,1,0,0,0,0,0,0,0,0,0,0
2001,90117,1,1,13,0,0,3,14,9,7,0,5,5
2001,90117,2,1,0,0,0,0,0,0,0,0,0,0
2001,90118,1,1,10,10,10,10,10,10,10,10,10,10
2001,90119,1,1,0,0,0,0,0,0,0,0,0,0
2001,90119,2,1,0,0,0,0,0,0,0,0,0,0
2001,90119,3,1,3,3,3,3,3,3,3,3,3,3
2001,90120,1,1,10,10,10,10,10,10,10,10,10,10
2001,90121,1,1,24,24,24,24,24,24,24,24,24,24
2001,90122,1,1,0,0,0,0,0,0,0,0,0,0
2001,90122,2,1,0,0,0,0,0,0,0,0,0,0
2001,90123,1,1,0,0,0,0,0,0,0,0,0,0
2001,90124,1,1,17,17,17,17,17,17,17,17,17,17
2001,90125,1,1,19,19,19,19,19,19,19,19,19,19
2001,90126,1,1,0,0,0,0,0,0,0,0,0,0
2001,90126,2,1,0,0,0,0,0,0,0,0,0,0
2001,90127,1,1,0,0,0,0,0,0,0,0,0,0
2001,90128,1,1,0,0,0,0,0,0,0,0,0,0
2001,90128,2,1,0,0,0,0,0,0,0,0,0,0
2001,90129,1,1,21,21,21,21,21,21,21,21,21,21
2001,90130,1,1,0,0,0,0,0,0,0,0,0,0
2001,90130,2,1,17,17,17,17,17,17,17,17,17,17
2001,90131,1,1,13,13,13,13,13,13,13,13,13,13
2001,90132,1,1,0,19,0,0,0,0,0,0,0,0
2001,90132,2,1,0,0,0,0,0,0,0,0,0,0
2001,90132,3,1,4,4,4,4,4,4,4,4,4,4
2001,90133,0,1,9,9,9,9,9,9,9,9,9,9
2001,90133,1,1,0,0,0,0,0,0,0,0,0,0
2001,90134,1,1,0,0,0,0,0,0,0,0,0,0
2001,90135,1,1,0,0,0,0,0,0,16,0,0,0
2001,90135,2,1,0,0,0,0,0,0,0,0,0,0
2001,90135,3,1,0,0,0,0,2,0,0,0,0,0
2001,90136,1,1,0,0,7,15,0,0,0,0,0,4
2001,90137,1,1,21,21,21,21,21,21,21,21,21,21
2001,90138,1,1,13,13,13,13,13,13,13,13,13,13
2001,90139,1,1,0,0,0,13,0,0,0,0,0,0
2001,90140,0,1,0,0,0,0,0,0,0,0,0,0
2001,90140,1,1,6,0,0,0,0,11,10,15,0,0
2001,90141,1,1,0,0,0,0,0,0,0,0,0,0
2001,90141,2,1,0,0,0,0,0,0,0,0,0,0
2001,90141,3,1,0,12,0,0,0,0,0,11,0,0
2001,90142,1,1,0,0,0,0,0,0,0,0,0,0
2001,90143,0,1,0,0,0,0,0,0,0,0,0,0
2001,90143,1,1,0,0,0,0,0,0,0,0,0,0
2001,90144,1,1,0,0,0,0,0,0,0,0,0,0
2001,90144,2,1,0,0,0,0,0,0,0,0,0,0
2001,90144,3,1,0,0,15,0,14,0,0,0,0,12
2001,90145,1,1,7,7,7,7,7,7,7,7,7,7
2001,90146,1,1,0,0,0,0,0,0,0,0,0,0
2001,90147,0,1,23,23,23,23,23,23,23,23,23,23
2001,90147,1,1,14,14,14,14,14,14,14,14,14,14
2001,90148,1,1,8,10,0,0,0,23,0,16,0,0
2001,90149,1,1,16,16,16,16,16,16,16,16,16,16
2001,90149,2,1,0,0,11,0,0,0,0,0,8,0
2001,90150,1,1,13,13,13,13,13,13,13,13,13,13
2001,90151,1,1,0,0,0,0,0,0,0,0,0,0
2001,90151,2,1,0,0,0,0,0,0,0,0,0,0
2001,90152,1,1,20,38,16,13,5,18,15,17,5,6
2001,90153,1,1,0,0,0,0,0,0,0,0,0,0
2001,90154,1,2,10,0,13,0,12,12,0,0,15,0
2001,90155,1,1,0,0,0,0,0,0,0,0,0,0
2001,90156,1,1,20,20,20,20,20,20,20,20,20,20
2001,90157,0,1,0,0,0,0,0,0,0,0,0,0
2001,90157,0,2,0,0,28,26,24,14,0,0,0,0
2001,90157,1,1,0,0,12,0,0,0,0,0,0,0
2001,90158,1,1,0,0,0,0,0,0,0,0,0,0
2001,90158,2,1,0,0,0,0,0,0,0,0,0,0
2001,90159,1,1,0,0,0,0,0,0,0,13,0,0
2001,90159,2,1,0,0,0,0,0,0,0,0,24,0
2001,90160,1,1,0,0,0,0,0,0,0,0,0,0
2001,90160,2,1,12,12,12,12,12,12,12,12,12,12
2001,90161,1,1,14,14,14,14,14,14,14,14,14,14
2001,90162,0,1,0,0,0,0,0,0,0,0,0,0
2001,90162,1,1,0,0,0,0,0,0,0,0,0,0
2001,90163,1,1,0,0,0,0,0,9,0,0,0,0
2001,90163,2,1,0,0,0,0,0,0,0,0,0,0
2001,90164,1,1,14,14,14,14,14,14,14,14,14,14
2001,90165,1,1,0,0,0,0,0,0,0,0,0,0
2001,90165,2,1,0,0,0,0,0,0,0,0,0,0
2001,90165,3,1,0,0,0,0,0,0,0,0,0,0
2001,90166,1,1,0,0,0,0,0,0,0,0,0,0
2001,90166,2,1,0,0,0,0,0,0,0,0,0,16
2001,90166,3,1,0,0,0,0,6,0,0,0,0,12
2001,90166,4,1,22,22,22,22,22,22,22,22,22,22
2001,90167,1,1,2,2,2,2,2,2,2,2,2,2
2001,90168,0,1,0,0,0,0,0,0,0,0,0,0
2001,90168,1,1,0,0,0,0,0,0,0,0,0,0
2001,90169,1,1,14,14,14,14,14,14,14,14,14,14
2001,90170,1,1,0,0,0,0,0,0,0,0,0,0
2001,90170,2,1,0,0,0,0,14,0,0,0,5,14
2001,90171,1,1,15,15,15,15,15,15,15,15,15,15
2001,90172,1,1,20,20,20,20,20,20,20,20,20,20
2001,90173,1,1,0,0,0,0,0,0,0,0,0,0
2001,90173,2,1,0,0,0,0,0,0,0,0,0,0
2001,90174,1,1,17,17,17,17,17,17,17,17,17,17
2001,90174,2,1,0,0,0,0,0,0,0,0,0,0
2001,90175,1,1,3,3,3,3,3,3,3,3,3,3
2001,90176,1,1,0,0,0,0,0,0,0,0,0,0
2001,90177,1,1,0,12,0,0,16,10,14,0,29,0
2001,90177,2,1,0,0,0,0,0,0,0,0,0,0
2001,90178,1,1,11,11,11,11,11,11,11,11,11,11
2001,90179,1,1,0,0,0,0,0,0,28,0,0,0
2001,90179,2,1,0,0,0,0,0,0,0,0,11,0
2001,90180,0,1,0,0,0,0,0,0,0,0,0,0
2001,90180,1,1,0,0,0,0,0,0,0,0,0,0
2001,90180,2,1,0,0,0,0,0,0,0,0,0,0
2001,90181,1,1,20,17,25,3,0,0,0,37,0,0
2001,90182,1,1,14,22,8,21,11,0,11,29,16,24
2001,90183,1,1,25,25,25,25,25,25,25,25,25,25
2001,90184,1,1,22,22,22,22,22,22,22,22,22,22
2001,90184,2,1,11,11,11,11,11,11,11,11,11,11
2001,90185,1,1,0,0,0,0,0,0,0,0,10,0
2001,90186,1,1,0,0,0,0,0,0,0,0,0,0
2001,90186,2,1,0,0,0,0,0,0,0,0,0,0
2001,90187,1,1,0,23,0,0,0,0,0,0,0,0
2001,90188,1,1,30,30,30,30,30,30,30,30,30,30
2001,90189,1,1,0,0,0,0,0,0,0,0,0,0
2001,90189,2,1,0,0,0,0,0,0,0,0,0,0
2001,90190,0,1,0,0,0,0,0,0,0,0,0,0
2001,90190,1,1,0,0,0,0,0,0,0,0,0,0
2001,90191,1,1,0,0,0,0,0,0,0,0,0,0
2001,90191,2,1,0,0,0,0,0,0,0,0,0,0
2001,90192,1,1,0,0,0,0,0,0,0,0,4,0
2001,90192,2,1,0,0,0,0,0,0,0,0,0,0
2001,90193,1,1,0,0,0,0,0,0,0,0,0,0
2001,90193,2,1,3,6,9,0,0,0,0,14,0,0
2001,90194,1,1,17,17,17,17,17,17,17,17,17,17
2001,90195,0,1,0,0,0,0,0,0,0,0,0,0
2001,90195,1,1,0,0,0,0,0,0,0,0,0,0
2001,90196,1,1,13,13,13,13,13,13,13,13,13,13
2001,90197,1,1,0,0,0,0,17,0,0,0,0,0
2001,90197,2,1,0,13,0,0,0,0,0,0,0,0
2001,90198,1,1,0,0,0,0,0,0,0,0,0,0
2001,90199,1,1,0,0,0,0,0,0,0,0,0,0
2001,90199,2,1,0,0,0,0,0,0,0,0,0,0
2001,90200,0,1,0,0,0,0,0,0,0,0,0,0
2001,90200,1,1,0,0,0,0,0,0,0,0,0,0
2001,90201,1,1,0,0,0,0,0,0,0,0,0,0
2001,90201,2,1,0,0,0,0,0,0,0,0,0,0
2001,90201,3,1,0,0,0,0,0,0,0,0,0,0
2001,90202,1,1,0,4,0,0,0,0,0,0,0,0
2001,90203,0,1,0,0,0,0,0,0,0,0,0,0
2001,90203,1,1,0,0,0,0,0,0,0,0,0,0
2001,90204,0,1,0,0,0,0,0,0,0,0,0,0
2001,90204,1,1,20,20,20,20,20,20,20,20,20,20
2001,90205,1,1,0,0,0,0,0,0,0,0,0,0
2001,90205,2,1,0,0,0,0,0,0,0,0,0,0
2001,90206,1,1,18,18,18,18,18,18,18,18,18,18
2001,90207,1,1,0,0,0,0,0,0,0,0,4,0
2001,90207,2,1,0,0,0,0,0,0,0,13,0,0
2001,90208,1,1,0,0,0,0,0,0,0,0,0,0
2001,90208,2,1,0,0,0,14,0,0,0,0,0,0
2001,90209,1,1,0,0,0,0,0,0,0,0,0,0
2001,90209,2,1,0,0,0,0,0,0,0,0,0,0
2001,90210,1,1,4,4,4,4,4,4,4,4,4,4
2001,90211,1,1,16,16,16,16,16,16,16,16,16,16
2001,90212,1,1,20,9,0,0,0,0,0,10,24,0
2001,90212,2,1,0,0,0,0,0,0,0,0,0,0
2001,90213,1,1,14,14,14,14,14,14,14,14,14,14
2001,90214,1,1,0,0,0,0,0,0,0,0,0,0
2001,90214,2,1,0,0,0,0,0,0,0,18,0,0
2001,90215,1,1,15,7,21,19,9,15,8,8,22,18
2001,90215,2,1,0,0,0,0,0,0,0,0,0,0
2001,90216,0,1,0,0,0,0,0,16,0,0,0,0
2001,90216,1,1,0,0,0,0,0,0,0,0,0,0
2001,90217,1,1,0,0,0,0,0,0,0,0,0,0
2001,90217,2,1,0,0,0,0,0,0,0,0,0,0
2001,90218,1,1,0,0,0,0,0,0,0,0,0,0
2001,90218,2,1,0,0,0,0,0,0,0,0,0,0
2001,90219,1,1,0,0,0,0,0,0,0,0,0,0
2001,90219,2,1,0,0,0,0,0,0,0,0,0,0
2001,90220,1,1,0,0,0,0,0,0,0,0,0,0
2001,90220,2,1,16,16,16,16,16,16,16,16,16,16
2001,90221,1,1,22,22,22,22,22,22,22,22,22,22
2001,90221,2,1,6,6,6,6,6,6,6,6,6,6
2001,90221,3,1,0,0,0,0,0,0,0,0,0,0
2001,90222,1,1,15,15,15,15,15,15,15,15,15,15
2001,90223,0,1,0,0,18,24,0,10,7,28,0,24
2001,90223,1,1,0,31,0,0,0,0,0,0,17,0
2001,90224,1,1,0,0,0,0,0,0,0,0,0,0
2001,90224,2,1,0,0,0,13,0,0,0,0,0,0
2001,90225,1,1,0,0,0,0,0,0,0,0,0,0
2001,90225,2,1,0,0,0,0,0,0,0,0,0,0
2001,90226,1,1,11,22,0,0,0,0,0,8,0,0
2001,90227,1,1,19,22,9,22,15,10,28,9,16,6
2001,90228,1,1,0,0,0,0,0,0,0,0,0,0
2001,90228,2,1,0,0,0,0,0,0,0,0,0,0
2001,90229,1,1,2,2,2,2,2,2,2,2,2,2
2001,90229,2,1,0,0,0,0,0,0,0,0,0,0
2001,90230,1,1,11,11,11,11,11,11,11,11,11,11
2001,90231,1,1,0,0,0,0,0,0,0,0,0,0
2001,90232,1,1,21,20,32,12,18,15,26,22,12,34
2001,90233,1,1,0,0,0,0,0,0,0,0,0,0
2001,90233,2,1,7,7,7,7,7,7,7,7,7,7
2001,90234,1,1,0,0,0,0,0,0,0,0,0,0
2001,90235,1,1,0,0,0,0,0,0,0,0,0,0
2001,90235,2,1,16,16,16,16,16,16,16,16,16,16
2001,90236,1,1,29,29,29,29,29,29,29,29,29,29
2001,90237,1,1,0,0,0,0,0,0,0,0,0,0
2001,90238,0,1,0,0,0,0,0,0,0,0,0,0
2001,90238,1,1,0,0,0,0,0,22,28,4,0,13
2001,90239,1,1,6,6,6,6,6,6,6,6,6,6
2001,90239,2,1,0,0,0,0,0,0,0,32,0,0
2001,90240,1,1,22,0,20,0,26,7,11,9,0,0
2001,90241,1,1,0,0,0,0,0,0,0,0,0,0
2001,90241,2,1,0,0,0,0,0,0,0,0,0,0
2001,90242,1,1,0,0,0,0,0,0,0,0,0,0
2001,90243,1,1,0,11,0,0,0,0,0,0,0,0
2001,90243,2,1,0,0,0,0,0,0,0,0,0,0
2001,90244,1,1,15,15,15,15,15,15,15,15,15,15
2001,90245,1,1,0,0,0,0,0,0,0,0,0,0
2001,90245,2,1,0,0,0,0,0,0,0,0,0,0
2001,90246,1,1,12,12,12,12,12,12,12,12,12,12
2001,90247,1,1,0,0,0,0,0,10,0,0,0,0
2001,90248,1,1,24,24,24,24,24,24,24,24,24,24
2001,90249,0,1,19,19,19,19,19,19,19,19,19,19
2001,90249,1,1,0,0,0,0,0,0,0,0,0,0
2001,90250,1,1,0,0,0,0,0,0,0,0,0,0
2001,90250,2,1,0,0,0,0,0,0,0,0,0,0
2001,90250,3,1,0,0,0,0,0,0,0,0,0,0
2001,90251,1,1,0,0,0,0,0,0,0,0,0,0
2001,90251,2,1,0,0,0,0,0,0,0,0,0,0
2001,90252,0,1,20,20,20,20,20,20,20,20,20,20
2001,90252,1,1,0,0,0,0,0,0,0,0,0,0
2001,90253,1,1,16,16,16,16,16,16,16,16,16,16
2001,90253,2,1,0,0,0,0,0,0,0,0,0,0
2001,90254,1,1,0,0,0,0,12,0,0,0,18,0
2001,90255,1,1,0,0,0,0,0,0,0,0,0,0
2001,90255,2,1,0,0,0,0,0,0,0,0,0,0
2001,90256,0,1,5,5,5,5,5,5,5,5,5,5
2001,90256,1,1,14,14,14,14,14,14,14,14,14,14
2001,90257,1,1,0,0,0,0,0,0,0,0,0,0
2001,90258,1,1,0,0,0,0,0,0,0,0,0,17
2001,90258,2,1,0,0,0,0,0,0,0,0,0,0
2001,90259,1,1,0,0,0,0,0,0,0,0,0,0
2001,90260,1,1,0,0,0,6,0,0,0,0,5,0
2001,90260,2,1,34,34,34,34,34,34,34,34,34,34
2001,90261,1,1,0,0,0,0,0,0,0,0,0,0
2001,90262,1,1,0,0,0,0,0,0,0,0,0,0
2001,90262,2,1,0,0,0,0,0,0,0,0,0,0
2001,90263,1,1,0,0,14,15,5,28,0,0,19,0
2001,90263,2,1,0,0,0,0,0,20,0,0,0,0
2001,90264,1,1,13,13,13,13,13,13,13,13,13,13
2001,90264,2,1,0,0,0,0,0,0,0,0,0,0
2001,90265,1,1,0,0,0,0,0,0,0,0,0,0
2001,90266,1,1,0,0,0,0,0,0,0,0,0,0
2001,90266,2,1,0,0,0,0,0,0,0,0,0,0
2001,90267,1,1,72,72,72,72,72,72,72,72,72,72
2001,90267,2,1,0,0,0,0,0,0,0,0,0,0
2001,90267,3,1,0,0,0,0,0,13,0,0,0,0
2001,90268,1,1,26,26,26,26,26,26,26,26,26,26
2001,90269,1,1,23,16,26,15,16,11,16,15,8,5
2001,90270,1,1,0,0,0,0,0,0,0,0,0,0
2001,90271,0,1,0,0,0,0,0,0,0,0,0,0
2001,90271,1,1,0,0,0,0,0,0,0,0,0,0
2001,90272,1,1,0,0,0,0,0,0,0,0,0,0
2001,90272,2,1,0,0,0,0,0,0,0,0,0,0
2001,90273,1,1,0,0,0,0,0,0,0,0,0,0
2001,90273,2,1,20,0,0,0,0,0,6,0,0,0
2001,90274,1,1,0,0,0,0,0,0,0,0,0,0
2001,90274,2,1,0,0,0,0,0,0,0,0,0,0
2001,90275,1,1,16,16,16,16,16,16,16,16,16,16
2001,90276,1,1,0,0,0,0,0,0,0,0,0,0
2001,90276,2,1,0,24,9,20,0,19,0,0,2,9
2001,90277,1,1,0,0,0,0,0,0,0,0,0,0
2001,90277,2,1,0,0,0,0,0,0,0,0,0,0
2001,90278,1,1,0,0,0,0,0,0,0,0,0,0
2001,90279,0,1,0,0,0,0,0,0,0,0,0,0
2001,90279,1,1,0,0,0,0,0,0,0,0,0,0
2001,90280,1,1,13,13,13,13,13,13,13,13,13,13
2001,90280,2,1,0,0,0,0,0,0,0,0,0,0
2001,90281,1,1,0,0,0,19,0,0,0,0,0,0
2001,90281,2,1,0,0,0,0,0,0,0,0,0,0
2001,90282,1,1,24,24,24,24,24,24,24,24,24,24
2001,90282,2,1,0,0,0,0,0,0,0,0,0,0
2001,90282,3,1,18,9,0,18,0,16,0,0,10,0
2001,90283,1,1,24,24,24,24,24,24,24,24,24,24
2001,90284,0,1,0,10,11,16,40,39,23,0,0,25
2001,90284,1,1,29,4,8,0,0,31,0,21,16,16
2001,90285,1,1,0,0,0,0,0,0,0,0,0,0
2001,90285,2,1,0,0,0,0,0,0,0,0,0,0
2001,90286,1,1,0,0,0,0,11,0,0,0,0,0
2001,90286,2,1,18,20,21,31,6,31,21,20,19,10
2001,90287,1,1,0,0,0,0,0,0,11,0,0,0
2001,90287,2,1,0,0,0,0,0,0,0,0,0,0
2001,90289,0,1,21,13,28,46,22,22,7,16,16,33
2001,90289,1,1,0,0,0,0,0,0,0,0,0,0
2001,90290,1,1,0,0,13,0,0,0,0,0,0,0
2001,90290,2,1,0,0,0,0,0,0,0,0,0,0
2001,90291,1,1,0,0,0,0,0,0,0,0,0,0
2001,90291,2,1,0,0,0,0,0,0,11,33,0,0
2001,100001,1,1,0,0,0,0,0,0,0,0,0,0
2001,100002,1,1,0,0,0,0,0,0,0,0,0,0
2001,100002,2,1,0,0,0,0,0,0,0,0,0,0
2001,100003,1,1,29,29,29,29,29,29,29,29,29,29
2001,100004,1,1,0,0,0,0,0,0,0,0,0,0
2001,100004,2,1,4,23,9,0,9,10,16,13,6,0
2001,100005,0,1,25,25,25,25,25,25,25,25,25,25
2001,100005,1,1,13,0,0,0,0,0,0,0,0,0
2001,100006,0,1,0,0,0,0,0,0,0,0,0,0
2001,100006,1,1,0,0,0,0,0,0,0,0,0,0
2001,100007,1,1,0,0,0,0,0,0,0,0,0,0
2001,100007,2,1,0,0,0,0,0,0,0,0,0,0
2001,100008,1,1,23,23,23,23,23,23,23,23,23,23
2001,100009,0,1,0,0,0,0,0,0,0,0,0,0
2001,100009,1,1,0,0,0,0,0,0,0,0,0,0
2001,100010,1,1,0,0,0,0,0,0,0,0,0,0
2001,100010,2,1,0,0,0,0,0,0,0,0,0,0
2001,100010,3,1,0,0,0,0,0,0,0,0,0,0
2001,100011,1,1,11,11,11,11,11,11,11,11,11,11
2001,100012,1,1,0,0,0,0,0,0,0,0,0,0
2001,100012,2,1,0,0,0,0,0,0,0,0,0,0
2001,100013,1,1,17,15,27,27,27,22,36,30,10,10
2001,100014,1,1,0,0,0,0,0,0,0,0,0,0
2001,100015,1,1,0,0,0,0,0,0,0,0,0,0
2001,100016,0,1,0,0,0,0,15,0,0,24,0,0
2001,100016,1,1,0,0,0,0,0,0,0,0,6,0
2001,100017,0,1,0,0,0,0,0,0,0,0,0,0
2001,100017,1,1,0,0,8,0,0,0,0,0,0,0
2001,100018,1,1,22,22,22,22,22,22,22,22,22,22
2001,100018,2,1,0,0,0,0,0,0,0,0,0,0
2001,100019,0,1,22,22,22,22,22,22,22,22,22,22
2001,100019,1,1,0,0,0,0,0,0,0,0,0,0
2001,100021,0,1,0,0,16,0,0,0,0,0,0,10
2001,100021,1,1,4,0,0,9,0,0,0,0,7,13
2001,100022,1,1,15,15,15,15,15,15,15,15,15,15
2001,100023,1,1,0,0,0,0,0,0,0,0,0,0
2001,100024,0,1,0,0,0,0,0,0,0,0,0,0
2001,100024,1,1,0,0,0,0,0,0,0,0,0,0
2001,100025,1,1,0,0,0,0,0,0,0,0,0,0
2001,100025,2,1,0,0,0,0,0,0,0,0,0,0
2001,100026,0,1,26,26,26,26,26,26,26,26,26,26
2001,100026,1,1,19,0,0,0,0,0,0,9,15,0
2001,100027,1,1,0,0,0,0,0,0,0,0,0,0
2001,100028,0,1,0,0,0,0,0,0,0,0,0,0
2001,100028,1,1,0,0,0,0,0,0,0,0,0,0
2001,100029,1,1,9,9,9,9,9,9,9,9,9,9
2001,100029,2,1,0,0,0,0,0,0,0,0,0,0
2001,100030,1,1,0,0,0,0,0,0,0,0,0,0
2001,100030,2,1,0,0,0,0,0,0,0,0,0,0
2001,100031,1,1,2,2,2,2,2,2,2,2,2,2
2001,100032,1,1,0,0,0,0,0,0,0,0,0,0
2001,100032,2,1,15,15,15,15,15,15,15,15,15,15
2001,100032,3,1,21,0,13,18,0,0,0,0,0,11
2001,100033,1,1,33,33,33,33,33,33,33,33,33,33
2001,100034,1,1,0,0,0,0,0,0,0,0,0,0
2001,100034,2,1,0,0,0,0,0,0,0,0,0,0
2001,100035,1,1,0,0,0,0,0,0,0,0,0,0
2001,100035,2,1,0,0,0,0,0,0,0,0,0,0
2001,100035,3,1,0,0,0,0,0,0,0,0,0,0
2001,100035,5,1,0,0,0,0,0,0,0,0,0,9
2001,100035,6,1,0,0,0,0,0,0,0,0,0,0
2001,100036,1,1,2,2,2,2,2,2,2,2,2,2
2001,100036,2,1,0,0,0,0,0,0,0,0,0,0
2001,100037,1,1,0,0,0,0,0,0,0,0,0,0
2001,100037,2,1,0,0,0,0,0,0,11,0,0,0
2001,100038,1,1,0,0,0,0,0,0,0,0,0,0