YEAR,st_case,veh_no,per_no,P1,P2,P3,P4,P5,P6,P7,P8,P9,P10
2001,120111,1,1,22,22,22,22,22,22,22,22,22,22
2001,120111,2,1,0,0,0,0,0,0,0,0,0,0
2001,120111,3,1,0,0,0,0,0,0,0,0,0,0
2001,120112,1,1,18,18,18,18,18,18,18,18,18,18
2001,120113,0,1,27,27,27,27,27,27,27,27,27,27
2001,120113,1,1,0,0,0,0,0,0,0,0,0,0
2001,120114,1,3,0,0,0,0,0,0,0,0,0,0
2001,120114,2,1,0,0,0,0,0,0,0,0,0,0
2001,120115,1,1,0,0,0,0,0,0,0,0,0,0
2001,120115,2,1,0,0,0,0,0,0,0,5,0,0
2001,120116,1,1,10,10,10,10,10,10,10,10,10,10
2001,120117,1,1,26,26,26,26,26,26,26,26,26,26
2001,120118,1,1,0,0,0,0,0,0,0,0,0,0
2001,120119,1,1,0,0,0,0,0,0,0,0,0,0
2001,120119,2,1,0,0,0,0,0,0,0,0,0,0
2001,120119,3,1,0,0,0,0,0,0,15,0,0,0
2001,120120,1,1,0,0,0,0,0,0,0,0,0,0
2001,120120,2,1,0,0,0,21,0,0,0,0,0,23
2001,120121,1,1,11,11,11,11,11,11,11,11,11,11
2001,120121,2,1,0,0,6,0,0,0,0,0,0,0
2001,120122,1,1,7,0,0,19,0,13,0,6,0,15
2001,120122,2,1,14,0,0,0,0,0,0,0,0,13
2001,120123,1,1,25,25,25,25,25,25,25,25,25,25
2001,120123,2,1,0,0,0,0,0,0,0,0,0,0
2001,120124,0,1,0,0,0,0,0,0,0,0,0,0
2001,120124,1,1,0,0,0,0,0,0,0,0,0,0
2001,120125,1,1,0,0,0,0,0,0,0,0,0,0
2001,120125,2,1,0,0,0,0,0,0,0,0,0,0
2001,120126,0,1,0,0,0,0,0,0,0,0,0,0
2001,120126,1,1,0,0,0,0,0,0,0,0,0,0
2001,120127,1,1,0,0,0,0,0,0,14,0,0,0
2001,120127,2,1,0,0,0,0,0,0,0,0,0,0
2001,120128,0,1,17,17,17,17,17,17,17,17,17,17
2001,120128,1,1,0,0,0,0,0,0,0,0,0,0
2001,120129,0,1,0,0,0,0,0,0,0,0,12,0
2001,120129,1,1,0,0,0,0,0,0,0,0,0,0
2001,120130,1,1,13,13,13,13,13,13,13,13,13,13
2001,120131,1,1,1,1,1,1,1,1,1,1,1,1
2001,120132,1,1,0,0,0,0,9,0,0,0,0,0
2001,120132,2,1,0,0,0,0,0,0,0,0,0,0
2001,120133,1,1,0,0,0,0,0,0,0,0,0,0
2001,120133,2,1,0,0,0,0,0,0,0,0,0,0
2001,120134,1,1,16,16,16,16,16,16,16,16,16,16
2001,120135,1,1,0,0,0,0,0,0,0,0,0,0
2001,120135,2,1,0,0,0,0,0,0,0,0,0,0
2001,120136,1,1,0,0,0,0,0,0,0,0,0,0
2001,120137,0,1,0,0,0,0,0,0,0,0,0,0
2001,120137,0,2,0,0,0,0,23,0,0,0,0,0
2001,120137,1,1,0,0,0,0,0,0,0,0,0,0
2001,120138,1,1,0,0,0,0,0,0,0,0,0,0
2001,120138,2,1,0,0,0,0,0,0,0,0,0,0
2001,120139,1,1,0,0,0,0,9,0,0,0,0,0
2001,120139,2,1,0,0,0,0,0,0,0,0,0,0
2001,120140,1,1,0,0,0,0,0,0,0,0,0,0
2001,120140,2,1,0,14,0,0,16,19,21,28,12,15
2001,120140,3,1,0,0,0,0,0,0,0,0,0,0
2001,120141,1,1,0,0,0,0,0,0,0,0,0,0
2001,120142,0,1,0,0,0,0,0,0,0,0,0,0
2001,120142,1,1,0,0,0,20,0,0,0,0,3,0
2001,120143,0,1,0,0,0,0,0,0,0,0,0,0
2001,120143,1,1,0,0,0,0,0,0,0,0,0,0
2001,120144,1,1,0,0,0,0,0,0,0,0,0,2
2001,120144,2,1,0,0,0,0,0,0,0,0,0,0
2001,120145,1,1,0,0,0,0,0,0,0,0,0,0
2001,120146,1,1,0,0,0,0,0,0,0,0,0,0
2001,120146,2,1,0,0,0,0,0,0,0,0,0,0
2001,120147,0,1,19,19,19,19,19,19,19,19,19,19
2001,120147,1,1,0,0,0,0,0,0,0,0,0,0
2001,120148,0,1,18,18,18,18,18,18,18,18,18,18
2001,120148,0,2,16,0,0,12,0,15,15,0,20,12
2001,120148,1,1,15,15,15,15,15,15,15,15,15,15
2001,120149,1,1,0,0,0,0,0,0,0,0,0,0
2001,120149,2,1,0,0,0,0,0,0,0,0,0,0
2001,120150,1,1,5,5,5,5,5,5,5,5,5,5
2001,120150,2,1,0,0,0,0,0,0,0,0,0,0
2001,120151,0,1,0,0,0,0,0,0,0,0,0,0
2001,120151,1,1,0,0,0,0,0,0,0,0,0,0
2001,120152,1,1,0,0,0,0,0,0,0,0,0,0
2001,120152,2,1,0,0,0,0,0,0,0,0,0,0
2001,120153,1,1,0,0,0,0,0,0,0,0,0,20
2001,120153,2,1,0,0,9,0,14,0,12,0,0,3
2001,120154,1,1,0,0,0,0,0,0,0,15,0,0
2001,120154,2,1,0,0,0,0,0,0,0,0,0,0
2001,120155,1,1,0,0,0,0,0,0,0,0,0,0
2001,120155,2,1,0,0,0,0,0,0,0,0,0,0
2001,120155,3,1,0,0,0,0,0,0,0,0,0,0
2001,120156,1,1,0,0,0,0,21,0,23,0,0,0
2001,120156,2,1,0,0,0,0,0,0,0,5,8,5
2001,120157,1,1,30,0,0,0,0,0,0,0,0,0
2001,120157,2,1,0,0,0,0,0,0,0,0,0,0
2001,120158,1,1,0,0,0,0,0,0,0,0,0,0
2001,120158,2,1,0,0,0,0,0,0,0,0,0,0
2001,120159,1,1,0,0,17,0,0,0,0,0,0,0
2001,120159,2,1,0,0,0,0,0,0,0,0,0,0
2001,120160,1,1,0,0,0,0,0,0,0,0,0,0
2001,120160,2,1,0,0,0,17,0,0,18,0,0,0
2001,120161,0,1,0,0,0,0,0,0,0,0,0,0
2001,120161,1,1,0,0,0,0,0,0,0,0,0,0
2001,120162,1,1,0,0,0,0,0,0,0,0,0,0
2001,120163,1,1,46,46,46,46,46,46,46,46,46,46
2001,120163,2,1,0,0,0,0,0,0,0,0,0,0
2001,120164,1,1,4,4,4,4,4,4,4,4,4,4
2001,120164,2,1,14,14,14,14,14,14,14,14,14,14
2001,120165,1,1,0,0,0,0,0,0,0,0,0,0
2001,120165,2,1,0,0,0,0,0,0,0,0,0,0
2001,120166,0,1,0,0,0,0,0,0,0,0,0,0
2001,120166,1,1,0,0,0,0,0,0,0,0,0,0
2001,120167,0,1,0,0,0,0,0,0,0,0,0,0
2001,120167,1,1,21,0,0,0,0,0,0,0,5,0
2001,120168,0,1,19,0,0,0,0,0,0,0,0,0
2001,120168,1,1,0,0,0,0,0,0,0,0,0,0
2001,120169,0,1,20,20,20,20,20,20,20,20,20,20
2001,120169,1,1,26,0,6,8,0,19,0,10,9,4
2001,120170,1,1,17,17,0,0,0,0,0,19,20,0
2001,120171,1,1,9,9,9,9,9,9,9,9,9,9
2001,120172,1,1,12,12,12,12,12,12,12,12,12,12
2001,120173,1,1,14,14,14,14,14,14,14,14,14,14
2001,120173,2,1,0,0,0,0,0,0,0,0,0,0
2001,120173,3,1,0,0,0,0,0,0,0,0,0,0
2001,120173,4,1,0,0,0,0,0,0,0,0,0,0
2001,120174,1,1,25,25,25,25,25,25,25,25,25,25
2001,120175,1,1,20,20,20,20,20,20,20,20,20,20
2001,120176,1,1,11,11,11,11,11,11,11,11,11,11
2001,120177,1,1,17,17,17,17,17,17,17,17,17,17
2001,120178,1,1,0,0,0,0,0,0,0,16,15,0
2001,120179,1,1,16,16,16,16,16,16,16,16,16,16
2001,120180,1,1,0,0,0,0,0,0,0,0,0,0
2001,120180,2,1,0,0,0,0,0,0,0,0,0,0
2001,120181,0,1,37,37,37,37,37,37,37,37,37,37
2001,120181,1,1,0,0,24,0,0,0,0,0,0,0
2001,120182,1,1,0,0,0,0,0,0,0,0,0,0
2001,120182,2,1,0,0,0,0,0,0,0,0,0,0
2001,120183,1,1,46,46,46,46,46,46,46,46,46,46
2001,120184,1,1,5,5,5,5,5,5,5,5,5,5
2001,120185,1,1,0,0,0,0,0,0,0,0,0,0
2001,120185,2,1,0,0,0,0,0,0,0,0,0,0
2001,120185,3,1,0,0,0,0,0,0,0,0,0,0
2001,120186,1,1,0,0,0,0,0,0,0,0,0,0
2001,120186,2,1,0,0,0,0,0,0,0,0,0,0
2001,120187,1,1,20,0,0,0,0,29,0,0,0,0
2001,120188,1,1,0,0,0,0,0,0,0,0,0,0
2001,120189,1,1,0,0,0,8,0,0,0,0,0,3
2001,120189,2,1,0,0,0,0,0,0,0,0,0,0
2001,120190,1,1,0,0,0,0,0,0,0,0,0,0
2001,120190,2,1,0,0,0,0,0,0,0,0,0,0
2001,120191,1,1,0,0,0,0,0,0,0,0,0,0
2001,120191,2,1,0,0,0,0,0,0,0,0,0,0
2001,120191,3,1,0,0,0,0,0,0,0,0,0,0
2001,120192,1,1,0,0,0,0,0,0,12,20,0,0
2001,120192,2,1,0,0,0,0,0,0,0,0,0,10
2001,120193,1,1,0,0,0,0,0,0,0,0,0,0
2001,120193,2,1,0,0,0,0,0,0,0,0,0,0
2001,120193,3,1,0,0,0,0,0,0,0,0,0,0
2001,120194,0,1,0,0,0,0,34,3,0,0,16,0
2001,120194,1,1,0,0,0,0,0,0,0,4,0,0
2001,120195,1,1,0,0,0,0,0,0,0,0,0,0
2001,120196,1,1,0,0,0,0,0,0,0,0,0,0
2001,120196,2,1,0,0,0,0,0,0,0,0,0,0
2001,120197,1,1,0,0,0,0,0,0,0,0,11,0
2001,120197,2,1,0,0,0,0,0,0,0,0,0,0
2001,120198,0,1,23,23,23,23,23,23,23,23,23,23
2001,120198,1,1,0,0,0,0,0,0,0,0,0,0
2001,120199,0,1,2,2,2,2,2,2,2,2,2,2
2001,120199,1,1,0,0,5,7,0,2,5,0,0,0
2001,120200,1,1,0,0,0,0,0,0,0,0,0,0
2001,120200,2,1,19,19,19,19,19,19,19,19,19,19
2001,120201,1,1,0,0,0,0,0,0,0,0,0,0
2001,120202,0,1,16,16,16,16,16,16,16,16,16,16
2001,120202,1,1,0,0,0,0,0,0,0,0,0,0
2001,120203,1,1,0,0,0,0,0,0,0,0,0,0
2001,120203,2,1,0,0,0,14,0,0,0,0,0,0
2001,120203,3,1,0,0,0,0,0,0,0,0,0,0
2001,120204,1,1,24,24,24,24,24,24,24,24,24,24
2001,120205,1,1,29,29,29,29,29,29,29,29,29,29
2001,120206,1,1,0,0,0,0,0,0,0,0,0,0
2001,120206,2,1,0,0,0,0,0,0,0,0,0,0
2001,120206,3,1,0,0,0,0,0,0,0,0,0,0
2001,120206,4,1,0,0,0,0,0,0,0,0,0,0
2001,120206,5,1,0,0,0,0,0,0,0,0,0,0
2001,120207,1,1,27,27,27,27,27,27,27,27,27,27
2001,120208,1,1,0,0,9,0,0,0,21,22,0,22
2001,120208,2,1,0,0,0,0,0,0,0,0,0,0
2001,120209,1,1,0,0,0,0,0,0,0,0,0,0
2001,120209,2,1,0,0,0,0,0,0,0,0,0,0
2001,120210,1,1,1,1,1,1,1,1,1,1,1,1
2001,120210,2,1,0,0,0,0,0,0,0,0,0,0
2001,120211,1,1,21,21,21,21,21,21,21,21,21,21
2001,120211,2,1,0,13,0,0,0,0,0,0,0,0
2001,120212,1,1,0,0,0,0,0,0,0,0,0,0
2001,120213,1,1,0,0,0,0,0,0,0,0,0,0
2001,120213,2,1,0,0,0,0,0,0,0,0,0,0
2001,120214,0,1,0,0,0,0,0,0,0,0,0,0
2001,120214,1,1,0,0,0,0,0,0,0,0,0,0
2001,120214,2,1,0,0,0,0,0,0,0,0,0,0
2001,120215,1,1,0,0,0,0,0,0,0,0,0,0
2001,120216,1,1,0,0,0,0,0,0,0,0,0,0
2001,120216,2,1,0,0,0,0,0,0,0,0,0,0
2001,120217,1,1,0,0,0,0,0,0,0,0,0,0
2001,120218,1,1,0,0,0,0,0,0,0,0,0,0
2001,120218,2,1,0,0,0,0,0,0,0,0,0,0
2001,120219,0,1,18,18,18,18,18,18,18,18,18,18
2001,120219,1,1,0,0,11,6,0,7,0,0,0,0
2001,120220,0,1,0,28,6,0,22,55,0,9,20,0
2001,120220,1,1,0,0,0,0,0,0,0,0,0,0
2001,120221,0,1,0,0,0,0,0,0,0,0,0,0
2001,120221,1,1,0,0,0,0,0,0,0,0,0,0
2001,120222,1,1,0,0,0,0,0,0,0,0,0,0
2001,120222,2,1,0,0,0,0,0,0,0,0,0,0
2001,120223,1,1,0,0,0,0,0,0,0,0,0,0
2001,120223,2,1,24,24,24,24,24,24,24,24,24,24
2001,120224,0,1,0,0,0,0,0,0,0,0,0,0
2001,120224,1,1,0,0,0,0,0,0,0,0,0,0
2001,120225,1,1,0,0,0,0,0,0,0,0,0,0
2001,120225,2,1,0,0,0,0,0,0,0,0,0,0
2001,120226,0,1,38,14,36,0,0,6,10,19,0,28
2001,120226,1,1,0,19,0,0,16,6,0,23,0,0
2001,120227,0,1,0,0,0,0,0,0,0,0,0,0
2001,120227,1,1,0,0,0,19,0,0,0,0,0,0
2001,120228,0,1,0,0,0,0,0,0,0,0,0,0
2001,120228,1,1,15,0,0,0,0,0,0,0,0,0
2001,120228,2,1,0,0,0,0,0,0,0,0,0,0
2001,120229,1,1,0,0,0,0,0,0,0,0,0,0
2001,120230,1,1,0,0,0,0,0,0,0,0,0,0
2001,120230,2,1,0,0,0,0,0,0,0,0,0,0
2001,120230,3,1,0,0,0,0,0,0,0,0,0,0
2001,120230,4,1,0,0,0,0,0,0,0,25,0,0
2001,120231,1,1,0,0,0,0,0,0,0,0,0,0
2001,120231,2,1,0,0,0,0,0,0,0,0,0,0
2001,120232,1,1,0,0,0,0,0,0,0,0,0,0
2001,120232,2,1,0,0,0,0,0,0,0,0,0,0
2001,120233,1,1,2,2,2,2,2,2,2,2,2,2
2001,120233,2,1,0,0,0,0,0,0,0,0,0,0
2001,120233,3,1,0,0,0,0,0,0,0,0,0,0
2001,120234,1,1,0,0,0,0,0,0,0,0,0,0
2001,120234,2,1,0,0,0,0,0,0,0,0,0,0
2001,120234,3,1,0,0,0,0,0,0,0,0,0,0
2001,120234,4,1,0,0,0,0,0,0,8,0,0,0
2001,120234,5,1,0,0,0,0,0,0,0,0,0,0
2001,120235,1,1,0,0,0,0,0,0,0,0,0,0
2001,120235,2,1,0,0,0,0,0,0,0,0,0,0
2001,120236,1,1,0,0,0,0,0,0,0,0,0,2
2001,120237,1,1,21,21,21,21,21,21,21,21,21,21
2001,120237,2,1,9,9,9,9,9,9,9,9,9,9
2001,120238,1,1,0,0,0,0,0,0,0,0,0,0
2001,120238,2,1,0,0,0,0,0,0,0,0,0,0
2001,120239,1,1,35,35,35,35,35,35,35,35,35,35
2001,120240,1,1,0,0,0,0,0,0,0,0,0,0
2001,120241,1,1,21,21,21,21,21,21,21,21,21,21
2001,120241,2,1,0,0,0,0,0,0,0,0,0,0
2001,120241,3,1,0,0,0,0,0,0,0,0,0,0
2001,120242,0,1,0,0,0,0,0,0,0,0,0,0
2001,120242,1,1,0,0,0,0,0,0,22,0,0,0
2001,120243,1,1,10,0,0,0,0,0,0,0,0,0
2001,120243,2,1,0,0,0,0,0,0,0,0,0,0
2001,120244,0,1,0,0,0,0,0,0,0,0,0,0
2001,120244,1,1,0,0,0,0,0,0,0,0,0,0
2001,120245,1,1,0,0,0,0,0,0,0,0,0,0
2001,120245,2,1,0,0,0,0,0,0,0,0,0,0
2001,120246,1,1,0,0,0,0,0,0,0,0,0,0
2001,120247,1,1,16,16,16,16,16,16,16,16,16,16
2001,120248,1,1,0,0,0,0,0,0,0,0,0,0
2001,120248,2,1,0,0,0,0,0,0,0,0,0,0
2001,120249,1,1,0,0,0,0,0,0,0,0,0,0
2001,120249,2,1,0,0,13,0,0,0,0,0,0,0
2001,120250,0,1,0,0,0,0,0,0,0,0,0,0
2001,120250,1,1,0,0,0,0,0,0,0,0,0,0
2001,120251,1,1,21,21,21,21,21,21,21,21,21,21
2001,120252,1,1,4,4,4,4,4,4,4,4,4,4
2001,120252,2,1,0,0,0,0,0,0,0,0,0,0
2001,120252,3,1,0,0,0,0,0,0,0,0,0,0
2001,120253,1,1,32,32,32,32,32,32,32,32,32,32
2001,120253,2,1,6,6,6,6,6,6,6,6,6,6
2001,120253,3,1,0,0,0,0,18,9,21,9,0,0
2001,120254,1,1,23,23,23,23,23,23,23,23,23,23
2001,120255,1,1,21,21,21,21,21,21,21,21,21,21
2001,120256,1,1,0,17,16,26,0,9,13,11,0,14
2001,120257,1,1,0,0,0,0,0,0,0,0,0,0
2001,120258,0,1,27,27,27,27,27,27,27,27,27,27
2001,120258,2,1,14,14,14,14,14,14,14,14,14,14
2001,120259,1,1,0,0,0,0,0,0,0,0,0,0
2001,120260,1,1,0,0,0,0,0,0,0,0,0,0
2001,120260,2,1,0,0,0,0,0,0,26,0,0,0
2001,120261,0,1,16,16,16,16,16,16,16,16,16,16
2001,120261,1,1,0,0,0,0,0,0,0,0,0,0
2001,120262,1,1,0,0,0,0,0,0,0,0,0,0
2001,120262,2,1,28,0,0,0,0,6,15,7,16,10
2001,120262,3,1,0,0,0,0,0,0,0,0,0,0
2001,120263,1,1,0,0,0,0,0,0,0,0,0,0
2001,120264,1,1,24,24,24,24,24,24,24,24,24,24
2001,120265,0,1,27,27,27,27,27,27,27,27,27,27
2001,120265,1,1,22,0,0,0,0,0,0,0,0,0
2001,120266,1,1,0,0,0,0,0,0,0,0,0,0
2001,120266,2,1,0,0,0,0,0,0,0,0,0,0
2001,120266,3,1,4,0,0,0,0,0,0,0,0,7
2001,120266,4,1,0,0,0,0,0,0,0,0,7,0
2001,120266,5,1,0,0,0,0,0,0,0,0,0,0
2001,120267,0,1,0,0,0,0,0,14,0,0,0,3
2001,120267,1,1,0,0,0,0,0,0,0,0,0,0
2001,120269,1,1,22,22,22,22,22,22,22,22,22,22
2001,120269,2,1,0,0,0,0,0,0,0,0,0,0
2001,120270,1,1,0,0,0,0,0,0,0,0,0,0
2001,120270,2,1,0,0,0,0,0,0,0,0,0,0
2001,120271,1,1,0,0,0,0,0,0,0,0,0,0
2001,120271,2,1,0,0,0,0,0,0,0,0,0,0
2001,120272,1,1,20,20,20,20,20,20,20,20,20,20
2001,120272,2,1,0,0,0,0,0,0,0,0,0,0
2001,120273,1,1,0,0,0,0,0,0,0,0,0,0
2001,120273,2,1,10,10,10,10,10,10,10,10,10,10
2001,120273,3,1,0,0,0,0,0,0,0,0,0,0
2001,120273,4,1,10,10,10,10,10,10,10,10,10,10
2001,120274,0,1,0,22,0,0,0,0,0,0,0,0
2001,120274,0,2,5,5,5,5,5,5,5,5,5,5
2001,120274,1,1,0,0,0,0,0,0,0,0,0,0
2001,120275,1,1,0,0,0,0,0,0,0,0,0,0
2001,120275,2,1,0,0,0,0,0,0,0,0,0,0
2001,120275,3,1,0,0,0,0,0,0,0,0,0,0
2001,120276,1,1,0,0,0,0,0,0,0,0,0,0
2001,120276,2,1,0,0,0,0,12,0,0,25,0,0
2001,120277,1,1,0,0,0,0,0,0,0,0,0,0
2001,120277,2,1,0,0,0,0,0,0,0,0,0,0
2001,120277,3,1,0,0,0,0,0,0,0,0,0,0
2001,120278,1,1,0,0,0,0,0,0,0,0,4,0
2001,120278,2,1,0,0,0,0,0,0,0,0,0,0
2001,120279,1,1,0,0,0,0,0,0,0,0,0,0
2001,120280,1,1,4,4,4,4,4,4,4,4,4,4
2001,120280,2,1,0,0,0,0,0,0,0,0,0,0
2001,120281,0,1,35,35,35,35,35,35,35,35,35,35
2001,120281,1,1,0,0,0,0,0,0,0,0,0,0
2001,120282,1,1,0,0,0,0,26,0,0,0,0,8
2001,120283,0,1,38,38,38,38,38,38,38,38,38,38
2001,120283,1,1,0,18,0,0,0,0,0,5,35,0
2001,120284,1,1,12,12,12,12,12,12,12,12,12,12
2001,120285,1,1,0,0,0,0,0,0,0,0,0,0
2001,120285,2,1,0,0,0,0,0,0,0,0,0,0
2001,120286,1,1,0,0,0,0,0,0,0,0,0,13
2001,120286,2,1,10,0,0,0,0,0,0,0,0,0
2001,120286,3,1,0,0,0,0,0,0,0,0,0,0
2001,120287,1,1,0,0,0,0,0,0,0,0,0,0
2001,120287,2,1,0,0,0,0,0,0,0,0,0,0
2001,120288,1,1,0,0,0,0,0,0,0,0,0,0
2001,120289,1,1,0,0,0,0,0,0,0,0,0,0
2001,120289,2,1,0,0,0,0,0,0,0,0,0,0
2001,120290,1,1,0,0,10,0,0,0,0,0,0,0
2001,120290,2,1,0,0,0,0,0,0,0,0,0,0
2001,120291,1,1,0,0,0,0,0,0,0,0,0,0
2001,120292,1,1,0,0,0,0,0,0,0,0,0,0
2001,120292,2,1,0,0,0,0,0,0,0,0,0,0
2001,120293,0,1,4,4,4,4,4,4,4,4,4,4
2001,120293,1,1,11,11,11,11,11,11,11,11,11,11
2001,120293,2,1,0,0,0,0,0,0,0,0,5,0
2001,120294,1,1,3,3,3,3,3,3,3,3,3,3
2001,120295,0,1,0,0,0,0,0,0,0,0,0,0
2001,120295,0,2,0,0,0,0,0,0,0,0,0,0
2001,120295,0,3,0,0,0,0,0,0,0,0,0,0
2001,120295,1,1,0,0,0,0,0,0,0,0,0,0
2001,120296,1,1,24,24,24,24,24,24,24,24,24,24
2001,120296,2,1,0,0,0,0,0,0,0,0,0,0
2001,120297,1,1,10,10,10,10,10,10,10,10,10,10
2001,120298,0,1,4,4,4,4,4,4,4,4,4,4
2001,120298,1,1,0,0,0,0,0,0,0,0,0,0
2001,120298,2,1,0,0,0,0,0,3,0,0,0,0
2001,120298,3,1,0,0,0,0,0,0,0,0,0,0
2001,120299,1,1,0,0,0,0,0,0,0,0,0,0
2001,120299,2,1,0,0,0,0,0,0,0,0,0,0
2001,120300,0,1,8,8,8,8,8,8,8,8,8,8
2001,120300,1,1,13,13,13,13,13,13,13,13,13,13
2001,120301,0,1,23,0,0,26,33,25,0,0,17,0
2001,120301,1,1,0,0,0,0,0,0,0,0,0,0
2001,120302,1,1,0,0,0,0,0,0,0,0,0,0
2001,120303,1,1,20,20,20,20,20,20,20,20,20,20
2001,120304,1,1,15,15,15,15,15,15,15,15,15,15
2001,120304,2,2,0,20,0,24,0,14,0,14,4,16
2001,120305,1,1,0,0,0,0,0,0,0,0,0,0
2001,120305,2,1,0,0,0,0,0,0,0,0,0,0
2001,120306,1,1,13,6,11,0,25,20,0,5,12,8
2001,120306,2,1,0,0,0,0,0,0,0,0,0,0
2001,120307,1,1,15,15,15,15,15,15,15,15,15,15
2001,120307,2,1,0,0,0,0,0,0,0,0,0,0
2001,120308,1,1,17,37,0,0,0,0,0,0,12,0
2001,120309,0,1,22,22,22,22,22,22,22,22,22,22
2001,120309,1,1,0,0,0,19,11,12,0,0,0,9
2001,120310,1,1,15,15,15,15,15,15,15,15,15,15
2001,120310,2,1,0,0,0,0,0,0,0,0,0,0
2001,120311,1,1,29,29,29,29,29,29,29,29,29,29
2001,120312,1,1,0,0,0,0,0,0,0,0,0,0
2001,120312,2,1,0,0,0,0,0,0,0,0,0,0
2001,120312,3,1,0,11,0,0,0,0,0,0,0,7
2001,120313,1,1,30,30,30,30,30,30,30,30,30,30
2001,120314,1,1,11,11,11,11,11,11,11,11,11,11
2001,120314,2,1,0,0,0,0,0,0,0,0,0,0
2001,120315,1,1,18,18,18,18,18,18,18,18,18,18
2001,120316,1,1,0,16,0,0,0,0,0,0,0,0
2001,120317,1,1,0,0,10,0,21,11,0,0,22,17
2001,120318,1,1,0,0,0,0,0,0,0,0,0,0
2001,120319,0,1,12,12,12,12,12,12,12,12,12,12
2001,120319,1,1,0,0,7,0,0,0,0,0,0,0
2001,120320,1,1,0,8,11,0,0,0,0,11,0,9
2001,120320,2,1,0,0,10,0,0,0,0,0,0,0
2001,120320,3,1,0,0,0,0,0,0,0,0,10,0
2001,120321,0,1,20,20,20,20,20,20,20,20,20,20
2001,120321,1,1,0,0,0,0,2,0,26,0,0,0
2001,120322,1,1,0,0,0,0,0,0,0,16,0,0
2001,120322,2,1,0,0,0,0,0,0,0,0,0,0
2001,120323,1,1,10,10,10,10,10,10,10,10,10,10
2001,120324,1,1,0,0,0,0,0,0,0,0,0,0
2001,120325,1,1,17,17,17,17,17,17,17,17,17,17
2001,120326,1,1,9,9,9,9,9,9,9,9,9,9
2001,120326,2,1,0,0,0,0,0,0,0,0,0,0
2001,120327,1,1,0,0,0,0,0,14,0,0,0,0
2001,120328,1,1,40,40,40,40,40,40,40,40,40,40
2001,120329,1,1,3,3,3,3,3,3,3,3,3,3
2001,120329,2,1,0,0,0,0,0,0,0,0,0,0
2001,120330,1,1,20,20,20,20,20,20,20,20,20,20
2001,120331,0,1,0,22,21,10,18,18,0,14,15,13
2001,120331,1,1,0,0,0,0,0,0,0,0,0,0
2001,120332,1,1,0,0,0,18,0,0,0,0,0,0
2001,120332,2,1,19,0,0,0,0,0,0,0,0,0
2001,120333,0,1,0,0,0,0,0,0,0,0,0,0
2001,120333,1,1,0,0,0,0,0,0,0,0,0,0
2001,120334,1,1,5,5,5,5,5,5,5,5,5,5
2001,120335,1,1,0,0,0,0,0,0,0,16,0,0
2001,120335,2,1,0,0,0,0,0,0,0,0,0,0
2001,120336,0,1,31,31,31,31,31,31,31,31,31,31
2001,120336,1,1,0,0,0,0,0,0,0,0,0,0
2001,120337,1,1,0,0,0,0,0,0,0,0,0,0
2001,120337,2,1,0,0,0,0,0,0,0,0,0,0
2001,120338,1,1,0,0,0,0,0,0,0,0,0,0
2001,120338,2,1,0,0,0,0,0,0,0,0,0,0
2001,120339,0,1,0,0,0,0,0,0,0,0,0,0
2001,120339,1,1,16,16,16,16,16,16,16,16,16,16
2001,120340,1,1,7,23,0,0,0,0,0,0,0,0
2001,120341,1,1,0,0,0,8,0,0,0,0,0,0
2001,120342,1,1,0,0,0,0,0,0,0,0,0,0
2001,120343,1,1,10,10,10,10,10,10,10,10,10,10
2001,120344,0,1,23,23,23,23,23,23,23,23,23,23
2001,120344,1,1,0,0,0,0,0,0,0,0,0,0
2001,120345,0,1,16,16,16,16,16,16,16,16,16,16
2001,120345,1,1,0,0,0,0,0,0,0,0,0,0
2001,120345,2,1,0,0,0,0,0,0,0,0,0,0
2001,120346,0,1,13,13,13,13,13,13,13,13,13,13
2001,120346,1,1,0,0,0,0,0,0,0,0,0,0
2001,120347,1,1,0,0,0,0,0,0,11,0,0,0
2001,120348,1,1,24,24,24,24,24,24,24,24,24,24
2001,120348,2,1,0,0,0,0,0,0,14,0,0,0
2001,120349,0,1,0,0,0,0,0,0,0,0,0,0
2001,120349,1,1,0,0,0,0,0,0,0,0,0,0
2001,120350,0,1,0,0,0,0,0,0,0,0,0,0
2001,120350,0,2,21,11,20,32,44,27,0,0,24,0
2001,120350,1,1,0,0,0,0,0,0,10,0,2,0
2001,120351,1,1,0,0,0,9,0,0,0,13,0,0
2001,120352,0,1,25,25,25,25,25,25,25,25,25,25
2001,120352,0,2,0,0,21,17,1,0,20,0,30,7
2001,120352,1,1,16,16,16,16,16,16,16,16,16,16
2001,120353,0,1,16,16,16,16,16,16,16,16,16,16
2001,120353,1,1,0,0,0,0,0,0,0,0,0,0
2001,120354,1,1,9,9,9,9,9,9,9,9,9,9
2001,120355,1,1,0,0,0,0,0,0,0,0,0,0
2001,120355,2,1,0,0,0,26,0,0,0,0,0,4
2001,120355,3,1,0,0,0,0,0,0,0,0,0,0