YEAR,st_case,veh_no,per_no,P1,P2,P3,P4,P5,P6,P7,P8,P9,P10
2001,120356,1,1,16,16,16,16,16,16,16,16,16,16
2001,120357,1,1,0,0,0,0,0,0,0,0,0,0
2001,120357,2,1,0,0,0,0,0,0,0,0,0,0
2001,120358,1,1,0,8,0,0,0,0,0,0,0,0
2001,120358,2,1,18,18,18,18,18,18,18,18,18,18
2001,120359,1,1,20,20,20,20,20,20,20,20,20,20
2001,120360,1,1,31,31,31,31,31,31,31,31,31,31
2001,120361,0,1,24,24,24,24,24,24,24,24,24,24
2001,120361,1,1,16,16,16,16,16,16,16,16,16,16
2001,120362,1,1,0,0,0,0,0,0,0,0,0,16
2001,120362,2,1,0,0,0,0,0,0,0,0,0,0
2001,120362,3,1,0,0,0,0,0,0,0,0,0,0
2001,120363,1,1,0,0,0,0,0,0,0,0,0,0
2001,120363,2,1,0,0,0,0,0,0,0,0,0,0
2001,120364,1,1,10,10,10,10,10,10,10,10,10,10
2001,120365,0,1,0,0,0,0,0,0,0,0,0,0
2001,120365,1,1,0,0,0,0,0,0,0,0,0,0
2001,120366,0,1,0,0,0,0,0,0,0,0,0,0
2001,120366,1,1,0,0,0,0,0,0,0,0,0,0
2001,120367,0,1,0,0,0,0,0,0,0,0,0,0
2001,120367,1,1,0,0,0,0,0,0,0,0,0,0
2001,120368,1,1,12,12,12,12,12,12,12,12,12,12
2001,120368,2,1,0,0,0,0,0,0,0,0,0,0
2001,120369,1,1,0,0,0,0,0,0,0,0,0,0
2001,120369,2,1,0,0,0,0,0,0,0,0,0,0
2001,120370,1,1,0,0,0,0,0,0,0,0,0,0
2001,120371,1,1,0,0,0,0,0,0,0,0,0,17
2001,120372,1,1,0,0,0,0,0,0,0,0,0,0
2001,120372,2,1,0,0,0,0,0,0,0,0,0,0
2001,120373,1,1,0,0,0,0,0,0,0,0,0,0
2001,120374,1,1,29,29,29,29,29,29,29,29,29,29
2001,120375,1,1,21,21,21,21,21,21,21,21,21,21
2001,120376,1,1,0,0,0,0,0,0,0,0,0,0
2001,120376,2,1,0,0,0,0,0,0,0,0,0,0
2001,120376,3,1,0,0,0,0,0,0,0,0,0,0
2001,120377,1,1,0,0,0,0,0,0,0,0,0,0
2001,120377,2,1,0,0,0,0,0,0,0,0,0,0
2001,120378,1,1,0,0,0,0,0,0,0,0,0,0
2001,120378,2,1,0,0,0,0,0,0,0,0,0,0
2001,120379,1,1,0,0,0,0,0,0,0,0,0,0
2001,120380,0,1,17,17,17,17,17,17,17,17,17,17
2001,120380,1,1,20,20,20,20,20,20,20,20,20,20
2001,120381,1,1,0,0,0,0,0,0,0,0,0,0
2001,120381,2,1,0,0,0,0,0,0,0,0,0,0
2001,120381,3,1,0,0,0,0,0,0,0,0,0,0
2001,120381,4,1,0,0,0,0,0,0,0,0,0,0
2001,120382,0,1,0,0,0,0,0,0,0,0,0,0
2001,120382,1,1,0,0,0,0,0,0,0,0,0,0
2001,120383,1,1,5,3,0,0,0,0,0,0,0,0
2001,120384,0,1,13,0,0,0,0,0,0,18,16,13
2001,120384,1,1,0,0,0,0,0,0,0,0,0,0
2001,120385,1,1,21,0,0,13,19,0,38,0,0,0
2001,120385,2,1,0,0,0,0,0,0,33,0,0,0
2001,120385,3,1,0,0,0,0,0,0,0,0,0,0
2001,120386,1,1,0,0,0,12,0,0,0,0,0,0
2001,120386,2,1,0,0,0,0,0,0,0,0,0,0
2001,120386,3,1,0,0,0,0,0,0,0,0,0,0
2001,120387,0,1,0,0,0,0,0,0,0,0,0,0
2001,120387,1,1,0,0,0,0,0,0,0,0,0,0
2001,120388,1,1,0,0,0,0,0,0,0,0,0,0
2001,120388,2,1,0,0,0,0,0,0,0,0,0,0
2001,120389,0,1,0,0,0,0,0,0,0,7,0,0
2001,120389,1,1,0,0,0,0,0,20,0,0,0,0
2001,120390,1,1,0,0,0,0,0,0,0,0,0,0
2001,120390,2,1,0,0,0,0,0,0,0,0,0,0
2001,120391,1,1,0,0,0,0,0,0,0,0,0,0
2001,120391,2,1,0,0,0,0,0,0,0,0,0,0
2001,120392,0,1,0,0,5,0,19,0,0,0,0,0
2001,120392,1,1,28,28,28,28,28,28,28,28,28,28
2001,120393,1,1,0,0,0,0,0,0,0,0,0,0
2001,120393,2,1,0,0,0,0,0,0,0,0,0,0
2001,120394,1,1,0,0,10,0,7,0,0,0,0,0
2001,120394,2,1,0,0,0,14,0,0,0,0,0,0
2001,120395,0,1,0,11,0,0,22,10,0,0,19,0
2001,120395,1,1,10,0,0,25,0,0,0,0,0,15
2001,120396,1,1,0,0,0,0,0,0,0,17,0,0
2001,120397,1,1,0,0,0,0,0,0,0,0,0,0
2001,120397,2,1,0,0,0,0,0,0,0,0,0,0
2001,120398,1,1,0,0,0,0,0,0,29,0,0,0
2001,120398,2,1,0,0,0,0,0,0,0,0,0,0
2001,120399,1,1,0,0,0,0,0,0,0,0,0,0
2001,120399,2,1,0,0,0,0,0,0,0,3,0,0
2001,120400,0,1,23,23,23,23,23,23,23,23,23,23
2001,120400,1,1,0,0,0,0,0,0,0,11,0,0
2001,120401,0,1,0,0,0,0,0,0,0,0,0,0
2001,120401,1,1,0,0,0,0,0,0,7,0,0,0
2001,120401,2,1,0,0,0,0,0,0,9,0,0,0
2001,120402,1,1,0,0,0,0,0,0,0,0,0,0
2001,120402,2,1,0,0,0,0,0,0,0,0,0,0
2001,120402,3,1,0,0,0,0,0,0,0,0,0,0
2001,120403,1,1,0,0,0,0,0,0,0,0,0,0
2001,120404,1,1,0,0,0,0,0,0,0,0,0,0
2001,120404,2,1,0,0,0,0,12,0,0,0,0,0
2001,120405,1,1,0,0,0,0,0,0,0,0,0,0
2001,120405,2,1,0,0,0,0,0,0,0,0,0,5
2001,120406,0,1,0,0,0,0,0,0,0,0,0,0
2001,120406,1,1,0,0,0,0,0,0,0,0,0,0
2001,120407,0,1,22,22,22,22,22,22,22,22,22,22
2001,120407,1,1,9,14,14,0,12,17,12,0,0,20
2001,120408,1,1,0,0,0,0,0,13,18,27,16,24
2001,120409,1,1,0,0,0,0,0,0,0,0,0,0
2001,120409,2,1,0,0,0,0,0,0,0,0,0,0
2001,120409,3,1,0,0,0,0,0,0,0,0,0,0
2001,120409,4,1,0,0,0,0,0,0,0,0,0,0
2001,120410,1,1,47,47,47,47,47,47,47,47,47,47
2001,120410,2,1,0,0,0,0,0,0,0,0,0,0
2001,120411,0,1,0,0,0,0,0,0,0,0,0,0
2001,120411,1,1,5,5,5,5,5,5,5,5,5,5
2001,120411,2,1,0,0,0,0,0,0,0,0,0,0
2001,120412,0,1,28,28,28,28,28,28,28,28,28,28
2001,120412,1,1,0,0,0,0,0,0,0,0,11,0
2001,120413,1,1,16,16,16,16,16,16,16,16,16,16
2001,120413,2,1,0,0,0,0,0,0,0,0,0,0
2001,120414,1,1,0,0,0,0,0,0,0,0,0,0
2001,120414,2,1,0,0,0,0,0,0,0,0,0,0
2001,120415,1,1,17,17,17,17,17,17,17,17,17,17
2001,120416,0,1,0,0,0,0,0,0,0,0,0,0
2001,120416,1,1,0,0,0,0,0,0,0,0,0,9
2001,120417,1,1,0,0,0,0,0,0,0,0,0,0
2001,120417,2,1,0,0,0,0,0,0,0,0,0,0
2001,120419,0,1,18,18,18,18,18,18,18,18,18,18
2001,120419,1,1,0,0,0,0,0,0,0,0,0,0
2001,120420,0,1,0,0,13,0,0,13,0,0,0,0
2001,120420,1,1,27,27,27,27,27,27,27,27,27,27
2001,120421,1,1,21,0,16,18,16,12,0,0,9,0
2001,120422,1,1,0,0,0,0,0,0,0,0,0,0
2001,120422,2,1,0,0,0,0,0,0,0,0,0,0
2001,120423,1,1,0,0,5,0,0,0,0,0,0,0
2001,120423,2,1,0,0,0,0,0,0,0,0,0,0
2001,120424,0,1,0,0,0,0,0,0,12,0,0,0
2001,120424,1,1,0,0,0,7,0,0,0,0,0,0
2001,120425,1,1,18,18,18,18,18,18,18,18,18,18
2001,120426,0,1,19,19,19,19,19,19,19,19,19,19
2001,120426,1,1,0,0,0,0,0,0,0,0,0,0
2001,120427,1,1,0,0,0,0,0,0,0,0,0,0
2001,120427,2,1,0,0,0,0,0,0,0,0,0,0
2001,120427,3,1,0,0,0,0,0,0,0,0,0,0
2001,120428,1,1,0,0,0,0,0,0,0,0,0,0
2001,120428,2,1,0,0,0,0,0,0,0,0,0,0
2001,120429,1,1,12,12,12,12,12,12,12,12,12,12
2001,120430,1,1,0,0,0,0,0,0,0,0,0,0
2001,120431,0,1,40,30,23,14,34,12,36,0,0,0
2001,120431,1,1,0,0,0,0,0,0,0,0,0,0
2001,120432,0,1,0,7,30,0,0,0,0,0,0,0
2001,120432,1,1,1,1,1,1,1,1,1,1,1,1
2001,120433,1,1,0,0,0,0,0,0,0,0,0,0
2001,120433,2,1,0,0,0,0,0,0,0,4,0,8
2001,120434,1,1,0,0,0,0,0,0,0,0,0,0
2001,120434,2,1,0,0,0,0,0,0,7,0,0,0
2001,120435,0,1,0,0,0,0,0,0,0,0,0,0
2001,120435,1,1,13,0,11,6,0,12,0,0,0,0
2001,120436,1,1,0,0,8,0,0,0,0,0,15,0
2001,120437,1,1,8,0,0,0,0,0,0,0,13,0
2001,120438,0,1,15,15,15,15,15,15,15,15,15,15
2001,120438,1,1,0,0,14,0,0,0,0,0,0,0
2001,120439,0,1,22,22,22,22,22,22,22,22,22,22
2001,120439,1,1,0,0,0,0,0,0,0,0,0,0
2001,120440,0,1,0,0,0,0,0,0,0,0,17,0
2001,120440,0,2,17,0,0,0,0,0,0,0,49,17
2001,120440,1,1,5,0,4,0,0,14,0,0,0,0
2001,120441,1,1,0,0,0,0,0,0,0,0,0,0
2001,120442,0,1,0,0,0,0,0,0,0,0,0,0
2001,120442,0,2,0,0,0,0,0,0,0,0,0,0
2001,120442,1,1,0,0,0,0,0,0,0,0,0,0
2001,120443,1,1,0,0,0,0,0,0,0,0,0,0
2001,120444,0,1,0,0,10,0,0,0,0,0,0,0
2001,120444,1,1,0,0,0,0,0,0,12,0,0,0
2001,120445,0,1,16,16,16,16,16,16,16,16,16,16
2001,120445,1,1,0,0,0,0,0,0,0,0,0,0
2001,120445,2,1,0,0,0,0,0,0,0,0,0,0
2001,120446,1,1,2,2,2,2,2,2,2,2,2,2
2001,120447,1,1,18,18,18,18,18,18,18,18,18,18
2001,120447,2,1,0,0,0,0,0,0,0,0,0,0
2001,120448,1,1,0,0,0,0,0,0,0,0,0,0
2001,120449,1,1,22,22,22,22,22,22,22,22,22,22
2001,120450,1,1,16,16,16,16,16,16,16,16,16,16
2001,120451,0,1,0,0,10,0,0,0,0,0,0,0
2001,120451,1,1,27,27,27,27,27,27,27,27,27,27
2001,120452,1,1,0,0,0,0,0,0,0,0,0,0
2001,120453,1,1,0,0,0,0,0,0,0,0,0,0
2001,120453,2,1,0,0,0,0,0,0,0,0,0,0
2001,120454,0,1,20,0,0,19,21,0,9,10,34,28
2001,120454,1,1,22,18,0,12,0,14,28,8,0,0
2001,120455,0,1,0,0,0,0,5,0,0,0,0,0
2001,120455,1,1,0,0,0,0,0,0,0,0,0,0
2001,120456,0,1,0,0,0,0,0,0,0,0,0,0
2001,120456,0,2,0,0,0,0,0,0,0,0,0,0
2001,120456,1,1,0,0,0,0,0,0,0,0,0,0
2001,120457,1,1,0,0,0,0,0,0,0,0,0,0
2001,120457,2,1,0,0,0,0,0,0,0,0,0,0
2001,120458,0,1,20,20,20,20,20,20,20,20,20,20
2001,120458,1,1,0,0,8,0,0,0,0,0,0,0
2001,120459,1,1,0,0,0,0,0,0,0,0,0,0
2001,120459,2,1,0,0,0,0,0,0,0,0,0,0
2001,120460,1,1,0,0,0,0,0,0,0,0,0,0
2001,120460,2,1,0,0,0,0,0,0,0,0,0,0
2001,120461,1,1,0,0,0,0,0,0,0,0,0,0
2001,120461,2,1,0,0,0,0,0,0,0,0,0,20
2001,120462,1,1,16,16,16,16,16,16,16,16,16,16
2001,120463,1,1,16,16,16,16,16,16,16,16,16,16
2001,120464,1,1,0,0,0,0,0,0,0,0,0,0
2001,120465,0,1,0,0,21,32,9,0,0,28,0,0
2001,120465,1,1,0,0,0,0,0,14,0,0,0,0
2001,120466,1,1,13,13,13,13,13,13,13,13,13,13
2001,120467,1,1,4,4,4,4,4,4,4,4,4,4
2001,120468,1,1,23,23,23,23,23,23,23,23,23,23
2001,120469,1,1,9,9,9,9,9,9,9,9,9,9
2001,120469,2,1,8,8,8,8,8,8,8,8,8,8
2001,120470,1,1,0,0,0,0,0,0,0,0,0,0
2001,120471,1,1,0,0,0,0,0,0,0,0,0,0
2001,120472,1,1,0,0,0,0,0,0,0,0,0,0
2001,120472,2,1,0,0,0,0,0,0,0,0,0,0
2001,120473,1,1,0,0,0,0,0,0,0,0,0,0
2001,120474,1,1,0,0,0,0,0,0,0,0,0,0
2001,120474,2,1,0,0,0,0,0,0,0,0,0,0
2001,120474,3,1,0,0,0,0,0,0,0,0,0,0
2001,120475,1,1,0,0,0,0,15,16,0,2,0,0
2001,120476,0,1,0,0,0,12,0,0,0,0,0,0
2001,120476,1,1,0,9,0,0,0,0,6,0,0,0
2001,120477,1,1,0,0,0,8,0,0,0,0,0,0
2001,120477,2,1,0,0,0,0,0,0,0,0,0,0
2001,120478,0,1,0,9,0,0,0,0,6,0,24,0
2001,120478,0,2,14,14,0,0,0,0,15,0,21,3
2001,120478,1,1,0,0,0,0,0,0,0,0,0,0
2001,120479,0,1,31,31,31,31,31,31,31,31,31,31
2001,120479,1,1,0,0,19,0,0,0,0,19,0,0
2001,120480,0,1,0,0,0,0,0,0,0,0,0,0
2001,120480,1,1,0,0,0,0,0,0,0,0,0,0
2001,120480,2,1,0,0,0,0,0,0,0,0,0,0
2001,120481,0,1,0,0,0,0,0,0,0,0,0,0
2001,120481,1,1,0,0,0,0,0,0,0,0,0,0
2001,120482,1,1,17,17,17,17,17,17,17,17,17,17
2001,120483,1,1,0,0,0,0,0,0,0,0,0,0
2001,120484,1,1,20,20,20,20,20,20,20,20,20,20
2001,120485,1,1,0,0,0,0,0,0,0,0,0,0
2001,120486,1,1,0,35,0,0,0,0,0,0,0,0
2001,120487,1,1,0,0,0,0,0,0,0,0,0,0
2001,120488,1,1,10,10,10,10,10,10,10,10,10,10
2001,120488,2,1,0,0,0,0,0,0,0,0,0,0
2001,120489,1,1,28,28,28,28,28,28,28,28,28,28
2001,120489,2,1,0,0,0,0,0,0,0,0,0,0
2001,120490,1,1,12,12,12,12,12,12,12,12,12,12
2001,120490,2,1,24,0,0,0,0,0,0,0,0,0
2001,120491,1,1,1,1,1,1,1,1,1,1,1,1
2001,120491,2,1,0,0,0,0,0,0,0,0,0,0
2001,120492,1,1,0,0,0,0,0,0,0,0,0,0
2001,120492,2,1,0,0,0,0,0,0,0,0,0,0
2001,120493,1,1,10,0,5,0,12,0,13,0,0,8
2001,120493,2,1,0,0,0,0,0,0,0,30,0,0
2001,120493,3,1,0,0,0,0,0,0,0,0,8,0
2001,120494,1,1,0,0,0,0,0,0,0,0,0,0
2001,120494,2,1,12,12,12,12,12,12,12,12,12,12
2001,120495,1,1,0,0,0,0,0,0,0,0,0,0
2001,120495,2,1,0,0,19,0,0,9,16,0,0,0
2001,120496,1,1,0,0,0,0,0,0,0,0,0,0
2001,120496,2,1,0,0,0,0,0,0,0,0,0,0
2001,120497,1,1,0,0,0,0,0,0,0,0,0,0
2001,120497,2,1,0,0,0,0,0,0,0,0,0,0
2001,120498,0,1,0,0,0,0,0,0,0,0,0,0
2001,120498,1,1,18,18,18,18,18,18,18,18,18,18
2001,120499,1,1,0,0,0,0,0,0,0,0,0,0
2001,120499,2,1,0,0,0,0,0,0,0,0,0,0
2001,120500,1,1,11,11,11,11,11,11,11,11,11,11
2001,120501,0,1,27,27,27,27,27,27,27,27,27,27
2001,120501,1,1,0,0,0,0,0,0,0,0,0,0
2001,120502,1,1,24,24,24,24,24,24,24,24,24,24
2001,120502,2,1,0,0,0,0,0,0,0,0,0,0
2001,120502,3,1,0,0,0,0,0,0,0,0,0,0
2001,120503,1,1,0,0,0,0,0,0,0,0,0,0
2001,120503,2,1,0,0,0,0,0,0,0,0,0,0
2001,120504,1,1,10,10,10,10,10,10,10,10,10,10
2001,120504,2,1,0,0,0,0,0,0,0,0,0,0
2001,120505,1,1,0,0,0,0,0,0,0,0,0,0
2001,120505,2,1,0,0,0,0,0,0,0,0,0,0
2001,120505,3,1,0,0,0,0,0,0,0,0,0,0
2001,120506,0,1,0,0,0,0,0,0,0,0,0,0
2001,120506,1,1,0,0,0,0,0,0,0,0,0,0
2001,120507,1,1,19,19,19,19,19,19,19,19,19,19
2001,120508,1,1,0,0,0,0,0,0,0,0,0,0
2001,120509,1,1,0,0,0,0,0,0,0,0,0,0
2001,120509,2,1,0,0,0,0,0,0,0,0,0,0
2001,120510,1,1,0,0,0,0,0,0,0,0,0,0
2001,120510,2,1,0,0,0,0,0,0,0,0,0,0
2001,120511,0,1,17,17,17,17,17,17,17,17,17,17
2001,120511,1,1,0,0,0,0,0,0,0,0,0,0
2001,120512,1,1,10,10,10,10,10,10,10,10,10,10
2001,120512,2,1,0,0,0,0,0,0,0,0,0,0
2001,120512,3,1,0,0,9,0,0,0,0,0,0,12
2001,120513,1,1,27,27,27,27,27,27,27,27,27,27
2001,120514,1,1,21,21,21,21,21,21,21,21,21,21
2001,120514,2,1,0,0,0,0,0,0,0,0,0,0
2001,120514,3,1,0,0,0,0,0,0,0,0,0,0
2001,120514,4,1,0,0,0,0,0,0,0,0,0,0
2001,120514,5,1,0,0,0,0,0,0,0,0,0,0
2001,120515,1,1,19,19,19,19,19,19,19,19,19,19
2001,120516,1,1,0,0,0,0,0,0,0,0,0,0
2001,120517,1,1,16,16,16,16,16,16,16,16,16,16
2001,120518,1,1,14,14,14,14,14,14,14,14,14,14
2001,120518,2,1,19,19,19,19,19,19,19,19,19,19
2001,120519,1,1,30,30,30,30,30,30,30,30,30,30
2001,120520,1,1,0,0,0,0,0,0,0,0,0,0
2001,120520,2,1,0,0,0,0,42,0,0,0,0,0
2001,120521,1,1,0,0,0,0,0,0,0,0,0,5
2001,120521,2,1,0,0,0,0,0,0,14,0,0,0
2001,120522,1,1,0,0,0,0,0,0,0,0,0,0
2001,120523,1,1,0,0,0,0,0,0,0,0,0,0
2001,120523,2,1,0,0,0,0,0,0,0,0,0,0
2001,120524,1,1,0,0,0,0,0,0,0,0,0,0
2001,120525,1,1,0,0,0,0,0,0,0,0,0,0
2001,120525,2,1,0,0,0,0,0,0,0,0,0,0
2001,120526,1,1,0,0,0,0,0,0,0,0,0,0
2001,120527,1,1,0,0,0,0,0,0,0,23,0,0
2001,120527,2,1,0,0,0,0,10,0,0,0,0,0
2001,120528,1,1,0,0,0,0,0,0,0,0,0,0
2001,120528,2,1,0,0,16,0,0,0,0,0,0,0
2001,120529,1,1,14,14,14,14,14,14,14,14,14,14
2001,120529,2,1,0,0,0,0,0,0,0,0,0,0
2001,120530,1,1,13,13,13,13,13,13,13,13,13,13
2001,120530,2,1,18,0,0,0,0,0,0,0,23,0
2001,120531,1,1,0,0,0,0,0,0,0,0,0,0
2001,120531,2,1,0,0,0,0,0,0,0,0,0,0
2001,120532,1,1,0,0,0,0,0,0,0,0,0,0
2001,120532,2,1,0,0,0,0,0,0,0,0,0,0
2001,120532,3,1,0,0,0,0,0,0,0,0,0,0
2001,120533,0,1,0,0,19,0,0,0,0,0,0,0
2001,120533,1,1,0,0,0,0,0,0,0,0,0,0
2001,120534,1,1,15,15,15,15,15,15,15,15,15,15
2001,120535,1,1,0,0,0,0,0,0,0,0,0,0
2001,120536,1,1,0,0,0,0,23,12,22,0,0,36
2001,120536,2,1,0,0,0,0,0,0,0,0,0,0
2001,120537,1,1,0,0,0,0,21,0,0,0,0,0
2001,120537,2,1,0,0,0,0,0,0,0,0,0,0
2001,120538,1,1,0,0,0,0,0,0,0,0,0,0
2001,120538,2,1,0,0,0,0,0,0,0,0,0,0
2001,120539,0,1,34,34,34,34,34,34,34,34,34,34
2001,120539,1,1,0,0,0,0,0,0,0,0,0,0
2001,120540,1,1,0,0,0,0,0,0,0,0,0,0
2001,120540,2,1,0,0,0,0,0,0,0,0,0,0
2001,120541,1,1,0,0,0,0,0,0,0,0,0,0
2001,120541,2,1,0,0,0,0,0,0,0,0,0,0
2001,120542,0,1,29,29,29,29,29,29,29,29,29,29
2001,120542,1,1,3,3,3,3,3,3,3,3,3,3
2001,120543,1,1,0,0,0,0,0,0,0,0,0,0
2001,120543,2,1,0,0,16,0,0,0,0,0,0,0
2001,120543,3,1,0,0,0,0,0,0,0,0,0,0
2001,120544,1,1,0,0,14,0,0,0,0,0,0,0
2001,120544,2,1,0,0,0,0,0,0,0,0,0,8
2001,120545,1,1,0,0,0,0,0,0,0,0,0,0
2001,120545,2,1,0,0,0,0,0,0,0,0,0,0
2001,120546,1,1,0,0,0,0,0,0,0,0,0,0
2001,120546,2,1,0,0,0,0,0,0,0,0,0,0
2001,120547,1,1,0,0,0,0,0,0,0,0,0,0
2001,120547,2,1,0,0,0,0,0,0,0,0,0,0
2001,120547,3,1,0,0,0,0,0,0,0,0,0,0
2001,120548,1,1,23,23,23,23,23,23,23,23,23,23
2001,120549,1,1,0,0,0,0,0,0,0,0,0,0
2001,120550,1,1,0,0,0,0,0,0,0,0,0,0
2001,120550,2,1,0,0,0,0,0,0,0,0,0,0
2001,120551,1,1,21,21,21,21,21,21,21,21,21,21
2001,120552,0,1,0,0,0,0,0,0,0,0,0,0
2001,120552,1,1,0,0,0,0,0,0,0,0,0,0
2001,120553,1,1,0,0,0,0,0,0,0,0,0,0
2001,120553,2,1,0,0,0,0,0,0,0,0,0,0
2001,120554,1,1,29,29,29,29,29,29,29,29,29,29
2001,120555,1,1,4,4,4,4,4,4,4,4,4,4
2001,120556,0,1,31,31,31,31,31,31,31,31,31,31
2001,120556,1,1,14,0,17,0,17,6,0,0,0,18
2001,120556,2,1,0,0,23,0,10,0,9,9,0,16
2001,120557,1,1,8,8,8,8,8,8,8,8,8,8
2001,120557,2,1,14,14,14,14,14,14,14,14,14,14
2001,120558,1,1,0,0,0,0,0,0,0,0,0,0
2001,120558,2,1,0,0,0,0,0,0,0,0,0,0
2001,120559,1,1,19,19,19,19,19,19,19,19,19,19
2001,120560,1,1,10,10,10,10,10,10,10,10,10,10
2001,120560,2,1,0,12,22,0,16,19,8,0,22,0
2001,120561,1,1,22,22,22,22,22,22,22,22,22,22
2001,120562,1,1,0,0,0,0,0,0,0,0,0,0
2001,120563,1,1,0,0,0,0,0,0,0,0,0,0
2001,120564,1,1,23,23,23,23,23,23,23,23,23,23
2001,120565,0,1,20,20,20,20,20,20,20,20,20,20
2001,120565,1,1,0,0,0,0,0,0,0,0,0,0
2001,120566,0,1,8,8,8,8,8,8,8,8,8,8
2001,120566,1,1,0,0,13,0,0,0,0,0,0,0
2001,120567,1,1,0,0,0,0,0,0,0,0,0,0
2001,120567,2,1,7,7,7,7,7,7,7,7,7,7
2001,120567,3,1,0,0,0,0,0,0,0,0,0,0
2001,120568,1,1,0,0,0,0,0,0,0,0,0,0
2001,120568,2,1,0,0,0,0,0,0,0,0,0,0
2001,120569,1,1,18,18,18,18,18,18,18,18,18,18
2001,120570,1,1,15,15,15,15,15,15,15,15,15,15
2001,120571,1,1,12,12,12,12,12,12,12,12,12,12
2001,120572,1,1,13,13,13,13,13,13,13,13,13,13
2001,120572,2,1,0,0,0,0,0,0,0,0,11,0
2001,120573,1,1,0,0,0,0,0,0,0,0,0,0
2001,120573,2,1,0,0,0,0,0,0,0,0,0,0
2001,120574,1,1,0,0,0,0,0,0,0,0,0,0
2001,120574,2,1,0,0,0,0,0,0,0,0,0,0
2001,120575,1,1,0,0,0,0,0,0,0,0,0,0
2001,120576,1,1,13,13,13,13,13,13,13,13,13,13
2001,120577,1,1,0,0,0,12,0,0,0,0,0,19
2001,120577,2,1,0,0,0,0,0,0,0,0,0,0
2001,120578,1,1,0,0,0,0,0,0,0,0,0,0
2001,120579,1,1,0,0,0,0,0,0,0,0,0,0
2001,120579,2,1,0,0,0,0,0,0,0,0,0,0
2001,120580,1,1,0,0,0,0,0,0,0,0,0,0
2001,120580,2,1,0,0,0,0,0,0,0,0,0,0
2001,120581,1,1,0,0,0,0,0,0,0,0,0,0
2001,120581,2,1,0,0,0,0,0,0,0,0,0,0
2001,120582,1,1,0,0,0,0,0,0,0,0,0,0
2001,120582,2,1,17,17,17,17,17,17,17,17,17,17
2001,120583,1,1,13,7,17,0,0,16,0,21,6,23
2001,120584,1,1,0,0,9,24,24,14,0,14,0,0
2001,120585,0,1,24,24,24,24,24,24,24,24,24,24
2001,120585,1,1,0,0,0,0,0,0,0,0,0,0
2001,120586,1,1,0,0,0,0,0,8,0,0,0,0
2001,120587,1,1,0,0,18,0,0,0,0,0,0,0
2001,120588,1,1,0,0,0,0,0,0,0,0,0,0
2001,120589,0,1,0,0,0,0,0,0,0,0,0,0
2001,120589,1,1,0,0,0,0,0,0,0,0,0,0
2001,120590,0,1,0,0,0,0,0,0,0,25,0,0
2001,120590,1,1,0,0,0,0,0,0,0,0,0,0
2001,120591,0,1,7,7,7,7,7,7,7,7,7,7
2001,120591,1,1,12,0,0,0,0,0,0,11,0,0
2001,120592,1,1,0,0,0,0,0,0,0,0,0,0
2001,120592,2,1,0,0,0,0,0,0,4,0,0,0
2001,120592,3,1,0,0,0,0,0,0,0,0,0,0
2001,120593,1,1,18,18,18,18,18,18,18,18,18,18
2001,120593,2,1,0,0,0,0,0,11,0,0,0,0
2001,120593,3,1,0,0,0,0,0,0,0,0,0,0
2001,120594,0,1,0,0,0,0,0,0,15,0,0,0
2001,120594,1,1,0,0,0,0,0,0,0,0,5,0
2001,120595,0,1,0,17,0,0,0,0,0,0,0,30
2001,120595,1,1,0,0,0,0,0,0,0,0,0,0
2001,120596,1,1,0,0,0,0,0,0,0,0,0,0
2001,120597,1,1,0,0,0,0,0,0,0,0,0,0
2001,120597,2,1,15,15,15,15,15,15,15,15,15,15
2001,120598,1,1,0,0,0,0,0,0,0,0,0,0
2001,120598,2,1,0,0,0,0,0,0,0,13,0,15
2001,120599,1,1,12,12,12,12,12,12,12,12,12,12
2001,120599,2,1,0,0,0,0,0,0,0,0,0,0
2001,120599,3,1,0,0,0,0,0,0,0,0,0,0
2001,120600,1,1,0,0,19,0,0,5,0,0,15,0
2001,120600,2,1,0,0,0,0,0,0,0,0,0,0
2001,120601,1,1,0,0,0,0,0,0,0,0,0,0
2001,120601,2,1,0,0,0,0,0,0,0,0,0,0
2001,120602,1,1,11,11,11,11,11,11,11,11,11,11
2001,120603,1,1,15,15,15,15,15,15,15,15,15,15
2001,120604,1,1,0,0,0,0,0,0,0,0,0,0
2001,120605,1,1,0,0,0,0,0,0,0,0,0,0
2001,120606,1,1,18,18,18,18,18,18,18,18,18,18
2001,120607,1,1,0,0,16,0,0,0,0,11,0,0
2001,120608,1,1,0,0,0,0,0,0,0,0,0,0
2001,120608,2,1,0,0,0,0,0,0,19,0,0,0
2001,120608,3,1,0,0,0,0,0,0,0,0,0,0
2001,120609,0,1,0,0,0,0,0,0,0,0,15,0
2001,120609,0,2,0,5,21,0,19,9,0,24,6,7
2001,120609,1,1,18,18,18,18,18,18,18,18,18,18