YEAR,st_case,veh_no,per_no,P1,P2,P3,P4,P5,P6,P7,P8,P9,P10
2001,120610,0,1,0,0,0,0,0,0,0,0,0,0
2001,120610,1,1,0,0,18,0,0,0,0,0,0,0
2001,120610,2,1,0,0,0,0,0,0,0,0,0,0
2001,120610,3,1,0,0,0,0,0,0,0,0,0,0
2001,120611,1,1,0,0,0,0,0,0,0,0,0,0
2001,120611,2,1,20,20,20,20,20,20,20,20,20,20
2001,120612,1,1,0,0,0,0,0,0,0,0,0,0
2001,120613,1,1,14,5,20,31,25,10,12,30,19,10
2001,120614,1,1,0,0,0,0,0,0,0,0,0,0
2001,120614,2,1,0,0,0,0,0,0,0,0,0,0
2001,120615,1,1,0,20,0,0,0,22,0,0,0,18
2001,120616,1,1,0,0,0,0,0,0,0,0,0,0
2001,120616,2,1,13,13,13,13,13,13,13,13,13,13
2001,120617,1,1,22,22,22,22,22,22,22,22,22,22
2001,120618,1,1,0,0,0,0,0,0,0,0,0,0
2001,120619,1,1,0,0,0,0,0,0,0,0,0,0
2001,120619,2,1,0,0,0,0,0,0,0,0,0,0
2001,120620,1,1,0,0,0,0,0,0,0,0,5,0
2001,120620,2,1,0,0,0,0,0,0,0,0,0,0
2001,120621,1,1,27,27,27,27,27,27,27,27,27,27
2001,120621,2,1,0,0,0,0,0,0,0,0,0,0
2001,120621,3,1,0,0,0,0,0,0,0,0,0,0
2001,120622,1,1,0,0,0,0,0,0,0,0,0,0
2001,120622,2,1,0,0,0,0,0,0,0,0,0,0
2001,120623,1,1,14,14,14,14,14,14,14,14,14,14
2001,120624,1,1,0,0,0,0,0,0,0,0,0,0
2001,120624,2,1,0,0,0,0,0,0,0,0,0,0
2001,120625,1,1,0,0,0,12,0,0,0,10,0,0
2001,120625,2,1,0,0,27,0,13,20,15,27,0,7
2001,120625,3,1,0,17,0,0,0,0,0,0,0,0
2001,120626,1,1,0,0,0,0,0,0,0,0,0,0
2001,120626,2,1,0,0,0,0,0,0,0,0,0,0
2001,120627,1,1,0,0,0,0,0,0,0,0,0,0
2001,120628,1,1,0,0,0,0,0,0,0,0,0,0
2001,120628,2,1,0,0,0,0,0,0,0,0,0,8
2001,120629,1,1,0,0,0,0,0,0,0,0,0,0
2001,120629,2,1,0,0,0,0,0,0,0,0,26,0
2001,120630,1,1,0,0,0,0,0,0,0,0,0,0
2001,120630,2,1,0,0,0,0,0,0,0,0,0,0
2001,120631,1,1,7,0,0,0,0,0,0,0,0,0
2001,120632,1,1,0,0,0,0,0,0,0,0,0,0
2001,120632,2,1,0,0,0,0,0,0,0,0,0,0
2001,120632,3,1,0,0,0,0,0,0,0,0,0,0
2001,120632,4,1,0,0,19,0,0,0,0,0,0,0
2001,120632,5,1,0,0,0,0,0,0,0,0,0,12
2001,120632,6,1,0,0,0,0,0,0,0,0,0,0
2001,120632,7,1,0,0,0,0,0,0,0,0,0,0
2001,120633,1,1,0,0,0,17,0,0,12,0,20,0
2001,120633,2,1,0,0,0,0,0,0,12,0,0,0
2001,120634,1,1,0,0,0,0,0,0,0,0,0,0
2001,120634,2,1,0,0,0,0,0,0,0,0,0,0
2001,120635,1,1,26,26,26,26,26,26,26,26,26,26
2001,120636,1,1,17,17,17,17,17,17,17,17,17,17
2001,120637,1,1,20,20,20,20,20,20,20,20,20,20
2001,120638,1,1,0,0,0,0,0,0,0,0,0,0
2001,120639,1,1,16,16,16,16,16,16,16,16,16,16
2001,120640,1,1,0,0,0,0,0,0,0,0,0,0
2001,120640,2,1,0,0,0,0,0,0,0,0,0,0
2001,120641,0,1,28,28,28,28,28,28,28,28,28,28
2001,120641,1,1,22,22,22,22,22,22,22,22,22,22
2001,120642,1,1,6,0,0,0,0,0,0,0,0,0
2001,120642,2,1,0,0,0,0,0,0,0,0,0,0
2001,120643,1,1,8,8,8,8,8,8,8,8,8,8
2001,120643,2,1,0,0,0,0,0,0,0,0,0,0
2001,120644,1,1,3,3,3,3,3,3,3,3,3,3
2001,120645,1,1,0,0,0,0,0,0,0,0,0,0
2001,120645,2,1,0,0,0,0,0,0,0,0,0,0
2001,120646,1,1,0,0,0,0,0,0,0,0,0,0
2001,120646,2,1,0,0,0,0,0,0,0,0,0,0
2001,120647,1,1,29,29,29,29,29,29,29,29,29,29
2001,120648,1,1,0,0,0,0,0,0,0,9,0,0
2001,120648,2,1,8,8,8,8,8,8,8,8,8,8
2001,120649,0,1,29,29,29,29,29,29,29,29,29,29
2001,120649,1,1,2,2,2,2,2,2,2,2,2,2
2001,120650,1,1,17,0,0,0,0,20,16,0,27,0
2001,120651,1,1,0,0,0,0,19,0,0,0,0,0
2001,120652,1,1,0,0,0,0,0,0,0,0,0,0
2001,120653,0,1,0,0,0,0,0,0,0,0,0,0
2001,120653,1,1,0,0,0,0,0,0,0,0,0,0
2001,120654,1,1,0,0,0,0,0,0,0,0,0,0
2001,120654,2,1,0,0,0,0,0,0,0,0,0,0
2001,120654,3,1,0,0,0,0,0,0,0,0,0,0
2001,120654,4,1,0,0,0,0,0,0,0,0,0,0
2001,120655,1,1,0,0,0,0,0,0,0,0,0,0
2001,120655,2,1,10,10,10,10,10,10,10,10,10,10
2001,120656,1,1,0,0,0,0,0,0,0,0,15,0
2001,120656,2,1,0,0,0,0,0,20,0,0,0,0
2001,120657,1,1,0,0,0,0,0,0,0,0,0,0
2001,120658,1,1,0,0,0,0,0,0,0,0,0,0
2001,120659,0,1,0,0,0,0,0,0,0,0,0,0
2001,120659,1,1,9,0,0,0,0,0,19,0,0,0
2001,120660,1,1,10,10,10,10,10,10,10,10,10,10
2001,120661,1,1,0,0,0,0,0,0,0,0,0,0
2001,120661,2,1,0,0,0,0,0,0,0,0,0,0
2001,120662,1,1,0,0,0,0,0,0,0,0,0,0
2001,120662,2,1,0,0,0,0,0,0,0,0,27,0
2001,120662,3,1,23,23,23,23,23,23,23,23,23,23
2001,120663,0,1,0,0,0,0,0,0,0,0,0,0
2001,120663,1,1,0,0,0,21,0,0,0,0,0,0
2001,120664,1,1,0,0,0,0,0,0,0,16,0,0
2001,120664,2,1,0,0,0,0,0,0,0,0,0,0
2001,120665,1,1,21,21,21,21,21,21,21,21,21,21
2001,120666,1,1,0,0,0,0,0,0,0,0,0,0
2001,120667,0,1,29,29,29,29,29,29,29,29,29,29
2001,120667,1,1,6,0,0,0,0,0,0,0,0,0
2001,120668,0,1,11,11,11,11,11,11,11,11,11,11
2001,120668,1,1,0,0,0,0,0,0,0,0,0,0
2001,120668,2,1,0,0,0,0,0,0,0,0,0,0
2001,120669,1,1,0,0,0,0,0,0,0,0,0,0
2001,120670,1,1,0,0,0,0,0,0,0,0,0,0
2001,120670,2,1,0,0,0,0,0,0,0,0,0,0
2001,120671,1,1,0,0,0,0,0,0,0,0,0,0
2001,120671,2,1,0,0,0,0,0,0,0,0,0,0
2001,120672,1,1,0,0,0,0,0,0,0,0,0,0
2001,120673,1,1,0,0,0,0,0,0,0,0,0,0
2001,120673,2,1,0,0,0,0,0,0,0,0,0,0
2001,120673,3,1,0,0,0,0,0,0,0,0,0,0
2001,120674,1,1,14,14,14,14,14,14,14,14,14,14
2001,120675,0,1,0,0,0,0,0,0,0,0,0,0
2001,120675,1,1,19,19,19,19,19,19,19,19,19,19
2001,120676,1,1,21,21,21,21,21,21,21,21,21,21
2001,120677,1,1,0,0,0,0,0,0,0,0,0,0
2001,120677,2,1,0,0,0,0,0,0,0,0,0,0
2001,120678,1,1,0,0,0,0,0,0,0,0,21,0
2001,120678,2,1,17,0,0,0,0,0,5,0,0,0
2001,120679,1,1,15,15,15,15,15,15,15,15,15,15
2001,120680,0,1,26,26,26,26,26,26,26,26,26,26
2001,120680,1,1,24,24,24,24,24,24,24,24,24,24
2001,120681,1,1,0,0,0,0,0,0,0,0,0,0
2001,120682,0,1,54,54,54,54,54,54,54,54,54,54
2001,120682,1,1,0,0,17,0,0,0,0,0,9,0
2001,120683,0,1,21,21,21,21,21,21,21,21,21,21
2001,120683,1,1,0,0,0,0,0,0,10,0,0,0
2001,120684,1,1,16,16,16,16,16,16,16,16,16,16
2001,120684,2,1,0,0,0,0,0,0,0,0,0,0
2001,120685,1,1,0,0,24,0,0,0,0,0,18,0
2001,120686,1,1,11,11,11,11,11,11,11,11,11,11
2001,120686,2,1,0,0,0,0,0,0,0,0,0,0
2001,120687,1,1,0,0,0,0,0,0,0,0,0,0
2001,120687,2,1,0,0,0,0,0,0,0,0,0,0
2001,120687,3,1,0,0,0,0,0,0,0,0,0,0
2001,120688,1,1,0,0,0,0,0,0,0,0,0,0
2001,120688,2,1,0,0,0,0,0,0,0,0,0,0
2001,120689,1,1,0,0,0,0,0,0,0,0,0,0
2001,120689,2,1,0,0,0,0,0,0,0,0,0,0
2001,120690,0,1,25,25,25,25,25,25,25,25,25,25
2001,120690,1,1,0,0,0,0,0,0,0,0,0,0
2001,120691,1,1,14,14,14,14,14,14,14,14,14,14
2001,120692,0,1,21,21,21,21,21,21,21,21,21,21
2001,120692,1,1,12,12,12,12,12,12,12,12,12,12
2001,120693,0,1,0,0,0,0,0,0,0,0,0,0
2001,120693,1,1,12,0,0,0,0,0,0,0,0,20
2001,120694,1,1,21,21,21,21,21,21,21,21,21,21
2001,120694,2,1,0,0,0,0,0,0,0,0,0,0
2001,120695,1,1,0,0,0,0,0,0,0,0,0,0
2001,120696,1,1,0,0,0,0,0,0,0,0,0,0
2001,120697,1,1,0,0,0,0,12,0,0,0,0,0
2001,120698,1,1,16,16,16,16,16,16,16,16,16,16
2001,120698,2,1,0,0,0,0,0,0,0,0,0,0
2001,120699,1,1,0,0,0,0,0,0,0,0,0,0
2001,120700,1,1,7,7,7,7,7,7,7,7,7,7
2001,120700,2,1,0,0,0,0,0,0,0,0,0,0
2001,120701,1,1,7,7,7,7,7,7,7,7,7,7
2001,120701,2,1,0,0,0,0,0,0,0,13,0,0
2001,120702,1,1,19,19,19,19,19,19,19,19,19,19
2001,120702,2,1,0,0,0,0,0,13,0,0,0,18
2001,120703,1,1,0,29,19,44,0,19,0,0,0,25
2001,120704,1,1,0,0,0,0,0,0,0,0,0,0
2001,120705,1,1,18,18,18,18,18,18,18,18,18,18
2001,120706,0,1,12,12,12,12,12,12,12,12,12,12
2001,120706,1,1,5,5,5,5,5,5,5,5,5,5
2001,120707,1,1,0,4,6,0,0,0,51,0,0,0
2001,120708,1,1,19,19,19,19,19,19,19,19,19,19
2001,120708,2,1,0,0,0,0,0,0,0,0,0,0
2001,120709,0,1,18,18,18,18,18,18,18,18,18,18
2001,120709,1,1,14,0,0,0,0,12,0,0,0,0
2001,120710,1,1,23,23,23,23,23,23,23,23,23,23
2001,120711,0,1,8,0,0,0,0,0,0,0,0,9
2001,120711,0,2,8,8,8,8,8,8,8,8,8,8
2001,120711,1,1,0,13,0,0,23,0,0,0,0,0
2001,120712,1,1,3,3,3,3,3,3,3,3,3,3
2001,120713,1,1,0,0,0,0,0,0,0,0,0,0
2001,120713,2,1,0,0,0,0,0,0,0,0,1,0
2001,120714,1,1,0,0,0,0,0,0,0,0,0,0
2001,120714,2,1,0,0,0,0,0,0,0,0,0,0
2001,120715,1,1,0,0,0,0,0,0,0,0,0,0
2001,120715,2,1,7,7,7,7,7,7,7,7,7,7
2001,120716,1,1,37,37,37,37,37,37,37,37,37,37
2001,120717,0,1,0,0,0,0,0,0,0,0,0,0
2001,120717,1,1,0,0,0,0,0,0,0,0,0,0
2001,120718,1,1,0,0,0,0,0,0,0,0,0,0
2001,120718,2,1,0,0,0,0,0,0,0,0,0,0
2001,120718,3,1,0,0,0,0,0,0,0,0,0,0
2001,120719,0,1,14,14,14,14,14,14,14,14,14,14
2001,120719,1,1,0,0,26,0,0,0,0,0,0,0
2001,120719,2,1,16,0,0,0,0,0,0,0,17,0
2001,120720,1,1,0,0,0,0,0,0,0,0,0,0
2001,120720,2,1,3,0,9,0,0,0,0,0,0,7
2001,120721,1,1,22,22,22,22,22,22,22,22,22,22
2001,120721,2,1,0,0,0,0,22,0,0,0,0,0
2001,120722,1,1,0,0,0,0,0,0,0,0,0,0
2001,120722,2,1,0,0,0,0,0,0,0,0,0,0
2001,120723,1,1,0,0,0,0,0,0,0,0,0,0
2001,120723,2,1,0,0,0,0,0,0,0,0,0,0
2001,120723,3,1,0,0,0,0,0,0,0,0,0,0
2001,120724,1,1,0,0,0,0,0,0,0,0,0,0
2001,120724,2,1,0,0,0,0,0,0,0,0,0,0
2001,120725,1,1,17,17,17,17,17,17,17,17,17,17
2001,120725,2,1,14,14,14,14,14,14,14,14,14,14
2001,120726,1,1,0,0,0,0,0,0,0,0,0,0
2001,120726,2,1,0,0,0,0,0,0,0,0,0,0
2001,120727,1,1,14,14,14,14,14,14,14,14,14,14
2001,120727,2,1,0,0,0,8,0,5,0,0,0,8
2001,120728,0,1,0,0,0,0,0,0,0,0,0,0
2001,120728,1,1,0,0,0,0,0,0,0,19,9,0
2001,120729,0,1,19,19,19,19,19,19,19,19,19,19
2001,120729,0,2,0,0,27,0,24,0,8,0,34,9
2001,120729,1,1,0,0,0,0,0,0,0,0,0,0
2001,120730,0,1,29,29,29,29,29,29,29,29,29,29
2001,120730,1,1,0,0,0,0,0,0,0,0,0,0
2001,120731,0,1,20,20,20,20,20,20,20,20,20,20
2001,120731,1,1,0,0,0,0,0,0,11,0,0,0
2001,120732,1,1,33,33,33,33,33,33,33,33,33,33
2001,120733,1,1,0,0,0,0,0,0,0,0,0,0
2001,120734,1,1,0,2,22,0,0,0,0,0,0,0
2001,120734,2,1,0,0,0,0,0,0,0,0,0,0
2001,120735,0,1,16,16,16,16,16,16,16,16,16,16
2001,120735,1,1,0,0,0,0,0,0,0,0,0,12
2001,120736,1,1,0,0,0,0,0,0,0,0,0,0
2001,120736,2,1,0,0,0,0,0,0,0,0,0,0
2001,120737,1,1,17,17,17,17,17,17,17,17,17,17
2001,120738,1,1,0,0,0,0,0,0,0,0,0,0
2001,120738,2,1,0,0,0,0,0,0,0,0,0,0
2001,120739,0,1,13,0,0,0,0,0,0,0,12,0
2001,120739,1,1,15,0,0,0,0,8,7,0,3,20
2001,120740,1,1,10,10,10,10,10,10,10,10,10,10
2001,120740,2,1,0,11,0,0,0,0,0,0,0,0
2001,120741,0,1,0,0,0,0,0,0,0,0,0,0
2001,120741,1,1,19,19,19,19,19,19,19,19,19,19
2001,120742,1,1,0,0,0,0,0,0,0,0,0,0
2001,120742,2,1,0,0,0,0,0,0,0,0,0,0
2001,120743,1,1,0,0,0,0,0,0,0,0,0,0
2001,120744,1,1,0,0,0,0,0,0,0,0,0,0
2001,120744,2,1,0,0,0,0,0,0,0,0,0,0
2001,120745,1,1,0,0,0,0,0,12,0,22,0,13
2001,120746,1,1,14,14,14,14,14,14,14,14,14,14
2001,120747,1,1,16,16,16,16,16,16,16,16,16,16
2001,120747,2,1,0,0,0,0,0,0,0,0,0,0
2001,120747,3,1,0,0,0,0,0,0,0,0,0,0
2001,120748,0,1,27,27,27,27,27,27,27,27,27,27
2001,120748,1,1,21,9,0,0,13,0,0,0,0,17
2001,120749,1,1,0,0,0,0,0,0,0,0,0,0
2001,120749,2,1,17,0,0,0,0,0,0,0,0,0
2001,120750,0,1,20,20,20,20,20,20,20,20,20,20
2001,120750,1,1,0,29,0,0,19,23,6,18,0,12
2001,120751,1,1,6,6,6,6,6,6,6,6,6,6
2001,120751,2,1,0,0,0,0,0,0,0,0,0,0
2001,120752,1,1,18,18,18,18,18,18,18,18,18,18
2001,120752,2,1,0,0,6,0,6,0,12,0,27,0
2001,120753,1,1,28,28,28,28,28,28,28,28,28,28
2001,120754,0,1,0,0,0,0,0,0,0,0,0,0
2001,120754,1,1,0,0,0,0,0,0,0,0,0,0
2001,120755,0,1,0,0,15,10,22,0,49,0,30,36
2001,120755,1,1,0,0,0,0,0,0,0,0,0,0
2001,120756,1,1,17,17,17,17,17,17,17,17,17,17
2001,120757,1,1,28,28,28,28,28,28,28,28,28,28
2001,120758,0,1,15,15,15,15,15,15,15,15,15,15
2001,120758,1,1,0,0,0,0,0,0,0,0,0,0
2001,120759,1,1,0,0,0,0,0,0,0,0,0,0
2001,120760,1,1,17,17,17,17,17,17,17,17,17,17
2001,120761,1,1,21,21,21,21,21,21,21,21,21,21
2001,120762,0,1,20,20,20,20,20,20,20,20,20,20
2001,120762,1,1,0,0,0,28,0,0,0,0,0,0
2001,120762,2,1,0,0,0,0,0,0,0,0,0,0
2001,120762,3,1,7,31,23,0,16,0,0,0,17,18
2001,120763,0,1,2,2,2,2,2,2,2,2,2,2
2001,120763,1,1,0,0,0,0,0,0,0,0,0,0
2001,120764,1,1,28,28,28,28,28,28,28,28,28,28
2001,120765,1,1,8,8,8,8,8,8,8,8,8,8
2001,120765,2,1,0,0,0,0,0,0,0,0,0,0
2001,120766,0,1,0,0,0,0,0,0,0,0,0,0
2001,120766,1,1,0,0,0,0,0,0,0,0,0,0
2001,120767,1,1,0,20,0,0,0,41,0,12,0,23
2001,120768,1,1,0,0,3,0,0,16,0,0,0,0
2001,120769,0,1,0,0,0,0,0,0,0,0,0,0
2001,120769,0,2,12,0,0,0,0,0,0,27,0,0
2001,120769,1,1,0,0,0,0,0,0,0,0,0,0
2001,120770,1,1,0,0,0,0,0,0,0,0,0,0
2001,120771,0,1,0,0,0,0,0,0,0,0,0,0
2001,120771,1,1,0,0,0,0,17,0,23,0,0,0
2001,120772,1,1,0,0,0,0,0,0,0,0,0,0
2001,120772,2,1,0,0,0,0,0,0,0,0,0,0
2001,120773,1,1,0,0,0,0,0,0,0,0,0,0
2001,120774,1,1,10,10,10,10,10,10,10,10,10,10
2001,120775,1,1,0,0,0,11,0,0,14,0,0,0
2001,120775,2,1,0,0,0,0,0,0,0,0,0,0
2001,120776,1,1,0,0,0,0,0,0,0,0,0,0
2001,120776,2,1,0,0,0,0,0,0,0,0,0,0
2001,120777,0,1,0,0,0,0,0,0,0,17,0,0
2001,120777,1,1,0,0,0,18,0,0,0,0,16,0
2001,120778,1,1,12,12,12,12,12,12,12,12,12,12
2001,120779,0,1,11,15,11,33,31,0,0,0,0,0
2001,120779,1,1,0,0,9,0,19,0,3,0,0,0
2001,120780,1,1,0,0,0,0,0,0,0,0,0,0
2001,120781,1,1,0,0,0,0,0,0,0,0,0,0
2001,120781,2,1,0,0,0,0,0,0,0,0,0,0
2001,120782,1,1,0,0,0,0,0,0,0,0,0,0
2001,120783,1,1,0,0,0,0,0,0,0,0,0,0
2001,120784,1,1,10,10,10,10,10,10,10,10,10,10
2001,120785,1,1,0,0,0,0,0,0,0,0,0,0
2001,120786,1,1,0,0,0,0,0,0,0,0,0,0
2001,120786,2,1,0,0,0,0,0,0,0,0,0,0
2001,120787,1,1,20,20,20,20,20,20,20,20,20,20
2001,120788,1,1,0,0,0,0,0,0,0,0,0,0
2001,120788,2,1,0,0,0,0,0,0,0,0,0,0
2001,120788,3,1,0,0,0,0,0,0,0,0,0,0
2001,120789,1,1,4,4,4,4,4,4,4,4,4,4
2001,120789,2,1,0,0,12,14,0,0,0,0,0,5
2001,120789,3,1,0,0,0,0,0,0,12,0,0,0
2001,120790,1,1,17,17,17,17,17,17,17,17,17,17
2001,120791,1,1,0,0,0,0,0,0,0,0,0,0
2001,120792,1,1,0,0,0,0,0,0,0,0,0,0
2001,120792,2,1,3,3,3,3,3,3,3,3,3,3
2001,120793,1,1,25,25,25,25,25,25,25,25,25,25
2001,120794,1,1,0,0,0,0,0,0,0,0,0,0
2001,120795,1,1,0,0,0,0,0,0,0,0,0,0
2001,120795,2,1,0,0,0,0,0,0,0,0,0,0
2001,120796,1,1,0,0,0,0,0,11,0,0,0,0
2001,120796,2,1,0,0,0,0,0,0,0,0,0,0
2001,120797,1,1,0,0,0,0,0,0,0,0,0,0
2001,120797,2,1,0,0,0,0,0,0,0,0,0,0
2001,120797,3,1,0,0,0,0,0,0,0,0,0,0
2001,120798,1,1,0,0,0,0,0,0,0,0,0,0
2001,120798,2,1,0,0,0,0,0,0,0,0,0,0
2001,120799,0,1,0,29,0,0,0,19,30,0,30,6
2001,120799,1,1,15,0,0,17,0,0,0,0,0,0
2001,120800,0,1,0,0,0,0,0,0,0,0,0,0
2001,120800,0,2,0,0,0,9,0,24,0,0,25,22
2001,120800,1,1,14,0,0,0,0,0,0,18,0,0
2001,120801,0,1,0,0,0,0,0,0,0,0,0,0
2001,120801,1,1,0,0,0,0,0,0,0,0,0,0
2001,120802,1,1,7,10,4,0,0,11,21,0,20,11
2001,120803,1,1,0,0,0,0,0,0,0,0,0,0
2001,120803,2,1,0,0,0,0,0,0,0,0,0,0
2001,120804,0,1,0,0,0,0,0,0,0,0,0,0
2001,120804,1,1,0,0,0,0,0,0,0,14,0,0
2001,120805,1,1,0,0,0,0,0,0,0,0,0,0
2001,120805,2,1,0,0,0,0,0,0,0,0,0,0
2001,120806,1,1,12,12,12,12,12,12,12,12,12,12
2001,120807,1,1,0,0,0,0,0,0,0,6,0,23
2001,120808,0,1,0,0,7,0,19,0,0,0,8,0
2001,120808,0,2,0,0,0,0,0,0,0,13,0,0
2001,120808,0,3,0,0,0,0,22,0,0,0,23,0
2001,120808,0,4,15,0,0,23,51,0,0,0,16,0
2001,120808,1,1,0,0,0,0,0,0,0,0,0,0
2001,120809,0,1,27,27,27,27,27,27,27,27,27,27
2001,120809,1,1,0,0,0,0,0,0,0,0,0,0
2001,120810,1,1,0,0,0,0,0,0,0,0,0,0
2001,120810,2,1,0,0,0,0,0,0,0,0,0,0
2001,120811,1,1,0,0,0,0,14,0,0,0,0,0
2001,120812,1,1,0,0,0,0,0,0,0,0,0,0
2001,120812,2,1,0,0,0,0,0,0,0,0,0,0
2001,120813,0,1,0,0,0,0,0,0,5,0,0,0
2001,120813,0,2,0,0,0,0,0,0,0,12,8,0
2001,120813,1,1,0,0,0,0,0,0,0,0,0,0
2001,120814,1,1,12,12,12,12,12,12,12,12,12,12
2001,120814,2,1,0,0,0,0,0,0,0,0,0,0
2001,120815,0,1,0,0,0,9,0,18,0,17,0,24
2001,120815,1,1,0,0,0,0,13,0,0,0,0,0
2001,120816,1,1,0,0,0,0,0,0,0,0,0,0
2001,120816,2,1,0,0,0,0,0,0,0,0,0,0
2001,120817,1,1,0,0,0,0,21,0,0,0,0,0
2001,120818,1,1,0,0,0,0,0,0,0,0,0,0
2001,120818,2,1,0,0,0,0,0,0,0,0,0,0
2001,120819,1,1,0,0,0,0,0,0,0,16,0,0
2001,120819,2,1,0,0,0,0,0,0,0,0,0,0
2001,120820,0,1,0,0,0,16,0,0,0,0,0,0
2001,120820,1,1,0,0,10,0,0,0,0,0,0,0
2001,120821,1,1,0,0,0,0,11,0,0,0,0,0
2001,120821,2,1,0,0,0,0,0,0,0,0,0,12
2001,120822,1,1,23,23,23,23,23,23,23,23,23,23
2001,120822,2,1,0,0,28,0,0,0,5,0,0,0
2001,120823,0,1,0,0,0,0,0,0,0,0,0,0
2001,120823,1,1,0,0,0,0,0,0,0,0,0,0
2001,120824,1,1,0,0,0,0,0,0,0,0,0,0
2001,120824,2,1,0,0,0,0,0,0,0,0,0,0
2001,120825,1,1,0,0,0,0,0,0,0,0,0,0
2001,120825,2,1,0,0,0,0,0,0,0,0,0,0
2001,120825,3,1,0,15,16,0,0,0,0,0,0,0
2001,120826,1,1,0,0,0,0,0,0,0,0,0,0
2001,120826,2,1,0,0,0,0,0,0,0,0,0,0
2001,120827,1,1,0,0,0,0,0,0,0,0,0,0
2001,120827,2,1,0,0,0,0,0,0,0,0,0,0
2001,120828,1,1,0,0,0,0,0,0,0,0,0,0
2001,120828,2,1,0,0,0,0,0,0,0,0,5,4
2001,120829,0,1,27,27,27,27,27,27,27,27,27,27
2001,120829,1,1,0,0,0,0,0,0,0,0,0,0
2001,120830,0,1,0,0,24,0,18,0,0,0,19,0
2001,120830,1,1,0,0,0,0,0,9,0,0,12,0
2001,120831,0,1,0,0,0,0,0,0,0,0,0,0
2001,120831,1,1,0,0,0,0,0,0,0,0,0,0
2001,120832,1,1,20,20,20,20,20,20,20,20,20,20
2001,120833,1,1,0,0,0,0,0,0,0,0,0,0
2001,120833,2,1,0,0,0,0,0,0,0,0,0,0
2001,120833,3,1,0,0,0,0,0,0,0,0,0,0
2001,120834,1,1,0,0,0,0,0,0,0,0,0,0
2001,120834,2,1,0,0,0,0,0,0,0,0,0,0
2001,120835,0,1,0,0,0,0,0,0,0,0,0,0
2001,120835,1,1,0,0,0,0,0,0,12,0,0,0
2001,120836,1,1,21,21,21,21,21,21,21,21,21,21
2001,120837,1,1,13,0,11,9,5,14,6,12,29,10
2001,120838,1,1,0,0,0,0,0,0,0,0,0,0
2001,120838,2,1,0,0,0,0,0,0,0,0,0,0
2001,120840,1,1,0,0,0,0,0,0,0,0,0,0
2001,120841,1,1,0,0,0,0,0,0,0,0,0,0
2001,120841,2,1,0,0,0,0,0,0,0,0,0,0
2001,120842,1,1,0,0,0,0,0,0,0,0,0,0
2001,120842,2,1,0,0,0,0,0,0,0,0,0,0
2001,120842,3,1,0,0,0,0,0,0,0,0,0,0
2001,120843,1,1,0,0,0,0,0,0,0,0,0,0
2001,120843,2,1,0,0,0,0,0,0,0,0,0,0
2001,120843,3,1,0,0,0,0,0,0,0,0,0,0
2001,120844,1,1,0,0,0,0,0,0,0,0,0,0
2001,120844,2,1,0,0,0,0,0,0,0,0,0,0
2001,120845,1,1,0,0,0,0,0,0,0,0,0,0
2001,120846,1,1,0,0,0,0,0,0,0,0,0,0
2001,120847,1,1,0,0,0,0,0,0,0,0,0,0
2001,120848,1,1,0,0,0,0,0,0,0,0,0,9
2001,120848,2,1,0,0,0,0,0,0,0,0,0,0
2001,120849,1,1,0,0,0,0,0,0,0,0,0,0
2001,120850,1,1,19,19,19,19,19,19,19,19,19,19
2001,120851,1,1,12,12,12,12,12,12,12,12,12,12
2001,120852,1,1,21,21,21,21,21,21,21,21,21,21
2001,120852,2,1,0,0,0,0,0,0,0,0,0,0
2001,120852,3,1,0,0,0,0,0,0,0,0,0,0
2001,120853,1,1,27,27,27,27,27,27,27,27,27,27
2001,120853,2,1,0,0,0,0,0,0,0,0,0,0
2001,120854,1,1,0,0,13,6,0,0,0,0,0,0
2001,120855,0,1,0,0,0,0,0,0,0,0,0,0
2001,120855,1,1,2,2,2,2,2,2,2,2,2,2
2001,120856,0,1,0,0,0,0,0,0,0,0,0,0
2001,120856,1,1,4,4,4,4,4,4,4,4,4,4
2001,120857,1,1,0,0,0,0,0,0,0,0,0,0
2001,120857,2,1,0,0,0,0,0,0,0,0,0,0
2001,120858,1,1,0,16,0,28,0,0,0,0,0,0
2001,120858,2,1,27,27,27,27,27,27,27,27,27,27
2001,120859,1,1,0,0,0,0,0,0,0,0,0,0
2001,120859,2,1,0,0,0,0,0,0,0,0,0,0
2001,120859,3,1,0,0,0,0,0,0,0,0,0,0
2001,120860,1,1,0,0,0,0,0,0,0,0,0,0
2001,120860,2,1,0,0,0,0,0,0,0,0,0,0
2001,120861,1,1,0,0,11,19,4,0,0,11,0,0
2001,120861,2,1,0,0,0,0,0,0,0,0,0,0
2001,120862,1,1,0,0,0,0,0,0,0,0,0,0
2001,120862,2,1,0,0,0,0,0,0,0,0,0,0
2001,120863,0,1,0,0,0,0,0,0,0,0,0,0
2001,120863,0,2,0,11,0,24,0,0,0,0,0,2
2001,120863,0,3,0,0,0,0,6,0,0,0,0,0