YEAR,st_case,veh_no,per_no,P1,P2,P3,P4,P5,P6,P7,P8,P9,P10
2001,120863,1,1,0,0,0,0,0,0,0,0,0,0
2001,120864,0,1,16,16,16,16,16,16,16,16,16,16
2001,120864,1,1,0,21,0,0,0,0,30,0,0,0
2001,120865,1,1,0,0,0,0,0,0,0,0,0,0
2001,120865,2,1,0,0,0,0,0,0,0,0,0,0
2001,120866,1,1,9,9,9,9,9,9,9,9,9,9
2001,120866,2,1,0,0,0,0,0,0,0,0,0,0
2001,120867,1,1,7,7,7,7,7,7,7,7,7,7
2001,120868,1,1,16,16,16,16,16,16,16,16,16,16
2001,120869,1,1,27,27,27,27,27,27,27,27,27,27
2001,120870,1,1,0,0,0,0,0,0,0,0,0,0
2001,120871,1,1,14,14,14,14,14,14,14,14,14,14
2001,120872,0,1,26,26,26,26,26,26,26,26,26,26
2001,120872,1,1,0,7,0,0,0,0,0,0,0,0
2001,120873,1,1,0,0,0,0,0,0,0,0,0,0
2001,120873,2,1,0,0,0,0,0,0,0,0,0,0
2001,120874,1,1,0,0,0,0,0,0,0,0,0,0
2001,120875,1,1,0,0,0,0,0,0,0,0,0,0
2001,120876,1,1,0,0,0,0,0,0,0,0,0,0
2001,120876,2,1,0,0,0,0,0,0,0,0,0,0
2001,120877,1,1,0,0,0,0,0,0,0,0,0,0
2001,120877,2,1,0,0,0,0,0,0,0,0,0,0
2001,120878,1,1,19,0,0,0,0,0,16,0,0,0
2001,120878,2,1,0,0,0,0,0,0,0,0,0,0
2001,120879,1,1,0,0,0,0,0,0,0,0,0,0
2001,120879,2,1,0,0,0,0,0,0,0,0,0,0
2001,120880,0,1,0,0,0,0,0,0,0,0,0,0
2001,120880,1,1,11,0,0,0,0,0,0,23,0,0
2001,120880,2,1,0,0,9,0,0,0,0,14,0,11
2001,120881,1,1,0,0,0,0,0,0,0,0,0,0
2001,120881,2,1,0,0,0,0,0,0,0,0,0,0
2001,120881,3,1,0,0,0,0,0,0,0,0,0,0
2001,120882,1,1,0,0,0,0,0,0,0,0,0,0
2001,120883,1,1,28,28,28,28,28,28,28,28,28,28
2001,120884,0,1,8,8,8,8,8,8,8,8,8,8
2001,120884,1,1,0,0,0,0,0,0,0,0,0,0
2001,120885,1,1,6,6,6,6,6,6,6,6,6,6
2001,120886,0,1,0,0,0,0,0,0,0,0,0,0
2001,120886,1,1,0,0,0,0,0,0,0,0,0,0
2001,120887,1,1,0,0,0,0,0,0,0,0,0,0
2001,120887,2,1,0,0,0,0,0,0,0,0,0,0
2001,120888,1,1,7,13,0,36,13,27,37,16,0,0
2001,120889,1,1,8,8,8,8,8,8,8,8,8,8
2001,120889,2,1,0,0,0,0,0,0,0,0,0,0
2001,120890,1,1,0,0,0,0,0,0,0,0,0,0
2001,120890,2,1,0,0,0,0,0,0,0,0,9,0
2001,120891,1,1,0,0,0,0,0,0,0,0,0,0
2001,120891,2,1,0,0,0,0,0,0,0,0,0,0
2001,120892,1,1,0,0,0,0,0,0,0,0,0,0
2001,120893,1,1,0,0,0,0,0,0,0,0,0,0
2001,120893,2,1,0,0,0,0,31,0,0,0,0,0
2001,120893,3,1,0,0,0,0,0,0,0,0,0,0
2001,120894,1,1,0,0,4,0,0,0,0,0,0,0
2001,120894,2,1,21,21,21,21,21,21,21,21,21,21
2001,120895,1,1,0,0,0,0,0,0,0,0,0,0
2001,120895,2,1,0,0,0,0,0,0,0,0,0,7
2001,120896,1,1,14,29,23,0,26,19,8,20,17,0
2001,120897,0,1,1,1,1,1,1,1,1,1,1,1
2001,120897,1,1,0,0,0,0,0,0,0,0,0,0
2001,120897,2,1,0,0,0,0,0,0,0,0,0,0
2001,120898,1,1,0,0,0,0,0,0,0,0,0,0
2001,120898,2,1,0,0,0,0,0,0,0,0,0,0
2001,120899,1,1,0,0,0,0,0,0,0,0,0,10
2001,120899,2,1,0,0,0,0,0,0,0,0,0,0
2001,120900,1,1,27,27,27,27,27,27,27,27,27,27
2001,120901,1,1,0,0,0,0,0,0,0,0,0,0
2001,120901,2,1,0,0,0,0,0,0,0,0,0,0
2001,120901,3,1,0,0,0,0,0,0,0,0,0,0
2001,120902,1,1,23,23,23,23,23,23,23,23,23,23
2001,120902,2,1,0,0,0,0,0,0,0,0,0,0
2001,120903,1,1,15,15,15,15,15,15,15,15,15,15
2001,120904,1,1,0,0,0,0,0,0,0,0,0,0
2001,120904,2,1,0,0,0,0,0,0,0,0,0,0
2001,120904,3,1,0,0,0,0,0,0,0,0,0,0
2001,120905,1,1,0,0,0,0,0,0,0,0,0,0
2001,120906,1,1,0,0,0,0,0,0,0,0,0,0
2001,120906,2,1,0,0,0,0,0,0,0,0,0,11
2001,120907,0,1,12,12,12,12,12,12,12,12,12,12
2001,120907,1,1,6,31,14,8,0,20,20,0,11,15
2001,120908,1,1,20,20,20,20,20,20,20,20,20,20
2001,120909,1,1,0,0,0,0,0,0,0,0,0,0
2001,120909,2,1,0,0,0,0,0,0,0,0,0,0
2001,120910,1,1,0,0,0,0,0,0,0,0,0,0
2001,120911,1,1,18,18,18,18,18,18,18,18,18,18
2001,120912,0,1,28,28,28,28,28,28,28,28,28,28
2001,120912,1,1,0,0,10,0,0,0,0,0,0,0
2001,120913,1,1,16,0,0,19,0,0,0,0,0,0
2001,120913,2,1,0,0,0,0,0,0,0,0,0,0
2001,120914,1,1,0,0,0,0,0,0,0,0,0,0
2001,120915,1,1,0,0,0,0,0,0,0,0,0,0
2001,120916,1,1,0,0,0,0,0,0,0,0,0,0
2001,120916,2,1,0,0,0,0,0,0,0,0,0,0
2001,120917,1,1,0,0,0,0,0,0,0,0,0,0
2001,120917,2,1,0,3,11,0,0,0,0,0,0,0
2001,120917,3,1,0,0,13,0,0,0,0,0,0,23
2001,120918,1,1,11,11,11,11,11,11,11,11,11,11
2001,120919,1,1,0,0,0,0,0,0,0,0,0,21
2001,120920,1,1,0,0,0,0,0,0,0,16,0,9
2001,120920,2,1,5,5,5,5,5,5,5,5,5,5
2001,120921,1,1,16,16,16,16,16,16,16,16,16,16
2001,120922,1,1,0,0,0,0,0,0,0,0,0,0
2001,120923,1,1,5,5,5,5,5,5,5,5,5,5
2001,120923,2,1,0,0,0,0,0,0,0,0,0,0
2001,120924,1,1,0,0,0,0,18,0,0,0,0,0
2001,120924,2,1,0,0,16,0,0,0,0,0,0,0
2001,120924,3,1,0,0,0,0,0,0,4,0,0,0
2001,120925,0,1,26,26,26,26,26,26,26,26,26,26
2001,120925,1,1,0,0,0,0,0,0,0,0,0,0
2001,120926,1,1,0,0,0,0,0,0,0,0,0,0
2001,120926,2,1,0,0,11,0,0,17,0,0,0,0
2001,120927,1,1,0,0,0,0,0,0,0,0,0,0
2001,120927,2,1,0,0,0,0,0,0,0,0,0,0
2001,120928,0,1,15,19,0,0,0,0,0,0,0,0
2001,120928,1,1,0,0,23,10,0,0,0,0,0,0
2001,120929,1,1,13,13,13,13,13,13,13,13,13,13
2001,120929,2,1,0,0,0,0,0,0,0,0,0,0
2001,120930,0,1,30,30,30,30,30,30,30,30,30,30
2001,120930,1,1,0,0,0,0,0,0,0,0,0,0
2001,120931,1,1,22,22,22,22,22,22,22,22,22,22
2001,120931,2,1,0,0,0,0,0,0,0,0,0,0
2001,120932,1,1,0,0,0,0,0,0,0,0,0,0
2001,120932,2,1,0,0,0,0,0,0,0,0,0,0
2001,120933,1,1,0,0,0,0,0,0,0,0,0,0
2001,120934,1,1,0,0,0,0,0,0,0,0,0,0
2001,120934,2,1,0,0,0,0,0,0,0,0,0,0
2001,120935,1,1,0,0,0,0,0,0,0,0,0,0
2001,120935,2,1,0,0,0,0,0,0,0,0,0,0
2001,120936,1,1,10,10,10,10,10,10,10,10,10,10
2001,120936,2,1,0,0,0,0,0,0,0,0,0,0
2001,120937,1,1,0,0,0,0,0,0,0,0,0,0
2001,120937,2,1,0,0,0,0,0,0,0,0,0,0
2001,120938,1,1,0,21,0,0,8,17,0,45,14,0
2001,120938,2,1,0,0,0,0,0,0,0,0,0,0
2001,120938,3,1,0,0,0,0,0,0,0,0,0,0
2001,120939,1,1,0,0,0,0,0,0,0,0,0,0
2001,120939,2,1,0,0,0,0,0,0,0,0,0,0
2001,120940,1,1,0,0,0,0,0,0,0,0,0,0
2001,120940,2,1,0,0,0,0,0,0,0,0,0,0
2001,120941,1,1,0,0,0,0,0,0,0,0,0,0
2001,120941,2,1,0,0,0,0,0,0,15,0,0,0
2001,120942,1,1,0,0,0,0,0,0,0,0,0,0
2001,120943,1,1,0,0,0,0,0,0,0,0,0,0
2001,120943,2,1,13,0,0,6,0,0,0,0,0,0
2001,120944,1,1,0,0,0,0,0,0,0,0,0,0
2001,120944,2,1,0,19,0,0,22,0,0,0,0,0
2001,120945,1,1,0,0,0,0,0,0,0,0,0,0
2001,120945,2,1,0,0,0,0,0,0,0,0,0,0
2001,120946,0,1,15,15,15,15,15,15,15,15,15,15
2001,120946,1,1,0,0,0,0,0,7,0,0,0,0
2001,120947,0,1,0,0,0,0,0,0,0,0,0,0
2001,120947,1,1,0,0,0,0,0,0,0,0,0,0
2001,120948,1,1,7,7,7,7,7,7,7,7,7,7
2001,120949,1,1,20,20,20,20,20,20,20,20,20,20
2001,120950,1,1,6,6,6,6,6,6,6,6,6,6
2001,120950,2,1,10,10,10,10,10,10,10,10,10,10
2001,120951,1,1,0,0,0,0,0,0,0,0,0,0
2001,120952,1,1,17,17,17,17,17,17,17,17,17,17
2001,120952,2,1,0,13,0,27,0,0,26,0,0,0
2001,120953,1,1,8,8,8,8,8,8,8,8,8,8
2001,120953,2,1,16,16,16,16,16,16,16,16,16,16
2001,120954,1,1,0,0,0,0,0,0,0,0,0,7
2001,120955,1,1,0,0,26,0,0,0,0,0,0,0
2001,120955,2,1,0,0,0,0,0,0,0,0,0,0
2001,120956,0,1,0,0,0,0,0,0,0,0,0,0
2001,120956,1,1,0,0,0,0,0,0,0,0,0,0
2001,120957,1,1,23,23,23,23,23,23,23,23,23,23
2001,120958,1,1,0,0,0,0,0,0,0,0,0,0
2001,120958,2,1,0,0,0,0,0,6,0,0,0,0
2001,120959,1,1,0,0,0,0,0,0,0,0,0,0
2001,120959,2,1,0,0,0,0,0,0,0,0,0,0
2001,120959,3,1,0,0,0,0,3,0,0,0,0,0
2001,120960,1,1,0,0,0,0,0,0,0,0,0,0
2001,120961,1,1,0,0,0,0,0,0,0,0,0,0
2001,120961,2,1,21,21,21,21,21,21,21,21,21,21
2001,120962,1,1,0,0,0,0,0,0,0,0,0,0
2001,120962,2,1,0,0,0,0,0,0,0,0,0,0
2001,120963,1,1,0,0,0,0,0,0,0,0,0,0
2001,120964,1,1,25,22,38,0,13,21,0,0,0,9
2001,120965,1,1,0,0,0,0,0,0,0,0,0,0
2001,120965,2,1,0,0,0,0,0,0,0,0,0,0
2001,120965,3,1,0,0,0,0,0,0,0,0,0,0
2001,120965,4,1,0,0,0,0,0,0,0,0,0,0
2001,120966,1,1,0,0,0,0,0,0,0,0,0,0
2001,120966,2,1,0,0,0,0,0,0,0,0,0,0
2001,120967,1,1,0,0,0,0,0,0,0,0,0,0
2001,120968,1,1,21,21,21,21,21,21,21,21,21,21
2001,120969,1,1,11,11,11,11,11,11,11,11,11,11
2001,120970,1,1,0,0,0,0,0,0,0,0,0,0
2001,120970,2,1,0,0,0,0,0,0,0,0,0,0
2001,120970,3,1,0,0,0,0,0,0,0,0,0,0
2001,120971,0,1,23,14,0,0,24,0,17,16,0,0
2001,120971,1,1,0,0,0,0,0,0,0,0,0,0
2001,120972,1,1,0,0,0,0,0,0,0,0,0,0
2001,120972,2,1,0,0,0,0,0,0,0,0,0,0
2001,120973,1,1,0,0,0,0,0,0,0,0,0,0
2001,120973,2,1,0,0,0,0,0,0,0,0,0,0
2001,120974,1,1,0,0,0,0,0,0,0,0,0,0
2001,120975,1,1,4,4,4,4,4,4,4,4,4,4
2001,120976,1,1,0,0,0,0,0,0,0,0,0,0
2001,120976,2,1,0,0,0,0,0,0,0,0,0,0
2001,120977,0,1,0,0,0,0,0,0,0,0,0,0
2001,120977,1,1,0,0,0,0,0,0,0,0,0,0
2001,120978,1,1,0,0,0,0,0,0,0,0,0,0
2001,120978,2,1,0,0,0,0,0,0,0,0,0,0
2001,120979,1,1,0,0,0,0,0,0,0,0,0,0
2001,120979,2,1,0,0,0,0,0,0,0,0,0,0
2001,120980,1,1,0,0,0,0,0,0,0,0,0,0
2001,120980,2,1,0,0,0,0,0,0,0,0,0,0
2001,120980,3,1,0,0,0,0,0,0,0,0,0,0
2001,120981,1,1,32,32,32,32,32,32,32,32,32,32
2001,120982,1,1,26,9,11,16,25,0,5,21,20,31
2001,120983,1,1,0,0,0,0,0,0,0,0,0,0
2001,120983,2,1,0,0,0,0,0,0,0,0,0,0
2001,120984,1,1,10,10,10,10,10,10,10,10,10,10
2001,120984,2,1,0,0,0,0,4,0,0,0,0,0
2001,120984,3,1,0,0,0,0,0,0,0,0,0,0
2001,120985,1,1,0,0,0,0,0,0,0,0,0,0
2001,120985,2,1,0,0,0,0,0,0,0,0,0,0
2001,120986,1,1,0,0,0,0,0,0,0,0,0,0
2001,120986,2,1,0,0,0,0,0,0,0,0,0,0
2001,120987,1,1,0,0,0,4,0,0,0,0,0,0
2001,120988,1,1,20,20,20,20,20,20,20,20,20,20
2001,120988,2,1,0,0,0,0,0,0,0,0,0,0
2001,120989,1,1,13,13,13,13,13,13,13,13,13,13
2001,120990,1,1,4,4,4,4,4,4,4,4,4,4
2001,120990,2,1,0,0,0,0,0,0,0,0,0,0
2001,120991,1,1,15,15,15,15,15,15,15,15,15,15
2001,120992,1,1,17,17,17,17,17,17,17,17,17,17
2001,120993,1,1,21,21,21,21,21,21,21,21,21,21
2001,120994,1,1,0,0,0,0,0,0,0,0,0,0
2001,120994,2,1,0,0,0,0,0,0,0,13,0,8
2001,120994,3,1,0,0,0,0,0,0,0,0,0,0
2001,120994,4,1,0,0,0,0,0,0,0,0,15,0
2001,120995,1,1,15,15,15,15,15,15,15,15,15,15
2001,120996,1,1,0,0,0,0,0,0,0,0,0,0
2001,120997,1,1,0,0,0,0,0,0,0,0,0,0
2001,120998,0,1,11,0,0,0,20,0,0,0,0,0
2001,120998,1,1,20,20,20,20,20,20,20,20,20,20
2001,120999,1,1,0,0,0,0,0,0,0,0,0,0
2001,121000,1,1,0,0,0,0,0,0,0,0,0,0
2001,121000,2,1,0,0,0,0,0,0,0,0,0,0
2001,121001,1,1,19,19,19,19,19,19,19,19,19,19
2001,121001,2,1,0,0,0,0,0,0,0,0,0,0
2001,121001,3,1,0,0,0,0,0,0,0,0,0,0
2001,121002,1,1,0,0,0,0,0,0,0,0,0,0
2001,121003,1,1,0,0,0,0,0,0,0,0,0,26
2001,121003,2,1,0,0,0,0,0,0,0,0,0,0
2001,121004,1,1,0,0,0,0,0,0,0,0,0,0
2001,121005,1,1,13,13,13,13,13,13,13,13,13,13
2001,121005,2,1,0,0,0,0,0,0,0,0,0,0
2001,121006,1,1,16,16,16,16,16,16,16,16,16,16
2001,121006,2,1,5,7,0,0,0,0,0,0,0,0
2001,121006,3,1,0,13,21,0,0,12,0,9,0,0
2001,121007,1,1,9,9,9,9,9,9,9,9,9,9
2001,121008,1,1,18,20,34,19,21,21,20,0,27,10
2001,121009,1,1,0,16,0,0,0,9,0,0,8,10
2001,121009,2,1,0,0,0,0,0,0,0,24,0,0
2001,121010,1,1,17,14,0,0,0,16,0,0,0,6
2001,121011,0,1,0,0,0,0,0,0,0,0,0,0
2001,121011,1,1,2,0,0,0,0,9,0,0,4,0
2001,121012,1,1,18,18,18,18,18,18,18,18,18,18
2001,121013,1,1,19,19,19,19,19,19,19,19,19,19
2001,121013,2,1,14,14,14,14,14,14,14,14,14,14
2001,121014,1,1,0,0,0,0,0,0,0,0,0,0
2001,121014,2,1,0,0,0,0,0,0,0,0,0,0
2001,121015,1,1,0,0,0,0,0,0,0,0,0,0
2001,121016,1,1,0,0,0,0,0,0,0,0,0,0
2001,121016,2,1,0,0,0,0,0,0,0,0,0,0
2001,121016,3,1,0,0,0,0,0,0,0,0,0,0
2001,121017,1,1,0,0,0,0,0,0,0,0,0,0
2001,121018,1,1,0,0,0,0,0,0,0,0,0,0
2001,121018,2,1,0,0,0,0,0,0,0,0,0,0
2001,121018,3,1,0,0,0,0,0,0,0,0,0,0
2001,121019,1,1,21,21,21,21,21,21,21,21,21,21
2001,121019,2,1,0,0,0,0,0,0,0,0,0,0
2001,121020,0,1,27,27,27,27,27,27,27,27,27,27
2001,121020,1,1,0,16,0,0,0,0,0,12,14,0
2001,121021,0,1,0,0,0,0,0,0,0,0,0,0
2001,121021,1,1,0,0,0,0,0,0,0,0,0,0
2001,121022,1,1,0,0,0,0,0,0,0,0,0,0
2001,121022,2,1,0,0,0,0,0,0,0,0,0,0
2001,121022,3,1,0,0,0,0,0,0,0,0,0,0
2001,121022,4,1,0,0,0,0,0,0,0,0,0,0
2001,121022,5,1,0,0,0,0,0,0,0,0,0,0
2001,121022,6,1,0,0,0,0,6,0,14,0,0,0
2001,121023,1,1,12,12,12,12,12,12,12,12,12,12
2001,121024,0,1,0,0,0,0,0,0,0,0,0,0
2001,121024,1,1,0,0,0,0,0,0,0,0,0,0
2001,121025,1,1,0,0,0,0,0,0,0,0,0,0
2001,121026,1,1,0,0,0,0,0,0,0,0,0,0
2001,121026,2,1,0,0,13,0,0,0,0,0,0,0
2001,121027,1,1,0,0,0,0,0,9,0,0,0,0
2001,121027,2,1,0,0,0,0,0,0,0,0,0,0
2001,121028,1,1,16,16,16,16,16,16,16,16,16,16
2001,121029,1,1,0,0,0,0,0,0,0,0,0,0
2001,121029,2,1,0,0,0,0,0,0,0,0,0,0
2001,121030,1,1,0,0,0,0,0,0,0,0,0,0
2001,121031,1,1,23,0,26,0,0,8,30,0,0,0
2001,121032,1,1,0,0,0,0,0,0,0,0,0,0
2001,121032,2,1,0,0,0,0,0,0,0,0,0,0
2001,121033,1,1,14,14,14,14,14,14,14,14,14,14
2001,121033,2,1,0,0,0,0,0,0,0,0,0,0
2001,121033,3,1,0,0,0,0,0,0,0,0,0,0
2001,121033,4,1,4,0,0,0,0,0,0,0,0,0
2001,121033,5,1,0,0,0,0,0,0,0,0,0,0
2001,121033,6,1,0,0,0,0,0,0,0,0,0,0
2001,121034,1,1,0,0,0,0,0,0,0,0,0,0
2001,121034,2,1,0,0,0,0,0,0,0,0,0,0
2001,121034,3,1,19,19,19,19,19,19,19,19,19,19
2001,121035,0,1,28,28,28,28,28,28,28,28,28,28
2001,121035,1,1,0,0,0,0,0,0,0,0,0,0
2001,121036,0,1,0,0,0,0,0,0,0,0,0,0
2001,121036,1,1,16,0,14,0,31,0,27,0,0,0
2001,121037,0,1,25,25,25,25,25,25,25,25,25,25
2001,121037,1,1,0,0,0,12,26,0,14,0,0,0
2001,121038,1,1,0,0,0,0,0,0,0,0,0,0
2001,121039,1,1,17,17,17,17,17,17,17,17,17,17
2001,121040,0,1,0,0,0,0,0,0,0,0,0,0
2001,121040,1,1,0,0,13,0,10,0,0,0,5,0
2001,121041,1,1,0,0,0,0,0,0,0,0,0,0
2001,121042,0,1,0,0,0,0,0,0,0,0,0,0
2001,121042,1,1,0,0,0,0,0,0,0,0,0,0
2001,121043,1,1,26,26,26,26,26,26,26,26,26,26
2001,121044,0,1,0,0,0,0,0,0,0,0,0,0
2001,121044,1,1,0,0,0,0,0,0,0,0,0,0
2001,121045,1,1,27,27,27,27,27,27,27,27,27,27
2001,121046,1,1,0,0,0,0,0,0,0,0,0,0
2001,121046,2,1,0,0,0,0,0,0,0,0,0,0
2001,121047,1,1,37,37,37,37,37,37,37,37,37,37
2001,121047,2,1,0,0,0,0,0,0,0,0,0,0
2001,121048,1,1,9,9,9,9,9,9,9,9,9,9
2001,121049,1,1,0,0,0,0,0,0,0,0,0,0
2001,121050,0,1,0,0,0,0,0,0,0,0,0,0
2001,121050,1,1,0,0,0,0,0,0,0,0,0,0
2001,121051,1,1,0,0,6,0,0,22,0,0,7,0
2001,121051,2,1,0,0,0,0,0,0,0,0,0,0
2001,121052,1,1,0,0,0,0,0,0,0,0,0,0
2001,121052,2,1,0,0,0,0,0,0,0,0,0,0
2001,121053,1,1,0,0,0,0,0,0,19,0,0,0
2001,121053,2,1,0,0,0,0,0,0,0,0,0,0
2001,121054,1,1,0,0,0,0,0,0,0,0,0,0
2001,121054,2,1,0,0,0,0,0,0,0,0,0,0
2001,121055,1,1,16,16,16,16,16,16,16,16,16,16
2001,121056,1,1,0,0,0,0,0,0,0,0,0,0
2001,121057,1,1,0,0,0,0,0,0,0,0,0,0
2001,121057,2,1,14,14,14,14,14,14,14,14,14,14
2001,121058,1,1,0,0,0,0,0,0,0,0,0,0
2001,121058,2,1,0,0,0,0,0,0,0,0,0,0
2001,121059,1,1,0,0,0,0,0,0,0,0,0,0
2001,121060,1,1,0,0,0,0,0,0,0,0,0,0
2001,121060,2,1,0,0,0,0,0,0,0,0,0,0
2001,121061,1,1,0,0,0,0,0,0,0,0,0,0
2001,121061,2,1,0,0,0,0,0,0,0,0,0,0
2001,121061,3,1,0,0,0,0,0,0,0,0,0,0
2001,121062,1,1,0,0,0,0,0,0,0,0,0,0
2001,121063,1,1,7,0,0,0,0,0,0,0,0,0
2001,121063,2,1,0,0,0,0,0,0,0,0,0,0
2001,121064,1,1,22,22,22,22,22,22,22,22,22,22
2001,121065,1,1,0,0,0,0,0,0,0,0,0,0
2001,121065,2,1,0,0,0,0,0,0,0,0,0,0
2001,121065,3,1,0,0,0,0,0,0,0,0,0,0
2001,121065,4,1,0,0,0,0,0,0,0,0,0,0
2001,121065,5,1,0,0,0,0,0,0,0,0,0,0
2001,121065,6,1,0,0,0,0,0,0,0,0,0,0
2001,121065,7,1,0,0,0,0,0,0,0,0,0,0
2001,121066,1,1,0,0,0,0,0,0,0,0,0,0
2001,121067,0,1,0,0,0,0,0,0,0,0,0,0
2001,121067,1,1,0,0,0,0,0,0,0,0,0,0
2001,121068,1,1,21,21,21,21,21,21,21,21,21,21
2001,121069,1,1,0,0,0,0,0,0,0,0,0,0
2001,121069,2,1,0,0,0,0,0,0,0,0,0,0
2001,121069,3,1,0,0,0,0,0,0,0,0,0,0
2001,121069,4,1,0,0,0,0,0,0,0,0,0,0
2001,121070,1,1,0,0,0,0,0,0,0,0,0,0
2001,121071,0,1,0,0,0,0,0,0,0,0,0,0
2001,121072,0,1,0,0,0,0,0,0,0,0,0,0
2001,121072,1,1,19,6,0,0,21,0,0,0,7,11
2001,121073,0,1,0,0,0,0,0,0,21,0,0,0
2001,121073,1,1,0,0,0,0,0,0,0,0,0,6
2001,121074,1,1,0,0,0,0,0,0,0,0,0,0
2001,121074,2,1,0,0,0,0,0,0,0,0,5,0
2001,121075,0,1,0,21,0,13,31,13,20,21,4,22
2001,121075,1,1,0,0,0,0,0,0,0,0,0,0
2001,121076,1,1,0,0,0,0,0,0,0,0,0,0
2001,121076,2,1,0,0,0,0,0,0,0,0,0,0
2001,121077,1,1,0,0,0,0,0,0,0,0,0,0
2001,121077,2,1,1,1,1,1,1,1,1,1,1,1
2001,121078,1,1,0,0,0,0,0,0,0,0,0,0
2001,121078,2,1,0,0,0,0,0,0,0,0,0,0
2001,121079,1,1,24,24,24,24,24,24,24,24,24,24
2001,121080,1,1,14,14,14,14,14,14,14,14,14,14
2001,121081,1,1,16,16,16,16,16,16,16,16,16,16
2001,121082,1,1,0,0,4,0,0,0,0,21,0,5
2001,121082,2,1,0,0,27,0,0,0,12,0,0,0
2001,121083,1,1,0,0,0,0,0,0,0,0,0,0
2001,121083,2,1,0,0,0,0,0,0,0,0,0,0
2001,121084,1,1,0,38,0,0,0,0,0,0,0,0
2001,121084,2,1,0,0,0,0,0,0,0,0,0,0
2001,121085,1,1,0,0,0,0,0,0,0,0,0,0
2001,121085,2,1,0,0,0,0,0,0,0,0,0,0
2001,121086,1,1,8,0,0,0,0,0,0,0,38,0
2001,121086,2,1,0,0,0,0,0,0,0,0,0,0
2001,121087,1,1,28,28,28,28,28,28,28,28,28,28
2001,121087,2,1,0,0,0,0,0,0,0,0,0,0
2001,121088,1,1,0,0,0,0,0,0,0,0,0,0
2001,121089,1,1,0,0,0,0,0,0,0,0,0,0
2001,121090,1,1,0,11,0,0,0,0,0,0,0,0
2001,121090,2,1,0,0,0,0,0,0,0,0,0,0
2001,121091,1,1,15,8,12,24,18,0,9,0,0,0
2001,121091,2,1,0,0,0,0,0,0,0,0,0,0
2001,121092,0,1,0,0,0,0,0,0,0,0,0,0
2001,121092,1,1,0,0,0,0,0,0,0,0,0,0
2001,121093,1,1,0,0,0,0,0,0,0,0,0,0
2001,121093,2,1,12,12,12,12,12,12,12,12,12,12
2001,121094,1,1,0,0,0,0,0,0,0,0,0,0
2001,121094,2,1,0,0,0,0,0,0,0,0,0,0
2001,121095,1,1,0,0,0,0,0,0,0,0,0,0
2001,121096,1,1,0,0,0,0,0,0,0,0,0,0
2001,121096,2,1,0,0,0,0,0,0,0,0,0,0
2001,121096,3,1,0,0,0,0,0,0,0,0,0,0
2001,121097,1,1,23,23,23,23,23,23,23,23,23,23
2001,121098,0,1,24,24,24,24,24,24,24,24,24,24
2001,121098,1,1,0,17,0,0,0,0,0,0,0,0
2001,121099,1,1,0,0,0,0,0,0,0,0,0,0
2001,121100,0,1,0,0,0,0,0,0,0,0,0,0
2001,121100,1,1,0,0,0,0,0,0,0,0,0,0
2001,121101,1,1,4,4,4,4,4,4,4,4,4,4
2001,121101,2,1,18,0,16,0,0,0,0,27,0,19
2001,121102,1,1,4,4,4,4,4,4,4,4,4,4
2001,121103,1,1,0,0,0,0,0,0,0,0,0,0
2001,121104,1,1,13,13,13,13,13,13,13,13,13,13
2001,121105,0,1,18,0,0,0,31,0,0,0,0,0
2001,121105,1,1,0,0,0,0,0,0,0,0,0,0
2001,121106,1,1,0,0,0,0,0,0,0,0,0,0
2001,121106,2,1,0,0,0,0,0,0,0,0,0,9
2001,121106,3,1,0,0,0,0,0,0,0,0,0,0
2001,121107,1,1,0,0,0,0,0,0,0,0,0,0
2001,121107,2,1,0,0,0,0,0,0,0,0,0,0
2001,121107,3,1,0,0,0,0,0,0,0,0,0,0
2001,121108,1,1,0,0,0,0,0,0,0,0,0,0
2001,121108,2,1,0,0,0,0,0,0,0,0,0,0
2001,121109,1,1,20,21,0,12,0,0,0,19,0,0
2001,121109,2,1,0,0,7,0,0,8,0,0,0,0
2001,121110,1,1,18,18,18,18,18,18,18,18,18,18
2001,121110,2,1,0,0,0,0,0,7,0,0,0,21
2001,121110,3,1,0,0,0,0,0,0,0,0,0,0
2001,121111,1,1,0,0,0,0,0,0,0,0,0,0
2001,121111,2,1,0,0,0,0,0,0,0,0,0,0
2001,121112,1,1,0,0,5,0,0,0,0,0,0,0
2001,121112,2,1,0,0,0,0,0,0,0,0,0,0
2001,121112,3,1,0,0,0,0,0,0,0,0,0,0
2001,121112,4,1,0,0,0,0,0,0,0,0,0,0
2001,121113,1,1,0,0,0,0,0,0,0,0,0,0
2001,121113,2,1,0,0,0,0,0,0,0,0,0,0
2001,121114,1,1,0,22,0,0,0,0,0,0,0,0
2001,121114,2,1,0,0,0,0,0,0,0,0,0,0
2001,121115,1,1,0,0,0,0,0,0,0,0,0,0
2001,121116,1,1,22,22,22,22,22,22,22,22,22,22
2001,121116,2,1,0,0,0,0,0,0,0,0,0,0
2001,121117,1,1,0,0,0,0,0,0,0,0,0,0
2001,121117,2,1,0,0,0,0,0,0,0,0,0,0
2001,121118,1,1,24,0,0,7,5,11,14,12,9,13