YEAR,st_case,veh_no,per_no,P1,P2,P3,P4,P5,P6,P7,P8,P9,P10
2001,121119,0,1,40,40,40,40,40,40,40,40,40,40
2001,121119,1,1,0,0,0,0,0,0,0,0,0,0
2001,121120,1,1,0,0,0,0,0,0,0,0,0,0
2001,121120,2,1,0,0,0,0,0,0,0,0,0,0
2001,121121,1,1,6,14,15,0,0,0,0,12,13,4
2001,121121,2,1,0,0,0,0,0,0,0,0,0,0
2001,121121,3,1,0,23,0,0,0,0,0,0,13,0
2001,121122,1,1,8,0,0,0,0,0,0,0,0,0
2001,121123,1,1,15,15,15,15,15,15,15,15,15,15
2001,121124,1,1,0,0,0,0,0,0,0,0,0,0
2001,121124,2,1,0,0,0,15,0,0,0,0,0,0
2001,121125,1,1,0,0,15,23,24,0,0,12,0,10
2001,121126,1,1,0,0,0,0,0,0,0,0,0,0
2001,121126,2,1,10,10,10,10,10,10,10,10,10,10
2001,121127,1,1,21,21,21,21,21,21,21,21,21,21
2001,121128,1,1,0,0,0,16,7,0,0,0,14,0
2001,121129,1,1,0,0,0,0,0,0,0,0,0,0
2001,121129,2,1,0,0,0,0,0,0,0,0,8,0
2001,121130,1,1,0,0,0,0,0,0,0,0,0,0
2001,121130,2,1,0,0,0,0,8,0,15,0,0,0
2001,121131,1,1,0,0,0,0,0,0,0,0,0,0
2001,121131,2,1,0,0,0,0,0,0,0,0,0,0
2001,121132,1,1,0,0,0,0,0,0,0,0,0,0
2001,121132,2,1,0,0,0,0,0,0,0,0,0,0
2001,121133,1,1,21,21,21,21,21,21,21,21,21,21
2001,121133,2,1,0,0,0,0,0,0,0,0,0,0
2001,121133,3,1,0,0,0,0,0,0,0,0,0,0
2001,121133,4,1,0,0,0,0,0,0,0,0,0,0
2001,121134,1,1,0,0,0,0,0,0,0,0,0,0
2001,121134,2,1,0,0,0,0,0,0,0,0,0,0
2001,121135,0,1,0,0,0,0,0,0,0,0,0,0
2001,121135,1,1,18,0,0,0,6,0,0,13,0,0
2001,121136,1,1,0,0,0,0,13,0,0,0,0,0
2001,121136,2,1,0,0,0,0,0,0,0,0,0,0
2001,121136,3,1,0,0,2,0,0,0,0,0,17,0
2001,121137,1,1,0,0,0,0,0,0,0,0,0,0
2001,121138,1,1,0,0,0,0,0,0,0,0,0,0
2001,121138,2,1,0,0,0,0,0,0,0,0,0,0
2001,121139,1,1,0,0,0,0,0,0,0,0,0,0
2001,121139,2,1,0,0,18,0,0,0,0,0,0,0
2001,121140,1,1,9,9,9,9,9,9,9,9,9,9
2001,121140,2,1,12,9,0,0,0,0,0,9,0,0
2001,121140,3,1,16,0,0,0,0,0,0,0,0,23
2001,121141,1,1,0,0,0,0,0,0,0,0,0,0
2001,121141,2,1,0,0,0,0,0,0,0,0,0,0
2001,121142,1,1,0,0,0,0,0,0,0,0,0,0
2001,121143,0,1,0,0,0,0,0,0,0,0,0,0
2001,121143,1,1,0,0,0,0,0,0,0,0,0,0
2001,121144,1,1,0,0,0,0,0,0,0,0,0,0
2001,121144,2,1,0,0,0,0,0,0,0,0,0,0
2001,121145,0,1,0,0,0,0,0,0,0,0,0,0
2001,121145,1,1,0,0,0,0,0,0,0,0,0,0
2001,121146,1,1,0,0,0,0,0,0,0,0,0,0
2001,121147,0,1,0,0,0,0,0,0,0,0,0,0
2001,121147,2,1,0,0,0,0,0,0,0,0,0,0
2001,121148,1,1,7,7,7,7,7,7,7,7,7,7
2001,121149,1,1,22,22,22,22,22,22,22,22,22,22
2001,121150,0,1,0,0,0,0,0,0,0,0,0,0
2001,121150,1,1,0,0,7,0,25,0,0,0,25,0
2001,121151,1,1,0,0,0,0,0,0,0,0,0,0
2001,121152,1,1,10,10,10,10,10,10,10,10,10,10
2001,121153,1,1,0,0,0,0,0,0,0,0,0,0
2001,121154,1,1,0,0,0,0,0,0,0,0,4,0
2001,121154,2,1,0,0,0,0,0,0,0,0,0,0
2001,121155,1,1,16,16,16,16,16,16,16,16,16,16
2001,121155,2,1,0,0,0,16,0,0,0,0,0,0
2001,121155,3,1,0,0,0,0,0,0,0,0,0,0
2001,121156,1,1,0,0,0,0,0,0,0,0,0,0
2001,121157,1,1,0,0,0,0,0,0,0,19,0,0
2001,121158,1,1,0,0,0,0,0,0,0,0,0,0
2001,121159,1,1,0,0,0,0,0,0,0,0,0,0
2001,121160,1,1,18,18,18,18,18,18,18,18,18,18
2001,121161,1,1,9,9,9,9,9,9,9,9,9,9
2001,121162,1,1,7,7,7,7,7,7,7,7,7,7
2001,121162,2,1,0,0,0,0,0,0,0,0,0,0
2001,121162,3,1,0,0,0,0,0,0,0,0,0,0
2001,121163,1,1,0,0,0,0,0,0,0,0,0,0
2001,121163,2,1,0,0,0,8,0,0,0,0,0,0
2001,121163,3,1,0,0,0,0,0,0,0,0,0,0
2001,121164,0,1,8,8,8,8,8,8,8,8,8,8
2001,121164,1,1,0,0,0,0,0,0,0,0,0,0
2001,121165,0,1,15,15,15,15,15,15,15,15,15,15
2001,121165,1,1,18,0,9,0,13,10,22,0,12,0
2001,121166,1,1,25,25,25,25,25,25,25,25,25,25
2001,121167,0,1,15,15,15,15,15,15,15,15,15,15
2001,121167,1,1,0,0,0,0,0,0,0,0,0,0
2001,121168,0,1,0,0,0,0,0,0,0,0,0,0
2001,121168,1,1,0,0,0,0,0,0,0,0,0,0
2001,121168,2,1,0,0,0,0,0,0,0,0,0,0
2001,121169,1,1,23,23,23,23,23,23,23,23,23,23
2001,121170,1,1,0,0,0,0,0,0,0,0,0,0
2001,121170,2,1,0,0,0,0,0,0,0,0,0,0
2001,121171,1,1,0,0,0,0,0,0,0,0,0,0
2001,121171,2,1,0,0,0,0,0,0,0,0,0,0
2001,121172,1,1,0,0,0,0,0,0,0,0,0,0
2001,121173,1,1,0,0,0,0,0,0,0,0,0,0
2001,121173,2,1,0,0,0,0,0,0,0,0,0,0
2001,121174,0,1,23,23,23,23,23,23,23,23,23,23
2001,121174,1,1,0,13,0,0,0,0,29,16,0,0
2001,121175,1,1,0,0,0,0,0,0,0,0,0,0
2001,121175,2,1,0,0,0,0,0,0,0,0,0,0
2001,121176,1,1,0,0,0,0,0,0,0,0,0,0
2001,121177,1,1,14,14,14,14,14,14,14,14,14,14
2001,121178,1,1,4,0,0,0,0,0,0,0,0,0
2001,121178,2,1,0,0,0,0,0,0,0,0,0,0
2001,121179,1,1,16,16,16,16,16,16,16,16,16,16
2001,121180,1,1,0,0,0,0,0,0,0,0,0,0
2001,121180,2,1,0,0,0,0,0,0,0,0,0,0
2001,121181,1,1,0,0,0,0,0,0,0,0,7,0
2001,121181,2,1,5,5,0,0,0,0,0,0,0,0
2001,121182,1,1,0,0,0,0,0,0,0,0,0,0
2001,121182,2,1,0,0,0,0,0,0,0,0,0,0
2001,121183,0,1,27,27,27,27,27,27,27,27,27,27
2001,121183,1,1,2,0,0,0,0,0,0,0,0,0
2001,121184,1,1,17,17,17,17,17,17,17,17,17,17
2001,121185,1,1,23,23,23,23,23,23,23,23,23,23
2001,121186,1,1,13,13,13,13,13,13,13,13,13,13
2001,121187,1,1,15,15,15,15,15,15,15,15,15,15
2001,121188,1,1,0,0,0,0,0,0,0,0,0,0
2001,121188,2,1,0,0,0,0,24,0,0,0,0,0
2001,121189,1,1,21,21,21,21,21,21,21,21,21,21
2001,121190,1,1,11,11,11,11,11,11,11,11,11,11
2001,121191,1,1,0,0,0,0,0,0,0,0,0,0
2001,121191,2,1,0,0,0,0,0,0,0,0,0,0
2001,121192,1,1,0,0,0,0,0,0,0,0,0,0
2001,121193,1,1,0,0,0,0,0,0,0,0,0,0
2001,121193,2,1,0,0,0,0,0,0,0,0,0,0
2001,121193,3,1,0,0,0,0,0,0,0,0,0,0
2001,121194,0,1,0,0,0,0,0,0,0,0,0,0
2001,121194,1,1,0,0,0,0,0,0,0,0,8,0
2001,121195,1,1,25,25,25,25,25,25,25,25,25,25
2001,121195,2,1,0,0,0,0,0,0,0,0,0,0
2001,121196,1,1,0,0,0,0,0,0,7,0,0,0
2001,121196,2,1,0,0,0,0,0,0,0,0,0,0
2001,121197,1,1,0,0,13,0,0,0,0,0,0,0
2001,121197,2,1,35,35,35,35,35,35,35,35,35,35
2001,121198,1,1,9,9,9,9,9,9,9,9,9,9
2001,121199,1,1,0,0,0,0,0,0,0,0,0,0
2001,121199,2,1,0,0,0,0,0,0,0,0,0,0
2001,121200,1,1,0,0,0,0,0,0,0,0,0,0
2001,121201,1,1,0,0,0,0,0,0,0,0,0,0
2001,121202,1,1,0,0,0,0,0,0,0,0,0,0
2001,121202,2,1,0,0,0,0,0,0,0,17,0,16
2001,121202,3,1,0,0,0,0,0,0,0,0,0,0
2001,121202,4,1,0,0,0,0,0,0,0,0,0,0
2001,121202,5,1,0,0,0,0,0,0,0,0,0,0
2001,121203,1,1,0,0,0,0,0,0,6,0,0,0
2001,121203,2,1,0,0,0,0,0,0,0,0,0,0
2001,121204,1,1,0,0,0,0,0,0,0,0,0,0
2001,121204,2,1,0,0,0,0,0,0,0,0,0,0
2001,121205,1,1,12,12,12,12,12,12,12,12,12,12
2001,121205,2,1,12,12,12,12,12,12,12,12,12,12
2001,121206,1,1,0,0,0,0,0,0,0,0,0,0
2001,121206,2,1,0,0,0,0,0,0,0,0,0,0
2001,121207,1,1,21,21,21,21,21,21,21,21,21,21
2001,121208,1,1,25,25,25,25,25,25,25,25,25,25
2001,121208,2,1,0,0,13,0,0,0,0,0,11,0
2001,121209,0,1,0,0,0,0,0,0,0,0,0,0
2001,121209,0,2,0,0,0,0,0,0,0,0,0,0
2001,121209,0,3,0,0,0,0,0,0,0,0,0,0
2001,121209,0,4,0,0,0,0,0,0,0,0,0,0
2001,121209,1,1,0,0,0,0,0,0,0,0,0,0
2001,121210,0,1,23,23,23,23,23,23,23,23,23,23
2001,121210,1,1,0,0,0,0,0,0,0,0,0,0
2001,121211,1,1,0,0,0,0,0,0,0,0,0,0
2001,121211,2,1,0,0,0,0,0,0,0,0,0,0
2001,121212,1,1,0,0,0,0,0,0,0,0,0,0
2001,121212,2,1,0,0,0,0,0,0,0,0,0,0
2001,121212,3,1,0,21,0,0,0,0,0,0,0,27
2001,121213,1,1,3,3,3,3,3,3,3,3,3,3
2001,121213,2,1,0,0,0,0,0,0,0,0,0,0
2001,121214,1,1,0,0,0,0,0,0,0,0,0,0
2001,121214,2,1,0,0,0,0,0,0,0,0,0,0
2001,121215,1,1,0,0,0,0,0,0,0,0,0,0
2001,121215,2,1,0,0,0,0,0,0,0,0,0,0
2001,121216,0,1,16,16,16,16,16,16,16,16,16,16
2001,121216,1,1,0,0,0,0,0,0,0,0,0,0
2001,121217,0,1,0,15,0,2,0,17,22,0,19,0
2001,121217,0,2,0,23,0,0,14,0,0,0,6,0
2001,121217,1,1,19,0,0,0,9,0,0,0,0,0
2001,121218,1,1,0,0,0,0,0,0,0,0,0,0
2001,121219,1,1,23,23,23,23,23,23,23,23,23,23
2001,121220,1,1,0,0,0,9,0,0,0,0,9,0
2001,121220,2,1,0,0,0,0,0,0,0,0,0,0
2001,121220,3,1,0,0,0,0,0,0,0,0,0,0
2001,121220,4,1,0,0,0,0,0,0,0,0,0,0
2001,121221,1,1,0,0,0,0,0,0,0,0,0,0
2001,121221,2,1,18,18,18,18,18,18,18,18,18,18
2001,121222,1,1,0,0,0,0,0,0,0,0,0,0
2001,121222,2,1,0,0,0,0,10,0,0,0,0,0
2001,121222,3,1,0,0,0,0,0,0,0,0,0,0
2001,121222,4,1,28,28,28,28,28,28,28,28,28,28
2001,121223,1,1,0,0,0,0,0,0,0,0,0,0
2001,121223,2,1,6,6,6,6,6,6,6,6,6,6
2001,121224,1,1,0,0,0,0,0,0,0,0,0,0
2001,121225,1,1,0,0,0,0,0,0,0,0,0,0
2001,121225,2,1,0,0,0,0,0,0,0,0,0,0
2001,121226,1,1,0,0,0,0,0,0,0,0,0,0
2001,121226,2,1,0,0,0,0,0,0,0,0,8,0
2001,121227,1,1,0,0,0,0,0,0,0,0,0,0
2001,121227,2,1,0,0,0,0,0,0,0,0,0,0
2001,121228,1,1,0,0,0,0,0,0,0,0,0,0
2001,121228,2,1,0,0,0,0,0,0,0,0,0,0
2001,121229,1,1,0,0,0,0,0,0,0,0,0,0
2001,121230,0,1,28,28,28,28,28,28,28,28,28,28
2001,121230,1,1,0,0,0,0,0,0,0,0,0,0
2001,121230,2,1,0,0,0,0,0,10,0,0,0,0
2001,121230,3,1,0,7,0,0,0,0,0,0,0,0
2001,121231,1,1,14,14,14,14,14,14,14,14,14,14
2001,121232,1,1,18,18,18,18,18,18,18,18,18,18
2001,121233,1,1,0,0,0,0,0,0,0,0,0,0
2001,121234,1,1,7,7,7,7,7,7,7,7,7,7
2001,121235,0,1,8,8,8,8,8,8,8,8,8,8
2001,121235,1,1,0,0,0,0,0,0,0,0,0,0
2001,121236,1,1,0,0,0,0,0,0,0,0,0,0
2001,121237,1,1,0,0,0,0,0,0,0,0,0,0
2001,121237,2,1,0,0,0,0,0,0,0,0,0,0
2001,121237,3,1,0,0,0,0,0,0,0,0,0,0
2001,121238,1,1,0,0,0,0,3,0,0,0,0,0
2001,121239,1,1,0,0,0,0,0,0,8,0,0,0
2001,121239,2,1,0,0,0,32,0,0,0,0,0,0
2001,121240,0,1,22,22,22,22,22,22,22,22,22,22
2001,121240,1,1,9,0,20,0,0,0,0,14,0,0
2001,121241,1,1,0,0,0,0,0,0,0,0,0,0
2001,121242,1,1,11,11,11,11,11,11,11,11,11,11
2001,121243,0,1,23,23,23,23,23,23,23,23,23,23
2001,121243,1,1,0,7,0,0,0,0,0,0,0,0
2001,121244,1,1,0,0,0,0,0,0,0,0,0,0
2001,121244,2,1,0,0,0,0,0,0,0,0,0,0
2001,121244,3,1,0,0,0,0,0,0,0,0,0,0
2001,121244,4,1,0,0,0,0,0,0,0,0,0,0
2001,121244,5,1,0,0,0,0,0,0,0,0,0,0
2001,121244,6,1,0,0,0,0,0,0,0,0,0,0
2001,121245,1,1,0,0,0,0,0,0,0,0,0,0
2001,121246,1,1,0,0,0,0,0,0,0,0,0,0
2001,121246,2,1,0,0,0,0,0,0,0,0,0,0
2001,121247,1,1,2,2,2,2,2,2,2,2,2,2
2001,121248,1,1,0,17,8,0,0,17,0,0,17,9
2001,121249,1,1,27,0,0,0,15,0,0,29,23,0
2001,121250,1,1,21,21,21,21,21,21,21,21,21,21
2001,121251,1,1,20,20,20,20,20,20,20,20,20,20
2001,121252,1,1,4,4,4,4,4,4,4,4,4,4
2001,121252,2,1,0,0,0,0,0,0,0,0,0,0
2001,121253,0,1,34,34,34,34,34,34,34,34,34,34
2001,121253,1,1,0,0,0,0,0,0,0,0,0,0
2001,121254,1,1,8,8,14,0,28,10,19,8,0,13
2001,121255,1,1,22,22,22,22,22,22,22,22,22,22
2001,121255,2,1,0,0,0,0,0,0,0,0,0,0
2001,121256,1,1,10,10,10,10,10,10,10,10,10,10
2001,121257,0,1,0,0,0,0,0,0,0,0,0,0
2001,121257,1,1,0,0,0,0,0,0,0,0,0,0
2001,121258,1,1,15,15,15,15,15,15,15,15,15,15
2001,121259,1,1,10,10,10,10,10,10,10,10,10,10
2001,121260,1,1,0,0,0,0,0,0,0,0,0,0
2001,121260,2,1,0,0,0,0,0,0,0,0,0,0
2001,121261,1,1,4,4,4,4,4,4,4,4,4,4
2001,121261,2,1,14,14,14,14,14,14,14,14,14,14
2001,121262,1,1,3,3,3,3,3,3,3,3,3,3
2001,121263,1,1,0,0,0,0,0,0,16,0,0,0
2001,121264,1,1,0,0,0,0,0,0,0,0,0,0
2001,121264,2,1,0,0,0,0,0,0,0,0,0,0
2001,121265,1,1,0,0,0,0,0,0,0,0,0,0
2001,121265,2,1,0,0,0,0,0,0,0,0,0,0
2001,121266,1,1,0,0,0,0,0,0,0,0,0,0
2001,121266,2,1,0,0,0,0,0,0,0,0,0,0
2001,121267,1,1,0,0,0,0,0,0,0,0,0,0
2001,121267,2,1,24,24,24,24,24,24,24,24,24,24
2001,121268,0,1,27,27,27,27,27,27,27,27,27,27
2001,121268,1,1,0,0,0,0,28,0,0,10,13,6
2001,121269,0,1,0,0,0,0,0,0,0,0,0,0
2001,121269,1,1,0,0,0,8,0,0,0,0,0,0
2001,121270,0,1,0,0,0,0,0,0,0,0,0,0
2001,121270,1,1,0,0,19,0,0,0,0,14,0,16
2001,121271,1,1,0,0,0,0,0,0,0,0,0,0
2001,121271,2,1,0,0,0,0,0,0,0,0,0,0
2001,121272,0,1,0,0,0,7,0,0,0,0,0,0
2001,121272,1,1,0,0,0,0,0,0,0,0,0,0
2001,121273,1,1,1,1,1,1,1,1,1,1,1,1
2001,121273,2,1,0,0,14,0,0,0,0,0,0,0
2001,121273,3,1,0,0,0,0,0,0,0,0,0,0
2001,121273,4,1,0,0,0,0,0,0,0,0,0,0
2001,121274,1,1,9,9,9,9,9,9,9,9,9,9
2001,121274,2,1,3,3,3,3,3,3,3,3,3,3
2001,121275,1,1,17,17,17,17,17,17,17,17,17,17
2001,121276,1,1,21,21,21,21,21,21,21,21,21,21
2001,121276,2,1,0,0,0,0,0,0,0,0,0,0
2001,121277,0,1,0,0,0,0,0,0,0,0,0,0
2001,121277,1,1,0,0,0,0,14,0,25,0,0,0
2001,121278,1,1,0,0,0,0,0,0,0,0,0,0
2001,121278,2,1,0,0,0,0,0,0,0,0,0,0
2001,121279,0,1,25,25,25,25,25,25,25,25,25,25
2001,121279,1,1,0,0,0,0,0,0,0,0,0,0
2001,121280,1,1,0,0,0,0,0,0,0,0,0,0
2001,121280,2,1,0,0,0,0,0,0,0,0,0,0
2001,121281,1,1,0,0,0,0,0,0,0,0,28,0
2001,121282,0,1,0,0,0,0,0,0,0,0,0,0
2001,121282,1,1,0,0,0,0,0,0,0,0,0,0
2001,121284,1,1,22,22,22,22,22,22,22,22,22,22
2001,121284,2,1,0,0,0,0,0,0,0,0,0,0
2001,121285,1,1,0,0,0,0,0,0,0,0,0,0
2001,121285,2,1,0,0,0,0,0,0,0,0,0,0
2001,121286,0,1,0,0,0,0,0,0,0,0,0,0
2001,121286,1,1,0,0,0,0,0,0,0,0,16,0
2001,121287,1,1,0,0,0,0,0,0,0,0,0,0
2001,121287,2,1,0,0,0,0,0,0,0,0,0,0
2001,121288,1,1,22,22,22,22,22,22,22,22,22,22
2001,121288,2,1,0,0,0,0,0,0,0,0,0,0
2001,121288,3,1,0,0,5,0,0,0,0,0,0,0
2001,121288,4,1,0,0,0,0,0,0,0,0,0,0
2001,121289,1,1,0,0,0,0,0,0,0,0,0,0
2001,121289,2,1,0,0,0,0,0,0,0,0,0,0
2001,121290,0,1,0,0,0,0,0,0,0,19,0,0
2001,121290,1,1,0,0,0,0,0,0,0,0,0,0
2001,121291,1,1,0,13,0,0,20,0,0,0,12,0
2001,121292,0,1,16,46,12,23,9,0,39,35,0,0
2001,121292,1,1,0,0,0,0,0,0,0,0,0,0
2001,121293,1,1,0,0,20,0,0,4,0,0,0,30
2001,121293,2,1,0,0,0,0,0,0,0,0,7,0
2001,121294,1,1,0,0,0,0,0,0,0,0,0,0
2001,121294,2,1,0,0,0,0,0,0,0,0,0,0
2001,121295,0,1,33,20,22,14,0,30,37,20,34,27
2001,121295,1,1,0,0,17,0,25,0,18,31,0,0
2001,121296,1,1,0,0,0,0,0,0,0,0,0,0
2001,121296,2,1,0,0,0,0,0,0,0,0,0,0
2001,121297,1,1,0,0,0,0,0,0,0,0,0,0
2001,121297,2,1,0,0,0,0,0,0,0,0,0,0
2001,121298,1,1,0,0,0,0,0,0,0,0,0,0
2001,121298,2,1,0,0,0,0,0,0,0,0,0,0
2001,121299,0,1,0,0,0,4,0,0,0,0,0,0
2001,121299,1,1,0,0,0,0,18,0,0,0,0,0
2001,121299,2,1,0,15,0,0,0,0,0,0,0,0
2001,121300,1,1,0,0,0,0,0,0,0,0,0,0
2001,121300,2,1,0,0,0,0,0,0,0,0,0,0
2001,121301,1,1,0,0,0,0,0,0,0,0,0,0
2001,121301,2,1,0,0,0,0,0,0,0,0,0,0
2001,121302,1,1,0,0,0,0,0,0,0,0,0,0
2001,121302,2,1,0,0,0,0,0,0,0,0,0,0
2001,121302,3,1,0,0,0,0,0,0,0,0,0,0
2001,121303,0,1,0,0,0,0,0,32,0,14,0,0
2001,121303,1,1,0,11,0,0,0,0,0,0,0,18
2001,121304,1,1,19,19,0,0,0,14,14,0,0,13
2001,121305,1,1,0,0,0,0,0,0,11,0,0,0
2001,121305,2,1,0,0,0,0,0,0,0,0,0,0
2001,121306,0,1,28,28,28,28,28,28,28,28,28,28
2001,121306,1,1,20,0,0,7,0,6,0,10,19,0
2001,121307,0,1,0,0,17,0,0,0,19,0,25,14
2001,121307,1,1,0,0,15,0,0,0,0,0,24,0
2001,121308,0,1,0,0,0,0,0,0,14,0,0,0
2001,121308,1,1,0,0,0,0,0,0,0,0,0,0
2001,121309,1,1,0,0,0,0,0,0,0,0,0,0
2001,121309,2,1,0,0,0,0,0,0,0,0,0,0
2001,121310,1,1,0,22,37,0,0,0,0,0,6,11
2001,121311,1,1,0,0,0,0,0,0,0,0,0,0
2001,121311,2,1,0,0,0,0,0,0,0,0,0,0
2001,121312,0,1,0,0,0,0,0,11,0,0,0,22
2001,121312,1,1,0,0,0,0,0,0,0,0,0,0
2001,121313,1,1,0,0,0,0,0,0,0,0,0,0
2001,121313,2,1,0,0,0,0,0,0,0,0,0,0
2001,121314,1,1,0,0,0,0,0,0,0,0,0,0
2001,121314,2,1,0,0,0,0,0,15,0,0,0,0
2001,121314,3,1,0,0,0,0,0,0,0,0,0,0
2001,121315,1,1,0,0,0,0,0,0,0,0,0,0
2001,121315,2,1,0,0,0,0,0,0,0,0,0,0
2001,121316,1,1,0,0,0,0,0,0,0,0,0,0
2001,121316,2,1,0,0,12,0,0,0,17,0,13,0
2001,121317,1,1,0,0,0,0,0,3,17,0,0,0
2001,121317,2,1,0,0,0,0,0,0,0,0,0,0
2001,121318,1,1,18,18,18,18,18,18,18,18,18,18
2001,121318,2,1,0,0,0,0,0,0,0,0,0,0
2001,121319,0,1,19,19,19,19,19,19,19,19,19,19
2001,121319,1,1,5,9,11,9,16,0,0,19,0,8
2001,121320,1,1,0,0,0,0,0,0,0,0,0,0
2001,121321,1,1,0,0,0,0,0,0,0,0,0,0
2001,121322,1,1,0,0,0,0,0,0,0,0,0,0
2001,121322,2,1,4,4,4,4,4,4,4,4,4,4
2001,121323,1,1,21,15,31,10,21,0,16,0,14,39
2001,121324,1,1,0,0,0,0,0,0,0,0,0,0
2001,121324,2,1,0,0,0,0,0,0,0,0,0,0
2001,121325,1,1,0,0,0,0,0,0,0,0,0,0
2001,121325,2,1,0,0,0,0,0,0,0,0,0,0
2001,121326,1,1,0,0,0,0,0,0,0,0,0,0
2001,121326,2,1,0,0,0,0,0,0,0,0,0,0
2001,121327,1,1,0,0,0,0,0,0,0,0,0,0
2001,121328,1,1,9,9,9,9,9,9,9,9,9,9
2001,121329,1,1,0,0,0,0,0,0,0,0,0,0
2001,121329,2,1,0,0,0,0,0,0,0,0,0,0
2001,121330,1,1,0,0,0,0,0,0,0,0,0,0
2001,121330,2,1,0,0,0,0,0,0,0,0,0,0
2001,121330,3,1,0,0,0,0,0,0,0,0,0,0
2001,121331,1,1,0,0,0,0,0,0,0,0,0,0
2001,121331,2,1,0,0,0,0,0,0,0,0,0,0
2001,121332,0,1,42,0,0,0,0,0,0,0,0,23
2001,121332,1,1,0,0,0,13,0,0,0,0,0,0
2001,121333,1,1,0,0,0,0,0,0,0,0,0,0
2001,121333,2,1,0,0,0,0,0,0,0,0,0,0
2001,121334,0,1,0,25,0,0,0,0,0,15,25,0
2001,121334,1,1,0,0,0,0,0,0,0,0,0,0
2001,121334,2,1,14,0,0,9,0,18,0,0,0,0
2001,121335,0,1,0,0,0,0,0,0,0,0,0,0
2001,121335,1,1,0,0,0,0,0,0,0,0,0,0
2001,121336,1,1,0,0,0,0,0,0,0,0,0,0
2001,121337,1,1,0,0,0,0,0,0,0,0,0,0
2001,121338,1,1,0,0,0,0,0,0,0,0,0,0
2001,121338,2,1,0,0,18,0,0,0,0,0,0,0
2001,121339,1,1,0,0,0,0,0,0,0,0,0,0
2001,121339,2,1,0,0,0,0,0,0,0,0,0,0
2001,121340,0,1,0,0,0,0,0,0,12,0,0,0
2001,121340,1,1,0,0,0,0,0,0,0,0,0,0
2001,121341,1,1,0,0,0,0,0,0,0,0,0,0
2001,121341,2,1,0,0,0,0,0,0,0,0,0,0
2001,121342,0,1,0,0,0,23,29,0,23,18,21,0
2001,121342,1,1,0,0,0,0,0,0,0,0,0,12
2001,121343,1,1,0,0,0,0,0,0,0,0,0,0
2001,121343,2,1,0,0,0,0,0,0,0,0,0,0
2001,121344,1,1,0,0,0,0,0,0,0,0,0,0
2001,121344,2,1,2,2,2,2,2,2,2,2,2,2
2001,121345,1,1,0,0,0,0,0,0,0,0,0,0
2001,121346,0,1,14,18,0,35,26,0,33,19,17,0
2001,121346,1,1,0,0,7,0,0,0,0,0,0,0
2001,121347,1,1,22,22,22,22,22,22,22,22,22,22
2001,121348,1,1,5,5,5,5,5,5,5,5,5,5
2001,121348,2,1,0,0,0,0,0,0,0,0,0,7
2001,121349,0,1,0,0,0,0,0,0,0,0,0,0
2001,121349,1,1,0,0,0,0,0,0,0,0,0,0
2001,121350,1,1,6,6,6,6,6,6,6,6,6,6
2001,121351,1,1,0,0,0,0,0,0,0,0,0,0
2001,121351,2,1,18,18,18,18,18,18,18,18,18,18
2001,121352,1,1,16,16,16,16,16,16,16,16,16,16
2001,121353,0,1,44,44,44,44,44,44,44,44,44,44
2001,121353,1,1,0,0,0,0,0,0,7,0,0,0
2001,121354,0,1,19,19,19,19,19,19,19,19,19,19
2001,121354,1,1,0,0,0,0,0,0,0,0,0,0
2001,121354,2,1,0,0,0,0,0,0,0,0,0,0
2001,121354,3,1,0,0,0,2,0,0,0,0,0,0
2001,121355,0,1,0,0,0,0,0,0,0,0,0,0
2001,121355,1,1,0,0,0,0,0,0,0,0,0,0
2001,121356,1,1,0,0,20,0,0,0,0,0,0,0
2001,121356,2,1,0,0,0,0,0,0,0,0,0,0
2001,121357,1,1,0,0,0,0,0,0,0,0,0,0
2001,121358,1,1,17,17,17,17,17,17,17,17,17,17
2001,121359,1,1,0,0,0,0,0,0,0,0,0,0
2001,121359,2,1,18,18,18,18,18,18,18,18,18,18
2001,121360,1,1,0,0,0,0,0,0,0,0,0,0
2001,121360,2,1,12,0,0,0,0,0,0,0,0,0
2001,121361,1,1,0,0,0,0,0,0,0,0,0,0
2001,121362,1,1,0,0,0,0,0,0,0,0,0,0
2001,121363,1,1,0,0,0,0,0,0,0,0,0,0
2001,121364,1,1,0,0,0,0,0,0,0,0,0,0
2001,121365,1,1,0,0,0,0,0,0,0,0,0,0
2001,121365,2,1,0,0,0,0,0,0,0,0,0,17
2001,121366,1,1,0,8,0,0,0,0,0,0,0,0
2001,121366,2,1,0,0,0,0,0,11,0,0,0,0
2001,121367,1,1,0,0,0,0,0,0,0,0,0,0
2001,121368,1,1,0,0,0,0,0,0,0,0,0,0
2001,121368,2,1,17,17,17,17,17,17,17,17,17,17
2001,121369,1,1,0,0,0,0,0,0,0,0,0,0
2001,121369,2,1,0,0,0,0,0,0,0,0,0,0
2001,121370,1,1,0,0,0,0,0,0,0,0,0,0
2001,121370,2,1,0,0,0,0,0,0,0,0,0,0
2001,121371,1,1,18,18,18,18,18,18,18,18,18,18
2001,121371,2,1,0,0,0,0,0,0,0,0,0,0
2001,121371,3,1,0,0,0,0,0,0,0,0,0,0
2001,121371,4,1,0,0,0,0,20,0,0,0,0,0