YEAR,st_case,veh_no,per_no,P1,P2,P3,P4,P5,P6,P7,P8,P9,P10
2001,121371,5,1,0,0,0,0,0,0,4,0,0,0
2001,121371,6,1,0,0,0,0,0,0,0,0,0,0
2001,121372,1,1,0,0,0,0,0,0,0,0,0,0
2001,121372,2,1,0,0,0,0,0,0,0,0,0,0
2001,121372,3,1,0,0,26,0,0,0,0,0,0,0
2001,121373,0,1,24,24,24,24,24,24,24,24,24,24
2001,121373,1,1,0,0,0,0,0,0,0,0,0,0
2001,121374,1,1,0,0,0,0,0,0,0,0,0,0
2001,121375,1,1,0,0,17,15,0,0,0,0,0,0
2001,121376,1,1,0,0,0,0,0,0,0,0,0,0
2001,121376,2,1,0,0,0,0,0,0,0,0,0,0
2001,121377,1,1,0,0,0,0,0,0,0,0,0,5
2001,121377,2,1,0,0,0,0,0,0,0,0,0,0
2001,121378,1,1,0,0,0,0,0,0,0,0,0,0
2001,121378,2,1,0,0,0,0,0,0,0,0,0,0
2001,121379,1,1,0,0,0,0,0,0,0,0,0,0
2001,121379,2,1,0,0,0,0,0,0,0,0,0,0
2001,121380,0,1,0,0,0,0,0,0,0,0,0,0
2001,121380,0,2,0,0,17,0,23,29,0,8,37,0
2001,121380,1,1,0,0,0,0,0,0,0,0,0,0
2001,121381,1,1,20,20,20,20,20,20,20,20,20,20
2001,121381,2,1,0,0,0,0,0,0,0,0,0,0
2001,121382,0,1,19,19,19,19,19,19,19,19,19,19
2001,121382,1,1,0,0,0,0,0,0,0,12,0,0
2001,121382,2,1,0,0,0,0,0,0,0,0,0,9
2001,121383,0,1,0,0,0,0,0,0,0,16,0,0
2001,121383,1,1,0,0,0,0,0,0,0,0,0,0
2001,121384,0,1,0,33,0,0,0,7,0,10,0,0
2001,121384,1,1,0,0,0,0,0,0,0,0,0,0
2001,121385,1,1,0,0,0,0,0,0,0,0,0,0
2001,121385,2,1,0,0,0,0,0,0,0,0,0,0
2001,121386,1,1,0,0,0,0,0,0,0,0,0,0
2001,121386,2,1,0,0,0,0,0,7,0,0,0,0
2001,121387,1,1,0,0,0,0,0,0,0,0,0,0
2001,121388,1,1,0,0,0,0,0,0,0,0,0,0
2001,121389,1,1,29,29,29,29,29,29,29,29,29,29
2001,121390,1,1,23,23,23,23,23,23,23,23,23,23
2001,121391,1,1,0,0,0,0,0,0,0,0,0,0
2001,121391,2,1,0,0,0,0,0,0,0,0,0,0
2001,121392,1,1,23,23,23,23,23,23,23,23,23,23
2001,121393,0,1,21,21,21,21,21,21,21,21,21,21
2001,121393,1,1,17,0,0,0,0,6,0,0,32,0
2001,121394,1,1,20,20,20,20,20,20,20,20,20,20
2001,121395,1,1,16,16,16,16,16,16,16,16,16,16
2001,121396,0,1,26,26,26,26,26,26,26,26,26,26
2001,121396,1,1,0,0,0,0,30,0,0,0,0,0
2001,121397,0,1,0,0,0,0,0,0,0,0,0,0
2001,121397,1,1,33,0,0,0,16,0,0,16,0,40
2001,121397,2,1,0,0,0,0,0,0,0,0,0,12
2001,121398,1,1,0,0,0,0,0,0,0,0,0,0
2001,121398,2,1,3,3,3,3,3,3,3,3,3,3
2001,121399,1,1,16,16,16,16,16,16,16,16,16,16
2001,121400,1,1,35,35,35,35,35,35,35,35,35,35
2001,121401,1,1,9,9,9,9,9,9,9,9,9,9
2001,121402,1,1,0,0,0,0,10,0,0,0,0,0
2001,121403,1,1,0,0,0,0,0,0,0,0,0,0
2001,121403,2,1,0,0,0,0,0,0,0,0,0,0
2001,121404,1,1,22,22,22,22,22,22,22,22,22,22
2001,121405,1,1,0,0,0,0,0,0,0,0,0,0
2001,121405,2,1,0,0,0,0,0,0,0,0,0,0
2001,121406,0,1,0,0,0,0,0,0,0,0,0,0
2001,121406,1,1,0,0,0,0,0,0,0,0,0,0
2001,121407,1,1,0,0,0,0,0,0,0,14,22,0
2001,121408,1,1,0,0,0,0,0,0,0,0,0,0
2001,121409,1,1,27,27,27,27,27,27,27,27,27,27
2001,121409,2,1,0,0,0,0,0,0,0,0,0,0
2001,121410,0,1,27,27,27,27,27,27,27,27,27,27
2001,121410,1,1,0,0,0,0,0,0,0,0,0,0
2001,121411,0,1,0,0,0,0,0,0,0,0,0,3
2001,121411,1,1,0,0,0,11,0,0,24,0,0,0
2001,121412,0,1,0,0,0,0,0,0,0,0,0,0
2001,121412,1,1,0,0,0,0,0,0,0,0,0,0
2001,121413,1,1,0,4,0,0,0,14,13,0,14,0
2001,121414,1,1,24,24,24,24,24,24,24,24,24,24
2001,121415,1,1,16,0,0,0,0,0,0,0,0,0
2001,121415,2,1,0,0,9,0,0,0,0,0,0,0
2001,121416,1,1,1,1,1,1,1,1,1,1,1,1
2001,121416,2,1,0,0,0,0,0,0,6,0,0,0
2001,121417,0,1,0,0,4,24,0,31,0,8,16,7
2001,121417,1,1,0,0,0,0,0,0,0,0,0,0
2001,121418,1,1,0,0,0,0,0,0,0,0,0,0
2001,121418,2,1,0,0,0,0,0,8,0,0,0,0
2001,121419,1,1,3,3,3,3,3,3,3,3,3,3
2001,121419,2,1,7,0,0,0,0,0,0,0,0,0
2001,121420,1,1,0,0,0,0,0,0,0,0,0,0
2001,121420,2,1,0,0,0,0,0,0,0,0,0,0
2001,121420,3,1,0,0,0,0,0,0,0,0,0,0
2001,121421,1,1,0,0,0,0,0,0,0,0,0,0
2001,121421,2,1,0,0,0,0,0,0,0,0,0,0
2001,121421,3,1,0,0,0,0,0,0,0,0,0,0
2001,121421,4,1,0,0,0,0,0,0,0,0,0,0
2001,121422,1,1,0,0,0,0,0,0,0,0,0,0
2001,121422,2,1,18,18,18,18,18,18,18,18,18,18
2001,121423,1,1,0,0,0,7,0,0,0,0,0,6
2001,121424,1,1,0,0,0,0,0,0,0,0,0,0
2001,121424,2,1,0,0,0,0,0,0,0,0,0,0
2001,121425,1,1,18,18,18,18,18,18,18,18,18,18
2001,121425,2,1,0,0,0,0,0,8,0,0,20,0
2001,121426,0,1,16,16,16,16,16,16,16,16,16,16
2001,121426,1,1,0,0,0,0,0,0,0,0,0,0
2001,121427,0,1,23,23,23,23,23,23,23,23,23,23
2001,121427,1,1,0,0,0,0,0,0,0,0,0,0
2001,121428,0,1,7,7,7,7,7,7,7,7,7,7
2001,121428,1,1,0,0,0,13,0,0,0,7,0,0
2001,121429,1,1,8,8,22,0,18,9,19,7,0,10
2001,121430,0,1,0,0,0,0,22,0,0,0,0,7
2001,121430,2,1,0,0,0,0,0,0,0,0,5,0
2001,121431,0,1,22,22,22,22,22,22,22,22,22,22
2001,121431,1,1,14,14,14,14,14,14,14,14,14,14
2001,121432,1,1,0,0,0,0,0,0,0,0,0,0
2001,121433,1,1,20,20,20,20,20,20,20,20,20,20
2001,121434,1,1,0,0,0,0,0,7,0,0,0,0
2001,121434,2,1,0,0,0,0,0,0,0,0,0,0
2001,121435,1,1,24,24,24,24,24,24,24,24,24,24
2001,121436,1,1,0,0,0,0,0,0,0,0,0,0
2001,121436,2,1,0,0,0,0,0,0,0,0,0,0
2001,121437,1,1,2,2,2,2,2,2,2,2,2,2
2001,121438,1,1,0,0,0,0,0,0,0,0,0,0
2001,121439,1,1,0,0,0,0,0,0,0,0,0,0
2001,121440,1,1,0,0,0,0,0,0,0,0,0,0
2001,121440,2,1,0,0,0,0,0,0,0,0,0,0
2001,121441,1,1,0,0,0,0,0,0,0,0,0,0
2001,121441,2,1,2,2,2,2,2,2,2,2,2,2
2001,121442,1,1,0,0,0,0,0,0,0,0,0,0
2001,121443,1,1,14,14,14,14,14,14,14,14,14,14
2001,121444,1,1,0,0,0,0,0,0,0,0,0,0
2001,121444,2,1,0,0,3,0,0,0,0,0,0,0
2001,121445,1,1,0,0,0,0,0,0,0,0,0,0
2001,121445,2,1,0,0,0,0,0,0,0,0,0,0
2001,121446,1,1,0,0,0,0,0,0,0,0,0,0
2001,121446,2,1,0,0,0,0,0,0,0,0,0,0
2001,121447,1,1,0,0,0,0,0,0,0,0,0,0
2001,121447,2,1,0,0,0,0,0,0,0,0,0,0
2001,121448,0,1,22,0,0,0,0,0,12,0,0,0
2001,121448,1,1,0,0,0,0,0,0,0,6,0,0
2001,121449,1,1,0,8,0,20,18,5,12,13,19,24
2001,121449,2,1,0,0,0,0,0,0,0,0,0,0
2001,121449,3,1,0,0,16,0,15,0,6,10,0,0
2001,121450,1,1,16,0,0,0,9,0,0,0,0,0
2001,121450,2,1,0,0,0,0,0,0,0,0,0,0
2001,121451,0,1,0,0,0,0,0,0,0,0,0,0
2001,121451,1,1,0,0,0,0,0,0,0,0,0,0
2001,121452,1,1,0,0,21,0,0,0,18,0,0,0
2001,121453,1,1,0,0,0,0,0,0,0,0,0,0
2001,121453,2,1,0,0,0,0,0,0,0,0,0,0
2001,121454,1,1,0,0,0,0,0,0,0,0,0,0
2001,121454,2,1,0,0,0,0,8,0,0,0,0,0
2001,121455,1,1,0,0,0,0,0,0,0,0,0,0
2001,121455,2,1,0,0,0,0,0,0,0,0,0,0
2001,121455,3,1,0,0,0,0,0,0,0,0,0,0
2001,121456,1,1,10,10,10,10,10,10,10,10,10,10
2001,121457,1,1,7,7,7,7,7,7,7,7,7,7
2001,121458,1,1,0,0,0,0,0,0,0,0,0,0
2001,121459,1,1,0,0,0,0,0,0,0,0,0,0
2001,121460,0,1,22,30,0,39,15,0,0,0,0,0
2001,121460,0,2,0,0,0,0,0,0,0,0,0,0
2001,121460,1,1,0,0,0,0,0,0,0,0,0,0
2001,121461,1,1,0,0,0,0,0,0,0,0,0,0
2001,121461,2,1,0,0,0,0,0,0,0,0,0,0
2001,121462,0,1,0,0,0,0,0,0,0,0,0,0
2001,121462,1,1,0,0,0,0,0,0,0,0,0,0
2001,121463,1,1,0,0,0,0,0,0,0,0,0,0
2001,121463,2,1,0,0,0,0,0,0,0,0,0,0
2001,121464,1,1,0,0,0,0,0,0,0,3,0,0
2001,121464,2,1,0,0,0,0,0,0,0,0,0,0
2001,121465,1,1,28,28,28,28,28,28,28,28,28,28
2001,121465,2,1,0,0,0,0,0,0,0,0,0,0
2001,121466,1,1,4,4,4,4,4,4,4,4,4,4
2001,121467,0,1,17,17,17,17,17,17,17,17,17,17
2001,121467,1,1,20,0,0,0,0,0,0,0,0,0
2001,121468,0,1,0,0,0,0,0,0,0,0,0,0
2001,121468,1,1,0,29,0,0,0,12,24,0,0,2
2001,121469,1,1,0,8,0,0,0,0,0,0,0,0
2001,121470,1,1,18,0,0,13,12,0,0,16,0,6
2001,121470,2,1,0,0,0,0,0,0,0,0,5,0
2001,121471,0,1,0,0,0,0,23,0,0,0,0,0
2001,121471,1,1,0,0,0,0,0,0,0,0,0,0
2001,121472,1,1,0,0,0,0,0,0,0,0,0,0
2001,121472,2,1,0,0,0,0,0,0,0,0,0,0
2001,121473,1,1,3,3,3,3,3,3,3,3,3,3
2001,121473,2,1,9,24,15,0,7,14,13,0,0,13
2001,121474,0,1,0,0,0,0,0,0,0,0,0,0
2001,121474,1,1,0,0,0,0,0,0,0,0,0,0
2001,121475,1,1,0,0,0,0,0,0,0,0,0,0
2001,121475,2,1,0,0,0,0,0,0,0,0,0,0
2001,121476,1,1,0,0,0,0,0,0,0,0,0,0
2001,121477,1,1,14,14,14,14,14,14,14,14,14,14
2001,121477,2,1,0,0,3,0,0,0,0,0,0,0
2001,121477,3,1,7,0,0,0,0,0,0,0,0,0
2001,121478,1,1,0,0,0,0,0,0,0,0,0,0
2001,121478,2,1,0,0,0,0,0,0,0,0,0,0
2001,121479,1,1,0,0,0,0,0,0,0,0,0,0
2001,121479,2,1,27,27,27,27,27,27,27,27,27,27
2001,121480,0,1,27,27,27,27,27,27,27,27,27,27
2001,121480,1,1,18,0,0,10,0,2,0,10,12,8
2001,121481,1,1,24,24,24,24,24,24,24,24,24,24
2001,121482,1,1,0,0,0,0,0,12,0,9,0,0
2001,121483,1,1,0,0,0,0,0,0,0,0,0,0
2001,121483,2,1,0,0,0,0,0,0,0,0,0,0
2001,121484,1,1,0,0,0,0,0,0,0,0,0,0
2001,121484,2,1,0,0,0,0,0,0,0,0,0,0
2001,121485,1,1,0,0,0,0,0,0,0,0,0,0
2001,121486,1,1,0,0,0,0,2,0,0,0,0,0
2001,121486,2,1,0,0,0,0,13,0,0,0,0,0
2001,121487,1,1,0,0,0,0,0,0,0,0,0,0
2001,121487,2,1,0,0,0,0,0,0,0,0,0,0
2001,121488,1,1,6,0,0,0,0,0,0,0,0,0
2001,121488,2,1,0,0,0,0,0,0,0,0,0,0
2001,121489,0,1,0,0,0,0,0,0,23,12,0,0
2001,121489,1,1,0,0,0,0,0,0,0,0,0,0
2001,121490,0,1,0,0,0,0,0,0,0,0,0,0
2001,121490,1,1,0,0,0,0,0,0,0,0,0,0
2001,121491,1,1,0,0,0,0,0,0,0,0,0,0
2001,121491,2,1,0,0,0,0,0,0,0,0,0,0
2001,121492,1,1,3,3,3,3,3,3,3,3,3,3
2001,121493,1,1,0,0,0,0,24,0,0,0,0,0
2001,121494,0,1,0,0,0,0,0,0,0,0,0,0
2001,121494,1,1,0,0,0,0,0,0,0,18,0,0
2001,121495,1,1,16,16,16,16,16,16,16,16,16,16
2001,121496,1,1,0,0,0,0,0,16,0,0,0,0
2001,121497,1,1,0,0,0,0,0,0,0,0,0,0
2001,121497,2,2,0,0,0,0,0,0,0,0,8,0
2001,121498,1,1,12,12,12,12,12,12,12,12,12,12
2001,121499,1,1,0,0,0,0,0,0,19,5,22,0
2001,121500,1,1,0,0,0,0,0,0,0,0,0,0
2001,121500,2,1,0,0,0,0,0,0,0,0,0,0
2001,121500,3,1,0,0,0,0,0,0,0,0,0,0
2001,121501,1,1,0,0,0,0,0,0,0,0,0,0
2001,121501,2,1,0,0,0,0,0,0,0,0,0,0
2001,121502,1,1,0,0,0,0,0,0,0,0,0,0
2001,121502,2,1,0,0,0,0,0,0,11,10,0,0
2001,121503,0,1,0,0,0,0,0,0,0,0,0,0
2001,121503,1,1,0,0,0,0,0,0,0,0,0,0
2001,121504,1,1,0,0,0,0,0,0,0,0,0,0
2001,121504,2,1,0,0,0,0,0,0,0,0,0,0
2001,121505,1,1,0,0,0,0,12,0,0,0,0,28
2001,121506,1,1,0,0,0,0,0,0,0,0,0,0
2001,121507,1,1,23,23,23,23,23,23,23,23,23,23
2001,121508,1,1,0,0,0,0,0,0,0,0,0,0
2001,121508,2,1,0,0,0,0,0,0,0,0,0,0
2001,121509,1,1,14,0,0,0,0,0,0,0,0,0
2001,121509,2,1,0,0,0,0,0,0,0,0,0,0
2001,121510,1,1,9,9,9,9,9,9,9,9,9,9
2001,121511,1,1,35,35,35,35,35,35,35,35,35,35
2001,121511,2,1,0,0,0,0,0,0,0,0,10,0
2001,121512,1,1,16,16,16,16,16,16,16,16,16,16
2001,121513,1,1,0,0,0,0,0,0,0,0,0,0
2001,121514,1,1,0,0,0,0,0,0,0,0,0,0
2001,121515,1,1,34,34,34,34,34,34,34,34,34,34
2001,121516,0,1,28,28,28,28,28,28,28,28,28,28
2001,121516,1,1,0,0,0,0,0,0,0,0,0,0
2001,121517,0,1,9,9,9,9,9,9,9,9,9,9
2001,121517,1,1,0,0,0,0,0,0,0,0,0,0
2001,121518,1,1,0,0,0,0,0,0,0,0,0,0
2001,121518,2,1,0,0,0,0,0,0,0,0,0,0
2001,121519,1,1,0,0,0,0,0,0,0,0,0,0
2001,121519,2,1,0,0,0,0,0,0,0,0,0,0
2001,121520,1,1,0,0,0,0,0,0,0,0,0,0
2001,121520,2,1,0,0,0,0,0,0,0,0,0,0
2001,121520,3,1,0,0,0,0,0,0,0,0,0,0
2001,121521,0,1,24,24,24,24,24,24,24,24,24,24
2001,121521,1,1,0,0,0,0,0,0,0,0,0,22
2001,121522,1,1,0,0,0,0,0,0,0,0,0,0
2001,121522,2,1,20,0,0,0,0,0,0,0,0,0
2001,121523,1,1,0,12,8,17,0,0,0,0,20,0
2001,121524,1,1,21,21,21,21,21,21,21,21,21,21
2001,121525,1,1,0,0,0,0,0,0,0,0,0,0
2001,121525,2,1,0,0,0,0,0,0,0,26,13,0
2001,121526,1,1,0,0,0,0,0,0,0,0,0,0
2001,121526,2,1,0,0,0,0,0,0,0,0,0,0
2001,121527,1,1,14,4,11,2,0,5,13,9,3,8
2001,121527,2,1,0,0,0,13,0,0,0,0,0,0
2001,121528,1,1,0,0,0,0,0,0,0,0,0,0
2001,121528,2,1,0,0,0,0,0,0,0,0,0,0
2001,121529,1,1,0,0,0,0,0,0,0,0,0,0
2001,121529,2,1,11,0,0,0,0,0,0,0,0,0
2001,121529,3,1,0,0,22,0,0,0,0,0,0,18
2001,121530,0,1,0,7,7,0,5,24,0,0,22,24
2001,121530,0,2,0,0,0,0,0,0,14,0,0,11
2001,121530,1,1,0,0,0,0,0,0,0,0,0,0
2001,121531,1,1,0,0,0,0,16,0,0,0,0,0
2001,121531,2,1,0,0,0,0,0,0,0,0,0,0
2001,121532,1,1,0,0,0,0,0,0,0,0,0,0
2001,121532,2,1,0,0,0,0,0,0,7,0,0,0
2001,121533,1,1,16,25,15,8,31,27,14,18,15,20
2001,121534,1,1,0,0,0,0,0,0,0,0,0,0
2001,121534,2,1,0,0,0,0,0,0,0,0,0,0
2001,121535,0,1,0,0,0,0,22,0,0,24,0,0
2001,121535,1,1,0,0,0,0,0,0,0,0,0,0
2001,121536,1,1,0,0,0,0,0,0,0,0,0,0
2001,121536,2,1,0,0,0,0,0,0,0,0,0,0
2001,121537,1,1,0,0,0,0,0,0,0,0,0,0
2001,121537,2,1,0,0,0,0,0,0,0,0,0,0
2001,121537,3,1,0,0,0,0,26,0,0,0,0,0
2001,121538,0,1,0,0,0,0,0,0,0,0,0,0
2001,121538,1,1,14,14,14,14,14,14,14,14,14,14
2001,121539,1,1,0,0,0,0,0,0,0,0,0,0
2001,121540,1,1,2,2,2,2,2,2,2,2,2,2
2001,121540,2,1,0,0,0,0,0,0,0,0,0,0
2001,121541,1,1,0,0,0,0,0,0,0,0,0,0
2001,121541,2,1,0,0,0,0,0,0,0,0,0,0
2001,121542,0,1,0,0,0,0,0,0,0,0,0,0
2001,121542,1,1,0,0,0,0,0,0,0,1,0,0
2001,121543,0,1,0,0,0,0,0,0,0,0,0,0
2001,121543,1,1,0,0,22,0,0,0,0,0,0,0
2001,121544,1,1,1,1,1,1,1,1,1,1,1,1
2001,121545,1,1,0,0,0,0,0,0,0,7,0,0
2001,121546,0,1,0,0,0,39,12,0,0,0,0,0
2001,121546,1,1,0,0,0,0,0,0,0,0,0,0
2001,121547,1,1,0,0,0,0,0,0,0,0,0,0
2001,121547,2,1,0,0,0,0,0,0,0,0,0,0
2001,121548,1,1,0,0,0,0,0,0,0,0,0,0
2001,121548,2,1,0,0,0,0,0,0,0,0,0,0
2001,121548,3,1,0,0,0,14,0,0,0,0,0,0
2001,121549,1,1,0,0,0,0,0,0,0,0,0,0
2001,121550,0,1,4,4,4,4,4,4,4,4,4,4
2001,121550,1,1,0,0,0,0,0,0,0,0,0,0
2001,121551,0,1,44,44,44,44,44,44,44,44,44,44
2001,121551,1,1,0,16,0,0,0,15,18,0,0,0
2001,121552,1,1,0,0,0,0,0,0,0,0,0,0
2001,121552,2,1,0,0,0,0,0,0,0,0,0,0
2001,121553,1,1,7,7,7,7,7,7,7,7,7,7
2001,121554,1,1,0,0,0,0,0,0,0,0,0,0
2001,121554,2,1,0,23,0,0,0,0,0,13,0,0
2001,121555,1,1,0,0,0,0,0,0,0,0,0,0
2001,121556,1,1,0,0,0,0,0,0,0,0,0,0
2001,121556,2,1,7,0,0,0,0,0,0,0,0,0
2001,121557,1,1,0,0,0,0,0,0,0,0,0,0
2001,121557,2,1,0,0,0,0,0,0,0,0,0,0
2001,121558,0,1,0,0,0,0,0,0,0,0,0,0
2001,121558,1,1,0,0,22,0,0,8,0,0,6,0
2001,121559,0,1,0,0,0,0,0,0,0,0,0,0
2001,121559,2,1,0,0,0,0,0,0,0,18,0,0
2001,121560,0,1,0,0,0,0,0,0,0,0,0,0
2001,121560,1,1,0,0,0,0,0,0,0,0,0,0
2001,121560,2,1,0,0,0,0,0,0,0,0,0,0
2001,121561,1,1,18,18,18,18,18,18,18,18,18,18
2001,121562,1,1,21,21,21,21,21,21,21,21,21,21
2001,121563,1,1,0,0,0,0,0,0,0,0,0,0
2001,121564,1,1,25,25,25,25,25,25,25,25,25,25
2001,121564,2,1,0,0,0,0,0,0,0,0,0,0
2001,121565,0,1,1,1,1,1,1,1,1,1,1,1
2001,121565,1,1,0,0,0,0,0,0,0,0,0,0
2001,121566,1,1,0,0,0,0,0,0,19,0,0,0
2001,121567,1,1,35,35,35,35,35,35,35,35,35,35
2001,121568,0,1,0,0,0,0,0,0,0,0,0,0
2001,121568,1,1,0,0,0,0,0,0,11,0,0,0
2001,121569,0,1,2,2,2,2,2,2,2,2,2,2
2001,121569,1,1,0,0,0,0,0,0,0,0,0,0
2001,121570,0,1,9,9,9,9,9,9,9,9,9,9
2001,121570,1,1,15,15,15,15,15,15,15,15,15,15
2001,121571,0,1,0,0,0,0,0,0,0,0,0,0
2001,121571,1,1,0,0,0,0,0,0,0,0,0,0
2001,121572,0,1,25,25,25,25,25,25,25,25,25,25
2001,121572,1,1,0,0,0,0,0,0,0,0,0,0
2001,121573,1,1,0,0,0,0,0,0,0,0,0,0
2001,121574,1,1,0,0,0,0,0,0,0,0,0,0
2001,121574,2,1,0,0,0,0,0,0,0,0,0,0
2001,121574,3,1,0,0,0,0,0,0,0,0,0,0
2001,121575,1,1,0,0,0,0,0,0,0,0,0,0
2001,121576,2,1,19,19,19,19,19,19,19,19,19,19
2001,121577,0,1,19,19,19,19,19,19,19,19,19,19
2001,121577,1,1,0,0,0,7,0,0,0,0,0,0
2001,121578,0,1,0,0,0,14,0,0,0,14,0,0
2001,121578,1,1,0,0,0,0,0,0,0,0,0,0
2001,121579,0,1,0,0,0,11,0,0,0,3,17,0
2001,121579,1,1,20,20,20,20,20,20,20,20,20,20
2001,121580,0,1,0,0,0,0,0,0,0,0,0,0
2001,121580,1,1,0,0,0,0,0,0,0,0,0,0
2001,121581,1,1,0,0,0,0,0,0,0,0,0,0
2001,121581,2,1,0,0,0,0,0,0,0,0,0,0
2001,121582,1,1,0,0,0,0,0,0,0,0,0,0
2001,121582,2,1,0,0,0,0,0,0,0,0,0,0
2001,121582,3,1,0,0,0,0,0,0,0,0,0,0
2001,121583,1,1,0,0,0,0,0,0,0,0,0,0
2001,121584,0,1,17,17,17,17,17,17,17,17,17,17
2001,121584,1,1,0,0,0,0,0,0,0,0,0,0
2001,121585,1,1,0,0,0,0,0,0,0,0,0,0
2001,121585,2,1,0,0,0,0,0,0,0,0,0,0
2001,121586,0,1,13,13,13,13,13,13,13,13,13,13
2001,121586,1,1,0,0,0,0,0,0,0,0,0,0
2001,121587,1,1,0,0,0,0,0,0,0,0,0,0
2001,121587,2,1,0,0,0,0,0,0,0,0,0,0
2001,121588,1,1,0,0,0,0,0,0,0,0,0,0
2001,121588,2,1,0,0,0,0,0,0,0,0,0,0
2001,121588,3,1,0,0,0,0,0,0,0,0,0,0
2001,121589,1,1,0,0,0,20,0,0,0,0,10,0
2001,121589,2,1,0,0,0,0,0,0,0,0,0,0
2001,121590,1,1,0,0,0,0,0,0,0,0,0,0
2001,121590,2,1,0,0,0,0,0,0,0,0,0,0
2001,121591,1,1,10,10,10,10,10,10,10,10,10,10
2001,121592,1,1,0,0,0,0,0,0,0,0,0,0
2001,121592,2,1,2,2,2,2,2,2,2,2,2,2
2001,121593,1,1,0,0,0,0,0,19,0,0,0,0
2001,121594,1,1,0,0,10,0,0,0,0,0,0,0
2001,121594,2,1,0,0,0,0,0,0,20,0,0,0
2001,121595,1,1,10,10,10,10,10,10,10,10,10,10
2001,121596,1,1,0,0,0,0,0,0,0,0,0,0
2001,121597,0,1,0,0,0,0,0,0,15,0,9,0
2001,121597,1,1,0,0,0,0,0,0,0,0,0,0
2001,121598,0,1,20,20,20,20,20,20,20,20,20,20
2001,121598,1,1,0,22,0,0,0,0,0,0,0,0
2001,121599,1,1,0,0,0,0,0,0,2,0,0,0
2001,121599,2,1,0,10,0,0,0,0,0,0,0,0
2001,121600,1,1,0,0,0,0,0,0,0,0,0,0
2001,121600,2,1,5,5,5,5,5,5,5,5,5,5
2001,121600,3,1,0,0,0,0,0,0,0,0,0,0
2001,121601,1,1,0,0,0,0,0,0,0,0,0,0
2001,121601,2,1,0,0,0,0,0,0,0,0,0,0
2001,121602,1,1,26,26,26,26,26,26,26,26,26,26
2001,121603,1,1,0,0,0,0,0,0,0,0,0,0
2001,121604,1,1,13,0,0,0,9,8,9,12,0,0
2001,121605,1,1,0,0,0,0,0,0,0,0,0,0
2001,121605,2,1,0,0,0,0,0,0,0,0,0,0
2001,121606,1,1,0,0,0,0,0,0,0,0,0,0
2001,121607,1,1,0,0,0,0,0,0,0,0,0,0
2001,121607,2,1,0,0,0,0,0,0,0,0,0,0
2001,121608,1,1,24,24,24,24,24,24,24,24,24,24
2001,121608,2,1,0,0,0,0,0,0,0,0,0,0
2001,121609,1,1,19,19,19,19,19,19,19,19,19,19
2001,121609,2,1,0,0,0,0,0,0,0,0,0,0
2001,121610,1,1,18,18,18,18,18,18,18,18,18,18
2001,121611,1,1,0,0,0,0,0,0,0,0,0,0
2001,121612,1,1,24,0,0,0,0,0,0,22,11,0
2001,121613,0,1,27,43,0,0,19,0,12,0,0,29
2001,121613,1,1,10,0,0,0,30,0,30,16,0,11
2001,121614,1,1,0,0,0,0,0,0,0,0,0,0
2001,121614,2,1,0,0,0,0,0,0,0,0,0,0
2001,121614,3,1,0,0,0,0,0,0,0,0,0,0
2001,121615,1,1,0,0,0,0,0,0,0,0,0,0
2001,121615,2,1,0,20,0,20,0,0,6,0,0,0
2001,121616,0,1,0,0,0,0,0,0,0,0,0,0
2001,121616,1,1,0,0,0,0,0,0,0,0,0,0
2001,121617,1,1,0,0,0,0,0,0,0,0,0,0
2001,121617,2,1,0,0,0,0,0,0,0,0,0,0
2001,121617,3,1,0,0,0,0,0,0,0,0,0,0
2001,121618,1,1,0,0,0,0,12,0,0,0,0,26
2001,121619,1,1,0,0,0,0,0,0,0,0,0,0
2001,121619,2,1,7,7,7,7,7,7,7,7,7,7
2001,121620,1,1,0,0,0,0,0,0,0,0,0,0
2001,121620,2,1,0,0,0,0,0,0,0,0,0,0
2001,121621,1,1,14,14,14,14,14,14,14,14,14,14
2001,121621,2,1,0,0,0,0,0,0,0,0,0,0
2001,121622,1,1,0,0,0,0,0,0,0,0,0,0
2001,121623,1,1,0,0,0,0,0,0,0,0,0,0
2001,121623,2,1,0,0,0,0,0,0,0,0,0,0
2001,121624,0,1,0,0,0,0,0,0,0,0,0,0
2001,121624,1,1,0,0,0,0,0,0,0,0,0,0
2001,121625,1,1,13,13,13,13,13,13,13,13,13,13
2001,121625,2,1,0,0,0,0,0,0,0,0,0,0
2001,121626,1,1,0,0,0,0,0,0,0,0,0,0
2001,121626,2,1,0,0,0,0,0,0,0,0,0,0
2001,121627,0,1,4,31,25,9,0,0,15,16,9,4
2001,121627,1,1,0,0,0,0,0,20,0,0,0,0
2001,121628,1,1,0,0,0,0,0,0,0,0,0,0
2001,121628,2,1,0,0,0,0,0,0,0,0,0,0
2001,121629,0,1,0,0,0,0,0,0,0,0,0,0
2001,121629,1,1,0,0,0,0,5,0,0,0,0,0
2001,121629,2,1,0,13,0,16,31,0,0,0,0,0
2001,121630,0,1,0,0,0,0,0,0,0,0,0,0
2001,121630,1,1,0,0,0,0,0,0,0,0,0,0
2001,121631,1,1,0,0,0,0,0,0,0,0,0,0
2001,121631,2,1,0,0,0,0,0,0,0,0,0,0
2001,121632,1,1,0,0,0,0,0,0,0,0,0,0