YEAR,st_case,veh_no,per_no,P1,P2,P3,P4,P5,P6,P7,P8,P9,P10
2001,121632,2,1,0,0,0,0,0,0,0,0,0,0
2001,121633,1,1,0,8,0,0,0,0,0,0,0,0
2001,121633,2,1,0,0,0,0,0,0,0,0,0,0
2001,121634,1,1,0,0,0,0,0,0,0,0,0,0
2001,121634,2,1,12,12,12,12,12,12,12,12,12,12
2001,121635,0,1,0,0,0,0,0,0,0,0,0,0
2001,121635,0,2,0,0,0,0,18,0,0,0,0,26
2001,121635,1,1,0,0,0,0,0,0,0,0,0,0
2001,121636,1,1,0,0,0,0,0,0,0,0,0,0
2001,121637,0,1,32,32,32,32,32,32,32,32,32,32
2001,121637,1,1,18,18,18,18,18,18,18,18,18,18
2001,121638,0,1,0,0,0,0,0,0,0,0,0,0
2001,121638,1,1,0,0,0,0,0,0,0,0,0,11
2001,121639,0,1,0,0,0,0,0,0,0,0,0,0
2001,121639,1,1,0,0,0,0,0,0,8,0,0,0
2001,121640,1,1,0,0,0,0,0,0,0,0,12,0
2001,121640,2,1,0,11,0,0,0,0,0,0,0,0
2001,121641,1,1,0,0,0,0,0,0,0,0,0,0
2001,121641,2,1,0,0,0,0,0,0,0,0,0,0
2001,121642,1,1,0,0,0,0,0,0,0,0,0,0
2001,121642,2,1,0,0,0,0,0,0,0,0,0,0
2001,121642,3,1,0,0,0,0,0,0,0,0,0,0
2001,121643,1,1,0,0,0,0,0,21,0,0,0,0
2001,121644,1,1,0,0,0,0,0,0,0,0,0,0
2001,121644,2,1,0,0,0,0,0,0,0,0,0,0
2001,121645,1,1,0,0,0,0,0,0,0,0,0,0
2001,121645,2,1,0,0,0,0,0,0,0,0,0,0
2001,121646,0,1,34,34,34,34,34,34,34,34,34,34
2001,121646,1,1,0,0,7,7,0,0,0,0,0,0
2001,121647,1,1,0,0,0,0,0,0,0,0,0,0
2001,121647,2,1,0,0,0,0,0,0,0,0,0,0
2001,121648,1,1,15,15,15,15,15,15,15,15,15,15
2001,121648,2,1,0,0,0,0,0,0,0,0,0,0
2001,121649,1,1,0,0,0,0,0,0,0,0,0,0
2001,121650,1,1,0,0,0,0,0,0,0,0,0,0
2001,121650,2,1,0,0,0,0,0,0,0,0,0,0
2001,121651,1,1,7,7,7,7,7,7,7,7,7,7
2001,121652,1,1,0,0,0,0,0,0,0,0,0,0
2001,121653,1,1,0,0,0,0,0,0,0,0,0,0
2001,121654,1,1,0,0,0,0,0,0,0,7,0,12
2001,121655,1,1,0,0,0,0,0,0,0,0,0,0
2001,121655,2,1,0,0,0,0,0,0,0,0,0,0
2001,121655,3,1,0,0,0,0,0,0,0,0,0,0
2001,121656,0,1,21,21,21,21,21,21,21,21,21,21
2001,121656,1,1,0,0,0,0,0,16,0,0,0,0
2001,121657,0,1,0,0,0,0,0,0,0,0,0,0
2001,121657,1,1,17,17,17,17,17,17,17,17,17,17
2001,121658,0,1,0,0,0,0,0,0,0,0,0,0
2001,121658,1,1,13,13,0,0,0,0,0,0,0,0
2001,121659,1,1,9,9,9,9,9,9,9,9,9,9
2001,121660,1,1,0,0,0,0,0,0,0,0,0,0
2001,121660,2,1,0,0,0,0,0,0,0,0,0,0
2001,121660,3,1,0,0,0,0,0,0,0,3,0,0
2001,121660,4,1,0,0,0,0,0,0,0,0,0,0
2001,121661,1,1,0,0,0,0,0,0,0,0,0,0
2001,121661,2,1,0,0,0,0,0,0,0,0,0,0
2001,121662,1,1,0,11,0,0,0,0,13,0,0,0
2001,121662,2,1,0,0,0,0,0,0,0,0,0,0
2001,121663,1,1,0,0,0,0,0,0,0,0,0,0
2001,121664,0,1,24,24,24,24,24,24,24,24,24,24
2001,121664,1,1,0,0,0,16,0,0,0,0,0,7
2001,121665,1,1,0,0,0,0,0,0,0,0,0,0
2001,121665,2,1,0,0,0,0,0,0,0,0,0,0
2001,121666,1,1,16,15,0,30,0,13,12,31,8,8
2001,121666,2,1,0,0,0,0,0,0,0,0,0,0
2001,121667,1,1,0,0,0,0,0,0,0,0,0,0
2001,121668,1,1,0,0,0,0,0,0,0,0,0,0
2001,121668,2,1,0,0,0,0,0,0,0,0,0,0
2001,121668,3,1,0,0,0,0,0,0,0,0,0,0
2001,121669,1,1,9,12,0,19,0,0,0,0,0,19
2001,121669,2,1,0,0,0,0,0,0,0,0,0,0
2001,121669,3,1,7,7,7,7,7,7,7,7,7,7
2001,121670,1,1,0,0,0,0,0,0,0,0,0,0
2001,121671,1,1,0,0,0,0,0,0,0,0,0,0
2001,121671,2,1,0,0,0,0,0,0,0,0,0,0
2001,121672,1,1,8,8,8,8,8,8,8,8,8,8
2001,121673,1,1,0,0,0,0,0,0,0,0,0,0
2001,121673,2,1,0,0,0,0,0,0,0,0,0,0
2001,121674,0,1,0,0,11,17,0,0,0,8,24,0
2001,121674,1,1,0,0,0,0,0,0,0,0,0,0
2001,121675,1,1,27,27,27,27,27,27,27,27,27,27
2001,121676,1,1,0,0,0,0,0,0,0,0,0,0
2001,121676,2,1,0,0,0,0,0,0,0,0,0,0
2001,121677,1,1,0,0,0,0,0,0,0,0,0,0
2001,121677,2,1,0,0,0,0,0,0,0,0,0,0
2001,121678,1,1,23,23,23,23,23,23,23,23,23,23
2001,121679,1,1,0,0,0,0,0,0,0,0,0,0
2001,121679,2,1,0,0,0,0,0,0,0,0,0,0
2001,121680,1,1,0,0,0,0,0,0,0,0,0,0
2001,121680,2,1,0,0,0,0,0,0,0,0,0,0
2001,121681,0,1,0,0,0,0,0,0,0,0,0,0
2001,121681,1,1,0,0,0,0,0,0,0,0,0,0
2001,121682,1,1,5,9,0,0,3,0,4,0,0,0
2001,121682,2,1,0,0,0,0,0,0,0,0,0,0
2001,121683,1,1,0,0,0,0,0,0,0,0,0,0
2001,121683,2,1,0,0,0,0,0,0,0,0,0,0
2001,121683,3,1,0,0,0,0,0,0,0,0,0,0
2001,121684,0,1,0,0,0,0,0,0,0,0,0,0
2001,121684,0,2,23,0,24,0,0,29,6,0,0,20
2001,121684,1,1,0,0,0,0,0,0,0,0,0,0
2001,121685,1,1,0,0,0,0,0,0,0,0,0,0
2001,121686,1,1,0,0,0,0,0,0,0,0,0,0
2001,121686,2,1,0,0,0,0,0,0,0,0,0,0
2001,121687,1,1,0,0,0,0,0,0,0,0,10,0
2001,121687,2,1,0,0,0,0,0,0,0,0,0,0
2001,121688,1,1,0,0,0,0,0,0,0,0,0,0
2001,121688,2,1,12,0,0,0,0,0,0,0,0,0
2001,121689,1,1,30,0,0,0,0,0,0,0,0,0
2001,121689,2,1,0,0,0,0,0,20,0,0,0,0
2001,121689,3,1,0,0,0,0,0,0,0,0,7,0
2001,121690,1,1,13,0,0,0,0,0,0,0,0,0
2001,121690,2,1,0,0,0,0,0,0,0,0,0,0
2001,121690,3,1,0,0,0,13,0,0,0,0,0,0
2001,121690,4,1,0,0,0,0,0,0,0,0,0,0
2001,121690,5,1,0,0,0,0,0,0,0,0,0,0
2001,121691,1,1,24,24,24,24,24,24,24,24,24,24
2001,121692,1,1,25,25,25,25,25,25,25,25,25,25
2001,121693,1,1,0,0,0,0,0,0,0,0,0,0
2001,121693,2,1,0,0,0,0,0,0,0,0,0,0
2001,121694,1,1,20,20,20,20,20,20,20,20,20,20
2001,121694,2,1,0,0,0,0,0,0,0,0,0,0
2001,121695,1,1,17,17,17,17,17,17,17,17,17,17
2001,121696,1,1,0,0,0,0,0,0,0,0,19,0
2001,121696,2,1,0,0,0,10,0,0,6,0,0,0
2001,121697,1,1,0,0,0,0,0,29,0,36,0,9
2001,121698,0,1,0,0,0,0,0,0,0,0,0,0
2001,121698,1,1,0,0,0,0,0,0,0,0,0,0
2001,121699,1,1,13,13,13,13,13,13,13,13,13,13
2001,121699,2,1,19,0,12,0,0,0,0,0,0,0
2001,121700,1,1,19,19,19,19,19,19,19,19,19,19
2001,121701,1,1,0,0,0,0,0,0,0,0,0,0
2001,121701,2,1,0,0,0,0,2,0,0,0,0,0
2001,121702,1,1,6,6,6,6,6,6,6,6,6,6
2001,121702,2,1,0,0,0,0,0,0,0,0,0,0
2001,121703,0,1,0,0,0,0,0,0,0,0,0,0
2001,121703,1,1,0,0,24,26,0,23,6,0,0,0
2001,121704,0,1,0,0,0,0,0,0,0,0,0,0
2001,121704,1,1,20,12,22,12,0,0,15,0,29,0
2001,121705,1,1,0,0,0,0,0,0,0,0,0,0
2001,121706,0,1,0,0,0,0,0,0,0,0,0,0
2001,121706,1,1,0,0,0,0,0,0,0,0,0,0
2001,121707,1,1,19,19,19,19,19,19,19,19,19,19
2001,121708,0,1,0,0,0,0,0,0,0,0,0,0
2001,121708,1,1,0,0,0,0,0,0,0,0,0,0
2001,121709,1,1,0,0,0,0,0,0,0,0,0,0
2001,121709,2,1,0,0,0,0,0,0,0,0,0,0
2001,121710,1,1,0,0,0,0,0,0,0,0,0,0
2001,121711,1,1,0,0,0,0,0,0,0,0,0,0
2001,121711,2,1,0,0,0,0,0,0,0,0,0,0
2001,121712,1,1,26,26,26,26,26,26,26,26,26,26
2001,121713,1,1,0,0,0,0,0,0,0,0,0,0
2001,121714,1,1,0,0,0,13,0,0,0,0,0,0
2001,121715,1,1,0,0,0,0,0,0,0,0,0,0
2001,121715,2,1,0,0,0,0,0,0,0,0,0,0
2001,121716,1,1,2,2,2,2,2,2,2,2,2,2
2001,121717,1,1,0,0,0,0,0,0,0,0,0,0
2001,121717,2,1,0,0,0,0,0,0,0,0,0,0
2001,121717,3,1,0,0,0,0,0,0,0,0,0,6
2001,121718,1,1,0,0,0,0,0,0,0,0,0,0
2001,121718,2,1,0,0,0,0,0,0,0,0,0,0
2001,121719,0,1,0,0,0,15,0,0,0,0,0,0
2001,121719,1,1,0,3,10,0,0,0,0,0,0,0
2001,121720,1,1,11,11,11,11,11,11,11,11,11,11
2001,121721,1,1,0,0,0,0,0,0,0,0,0,0
2001,121722,1,1,23,23,23,23,23,23,23,23,23,23
2001,121722,2,1,13,13,13,13,13,13,13,13,13,13
2001,121723,1,1,0,0,0,0,0,0,0,0,0,0
2001,121723,2,1,0,0,0,0,0,0,0,0,0,0
2001,121724,1,1,0,0,0,0,0,0,0,0,0,0
2001,121724,2,1,0,0,0,0,0,0,0,0,0,0
2001,121725,0,1,0,0,0,0,0,0,0,0,0,0
2001,121725,1,1,27,27,27,27,27,27,27,27,27,27
2001,121726,1,1,40,0,21,23,9,17,18,28,31,14
2001,121727,1,1,24,24,24,24,24,24,24,24,24,24
2001,121728,1,1,0,0,0,0,0,27,0,6,0,0
2001,121729,1,1,12,12,12,12,12,12,12,12,12,12
2001,121729,2,1,0,0,0,0,0,22,0,13,0,0
2001,121730,1,1,17,17,17,17,17,17,17,17,17,17
2001,121731,1,1,0,0,0,0,0,0,0,0,0,0
2001,121731,2,1,0,0,0,0,0,0,0,0,0,0
2001,121731,3,1,0,0,0,0,0,0,0,0,0,0
2001,121732,1,1,13,13,13,13,13,13,13,13,13,13
2001,121732,2,1,0,0,0,0,0,0,0,0,0,0
2001,121733,1,1,0,22,0,0,0,0,0,0,0,0
2001,121733,2,1,0,0,0,0,0,0,0,0,0,0
2001,121734,0,1,20,20,20,20,20,20,20,20,20,20
2001,121734,1,1,0,24,0,0,0,0,0,16,0,0
2001,121735,0,1,0,0,15,0,0,0,0,0,0,0
2001,121735,1,1,0,0,0,0,0,0,0,0,0,0
2001,121735,2,1,0,0,0,0,0,0,0,0,0,0
2001,121736,1,1,0,0,0,0,0,0,0,0,0,0
2001,121736,2,1,18,0,0,0,0,0,0,0,0,0
2001,121737,1,1,8,8,8,8,8,8,8,8,8,8
2001,121738,1,1,8,8,8,8,8,8,8,8,8,8
2001,121739,1,1,0,0,0,0,0,0,0,0,0,0
2001,121740,1,1,13,13,13,13,13,13,13,13,13,13
2001,121741,1,1,0,0,0,0,0,0,0,0,0,0
2001,121741,2,1,11,0,0,0,0,0,0,0,0,13
2001,121742,0,1,0,0,0,0,0,0,16,4,0,0
2001,121742,1,1,0,0,0,0,0,0,0,0,0,0
2001,121743,1,1,0,0,0,0,0,0,0,0,0,0
2001,121744,0,1,0,0,0,0,0,0,0,0,0,0
2001,121744,1,1,5,5,5,5,5,5,5,5,5,5
2001,121745,1,1,27,27,27,27,27,27,27,27,27,27
2001,121745,2,1,0,0,0,0,0,0,0,0,0,0
2001,121746,1,1,0,0,0,0,0,0,0,0,24,0
2001,121746,2,1,0,0,0,0,0,0,0,0,0,0
2001,121747,1,1,0,0,0,0,0,0,0,0,0,0
2001,121747,2,1,0,0,0,0,0,0,0,0,0,0
2001,121748,1,1,14,14,14,14,14,14,14,14,14,14
2001,121749,1,1,34,34,34,34,34,34,34,34,34,34
2001,121750,1,1,0,0,0,0,0,0,0,0,0,0
2001,121750,2,1,0,0,0,0,0,0,0,0,0,0
2001,121751,1,1,0,0,0,0,0,0,0,5,0,0
2001,121751,2,1,0,0,0,0,0,0,0,0,0,0
2001,121752,1,1,0,0,0,0,0,0,0,0,11,0
2001,121753,1,1,24,24,24,24,24,24,24,24,24,24
2001,121753,2,1,0,0,0,0,0,0,0,0,0,0
2001,121753,3,1,0,0,0,0,0,0,0,0,0,0
2001,121754,1,1,0,0,0,0,0,0,0,0,0,0
2001,121754,2,1,0,0,0,0,0,7,0,0,0,0
2001,121755,1,1,0,0,0,0,0,0,0,0,22,0
2001,121756,1,1,0,0,0,0,0,0,0,0,18,0
2001,121757,1,1,0,0,0,0,0,0,0,0,0,0
2001,121757,2,1,0,0,0,0,0,0,0,0,0,0
2001,121758,1,1,0,0,0,0,0,0,0,0,0,0
2001,121758,2,1,12,12,12,12,12,12,12,12,12,12
2001,121759,0,1,26,20,0,0,0,0,14,18,22,31
2001,121759,1,1,0,0,0,0,0,0,0,0,0,0
2001,121759,2,1,0,0,0,0,0,0,0,0,0,0
2001,121759,3,1,0,0,0,0,0,0,0,0,0,0
2001,121760,0,1,0,0,0,0,0,0,0,0,0,0
2001,121760,1,1,0,0,0,0,0,0,0,0,0,0
2001,121761,1,1,0,0,0,0,0,0,0,0,0,0
2001,121761,2,1,0,0,0,0,0,0,0,0,0,0
2001,121762,1,1,14,14,14,14,14,14,14,14,14,14
2001,121762,2,1,2,2,2,2,2,2,2,2,2,2
2001,121763,0,1,17,17,17,17,17,17,17,17,17,17
2001,121763,1,1,0,0,0,0,0,0,0,0,0,0
2001,121764,1,1,19,19,19,19,19,19,19,19,19,19
2001,121765,0,1,23,23,23,23,23,23,23,23,23,23
2001,121765,1,1,0,0,0,0,0,0,0,0,0,0
2001,121766,1,1,0,0,0,0,19,0,0,0,0,0
2001,121766,2,1,0,0,0,0,0,0,6,0,0,0
2001,121767,1,1,14,14,14,14,14,14,14,14,14,14
2001,121767,2,1,2,2,2,2,2,2,2,2,2,2
2001,121768,1,1,29,29,29,29,29,29,29,29,29,29
2001,121769,1,1,0,0,0,0,0,0,0,0,0,0
2001,121770,1,1,0,0,0,0,0,0,0,0,0,0
2001,121770,2,1,0,0,0,0,0,0,0,0,0,0
2001,121770,3,1,0,0,0,0,0,0,0,0,0,0
2001,121771,1,1,0,0,0,14,0,0,0,0,0,0
2001,121771,2,1,20,0,0,0,0,0,0,0,0,5
2001,121771,3,1,15,10,24,0,12,0,0,6,0,0
2001,121772,0,1,0,0,0,0,0,0,0,41,0,0
2001,121772,1,1,0,0,0,0,0,0,0,13,0,0
2001,121773,1,1,0,24,24,25,0,20,14,31,16,18
2001,121774,0,1,22,0,11,0,6,0,43,0,0,0
2001,121774,1,1,9,9,9,9,9,9,9,9,9,9
2001,121775,0,1,32,32,32,32,32,32,32,32,32,32
2001,121775,1,1,9,0,0,0,32,0,0,0,0,0
2001,121776,1,1,34,19,12,31,0,36,17,0,22,11
2001,121777,1,1,0,0,0,0,0,0,0,0,0,0
2001,121778,0,1,0,0,0,0,0,0,0,0,0,0
2001,121778,1,1,0,0,0,0,0,0,0,0,0,0
2001,121779,1,1,0,0,0,0,0,0,0,0,0,0
2001,121780,0,1,8,8,8,8,8,8,8,8,8,8
2001,121780,1,1,0,0,0,0,8,0,0,0,0,0
2001,121781,1,1,0,0,0,0,0,0,0,0,0,0
2001,121781,2,1,0,0,0,0,0,0,0,0,0,0
2001,121781,3,1,0,0,0,0,0,0,0,0,0,0
2001,121782,1,1,29,29,29,29,29,29,29,29,29,29
2001,121783,1,1,12,12,12,12,12,12,12,12,12,12
2001,121784,1,1,0,0,0,0,0,0,0,0,0,0
2001,121785,1,1,6,6,6,6,6,6,6,6,6,6
2001,121786,1,1,0,0,0,0,0,0,0,0,0,0
2001,121787,1,1,12,12,12,12,12,12,12,12,12,12
2001,121787,2,1,6,6,6,6,6,6,6,6,6,6
2001,121788,1,1,0,0,0,0,0,7,0,0,0,0
2001,121789,1,1,0,0,0,0,0,0,0,0,0,0
2001,121789,2,1,0,0,0,0,0,0,0,0,0,0
2001,121790,1,1,0,0,0,0,0,0,0,0,0,0
2001,121790,2,1,0,0,0,0,0,0,0,0,0,0
2001,121791,1,1,0,0,0,0,0,0,0,0,0,0
2001,121792,1,1,22,22,22,22,22,22,22,22,22,22
2001,121792,2,1,0,0,0,0,0,0,0,0,0,0
2001,121793,1,1,23,23,23,23,23,23,23,23,23,23
2001,121794,0,1,0,0,0,0,0,0,0,0,0,0
2001,121794,1,1,0,2,0,0,0,0,0,0,0,0
2001,121795,1,1,0,24,0,0,0,0,0,0,0,0
2001,121796,1,1,0,0,0,0,0,0,0,0,0,0
2001,121797,1,1,0,0,0,0,0,0,0,0,0,0
2001,121797,2,1,0,0,0,0,0,0,0,0,0,0
2001,121798,0,1,0,20,27,14,10,16,19,16,0,0
2001,121798,1,1,0,0,0,0,0,0,0,0,0,0
2001,121799,1,1,0,0,0,0,0,0,0,0,0,0
2001,121799,2,1,0,0,0,0,0,0,0,0,0,0
2001,121800,1,1,0,10,0,0,0,0,0,0,0,0
2001,121800,2,1,0,0,0,0,0,0,0,0,0,0
2001,121800,3,1,0,0,0,0,0,0,0,0,0,0
2001,121801,1,1,0,0,0,0,0,0,0,0,0,0
2001,121801,2,1,0,0,0,0,0,0,0,0,0,0
2001,121802,0,1,0,32,0,0,0,0,22,0,0,0
2001,121802,1,1,0,0,2,0,0,0,0,0,0,0
2001,121803,0,1,0,32,10,23,6,13,35,0,18,0
2001,121803,1,1,0,0,0,0,9,0,0,0,0,0
2001,121804,0,1,0,0,0,0,0,0,0,0,0,0
2001,121804,1,1,0,0,0,0,0,0,0,0,6,0
2001,121805,1,1,0,0,0,0,0,0,0,0,0,0
2001,121806,1,1,0,0,0,0,0,0,0,12,26,0
2001,121806,2,1,0,0,0,0,0,0,0,0,0,0
2001,121807,1,1,20,20,20,20,20,20,20,20,20,20
2001,121807,2,1,0,0,0,0,0,0,0,0,0,0
2001,121808,1,1,23,23,23,23,23,23,23,23,23,23
2001,121809,1,1,25,25,25,25,25,25,25,25,25,25
2001,121810,1,1,0,0,0,0,0,0,0,0,0,0
2001,121810,2,1,0,0,0,0,0,0,0,0,0,0
2001,121810,3,1,0,0,0,0,0,0,0,0,0,0
2001,121811,1,1,17,17,17,17,17,17,17,17,17,17
2001,121812,0,1,23,23,23,23,23,23,23,23,23,23
2001,121812,1,1,0,0,0,0,0,0,0,0,0,0
2001,121813,1,1,0,0,0,0,0,0,0,0,0,0
2001,121814,1,1,11,11,11,11,11,11,11,11,11,11
2001,121814,2,1,0,0,0,0,0,0,0,0,0,0
2001,121815,1,1,0,0,0,0,0,0,0,0,0,0
2001,121815,2,1,0,0,0,0,0,0,0,0,0,0
2001,121815,3,1,0,0,0,0,0,0,0,0,7,0
2001,121816,1,1,24,24,24,24,24,24,24,24,24,24
2001,121817,1,1,0,0,0,0,0,0,0,0,0,0
2001,121817,2,1,0,0,0,0,0,0,0,0,0,0
2001,121818,1,1,14,14,14,14,14,14,14,14,14,14
2001,121819,1,1,0,0,0,0,0,0,0,0,0,0
2001,121819,2,1,3,3,3,3,3,3,3,3,3,3
2001,121820,1,1,0,12,0,8,0,13,0,0,0,0
2001,121821,1,1,0,0,0,0,0,0,0,0,0,0
2001,121821,2,1,0,10,0,0,0,0,0,0,0,0
2001,121821,3,1,0,0,0,0,0,0,0,0,0,0
2001,121822,1,1,0,9,25,21,7,27,14,0,0,13
2001,121823,0,1,17,0,0,0,0,27,0,14,0,0
2001,121823,1,1,0,0,0,0,0,20,0,0,0,0
2001,121824,0,1,35,35,35,35,35,35,35,35,35,35
2001,121824,1,1,0,0,0,0,0,0,0,0,0,0
2001,121825,1,1,15,15,15,15,15,15,15,15,15,15
2001,121826,1,1,9,9,9,9,9,9,9,9,9,9
2001,121827,1,1,0,0,0,0,0,0,0,0,0,0
2001,121827,2,1,0,0,0,0,0,0,0,0,0,0
2001,121828,1,1,0,0,0,0,0,0,0,0,0,0
2001,121828,2,1,0,0,2,0,0,0,0,0,0,0
2001,121829,1,1,0,0,0,0,0,0,0,0,0,0
2001,121829,2,1,0,0,0,0,0,0,0,4,0,0
2001,121830,1,1,0,0,0,0,0,0,0,0,0,0
2001,121830,2,1,0,0,0,0,0,0,0,0,0,0
2001,121831,1,1,0,0,0,0,0,0,0,0,0,0
2001,121831,2,1,0,0,0,0,0,0,0,0,0,0
2001,121832,1,1,26,0,0,0,0,0,0,0,0,0
2001,121833,0,1,15,13,0,0,0,15,22,22,19,8
2001,121833,1,1,0,0,0,0,0,0,0,0,0,0
2001,121834,1,1,0,0,0,0,0,0,0,0,0,0
2001,121835,1,1,0,0,0,0,0,0,0,0,0,0
2001,121835,2,1,0,0,0,0,0,10,0,0,0,0
2001,121836,1,1,20,20,20,20,20,20,20,20,20,20
2001,121837,1,1,5,5,5,5,5,5,5,5,5,5
2001,121837,2,1,0,0,0,0,0,0,0,0,0,0
2001,121838,0,1,0,0,0,0,0,0,0,0,0,0
2001,121838,1,1,0,0,0,0,0,0,0,0,0,0
2001,121839,1,1,9,9,9,9,9,9,9,9,9,9
2001,121840,1,1,20,20,20,20,20,20,20,20,20,20
2001,121840,2,1,0,0,0,0,0,0,0,0,0,0
2001,121840,3,1,0,0,0,0,0,0,0,0,0,0
2001,121841,0,1,22,22,22,22,22,22,22,22,22,22
2001,121841,1,1,0,0,0,0,0,0,0,0,0,0
2001,121842,1,1,0,0,0,0,0,0,0,0,0,0
2001,121842,2,1,0,0,0,0,0,0,0,0,0,0
2001,121842,3,1,0,0,0,0,0,0,0,0,0,0
2001,121843,1,1,18,0,0,10,0,8,0,0,0,4
2001,121844,1,1,0,0,0,0,0,0,0,0,0,0
2001,121845,1,1,13,0,0,0,0,0,0,0,0,0
2001,121845,2,1,0,0,0,0,0,0,0,0,0,0
2001,121846,0,1,14,18,0,0,26,0,0,32,0,20
2001,121846,1,1,0,0,0,0,0,0,0,0,0,0
2001,121847,1,1,0,0,0,0,0,0,0,0,0,0
2001,121847,2,1,0,14,0,0,0,0,0,0,11,0
2001,121848,0,1,23,0,0,0,0,0,0,0,0,0
2001,121848,1,1,0,0,0,0,0,0,0,0,0,0
2001,121849,1,1,0,0,0,0,0,0,0,0,0,0
2001,121849,2,1,0,0,0,0,0,0,0,0,0,0
2001,121850,1,1,20,20,20,20,20,20,20,20,20,20
2001,121851,0,1,0,0,0,0,0,0,0,0,0,0
2001,121851,1,1,0,0,0,0,0,0,0,0,0,0
2001,121852,0,1,0,0,0,0,0,0,0,0,0,0
2001,121852,1,1,0,0,0,0,0,0,0,0,0,0
2001,121853,1,1,0,19,11,0,0,9,0,0,0,0
2001,121854,1,1,18,18,18,18,18,18,18,18,18,18
2001,121854,2,1,14,14,14,14,14,14,14,14,14,14
2001,121855,1,1,15,15,15,15,15,15,15,15,15,15
2001,121856,0,1,20,18,9,0,14,10,0,31,0,0
2001,121856,1,1,0,24,0,0,0,0,0,0,0,0
2001,121857,1,1,11,11,11,11,11,11,11,11,11,11
2001,121858,1,1,0,0,0,0,0,30,0,0,0,0
2001,121858,2,1,0,0,0,0,0,0,0,0,0,0
2001,121859,1,1,20,20,20,20,20,20,20,20,20,20
2001,121860,1,1,25,25,25,25,25,25,25,25,25,25
2001,121861,0,1,17,17,17,17,17,17,17,17,17,17
2001,121861,1,1,0,0,0,0,0,0,0,0,0,0
2001,121862,1,1,0,0,0,0,0,0,0,0,0,0
2001,121863,1,1,29,29,29,29,29,29,29,29,29,29
2001,121863,2,1,0,0,0,0,0,0,0,0,0,0
2001,121864,0,1,0,0,0,0,0,0,0,0,0,0
2001,121864,1,1,0,0,0,0,0,0,0,0,0,0
2001,121865,1,1,0,0,0,0,0,0,0,0,0,0
2001,121866,0,1,18,18,18,18,18,18,18,18,18,18
2001,121866,1,1,0,0,0,0,0,0,0,0,0,0
2001,121867,1,1,0,0,0,0,0,0,0,0,0,0
2001,121868,1,1,0,0,0,0,0,0,0,0,0,0
2001,121868,2,1,0,0,0,0,0,0,0,0,0,0
2001,121869,1,1,0,0,0,0,0,0,0,0,0,0
2001,121869,2,1,0,0,17,0,0,0,0,0,0,0
2001,121870,1,1,0,0,0,0,0,0,0,0,0,0
2001,121871,1,1,17,17,17,17,17,17,17,17,17,17
2001,121871,2,1,0,0,0,0,0,0,0,0,0,0
2001,121872,0,1,15,20,15,0,26,18,23,0,0,0
2001,121872,1,1,0,0,0,0,0,0,0,0,6,0
2001,121873,1,1,0,0,0,0,0,0,0,0,0,0
2001,121874,1,1,19,19,19,19,19,19,19,19,19,19
2001,121875,1,1,21,0,0,0,0,23,0,0,0,0
2001,121876,1,1,0,0,0,0,0,0,0,0,0,0
2001,121876,2,1,20,20,20,20,20,20,20,20,20,20
2001,121877,0,1,0,0,0,0,0,0,0,0,0,0
2001,121877,1,1,0,0,0,0,0,0,0,0,0,0
2001,121878,1,1,0,0,0,0,0,0,0,0,0,0
2001,121879,1,1,0,0,0,0,0,0,0,0,0,0
2001,121880,1,1,0,0,0,0,0,0,0,0,0,14
2001,121880,2,1,0,0,0,0,12,0,0,0,0,0
2001,121881,0,1,0,0,0,0,0,0,0,0,0,0
2001,121881,1,1,0,0,0,0,0,0,0,0,0,0
2001,121882,1,3,0,9,18,29,16,0,10,0,0,6
2001,121882,2,1,0,0,0,0,0,0,0,0,0,0
2001,121883,1,1,0,0,0,0,0,0,0,0,0,0
2001,121884,1,1,25,19,12,20,14,15,21,29,16,28
2001,121885,0,1,0,0,0,0,0,0,0,0,0,0
2001,121885,1,1,0,0,0,0,0,0,0,12,0,0
2001,121886,0,1,28,28,28,28,28,28,28,28,28,28
2001,121886,1,1,0,0,0,0,0,0,0,0,0,0
2001,121887,1,1,0,0,32,0,0,0,0,0,0,0
2001,121887,2,1,0,0,0,7,0,0,0,0,0,0
2001,121887,3,1,0,0,0,17,0,0,0,0,0,0
2001,121887,4,1,0,0,16,0,0,0,0,0,0,0
2001,121887,5,1,17,17,17,17,17,17,17,17,17,17
2001,121888,1,1,18,0,16,0,0,31,0,0,0,0
2001,121889,1,1,22,22,22,22,22,22,22,22,22,22
2001,121890,1,1,19,19,19,19,19,19,19,19,19,19
2001,121891,1,1,0,0,0,0,0,0,0,0,0,0
2001,121891,2,1,0,0,0,0,5,0,0,0,0,0
2001,121891,3,1,0,0,0,0,0,0,0,0,0,0
2001,121892,1,1,21,21,21,21,21,21,21,21,21,21
2001,121893,1,1,9,9,9,9,9,9,9,9,9,9
2001,121894,0,1,41,41,41,41,41,41,41,41,41,41
2001,121894,1,1,12,12,12,12,12,12,12,12,12,12
2001,121895,1,1,45,45,45,45,45,45,45,45,45,45