YEAR,st_case,veh_no,per_no,P1,P2,P3,P4,P5,P6,P7,P8,P9,P10
2001,121896,1,1,0,0,0,0,0,0,0,0,0,0
2001,121896,2,1,11,11,11,11,11,11,11,11,11,11
2001,121896,3,1,9,0,0,0,0,0,0,15,0,0
2001,121897,0,1,19,0,0,0,0,6,18,0,0,5
2001,121897,1,1,0,14,4,7,6,0,0,17,0,9
2001,121898,1,1,0,0,0,0,0,0,15,0,0,0
2001,121899,0,1,0,0,0,0,0,0,0,36,16,10
2001,121899,1,1,0,0,9,0,0,0,0,0,0,0
2001,121900,1,1,0,0,0,0,0,0,0,0,0,0
2001,121900,2,1,0,0,0,0,0,0,0,0,0,0
2001,121901,0,1,18,18,18,18,18,18,18,18,18,18
2001,121901,1,1,0,0,0,0,11,0,0,0,0,0
2001,121902,1,1,0,0,0,0,0,0,12,0,0,0
2001,121902,2,1,0,0,0,0,0,0,0,0,0,0
2001,121903,1,1,6,6,6,6,6,6,6,6,6,6
2001,121904,1,1,18,0,0,0,0,0,0,2,0,0
2001,121904,2,1,0,0,0,0,0,0,0,0,0,0
2001,121905,1,1,8,8,8,8,8,8,8,8,8,8
2001,121906,0,1,34,34,34,34,34,34,34,34,34,34
2001,121906,1,1,0,0,0,0,0,8,0,0,0,0
2001,121906,2,1,0,0,0,13,0,0,0,0,0,0
2001,121907,0,1,0,0,0,0,0,0,0,0,0,0
2001,121907,1,1,0,0,0,0,0,0,0,0,0,0
2001,121908,1,1,0,0,0,0,0,0,18,0,0,0
2001,121908,2,1,0,0,0,0,0,0,0,0,0,0
2001,121908,3,1,0,0,0,0,0,0,0,0,0,0
2001,121908,4,1,0,0,0,0,0,0,0,0,0,0
2001,121908,5,1,0,0,0,0,0,0,0,0,0,0
2001,121908,6,1,0,6,0,0,0,0,0,5,0,0
2001,121909,0,1,0,0,0,11,0,0,0,0,0,0
2001,121909,1,1,0,7,0,0,0,0,0,0,0,0
2001,121910,1,1,0,0,0,0,0,0,0,0,0,0
2001,121911,1,1,0,0,0,0,0,0,0,0,0,0
2001,121911,2,1,0,0,0,0,0,0,0,0,0,0
2001,121912,0,1,12,12,12,12,12,12,12,12,12,12
2001,121912,1,1,0,0,0,0,0,0,0,0,0,0
2001,121913,1,1,19,19,19,19,19,19,19,19,19,19
2001,121913,2,1,0,0,0,0,6,0,0,0,0,26
2001,121914,1,1,0,0,0,0,0,0,0,0,0,0
2001,121914,2,1,0,0,0,0,0,0,0,0,0,0
2001,121914,3,1,0,0,0,0,0,0,0,0,0,0
2001,121914,4,1,0,0,0,0,0,0,0,0,0,0
2001,121915,0,1,26,26,26,26,26,26,26,26,26,26
2001,121915,1,1,0,0,0,0,0,0,0,0,0,0
2001,121916,1,1,0,0,0,0,5,11,0,0,0,0
2001,121916,2,1,0,0,0,0,0,0,0,0,0,0
2001,121917,0,1,0,0,0,0,0,0,0,0,0,0
2001,121917,1,1,0,0,0,0,0,0,0,0,0,0
2001,121918,1,1,0,0,0,0,0,0,0,0,0,0
2001,121919,1,1,0,0,0,0,0,0,0,0,0,0
2001,121919,2,1,0,0,0,0,0,0,0,0,0,0
2001,121920,1,1,0,0,0,0,0,0,0,0,0,0
2001,121920,2,1,0,0,0,0,0,0,0,0,0,0
2001,121921,1,1,23,23,23,23,23,23,23,23,23,23
2001,121922,1,1,0,0,0,0,0,0,0,0,0,0
2001,121922,2,1,0,0,0,0,0,0,0,0,0,0
2001,121923,1,1,17,17,17,17,17,17,17,17,17,17
2001,121924,1,1,0,0,0,0,0,0,0,0,0,0
2001,121924,2,1,0,0,0,0,0,0,0,0,0,0
2001,121925,0,1,0,0,0,0,0,0,0,0,0,0
2001,121925,1,1,0,0,0,0,0,10,0,0,0,0
2001,121926,0,1,0,0,0,0,0,0,0,0,0,0
2001,121926,1,1,0,0,0,0,0,0,0,0,0,0
2001,121927,0,1,0,0,0,0,0,0,0,0,0,0
2001,121927,1,1,0,0,0,0,0,0,0,0,0,0
2001,121928,1,1,0,0,0,0,0,0,0,0,0,0
2001,121929,1,1,0,0,0,0,0,0,0,0,0,0
2001,121929,2,1,0,0,0,0,0,0,0,0,0,0
2001,121930,1,1,0,16,0,0,0,0,0,0,0,0
2001,121930,2,1,2,11,0,17,0,12,0,13,14,7
2001,121931,1,1,0,0,0,0,0,0,0,0,20,0
2001,121932,0,1,40,40,40,40,40,40,40,40,40,40
2001,121932,1,1,0,0,0,0,0,0,0,0,0,0
2001,121933,1,1,0,0,0,0,0,0,0,0,0,0
2001,121933,2,1,1,1,1,1,1,1,1,1,1,1
2001,121933,3,1,0,0,0,0,0,0,0,0,0,0
2001,121933,4,1,0,0,0,0,0,0,0,0,0,0
2001,121933,5,1,0,0,0,0,0,0,0,0,0,0
2001,121933,6,1,0,0,0,0,0,0,0,0,0,0
2001,121934,0,1,0,0,0,0,0,0,0,0,0,0
2001,121934,1,1,0,0,0,0,0,0,0,0,0,0
2001,121935,0,1,20,20,20,20,20,20,20,20,20,20
2001,121935,1,1,0,0,0,0,0,0,0,0,18,0
2001,121936,0,1,0,0,0,0,16,0,0,0,0,0
2001,121936,1,1,0,0,14,15,0,12,9,0,8,6
2001,121937,0,1,0,0,0,0,0,0,0,0,0,0
2001,121937,1,1,0,0,0,0,0,0,0,0,0,0
2001,121938,1,1,0,0,0,0,0,0,0,0,0,0
2001,121938,2,1,0,0,0,0,0,0,0,0,0,0
2001,121938,3,1,0,0,0,0,0,0,0,0,0,0
2001,121939,0,1,0,0,0,0,21,20,0,16,25,5
2001,121939,1,1,0,0,0,0,0,0,0,0,0,7
2001,121940,0,1,0,0,0,0,0,0,0,0,0,0
2001,121940,1,1,0,0,0,0,0,0,0,0,0,0
2001,121941,1,1,18,18,18,18,18,18,18,18,18,18
2001,121941,2,1,0,0,0,0,0,0,0,0,0,0
2001,121942,0,1,31,31,31,31,31,31,31,31,31,31
2001,121942,1,1,0,0,0,6,0,0,0,0,0,0
2001,121942,2,1,9,0,0,0,0,0,0,0,0,0
2001,121943,1,1,22,22,22,22,22,22,22,22,22,22
2001,121943,2,1,0,0,0,0,0,0,0,0,0,0
2001,121944,0,1,0,0,0,0,0,0,0,0,0,0
2001,121944,1,1,0,0,0,0,0,0,0,0,0,0
2001,121945,1,1,0,0,0,0,0,0,0,0,0,0
2001,121945,2,1,0,0,0,0,0,0,0,0,0,0
2001,121946,1,1,9,9,9,9,9,9,9,9,9,9
2001,121947,1,1,0,0,0,0,0,0,0,0,0,0
2001,121947,2,1,0,0,0,0,10,3,0,0,6,0
2001,121948,1,1,0,0,0,0,0,0,0,0,0,0
2001,121948,2,1,0,3,0,0,0,0,0,0,0,0
2001,121949,1,1,18,18,18,18,18,18,18,18,18,18
2001,121950,0,1,6,6,6,6,6,6,6,6,6,6
2001,121950,1,1,0,0,0,0,0,0,0,0,0,0
2001,121951,1,1,29,29,29,29,29,29,29,29,29,29
2001,121952,1,1,11,11,11,11,11,11,11,11,11,11
2001,121953,1,1,22,22,22,22,22,22,22,22,22,22
2001,121954,0,1,0,0,0,0,0,0,0,0,0,0
2001,121954,1,1,0,0,0,0,0,0,0,0,0,0
2001,121955,1,1,23,23,23,23,23,23,23,23,23,23
2001,121956,0,1,0,0,0,0,0,0,0,0,0,22
2001,121956,1,1,29,0,0,0,0,0,18,0,0,0
2001,121957,1,1,16,0,8,0,0,18,0,0,0,15
2001,121957,2,1,13,13,13,13,13,13,13,13,13,13
2001,121957,3,1,0,0,12,7,0,0,12,29,0,0
2001,121958,1,1,0,0,0,0,0,0,0,0,0,0
2001,121958,2,1,0,0,0,0,0,0,0,0,0,0
2001,121959,0,1,22,22,17,0,0,0,29,17,11,19
2001,121959,0,2,0,0,10,23,17,13,32,0,0,20
2001,121959,0,3,0,0,0,0,0,0,0,0,0,0
2001,121959,0,4,28,0,21,9,0,20,29,13,16,0
2001,121959,0,5,0,0,0,0,30,0,10,33,0,6
2001,121959,2,1,10,10,10,10,10,10,10,10,10,10
2001,121959,3,1,0,0,22,0,0,0,0,0,0,0
2001,121960,1,1,0,0,0,0,0,0,0,0,0,0
2001,121960,2,1,0,0,0,0,0,0,0,0,0,0
2001,121960,3,1,0,0,0,0,0,0,0,0,0,0
2001,121961,1,1,0,0,0,0,0,0,0,0,0,0
2001,121961,2,1,0,0,0,0,0,0,29,0,0,0
2001,121961,3,1,0,0,0,0,0,0,0,0,0,0
2001,121962,1,1,0,0,0,0,0,0,0,0,0,0
2001,121962,2,1,0,0,0,0,0,0,0,0,0,0
2001,121963,1,1,0,0,0,0,0,0,0,0,0,0
2001,121963,2,1,0,0,0,0,0,0,0,0,0,0
2001,121964,1,1,14,14,14,14,14,14,14,14,14,14
2001,121964,2,1,0,0,0,0,0,0,0,0,0,0
2001,121965,0,1,0,0,0,0,25,0,0,0,0,0
2001,121965,0,2,0,0,36,0,0,0,28,11,0,14
2001,121965,1,1,0,0,5,0,0,0,0,25,0,0
2001,121965,2,1,0,0,0,0,0,0,0,0,0,0
2001,121965,3,1,0,0,0,0,0,0,0,0,0,0
2001,121966,1,1,0,0,0,0,0,0,0,0,0,0
2001,121967,0,1,0,0,0,0,0,0,0,0,0,24
2001,121967,1,1,0,0,0,0,0,0,0,0,0,0
2001,121968,1,1,0,0,22,0,14,10,17,0,11,14
2001,121969,1,1,0,0,0,0,0,0,0,0,0,0
2001,121970,0,1,19,17,0,18,31,0,0,0,0,0
2001,121970,1,1,0,0,0,0,0,17,0,0,0,0
2001,121971,1,1,0,0,0,0,0,0,0,0,0,0
2001,121971,2,1,0,0,0,0,0,0,0,0,0,0
2001,121971,3,1,0,0,0,0,0,0,0,0,0,0
2001,121972,0,1,0,0,0,0,0,0,0,3,0,0
2001,121972,1,1,0,0,0,0,6,0,14,0,0,0
2001,121973,1,1,17,17,17,17,17,17,17,17,17,17
2001,121974,0,1,15,15,15,15,15,15,15,15,15,15
2001,121974,1,1,0,0,0,0,0,0,15,0,0,0
2001,121975,1,1,0,0,0,0,0,0,0,0,0,0
2001,121975,2,1,0,0,0,0,0,0,0,0,0,0
2001,121976,1,1,9,12,0,13,29,0,0,11,13,0
2001,121976,2,1,0,0,0,0,0,0,0,0,0,0
2001,121977,1,1,16,16,16,16,16,16,16,16,16,16
2001,121977,2,1,0,0,0,0,0,0,0,0,0,0
2001,121978,1,1,0,0,0,0,0,0,0,0,0,0
2001,121978,2,1,4,0,0,0,0,0,0,0,0,0
2001,121979,0,1,0,0,6,0,0,27,0,0,0,33
2001,121979,1,1,3,8,0,13,17,21,0,18,17,4
2001,121980,1,1,1,1,1,1,1,1,1,1,1,1
2001,121981,1,1,0,0,0,0,0,0,0,0,0,0
2001,121982,1,1,16,22,4,21,27,14,18,17,14,18
2001,121983,1,1,0,0,0,0,0,0,0,0,0,0
2001,121983,2,1,0,0,0,0,0,0,0,0,0,0
2001,121984,1,1,18,18,18,18,18,18,18,18,18,18
2001,121985,1,1,17,17,17,17,17,17,17,17,17,17
2001,121986,0,1,18,0,38,28,0,30,0,25,12,3
2001,121986,1,1,0,0,14,0,0,0,0,0,0,0
2001,121987,1,1,0,6,0,0,0,0,0,0,0,0
2001,121987,2,1,0,0,0,9,20,0,0,5,0,0
2001,121988,1,1,30,30,30,30,30,30,30,30,30,30
2001,121988,2,1,0,0,0,15,0,0,0,0,0,0
2001,121989,0,1,23,23,23,23,23,23,23,23,23,23
2001,121989,1,1,0,0,0,0,0,0,0,0,0,0
2001,121990,0,1,0,0,0,0,0,0,0,0,0,0
2001,121990,1,1,0,0,0,0,0,4,8,0,16,17
2001,121990,2,1,0,0,0,0,0,0,0,0,0,0
2001,121991,1,1,0,0,0,0,0,0,0,0,0,0
2001,121992,1,1,24,24,24,24,24,24,24,24,24,24
2001,121993,1,1,0,0,0,0,0,0,0,0,0,0
2001,121993,2,1,0,0,0,0,0,0,0,0,0,0
2001,121994,1,1,17,17,17,17,17,17,17,17,17,17
2001,121995,1,1,0,0,0,0,0,0,0,0,0,0
2001,121995,2,1,0,0,0,0,0,0,0,0,0,0
2001,121996,1,1,10,10,10,10,10,10,10,10,10,10
2001,121997,1,1,9,9,9,9,9,9,9,9,9,9
2001,121998,0,1,0,0,0,0,0,0,0,0,0,0
2001,121998,1,1,0,0,0,0,0,0,0,0,0,0
2001,121999,1,1,3,3,3,3,3,3,3,3,3,3
2001,122000,1,1,0,0,0,0,0,0,0,0,0,0
2001,122000,2,1,0,0,0,0,0,0,0,0,0,0
2001,122001,1,1,0,0,0,0,0,0,0,0,0,0
2001,122002,1,1,0,0,0,0,0,0,0,0,0,0
2001,122003,1,1,0,0,0,0,0,0,0,0,0,0
2001,122004,1,1,1,1,1,1,1,1,1,1,1,1
2001,122004,2,1,0,11,0,0,0,0,0,0,0,0
2001,122004,3,1,0,0,0,0,0,0,0,0,0,0
2001,122005,0,1,13,0,21,29,0,32,0,34,18,0
2001,122005,1,1,24,0,0,0,0,14,0,0,0,0
2001,122006,1,1,0,0,0,0,0,0,0,0,0,0
2001,122006,2,1,0,0,0,0,0,0,0,0,0,0
2001,122007,1,1,13,13,13,13,13,13,13,13,13,13
2001,122007,2,1,0,0,0,0,0,0,0,0,13,0
2001,122008,1,1,8,0,0,0,0,0,0,0,0,0
2001,122008,2,1,0,0,0,0,0,0,0,0,0,0
2001,122009,1,1,0,0,0,0,0,0,0,0,0,0
2001,122009,2,1,0,0,0,0,0,0,0,0,0,0
2001,122010,1,1,0,0,0,0,0,0,0,0,0,0
2001,122010,2,1,0,0,0,0,0,0,0,0,0,0
2001,122011,1,1,0,0,0,0,0,0,0,0,0,0
2001,122011,2,1,0,0,0,0,0,0,0,0,0,0
2001,122012,1,1,0,0,0,15,0,24,19,0,19,0
2001,122012,2,1,0,22,0,0,11,0,0,0,0,0
2001,122013,1,1,0,0,0,0,0,0,0,0,0,0
2001,122013,2,1,0,0,0,0,0,0,0,0,0,0
2001,122014,1,1,0,0,0,0,20,0,11,0,0,0
2001,122015,0,1,27,27,27,27,27,27,27,27,27,27
2001,122015,1,1,0,0,0,0,0,0,0,0,0,0
2001,122016,1,1,0,0,0,0,0,0,0,0,0,0
2001,122016,2,1,0,0,0,0,0,20,34,0,0,26
2001,122017,0,1,0,0,0,0,0,0,0,0,0,0
2001,122017,1,1,0,0,0,0,0,0,0,12,0,0
2001,122018,1,1,22,22,22,22,22,22,22,22,22,22
2001,122019,1,1,0,0,0,0,0,0,0,0,0,0
2001,122019,2,1,0,0,0,0,15,0,0,0,0,0
2001,122020,1,1,26,26,26,26,26,26,26,26,26,26
2001,122021,1,1,0,0,0,0,0,0,0,0,0,0
2001,122021,2,1,0,0,0,0,0,0,0,0,0,0
2001,122022,0,1,31,31,31,31,31,31,31,31,31,31
2001,122022,1,1,8,8,8,8,8,8,8,8,8,8
2001,122023,0,1,0,0,0,0,0,0,0,0,0,0
2001,122023,1,1,0,0,0,0,0,0,0,0,0,0
2001,122024,0,1,24,24,24,24,24,24,24,24,24,24
2001,122024,1,1,0,0,0,0,0,0,0,0,0,0
2001,122025,0,1,15,15,15,15,15,15,15,15,15,15
2001,122025,1,1,0,0,11,0,0,0,0,0,0,0
2001,122026,1,1,12,12,12,12,12,12,12,12,12,12
2001,122027,1,1,0,0,0,0,0,0,0,16,9,0
2001,122027,2,1,0,0,10,0,0,19,0,22,35,0
2001,122027,3,1,0,0,8,0,0,6,0,0,0,0
2001,122028,1,1,19,19,19,19,19,19,19,19,19,19
2001,122028,2,1,0,0,0,0,0,0,0,0,4,0
2001,122029,1,1,0,0,0,0,0,0,0,0,0,0
2001,122029,2,1,0,0,0,0,0,0,0,0,0,0
2001,122030,0,1,16,16,16,16,16,16,16,16,16,16
2001,122030,1,1,0,0,0,13,0,12,0,0,0,15
2001,122031,0,1,0,0,0,0,0,0,0,0,0,0
2001,122031,1,1,0,0,0,0,0,0,0,0,0,8
2001,122032,0,1,18,18,18,18,18,18,18,18,18,18
2001,122032,1,1,0,0,0,0,0,0,0,0,9,0
2001,122032,2,1,0,0,0,0,0,0,0,0,0,0
2001,122032,3,1,0,0,0,10,0,0,0,13,0,0
2001,122033,1,1,0,0,0,0,0,0,0,0,0,0
2001,122033,2,1,0,0,0,0,0,0,0,0,15,0
2001,122033,3,1,0,0,0,0,0,0,0,0,0,0
2001,122034,0,1,19,19,19,19,19,19,19,19,19,19
2001,122034,1,1,20,20,20,20,20,20,20,20,20,20
2001,122035,1,1,21,21,21,21,21,21,21,21,21,21
2001,122035,2,1,0,0,0,0,0,0,0,0,0,0
2001,122036,1,1,1,1,1,1,1,1,1,1,1,1
2001,122036,2,1,0,0,0,0,0,0,0,0,0,0
2001,122037,1,1,0,0,0,15,0,0,0,0,0,0
2001,122037,2,1,0,18,0,0,0,0,11,5,0,0
2001,122038,1,1,0,0,0,17,0,0,0,0,0,0
2001,122039,1,1,0,0,0,0,0,0,0,0,0,0
2001,122040,0,1,15,15,15,15,15,15,15,15,15,15
2001,122040,1,1,0,0,0,0,0,0,0,0,0,0
2001,122041,0,1,13,0,11,16,0,22,0,0,0,0
2001,122041,0,2,20,0,14,15,16,0,0,0,0,7
2001,122041,0,3,0,0,0,0,31,0,0,0,0,24
2001,122041,0,4,22,0,10,17,0,11,0,17,11,0
2001,122041,1,1,0,0,0,0,0,0,5,0,0,0
2001,122041,2,1,0,0,0,0,0,0,12,0,0,0
2001,122041,3,1,0,0,0,0,0,0,0,0,0,0
2001,122042,1,1,15,15,15,15,15,15,15,15,15,15
2001,122042,2,1,0,0,0,0,0,0,0,0,0,0
2001,122043,1,1,17,17,21,0,3,19,0,28,23,26
2001,122044,0,1,25,25,25,25,25,25,25,25,25,25
2001,122044,1,1,0,0,0,0,0,0,0,0,0,8
2001,122045,1,1,0,0,0,0,0,0,0,0,0,0
2001,122046,1,1,0,0,0,0,0,0,0,0,0,0
2001,122046,2,1,0,0,0,0,0,0,0,0,0,0
2001,122046,3,1,0,0,0,0,0,0,0,0,0,0
2001,122047,0,1,0,0,0,0,0,0,0,10,0,0
2001,122047,1,1,0,0,0,0,0,0,0,0,0,0
2001,122048,0,1,12,12,12,12,12,12,12,12,12,12
2001,122048,1,1,0,0,14,0,0,0,0,0,0,0
2001,122049,1,1,0,0,0,0,0,0,0,0,0,0
2001,122049,2,1,0,0,0,0,0,0,0,0,0,0
2001,122050,0,1,0,0,0,0,0,0,0,0,0,0
2001,122050,1,1,0,0,0,0,0,0,0,0,0,0
2001,122051,1,1,24,24,24,24,24,24,24,24,24,24
2001,122052,0,1,0,0,0,0,0,0,0,0,0,0
2001,122052,1,1,9,9,9,9,9,9,9,9,9,9
2001,122053,0,1,20,0,0,0,0,13,0,0,18,0
2001,122053,1,1,0,0,0,0,0,0,0,0,0,0
2001,122054,1,1,20,20,20,20,20,20,20,20,20,20
2001,122055,0,1,7,7,7,7,7,7,7,7,7,7
2001,122055,1,1,0,0,0,0,0,0,0,0,0,0
2001,122056,0,1,0,0,0,0,0,0,0,0,0,0
2001,122056,1,1,0,0,0,0,0,0,0,0,0,0
2001,122057,1,1,0,0,0,0,0,0,0,0,0,0
2001,122058,1,1,0,0,0,14,0,0,0,0,0,0
2001,122058,2,1,0,0,0,0,0,0,0,0,0,0
2001,122059,1,1,6,6,6,6,6,6,6,6,6,6
2001,122059,2,1,0,0,0,0,0,0,0,0,0,0
2001,122060,0,1,11,11,11,11,11,11,11,11,11,11
2001,122060,1,1,0,0,0,0,0,0,0,0,0,0
2001,122061,1,1,0,0,0,0,0,0,0,0,0,15
2001,122062,1,1,0,18,0,4,0,0,0,0,16,0
2001,122063,1,1,0,0,0,0,0,0,0,0,0,0
2001,122064,0,1,0,15,0,12,17,0,0,14,0,0
2001,122064,1,1,0,0,0,16,0,16,0,0,0,0
2001,122065,1,1,0,0,0,0,0,0,0,0,0,0
2001,122065,2,1,0,0,0,0,0,0,0,0,0,0
2001,122065,3,1,0,0,0,0,0,0,0,0,0,0
2001,122065,4,1,0,23,0,0,0,0,0,0,0,0
2001,122065,5,1,12,0,0,0,0,0,0,0,0,0
2001,122066,0,1,0,0,0,0,0,0,0,0,0,0
2001,122066,1,1,6,13,0,40,5,0,0,0,0,0
2001,122067,0,1,0,0,0,0,0,0,0,0,0,0
2001,122067,1,1,0,0,0,0,0,0,0,0,0,0
2001,122068,1,1,0,0,0,0,0,0,0,0,0,0
2001,122069,1,1,0,0,0,0,0,0,0,0,0,0
2001,122069,2,1,0,0,0,13,0,0,0,0,0,0
2001,122069,3,1,0,0,0,0,0,0,0,0,0,0
2001,122070,1,1,0,0,0,0,0,0,0,0,0,0
2001,122070,2,1,0,0,0,0,0,0,0,0,0,0
2001,122070,3,1,0,0,0,0,0,0,0,0,0,0
2001,122071,0,1,0,0,0,0,0,0,0,0,0,0
2001,122071,1,1,0,0,0,0,0,0,0,0,0,0
2001,122072,1,1,0,0,0,0,0,0,0,0,0,0
2001,122072,2,1,0,0,0,0,0,0,12,0,0,0
2001,122073,0,1,28,15,0,0,0,11,13,8,26,0
2001,122073,1,1,0,0,0,0,0,0,0,10,0,0
2001,122074,1,1,0,0,0,0,0,0,0,0,0,0
2001,122074,2,1,0,0,0,0,0,0,0,0,0,0
2001,122074,3,1,0,0,0,0,0,0,0,0,0,0
2001,122074,4,1,0,0,0,0,0,0,0,0,0,0
2001,122075,1,1,0,0,0,0,0,13,0,0,0,0
2001,122075,2,1,0,0,0,0,0,14,7,0,0,0
2001,122076,1,1,0,0,0,0,0,0,0,0,0,0
2001,122076,2,1,0,0,0,0,0,0,0,0,0,0
2001,122076,3,1,0,0,0,0,0,0,0,0,0,0
2001,122077,1,1,0,13,0,0,0,0,0,0,0,0
2001,122077,2,1,0,5,0,14,0,12,0,0,12,0
2001,122078,1,1,0,0,0,0,0,0,0,0,0,0
2001,122078,2,1,0,0,0,0,0,0,0,0,0,0
2001,122079,1,1,0,0,23,0,0,0,16,0,0,0
2001,122079,2,1,0,0,0,0,0,0,0,0,0,0
2001,122080,1,1,0,0,0,0,0,0,0,0,0,0
2001,122081,1,1,16,16,16,16,16,16,16,16,16,16
2001,122082,1,1,19,19,19,19,19,19,19,19,19,19
2001,122083,1,1,29,29,29,29,29,29,29,29,29,29
2001,122084,0,1,0,0,0,0,0,0,0,0,0,0
2001,122084,1,1,0,0,0,0,0,0,0,0,0,0
2001,122085,1,1,0,0,0,0,0,0,0,0,0,0
2001,122086,1,1,11,11,11,11,11,11,11,11,11,11
2001,122086,2,1,0,0,0,0,0,0,0,0,0,0
2001,122086,3,1,0,0,0,0,0,11,12,0,0,0
2001,122087,1,1,0,0,0,0,0,0,0,0,0,0
2001,122087,2,1,0,0,0,0,0,0,0,0,0,0
2001,122088,1,1,0,0,0,0,0,0,0,0,0,0
2001,122089,1,1,10,10,10,10,10,10,10,10,10,10
2001,122089,2,1,0,0,0,0,0,0,0,0,0,0
2001,122089,3,1,0,0,0,0,0,0,0,0,0,0
2001,122090,1,1,21,21,21,21,21,21,21,21,21,21
2001,122091,1,1,0,0,0,0,0,0,0,0,0,0
2001,122091,2,1,0,0,0,0,0,0,0,0,0,0
2001,122092,1,1,0,0,0,0,0,0,0,0,0,0
2001,122093,1,1,3,3,3,3,3,3,3,3,3,3
2001,122094,1,1,0,0,0,0,0,0,0,0,0,0
2001,122094,2,1,0,0,0,0,0,0,0,0,0,0
2001,122094,3,1,0,0,0,0,0,0,0,0,0,0
2001,122095,1,1,18,25,0,0,0,11,12,6,9,16
2001,122096,1,1,0,0,0,0,0,0,0,0,24,0
2001,122096,2,1,0,0,0,0,5,0,0,0,0,0
2001,122096,3,1,0,0,0,0,0,0,0,0,0,0
2001,122097,0,1,13,13,13,13,13,13,13,13,13,13
2001,122097,1,1,1,1,1,1,1,1,1,1,1,1
2001,122098,0,1,0,0,0,0,0,0,0,0,18,0
2001,122098,1,1,0,0,0,0,0,0,0,0,0,0
2001,122099,1,1,0,0,0,0,0,0,0,0,0,0
2001,122099,2,1,0,0,0,0,0,0,0,0,0,0
2001,122100,1,1,0,0,0,0,0,0,0,0,0,0
2001,122101,0,1,7,7,7,7,7,7,7,7,7,7
2001,122101,1,1,0,0,0,0,0,0,0,0,0,0
2001,122102,1,1,3,3,3,3,3,3,3,3,3,3
2001,122103,1,1,0,0,0,0,0,0,0,0,0,0
2001,122104,0,1,45,45,45,45,45,45,45,45,45,45
2001,122104,1,1,0,0,0,0,0,0,0,0,0,0
2001,122105,0,1,0,0,0,0,0,0,0,0,0,0
2001,122105,1,1,0,0,0,0,0,0,0,0,0,0
2001,122106,0,1,0,0,9,18,0,23,6,0,0,0
2001,122106,1,1,0,0,0,0,0,0,0,0,0,0
2001,122107,1,1,0,2,0,8,0,7,21,0,0,22
2001,122107,2,1,0,0,0,0,0,0,0,0,0,0
2001,122108,1,1,6,6,6,6,6,6,6,6,6,6
2001,122109,0,1,0,0,0,0,0,0,0,0,0,0
2001,122109,1,1,0,0,0,0,0,0,0,12,34,4
2001,122109,2,1,0,0,0,0,0,0,0,0,0,0
2001,122109,3,1,0,0,0,0,0,0,0,0,0,0
2001,122110,0,1,0,0,0,0,0,10,0,0,18,0
2001,122110,1,1,0,0,0,0,0,0,0,0,0,0
2001,122111,1,1,0,0,0,0,0,0,0,0,0,0
2001,122111,2,1,0,0,0,0,0,0,0,0,0,0
2001,122112,1,1,0,0,0,23,0,6,17,0,0,0
2001,122113,0,1,0,0,0,0,0,0,0,0,0,0
2001,122113,1,1,0,0,0,16,0,0,0,0,0,0
2001,122114,1,1,27,27,27,27,27,27,27,27,27,27
2001,122114,2,1,0,0,0,0,0,0,0,0,0,0
2001,122115,0,1,30,30,30,30,30,30,30,30,30,30
2001,122115,1,1,0,0,0,0,0,0,0,0,0,0
2001,122116,0,1,0,0,0,0,0,0,0,0,0,0
2001,122116,1,1,0,0,0,0,0,0,0,0,0,0
2001,122117,1,1,3,3,3,3,3,3,3,3,3,3
2001,122117,2,1,0,0,0,0,0,0,0,0,0,0
2001,122118,1,1,8,8,8,8,8,8,8,8,8,8
2001,122119,1,1,0,0,0,0,0,18,0,0,0,0
2001,122119,2,1,0,0,0,0,0,0,0,0,0,0
2001,122120,0,1,23,10,19,23,34,19,21,13,22,41
2001,122120,1,1,5,0,0,0,0,5,0,0,0,0
2001,122121,1,1,19,19,19,19,19,19,19,19,19,19
2001,122121,2,1,0,0,0,0,0,0,0,0,0,0
2001,122122,1,1,0,17,9,13,6,14,0,0,0,17
2001,122123,1,1,0,0,0,0,0,0,0,0,0,0
2001,122123,2,1,0,0,0,0,0,0,0,0,0,0
2001,122124,1,1,0,0,0,0,0,0,0,0,10,0
2001,122124,2,1,0,0,0,0,0,0,0,0,0,0
2001,122125,1,1,0,0,21,0,0,0,0,0,0,0
2001,122125,2,1,31,31,31,31,31,31,31,31,31,31
2001,122125,3,1,0,0,0,0,0,0,0,0,0,0
2001,122126,1,1,0,0,0,0,0,0,0,17,0,0
2001,122126,2,1,0,0,0,0,0,0,0,0,0,0
2001,122126,3,1,0,0,0,0,0,0,0,0,0,0
2001,122126,4,1,0,0,0,0,0,0,0,17,0,28
2001,122126,5,1,0,0,0,0,0,0,0,0,0,0
2001,122127,1,1,0,0,12,0,9,0,0,0,0,0
2001,122127,2,1,0,0,0,0,0,0,0,0,0,0
2001,122128,1,1,0,0,0,0,0,0,0,0,0,0
2001,122129,1,1,0,0,0,0,0,0,0,0,0,0
2001,122130,1,1,5,5,5,5,5,5,5,5,5,5
2001,122130,2,1,0,0,0,0,0,0,0,0,0,0
2001,122131,0,1,0,0,0,0,0,0,0,0,0,0
2001,122131,1,1,0,9,0,0,0,0,0,0,0,0
2001,122132,1,1,0,0,0,0,0,0,0,0,0,0