YEAR,st_case,veh_no,per_no,P1,P2,P3,P4,P5,P6,P7,P8,P9,P10
2001,122132,2,1,0,0,5,0,0,0,0,0,0,0
2001,122133,1,1,0,0,0,0,0,0,0,0,0,0
2001,122133,2,1,0,0,0,0,0,0,0,0,0,0
2001,122134,1,1,0,0,0,0,0,0,0,0,0,0
2001,122134,2,1,12,0,0,0,0,0,0,0,0,0
2001,122135,1,1,0,0,0,0,0,0,0,0,0,0
2001,122135,2,1,0,0,0,0,0,0,0,0,0,0
2001,122136,1,1,0,0,0,8,0,0,0,0,0,0
2001,122136,2,1,0,0,0,0,0,0,0,0,0,0
2001,122137,0,1,18,18,18,18,18,18,18,18,18,18
2001,122137,1,1,9,9,9,9,9,9,9,9,9,9
2001,122138,0,1,0,0,0,0,0,0,0,0,0,0
2001,122138,1,1,0,0,0,0,0,0,0,0,0,0
2001,122139,1,1,15,0,0,0,0,0,0,0,0,0
2001,122139,2,1,0,0,0,0,0,0,0,0,0,0
2001,122140,1,1,22,22,22,22,22,22,22,22,22,22
2001,122140,2,1,0,0,0,0,0,0,20,0,0,0
2001,122140,3,1,0,0,0,0,0,0,0,0,0,0
2001,122141,1,1,17,11,4,29,9,26,9,22,23,28
2001,122142,1,1,0,0,0,0,0,0,0,0,0,0
2001,122142,2,1,0,0,0,0,0,0,0,0,0,0
2001,122143,1,1,13,13,13,13,13,13,13,13,13,13
2001,122144,1,1,0,0,0,0,0,0,0,0,0,0
2001,122144,2,1,0,0,0,0,0,0,0,0,20,0
2001,122145,1,1,0,0,0,0,0,0,0,0,0,0
2001,122145,2,1,0,0,0,0,0,0,0,0,0,0
2001,122146,1,1,15,12,0,0,0,13,28,16,0,0
2001,122147,0,1,1,1,1,1,1,1,1,1,1,1
2001,122147,1,1,6,0,0,12,8,11,0,0,18,0
2001,122148,1,1,0,0,0,0,0,0,0,0,0,0
2001,122148,2,1,0,0,0,0,0,0,0,0,0,0
2001,122148,3,1,0,0,0,0,0,0,0,0,0,0
2001,122149,1,1,33,33,33,33,33,33,33,33,33,33
2001,122150,1,1,12,12,12,12,12,12,12,12,12,12
2001,122151,1,1,0,0,0,0,0,0,0,0,0,0
2001,122152,0,1,38,38,38,38,38,38,38,38,38,38
2001,122152,1,1,15,15,15,15,15,15,15,15,15,15
2001,122153,0,1,25,25,25,25,25,25,25,25,25,25
2001,122153,1,1,14,14,14,14,14,14,14,14,14,14
2001,122154,1,1,0,0,0,0,0,0,0,0,0,0
2001,122154,2,1,0,0,0,0,0,0,0,0,0,0
2001,122155,1,1,0,0,0,0,0,0,0,0,0,0
2001,122155,2,1,0,0,0,0,0,0,0,0,0,0
2001,122156,1,1,0,0,0,0,0,0,0,0,0,0
2001,122156,2,1,0,0,0,0,0,0,0,0,0,0
2001,122157,1,1,0,0,0,0,0,0,0,0,0,0
2001,122157,2,1,0,0,0,0,0,0,0,0,0,0
2001,122158,0,1,32,13,10,6,22,16,0,14,12,22
2001,122158,1,1,0,8,0,0,13,0,0,0,0,0
2001,122159,1,1,18,18,18,18,18,18,18,18,18,18
2001,122160,1,1,0,0,0,0,0,0,0,0,0,0
2001,122161,1,1,0,0,0,0,0,0,0,0,0,0
2001,122161,2,1,0,0,0,0,0,0,0,0,0,0
2001,122162,1,1,7,14,11,11,31,0,24,22,27,23
2001,122163,1,1,0,0,0,0,0,0,0,0,0,0
2001,122163,2,1,11,11,11,11,11,11,11,11,11,11
2001,122164,1,1,16,16,16,16,16,16,16,16,16,16
2001,122165,0,1,0,0,0,0,0,0,0,0,0,0
2001,122165,1,1,0,0,0,8,0,0,0,0,12,0
2001,122166,0,1,23,23,23,23,23,23,23,23,23,23
2001,122166,1,1,0,0,0,0,0,0,0,0,11,0
2001,122167,0,1,18,18,18,18,18,18,18,18,18,18
2001,122167,1,1,0,0,0,0,0,0,0,0,0,0
2001,122168,1,1,21,21,21,21,21,21,21,21,21,21
2001,122169,1,1,0,0,0,0,0,0,0,0,0,0
2001,122169,2,1,0,0,0,0,0,0,0,0,0,0
2001,122169,3,1,0,0,14,0,0,0,0,0,0,0
2001,122170,0,1,0,0,0,0,0,11,0,0,0,0
2001,122170,1,1,0,0,0,0,0,0,0,0,0,0
2001,122171,0,1,0,0,0,0,0,0,0,0,0,0
2001,122171,1,1,0,0,0,0,0,0,0,0,0,0
2001,122171,2,1,0,0,0,0,0,0,0,0,0,0
2001,122171,3,1,0,0,0,0,0,0,0,0,0,0
2001,122172,1,1,0,0,0,0,0,0,12,0,0,0
2001,122172,2,1,0,0,0,0,0,0,0,0,0,0
2001,122173,0,1,11,0,0,0,11,11,0,0,23,0
2001,122173,1,1,0,0,6,0,10,0,0,0,0,0
2001,122174,1,1,0,0,0,0,0,0,0,0,0,0
2001,122174,2,1,0,0,0,0,0,0,0,0,0,0
2001,122175,1,1,0,0,0,0,0,0,0,0,0,0
2001,122176,1,1,1,1,1,1,1,1,1,1,1,1
2001,122176,2,1,0,0,0,0,0,0,0,0,0,0
2001,122176,3,1,0,0,0,0,0,0,0,0,0,0
2001,122177,1,1,0,0,0,0,0,0,0,8,0,0
2001,122177,2,1,0,0,0,0,0,0,0,0,0,0
2001,122178,1,1,0,8,0,0,14,0,0,0,0,12
2001,122179,1,1,0,10,0,0,0,0,0,0,0,0
2001,122180,1,1,17,17,17,17,17,17,17,17,17,17
2001,122180,2,1,0,0,0,0,0,0,0,0,0,0
2001,122181,1,1,0,0,0,0,0,0,0,0,0,0
2001,122181,2,1,0,0,0,0,0,0,0,0,0,0
2001,122182,1,1,0,0,0,0,0,0,0,0,0,0
2001,122182,2,1,0,0,0,0,0,0,0,0,0,0
2001,122183,0,1,0,0,0,0,0,0,0,0,0,0
2001,122183,1,1,0,0,0,0,0,0,0,0,0,0
2001,122184,1,1,0,0,0,0,0,0,0,0,0,0
2001,122184,2,1,0,0,0,0,0,0,0,0,0,0
2001,122185,1,1,0,0,0,0,0,0,0,4,0,0
2001,122185,2,1,0,0,0,0,0,0,0,0,0,0
2001,122186,1,1,16,27,28,18,0,0,18,0,4,15
2001,122187,1,1,0,0,0,0,0,0,0,0,0,0
2001,122188,1,1,0,0,0,0,0,0,0,0,0,0
2001,122188,2,1,0,0,0,0,0,0,0,0,0,0
2001,122188,3,1,0,0,0,0,0,0,0,0,0,0
2001,122189,0,1,0,0,0,0,0,0,0,0,0,0
2001,122189,1,1,0,0,0,0,0,0,0,0,0,0
2001,122190,1,1,15,0,0,0,0,0,0,0,0,0
2001,122190,2,1,0,0,0,0,0,0,0,0,0,11
2001,122191,1,1,8,8,8,8,8,8,8,8,8,8
2001,122192,0,1,16,16,16,16,16,16,16,16,16,16
2001,122192,1,1,1,1,1,1,1,1,1,1,1,1
2001,122193,1,1,0,0,0,0,0,0,0,0,0,0
2001,122193,2,1,0,0,0,0,0,0,0,0,0,0
2001,122193,3,1,2,0,0,0,0,0,0,0,0,0
2001,122193,4,1,0,0,0,0,0,0,0,0,0,0
2001,122194,1,1,21,0,0,9,0,0,9,0,5,0
2001,122194,2,1,0,12,0,0,0,12,21,0,0,0
2001,122195,0,1,0,0,0,0,0,0,0,0,0,0
2001,122195,1,1,0,0,0,0,0,0,0,0,0,0
2001,122196,1,1,0,0,0,0,0,0,0,0,0,0
2001,122197,1,1,0,0,0,0,0,0,0,0,0,0
2001,122197,2,1,0,0,0,0,0,0,0,0,0,0
2001,122198,1,1,0,0,0,0,0,0,0,0,0,0
2001,122198,2,1,28,28,28,28,28,28,28,28,28,28
2001,122199,1,1,0,0,0,0,0,0,0,0,0,0
2001,122199,2,1,0,0,0,23,0,0,0,0,0,0
2001,122200,1,1,0,0,0,0,0,0,0,0,0,0
2001,122200,2,1,0,0,0,0,0,0,0,0,0,0
2001,122201,1,1,2,2,2,2,2,2,2,2,2,2
2001,122201,2,1,0,0,0,0,0,0,0,0,0,0
2001,122201,3,1,0,0,0,0,0,0,0,0,0,0
2001,122202,0,1,0,0,0,0,0,0,0,0,0,0
2001,122202,1,1,0,8,0,0,0,0,0,0,0,0
2001,122203,0,1,0,17,0,0,0,0,0,0,0,0
2001,122203,1,1,0,0,0,0,0,0,0,0,0,0
2001,122204,1,1,0,0,0,0,0,0,0,0,0,0
2001,122204,2,1,0,0,0,0,0,0,0,0,0,0
2001,122205,0,1,19,19,19,19,19,19,19,19,19,19
2001,122205,1,1,0,0,0,0,0,0,0,0,0,0
2001,122206,1,1,0,0,0,0,0,0,0,0,0,0
2001,122206,2,1,6,6,6,6,6,6,6,6,6,6
2001,122207,1,1,5,5,5,5,5,5,5,5,5,5
2001,122208,1,1,0,0,0,0,0,0,0,0,0,0
2001,122209,1,1,0,0,0,0,0,0,0,0,0,0
2001,122210,0,1,16,16,16,16,16,16,16,16,16,16
2001,122210,1,1,0,0,0,0,0,0,0,0,0,0
2001,122211,1,1,31,31,31,31,31,31,31,31,31,31
2001,122211,2,1,0,0,0,0,0,0,0,0,0,0
2001,122211,3,1,0,0,0,0,0,0,0,0,0,0
2001,122212,0,1,20,20,20,20,20,20,20,20,20,20
2001,122212,1,1,8,18,0,0,8,8,0,3,0,0
2001,122212,2,1,0,0,0,0,0,0,0,0,0,0
2001,122213,0,1,11,0,0,0,0,14,23,21,43,24
2001,122213,1,1,0,0,0,0,0,0,0,0,0,0
2001,122214,1,1,0,0,0,0,0,0,0,0,0,0
2001,122214,2,1,0,0,7,0,0,0,0,0,0,0
2001,122215,1,1,30,30,30,30,30,30,30,30,30,30
2001,122215,2,1,0,0,0,0,0,0,0,0,0,0
2001,122216,0,1,0,0,0,0,6,0,0,0,0,24
2001,122216,1,1,0,0,0,0,0,0,0,0,0,0
2001,122217,1,1,8,8,8,8,8,8,8,8,8,8
2001,122218,1,1,0,0,0,0,0,0,0,0,0,0
2001,122219,1,1,23,23,23,23,23,23,23,23,23,23
2001,122219,2,1,0,0,0,0,0,0,0,0,0,0
2001,122220,0,1,0,9,18,16,0,13,0,14,21,19
2001,122220,1,1,0,0,0,0,0,0,0,0,0,0
2001,122221,1,1,0,0,0,0,0,0,0,0,0,0
2001,122222,1,1,27,27,27,27,27,27,27,27,27,27
2001,122223,0,1,15,15,15,15,15,15,15,15,15,15
2001,122223,1,1,0,0,0,0,0,0,0,0,0,0
2001,122224,1,1,0,0,0,0,0,0,0,0,0,14
2001,122224,2,1,0,0,0,0,0,0,0,0,0,0
2001,122225,1,1,0,0,0,0,0,0,0,0,0,0
2001,122225,2,1,0,0,6,0,0,0,0,0,0,0
2001,122226,1,1,0,0,0,0,0,0,0,0,0,0
2001,122226,2,1,0,0,0,0,0,0,0,0,0,0
2001,122227,1,1,8,8,8,8,8,8,8,8,8,8
2001,122227,2,1,0,0,0,0,0,0,0,0,0,0
2001,122227,3,1,0,0,0,0,0,0,0,0,0,6
2001,122228,1,1,0,0,0,0,0,0,0,0,0,0
2001,122228,2,1,0,0,0,0,0,0,0,0,0,0
2001,122229,1,1,0,0,0,0,0,17,0,0,0,0
2001,122229,2,1,0,0,0,0,0,0,34,0,0,0
2001,122229,3,1,0,0,0,0,0,0,0,0,0,0
2001,122230,1,1,0,0,0,0,0,0,0,0,0,0
2001,122230,2,1,4,4,4,4,4,4,4,4,4,4
2001,122231,0,1,0,0,0,0,0,0,0,0,0,0
2001,122231,1,1,0,0,0,0,0,0,0,0,0,0
2001,122232,1,1,10,10,10,10,10,10,10,10,10,10
2001,122232,2,1,0,2,0,0,0,0,0,0,0,0
2001,122233,1,1,7,7,7,7,7,7,7,7,7,7
2001,122233,2,1,0,0,0,0,0,0,0,0,0,0
2001,122234,0,1,0,0,0,0,0,0,0,0,0,0
2001,122234,1,1,0,0,0,0,0,0,0,0,0,0
2001,122235,1,1,0,0,0,0,10,0,0,0,0,0
2001,122236,1,1,23,23,23,23,23,23,23,23,23,23
2001,122237,1,1,0,0,0,0,0,0,0,0,0,0
2001,122237,2,1,0,0,0,0,0,0,0,0,0,0
2001,122238,1,1,4,4,4,4,4,4,4,4,4,4
2001,122239,0,1,0,0,0,0,0,0,0,0,0,0
2001,122239,1,1,8,0,5,6,7,3,0,18,18,0
2001,122240,1,1,16,16,16,16,16,16,16,16,16,16
2001,122241,0,1,15,11,16,0,0,0,0,0,0,0
2001,122241,1,1,0,0,0,19,7,10,14,0,0,0
2001,122242,0,1,0,0,0,0,0,0,0,0,0,0
2001,122242,1,1,0,0,0,0,0,0,0,0,0,0
2001,122243,0,1,0,0,0,0,0,0,0,0,0,0
2001,122243,1,1,29,29,29,29,29,29,29,29,29,29
2001,122244,1,1,0,0,0,0,0,0,0,0,0,0
2001,122244,2,1,0,0,0,0,0,0,0,0,0,0
2001,122245,1,1,0,0,0,0,0,0,0,0,0,0
2001,122245,2,1,0,0,12,0,0,0,0,0,0,0
2001,122246,1,1,0,0,0,0,0,0,0,0,0,0
2001,122246,2,1,0,0,0,0,0,0,0,0,0,0
2001,122247,1,1,0,0,0,0,0,0,0,0,0,0
2001,122247,2,1,0,0,0,0,0,0,0,0,0,0
2001,122248,1,1,0,0,0,0,0,0,0,0,0,0
2001,122248,2,1,0,0,0,0,0,0,0,0,0,0
2001,122249,1,1,0,0,0,0,0,0,0,0,0,0
2001,122249,2,1,15,0,0,0,0,0,0,0,0,0
2001,122250,1,1,0,0,0,0,0,0,0,0,0,0
2001,122250,2,1,0,0,0,0,0,0,0,0,0,0
2001,122250,3,1,0,0,0,0,0,0,0,0,0,0
2001,122251,1,1,0,0,0,0,0,0,0,0,12,0
2001,122251,2,1,0,0,0,0,0,0,0,0,0,0
2001,122252,1,1,8,8,8,8,8,8,8,8,8,8
2001,122252,2,1,0,0,0,0,0,0,0,0,0,0
2001,122253,1,1,0,0,0,0,0,0,0,0,0,0
2001,122254,1,1,0,0,0,0,0,33,0,0,0,0
2001,122255,1,1,0,0,0,0,0,0,0,0,0,0
2001,122256,0,1,35,0,0,0,9,13,27,0,0,0
2001,122256,1,1,0,0,0,0,0,15,0,0,0,13
2001,122257,0,1,0,0,0,18,0,12,0,6,0,9
2001,122257,1,1,0,0,0,0,0,0,0,0,7,0
2001,122258,1,1,0,0,0,0,0,0,0,0,0,0
2001,122259,0,1,0,11,0,0,0,0,0,0,0,0
2001,122259,1,1,0,0,0,0,0,0,0,0,0,0
2001,122260,1,1,26,0,17,0,29,0,18,0,0,12
2001,122261,1,1,0,0,0,0,0,0,0,0,4,0
2001,122261,2,1,0,0,0,0,0,0,0,0,0,0
2001,122262,1,1,0,0,0,0,0,44,0,0,0,0
2001,122262,2,1,0,0,0,0,0,0,0,0,0,0
2001,122263,1,1,0,0,0,0,0,0,0,0,2,0
2001,122263,2,1,0,0,0,0,0,0,0,0,0,0
2001,122264,1,1,0,0,0,0,0,0,0,0,0,0
2001,122264,2,1,0,0,0,0,0,0,0,0,0,0
2001,122265,0,1,7,0,0,26,23,0,26,23,19,30
2001,122265,1,1,0,0,0,0,0,0,0,0,0,20
2001,122266,0,1,0,0,0,0,13,0,0,0,0,0
2001,122266,1,1,0,0,0,0,0,0,0,0,0,0
2001,122267,0,1,22,22,22,22,22,22,22,22,22,22
2001,122267,1,1,0,0,0,0,0,0,0,0,0,0
2001,122268,1,1,0,0,0,0,0,0,0,0,0,0
2001,122268,2,1,0,0,0,0,0,0,0,0,0,7
2001,122269,1,1,0,0,0,0,0,0,0,0,0,0
2001,122270,0,1,0,0,0,0,0,0,0,0,0,0
2001,122270,1,1,0,0,0,0,0,0,0,0,0,0
2001,122271,1,1,0,0,0,0,0,0,0,0,0,0
2001,122271,2,1,0,0,0,0,0,0,0,0,0,0
2001,122271,3,1,10,0,0,0,0,0,0,0,0,0
2001,122272,1,1,0,0,0,0,0,0,0,0,0,0
2001,122272,2,1,0,0,0,0,0,0,0,0,0,0
2001,122273,1,1,0,0,0,0,0,0,0,0,0,0
2001,122273,2,1,0,0,0,0,0,0,0,0,0,0
2001,122274,1,1,0,0,0,0,0,0,0,0,0,0
2001,122275,0,1,0,0,0,0,0,0,0,0,0,0
2001,122275,1,1,0,0,0,0,0,0,11,0,0,9
2001,122276,1,1,0,0,0,0,0,0,0,0,0,0
2001,122276,2,1,0,0,0,0,0,0,0,0,0,0
2001,122277,0,1,21,0,34,0,0,8,15,0,0,15
2001,122277,1,1,0,0,0,0,0,0,0,0,0,0
2001,122278,1,1,0,0,0,0,0,0,0,0,0,0
2001,122278,2,1,0,0,0,0,0,0,0,0,0,0
2001,122279,1,1,16,16,16,16,16,16,16,16,16,16
2001,122280,1,1,0,0,0,0,0,0,0,0,0,0
2001,122280,2,1,0,0,0,0,0,0,0,0,0,0
2001,122280,3,1,0,0,0,0,0,0,0,0,0,0
2001,122281,1,1,0,0,0,0,0,0,0,0,0,0
2001,122281,2,1,0,29,0,0,0,0,0,0,0,0
2001,122282,1,1,22,22,22,22,22,22,22,22,22,22
2001,122283,1,1,0,0,0,7,0,0,0,0,0,0
2001,122284,1,1,0,0,0,0,0,0,0,0,0,0
2001,122284,2,1,0,0,0,0,0,0,0,0,0,0
2001,122285,0,1,0,0,0,0,0,0,0,0,0,0
2001,122285,1,1,0,0,0,0,0,0,0,0,0,0
2001,122286,0,1,37,37,37,37,37,37,37,37,37,37
2001,122286,1,1,0,0,0,0,0,19,0,0,0,0
2001,122287,1,1,13,13,13,13,13,13,13,13,13,13
2001,122288,1,1,20,0,0,0,0,0,0,0,0,0
2001,122289,1,1,0,0,0,0,0,0,0,0,0,0
2001,122289,2,1,0,0,0,0,0,0,0,0,0,0
2001,122290,1,1,22,22,22,22,22,22,22,22,22,22
2001,122290,2,1,20,0,0,0,20,0,0,4,0,9
2001,122291,1,1,0,0,0,0,0,0,0,0,0,25
2001,122291,2,1,0,0,0,3,0,13,0,0,38,0
2001,122292,1,1,0,0,0,29,0,0,25,0,0,0
2001,122293,0,1,0,0,0,0,0,0,6,0,0,0
2001,122293,1,1,9,9,9,9,9,9,9,9,9,9
2001,122294,1,1,0,0,0,0,0,0,0,0,0,0
2001,122294,2,1,0,0,0,0,0,0,0,0,0,0
2001,122294,3,1,0,0,0,0,0,0,0,0,0,0
2001,122295,1,1,0,0,0,0,0,0,0,0,0,0
2001,122295,2,1,0,0,0,0,0,0,0,0,0,32
2001,122296,1,1,0,0,0,0,0,0,0,0,0,0
2001,122296,2,1,0,0,0,0,0,0,0,0,4,0
2001,122297,1,1,0,0,0,0,0,0,0,0,0,0
2001,122297,2,1,0,0,0,0,0,0,0,0,0,0
2001,122297,3,1,0,0,0,0,0,0,0,0,0,0
2001,122298,1,1,21,21,21,21,21,21,21,21,21,21
2001,122299,1,1,30,30,30,30,30,30,30,30,30,30
2001,122299,2,1,0,0,0,0,0,0,0,0,0,0
2001,122299,3,1,0,0,0,0,0,0,0,0,0,0
2001,122299,4,1,0,0,0,21,0,0,0,0,0,0
2001,122299,5,1,0,0,0,0,0,0,0,0,0,0
2001,122300,1,1,22,22,22,22,22,22,22,22,22,22
2001,122301,1,1,0,0,0,0,0,0,0,0,0,0
2001,122302,1,1,27,27,27,27,27,27,27,27,27,27
2001,122303,1,1,13,13,13,13,13,13,13,13,13,13
2001,122303,2,1,0,0,0,0,0,0,0,0,0,0
2001,122304,1,1,0,0,0,0,0,0,0,0,0,0
2001,122305,1,1,0,0,0,0,0,0,0,0,0,0
2001,122305,2,1,0,0,0,0,0,0,0,0,0,0
2001,122306,1,1,16,16,16,16,16,16,16,16,16,16
2001,122307,1,1,0,0,0,13,0,13,0,0,0,0
2001,122307,2,1,0,0,0,0,16,0,0,15,0,0
2001,122308,0,1,0,0,0,0,0,0,0,0,0,0
2001,122308,1,1,0,0,0,0,0,0,9,0,9,0
2001,122309,1,1,9,9,9,9,9,9,9,9,9,9
2001,122310,1,1,16,26,21,0,2,24,31,7,19,0
2001,122311,1,1,4,4,4,4,4,4,4,4,4,4
2001,122311,2,1,0,0,4,0,0,9,0,0,0,0
2001,122312,1,1,10,10,10,10,10,10,10,10,10,10
2001,122312,2,1,0,0,0,0,0,0,0,0,0,0
2001,122313,1,1,0,0,0,0,0,0,0,0,0,0
2001,122313,2,1,0,0,0,0,0,0,0,0,0,0
2001,122314,0,1,38,38,38,38,38,38,38,38,38,38
2001,122314,1,1,0,0,0,0,0,24,0,9,0,8
2001,122315,1,1,0,0,0,0,0,0,0,0,0,0
2001,122315,2,1,0,0,0,0,0,0,20,0,0,15
2001,122316,1,1,21,21,21,21,21,21,21,21,21,21
2001,122316,2,1,21,21,21,21,21,21,21,21,21,21
2001,122317,1,1,0,0,0,0,0,0,0,0,0,0
2001,122317,2,1,0,0,0,0,0,0,0,0,0,0
2001,122318,1,1,9,0,16,0,0,0,0,22,0,0
2001,122319,0,1,0,35,0,0,13,0,9,18,0,16
2001,122319,1,1,0,0,0,0,0,0,0,0,0,0
2001,122320,0,1,0,0,0,0,0,0,0,0,0,0
2001,122320,1,1,0,0,0,3,0,4,0,11,0,0
2001,122321,1,1,0,0,0,0,0,0,0,0,0,0
2001,122321,2,1,0,0,0,0,0,0,0,0,0,0
2001,122322,1,1,17,17,17,17,17,17,17,17,17,17
2001,122322,2,1,0,0,0,0,0,18,0,0,0,0
2001,122323,1,1,0,0,0,0,0,0,0,0,0,0
2001,122324,0,1,0,0,0,0,0,0,0,0,0,0
2001,122324,1,1,0,0,0,0,0,0,0,0,0,0
2001,122325,1,1,0,0,0,0,0,0,0,0,0,0
2001,122326,1,1,0,0,0,0,0,0,0,0,0,0
2001,122326,2,1,0,6,0,10,0,0,0,0,0,0
2001,122327,1,1,0,0,0,0,0,0,0,0,0,0
2001,122327,2,1,0,0,0,0,0,0,0,0,0,0
2001,122328,1,1,0,0,0,0,0,0,0,0,0,0
2001,122329,1,1,31,31,31,31,31,31,31,31,31,31
2001,122330,1,1,11,11,11,11,11,11,11,11,11,11
2001,122331,0,1,0,0,0,0,0,0,0,0,0,0
2001,122331,1,1,0,0,0,0,0,0,0,0,0,0
2001,122332,0,1,0,0,0,0,0,0,0,0,0,0
2001,122332,1,1,11,0,0,0,0,0,0,0,0,0
2001,122333,1,1,0,0,0,0,0,0,0,0,0,0
2001,122333,2,1,12,12,12,12,12,12,12,12,12,12
2001,122334,1,1,0,0,0,0,0,0,0,0,0,22
2001,122334,2,1,0,0,0,0,0,0,0,0,0,0
2001,122335,0,1,0,0,0,0,23,0,0,0,21,0
2001,122335,1,1,0,0,0,0,0,0,0,0,0,0
2001,122335,2,1,12,0,0,0,0,0,0,0,0,0
2001,122336,1,1,22,22,22,22,22,22,22,22,22,22
2001,122337,1,1,0,0,0,0,0,0,0,0,0,0
2001,122337,2,1,0,0,0,0,0,0,0,0,0,0
2001,122338,1,1,24,24,24,24,24,24,24,24,24,24
2001,122339,1,1,0,0,0,0,0,0,0,0,0,0
2001,122340,1,1,24,24,24,24,24,24,24,24,24,24
2001,122341,2,1,0,0,0,0,0,0,0,0,0,0
2001,122342,1,1,0,0,0,0,0,0,0,0,0,0
2001,122343,1,1,0,0,0,0,10,0,0,0,0,0
2001,122343,2,1,0,16,15,0,0,0,0,0,0,0
2001,122344,1,1,18,18,18,18,18,18,18,18,18,18
2001,122345,0,1,16,16,16,16,16,16,16,16,16,16
2001,122345,1,1,0,0,0,0,0,0,0,0,0,0
2001,122346,1,1,26,26,26,26,26,26,26,26,26,26
2001,122347,1,1,13,13,13,13,13,13,13,13,13,13
2001,122348,1,1,0,0,0,0,0,0,0,0,0,0
2001,122349,1,1,25,25,25,25,25,25,25,25,25,25
2001,122349,2,1,0,0,0,0,0,0,9,0,0,0
2001,122350,0,1,24,24,24,24,24,24,24,24,24,24
2001,122350,1,1,0,0,0,0,0,0,0,0,0,0
2001,122351,0,1,0,0,20,0,0,0,0,0,0,18
2001,122351,1,1,15,15,15,15,15,15,15,15,15,15
2001,122352,1,1,0,0,0,0,0,0,0,0,0,0
2001,122352,2,1,0,0,0,0,0,0,0,0,0,0
2001,122353,1,1,0,0,0,0,0,26,0,27,0,19
2001,122354,1,1,13,13,13,13,13,13,13,13,13,13
2001,122355,1,1,0,13,0,0,0,0,0,0,0,0
2001,122355,2,1,0,0,0,0,0,0,0,0,0,0
2001,122356,1,1,0,0,14,0,18,0,20,13,0,0
2001,122356,2,1,0,0,0,0,0,0,0,0,0,0
2001,122357,0,1,0,0,0,23,0,0,0,0,0,17
2001,122357,1,1,0,0,0,0,0,0,0,0,0,0
2001,122358,1,1,23,23,23,23,23,23,23,23,23,23
2001,122358,2,1,0,0,0,0,18,0,0,0,0,0
2001,122359,0,1,0,0,0,0,0,0,0,0,0,0
2001,122359,1,1,0,0,0,0,0,0,0,0,0,0
2001,122359,2,1,0,0,0,0,0,0,0,0,0,0
2001,122360,1,1,0,0,0,0,0,0,0,0,0,0
2001,122361,0,1,23,26,21,0,0,10,12,15,13,0
2001,122361,1,1,0,0,0,0,0,0,0,0,0,0
2001,122362,0,1,14,14,14,14,14,14,14,14,14,14
2001,122362,0,2,9,0,28,19,11,0,10,0,21,0
2001,122362,1,1,0,0,0,0,0,0,0,0,0,0
2001,122363,1,1,0,0,0,0,0,0,0,0,0,0
2001,122363,2,1,0,0,0,0,0,0,0,0,0,0
2001,122364,1,1,21,21,21,21,21,21,21,21,21,21
2001,122365,0,1,26,26,26,26,26,26,26,26,26,26
2001,122365,1,1,0,0,0,0,0,0,0,0,0,0
2001,122366,1,1,0,27,7,19,0,0,0,0,0,10
2001,122367,1,1,19,19,19,19,19,19,19,19,19,19
2001,122367,2,1,0,0,12,0,0,0,8,0,0,11
2001,122368,1,1,0,0,0,0,11,0,0,0,0,17
2001,122368,2,1,0,0,0,0,0,0,0,0,0,0
2001,122368,3,1,0,0,0,0,0,0,18,0,0,0
2001,122369,1,1,8,8,8,8,8,8,8,8,8,8
2001,122369,2,1,0,0,0,0,0,0,0,0,0,0
2001,122370,1,1,0,0,0,0,0,0,0,0,0,0
2001,122370,2,1,0,0,0,0,0,0,0,0,0,0
2001,122371,1,1,0,0,0,0,0,0,0,0,0,0
2001,122372,0,1,0,0,21,21,0,0,0,0,0,0
2001,122372,1,1,0,37,20,0,11,2,8,0,14,0
2001,122373,1,1,0,0,0,0,0,0,0,0,0,0
2001,122373,2,1,5,5,5,5,5,5,5,5,5,5
2001,122373,3,1,0,0,0,0,0,0,0,0,0,0
2001,122374,1,1,0,0,0,0,0,0,0,0,0,0
2001,122374,2,1,0,0,0,0,0,0,0,0,0,0
2001,122375,1,1,0,0,0,0,0,0,0,0,0,0
2001,122375,2,1,0,0,0,0,0,0,0,0,0,0
2001,122375,3,1,0,0,0,0,0,0,0,0,0,0
2001,122376,1,1,0,0,0,0,0,0,0,0,0,0
2001,122376,2,1,0,0,0,0,0,0,0,0,0,0
2001,122377,1,1,0,0,0,0,0,0,0,0,0,0
2001,122377,2,1,0,0,0,0,0,0,0,0,0,0
2001,122378,0,1,0,0,0,0,0,0,0,0,0,0
2001,122378,1,1,0,0,0,0,0,0,0,0,0,0
2001,122379,1,1,11,0,0,0,0,0,0,0,0,0
2001,122379,2,1,0,17,42,14,11,10,0,0,0,0
2001,122380,1,1,0,0,0,0,0,0,0,0,0,0
2001,122380,2,1,0,0,0,0,0,0,0,0,0,0
2001,122381,1,1,0,0,20,0,0,0,0,0,0,0
2001,122381,2,1,0,0,0,0,0,0,0,0,0,0
2001,122382,1,1,3,3,3,3,3,3,3,3,3,3
2001,122382,2,1,16,31,0,0,0,0,0,33,0,0
2001,122383,1,1,0,0,0,0,0,0,0,48,0,0
2001,122384,1,1,0,0,5,0,10,20,0,0,15,0
2001,122385,1,1,0,0,0,0,0,0,0,0,0,0
2001,122385,2,1,0,0,0,0,0,0,0,0,0,0
2001,122386,1,1,0,0,0,0,0,0,0,0,0,0