YEAR,st_case,veh_no,per_no,P1,P2,P3,P4,P5,P6,P7,P8,P9,P10
2001,122387,1,1,0,0,0,0,0,0,0,0,0,0
2001,122388,1,1,0,0,0,0,0,0,0,0,0,0
2001,122388,2,1,0,0,0,0,0,0,0,0,0,0
2001,122389,0,1,13,13,13,13,13,13,13,13,13,13
2001,122389,1,1,0,0,0,0,0,0,0,0,0,0
2001,122390,0,1,0,20,0,21,0,18,0,12,5,0
2001,122390,1,1,0,0,0,0,0,0,0,0,0,0
2001,122391,1,1,0,0,0,10,0,0,0,0,0,0
2001,122391,2,1,17,8,21,28,33,35,16,40,9,20
2001,122392,1,1,14,18,14,2,0,22,13,13,7,15
2001,122393,1,1,0,0,0,0,0,0,0,0,0,0
2001,122393,2,1,0,0,0,0,0,0,0,0,0,0
2001,122394,0,1,0,0,0,0,0,0,0,0,0,0
2001,122394,1,1,0,0,0,0,0,0,0,0,0,0
2001,122395,1,1,0,0,0,0,0,0,0,0,0,0
2001,122395,2,1,0,0,0,0,0,0,0,0,0,0
2001,122396,0,1,18,18,18,18,18,18,18,18,18,18
2001,122396,1,1,0,11,0,0,0,0,0,0,21,0
2001,122397,1,1,0,0,0,0,0,0,0,0,0,0
2001,122397,2,1,0,0,0,0,0,0,0,0,0,0
2001,122398,1,1,16,16,16,16,16,16,16,16,16,16
2001,122399,1,1,0,0,0,8,0,0,0,0,31,0
2001,122400,1,1,0,0,0,0,0,0,0,0,0,0
2001,122400,2,1,0,0,0,0,0,0,0,0,0,0
2001,122401,1,1,25,25,25,25,25,25,25,25,25,25
2001,122402,1,1,0,0,0,0,0,0,0,0,0,0
2001,122402,2,1,0,0,0,0,0,0,0,0,0,0
2001,122402,3,1,0,0,14,0,0,0,0,0,0,0
2001,122403,0,1,0,0,0,0,0,0,0,0,0,0
2001,122403,0,2,0,0,0,0,0,0,0,0,0,0
2001,122403,1,1,0,3,0,0,0,0,0,0,0,0
2001,122403,2,1,0,0,0,0,0,0,0,0,0,0
2001,122404,0,1,0,0,0,0,0,0,0,0,0,0
2001,122404,1,1,0,0,0,0,0,0,0,0,0,0
2001,122405,1,1,0,25,21,0,0,9,0,0,0,6
2001,122406,1,1,0,0,12,0,0,0,0,0,0,0
2001,122407,1,1,16,16,16,16,16,16,16,16,16,16
2001,122408,0,1,10,34,16,0,14,27,10,25,17,15
2001,122408,1,1,8,15,7,20,14,21,14,22,8,26
2001,122409,1,1,0,0,5,19,0,0,20,0,26,0
2001,122410,1,1,0,0,0,0,0,0,0,0,0,0
2001,122410,2,1,0,0,0,0,0,0,0,0,0,0
2001,122411,1,1,0,0,0,0,0,0,0,0,11,0
2001,122412,0,1,0,0,0,0,0,0,0,0,0,0
2001,122412,1,1,0,0,0,0,0,0,0,0,0,0
2001,122413,0,1,0,14,5,7,7,37,0,0,0,18
2001,122413,1,1,0,0,0,0,0,0,0,0,0,0
2001,122414,1,1,0,0,0,0,0,0,0,0,0,0
2001,122414,2,1,0,0,0,0,0,0,0,0,0,0
2001,122415,1,1,0,0,0,0,15,0,0,0,0,0
2001,122416,1,1,0,0,0,0,0,0,0,0,0,0
2001,122416,2,1,0,0,0,0,0,0,0,9,0,0
2001,122417,1,1,0,0,0,0,0,0,0,0,0,0
2001,122418,1,1,0,0,0,0,0,0,0,0,0,0
2001,122418,2,1,0,0,0,0,0,0,0,0,0,0
2001,122419,0,1,0,0,0,0,0,0,0,0,0,0
2001,122419,0,2,0,0,0,0,0,0,0,0,0,0
2001,122419,1,1,0,0,0,0,0,0,0,0,0,0
2001,122420,1,1,0,0,0,0,0,0,0,0,0,0
2001,122420,2,1,0,0,0,0,0,0,0,0,0,0
2001,122421,1,1,0,0,0,0,0,0,0,0,0,0
2001,122421,2,1,0,0,0,0,0,0,0,0,0,0
2001,122422,1,1,20,20,20,20,20,20,20,20,20,20
2001,122423,1,1,0,0,0,0,0,0,3,0,0,0
2001,122424,1,1,14,14,14,14,14,14,14,14,14,14
2001,122425,1,1,13,13,13,13,13,13,13,13,13,13
2001,122426,1,1,0,0,0,0,0,0,0,0,0,0
2001,122427,1,1,1,1,1,1,1,1,1,1,1,1
2001,122427,2,1,0,0,0,0,0,0,0,0,0,0
2001,122428,1,1,0,0,0,0,0,0,0,0,0,0
2001,122428,2,1,0,0,0,0,0,0,0,0,0,0
2001,122429,1,1,0,0,0,0,0,0,0,0,0,0
2001,122429,2,1,0,0,0,0,0,0,0,0,0,0
2001,122430,1,1,0,0,0,0,0,0,0,0,0,0
2001,122430,2,1,0,0,0,0,0,0,0,0,0,0
2001,122431,1,1,0,0,0,0,0,0,0,0,0,0
2001,122432,1,1,0,0,0,0,0,0,0,0,0,0
2001,122432,2,1,0,0,0,0,0,0,0,0,0,0
2001,122432,3,1,0,0,0,0,0,0,0,0,0,0
2001,122433,1,1,28,28,28,28,28,28,28,28,28,28
2001,122433,2,1,0,0,0,0,0,0,0,0,0,0
2001,122434,0,1,20,20,20,20,20,20,20,20,20,20
2001,122434,1,1,0,0,0,13,0,0,0,0,0,0
2001,122435,0,1,0,0,12,0,0,0,0,10,0,0
2001,122435,1,1,0,0,0,0,0,0,0,0,0,0
2001,122435,2,1,15,15,15,15,15,15,15,15,15,15
2001,122436,1,1,22,22,22,22,22,22,22,22,22,22
2001,122437,1,1,0,8,0,0,0,0,0,0,0,15
2001,122437,2,1,0,0,0,0,0,0,0,0,0,0
2001,122438,1,1,0,0,0,0,0,0,0,0,0,0
2001,122438,2,1,0,0,0,0,0,0,0,0,0,0
2001,122439,0,1,0,0,0,0,22,0,0,0,2,0
2001,122439,1,1,8,0,12,0,0,0,0,0,0,0
2001,122440,1,1,0,0,0,0,0,0,0,0,0,0
2001,122440,2,1,8,8,8,8,8,8,8,8,8,8
2001,122441,1,1,0,0,0,0,0,0,16,0,0,0
2001,122442,0,1,18,0,21,0,0,0,12,15,28,18
2001,122442,1,1,4,0,3,0,0,0,16,0,0,0
2001,122443,1,1,0,0,0,0,0,0,0,0,0,0
2001,122443,2,1,0,0,0,0,0,0,0,0,0,0
2001,122443,3,1,0,0,0,0,0,0,0,13,0,0
2001,122443,4,1,0,0,0,0,0,0,0,0,0,0
2001,122444,1,1,0,0,0,0,0,2,0,0,0,0
2001,122444,2,1,0,0,0,0,0,0,0,0,0,0
2001,122444,3,1,0,0,0,0,0,0,0,0,0,0
2001,122445,1,1,8,20,19,11,18,0,0,10,0,0
2001,122446,1,1,0,0,0,0,0,0,0,0,0,0
2001,122446,2,1,0,0,0,0,0,0,0,0,0,0
2001,122447,1,1,0,18,0,0,0,0,32,21,0,20
2001,122448,1,1,0,0,0,0,0,0,0,0,0,0
2001,122448,2,1,0,0,0,0,0,0,0,0,0,0
2001,122449,1,1,0,0,0,0,0,0,0,0,0,0
2001,122450,1,1,18,18,18,18,18,18,18,18,18,18
2001,122451,1,1,0,0,0,9,0,2,0,0,0,0
2001,122452,1,1,0,0,0,0,0,0,0,0,0,0
2001,122452,2,1,0,0,0,0,0,0,0,0,0,0
2001,122453,1,1,0,0,0,0,0,0,0,0,0,9
2001,122453,2,1,25,0,9,8,0,0,25,0,7,0
2001,122454,1,1,0,0,14,0,0,0,0,0,0,0
2001,122455,1,1,0,0,0,0,0,0,0,0,0,0
2001,122455,2,1,0,0,0,0,0,0,0,0,0,0
2001,122455,3,1,0,0,0,0,0,0,0,0,0,0
2001,122456,1,1,0,0,0,0,0,0,0,0,0,16
2001,122457,1,1,0,0,0,0,0,0,0,0,0,0
2001,122457,2,1,0,0,0,0,5,0,0,0,12,16
2001,122458,0,1,0,0,0,0,0,0,0,0,0,0
2001,122458,0,2,13,0,0,0,0,0,0,0,0,0
2001,122458,1,1,19,19,19,19,19,19,19,19,19,19
2001,122459,1,1,0,0,0,0,0,0,0,0,0,0
2001,122459,2,1,8,11,15,6,10,9,0,7,12,8
2001,122460,1,1,0,0,0,0,0,0,0,0,0,0
2001,122461,1,1,0,0,0,0,0,0,0,0,0,0
2001,122462,1,1,0,20,0,0,0,0,0,0,0,0
2001,122462,2,1,0,0,0,0,0,0,0,0,0,0
2001,122463,1,1,20,0,0,25,0,27,0,0,0,0
2001,122464,0,1,25,25,25,25,25,25,25,25,25,25
2001,122464,1,1,0,0,0,0,0,0,0,0,0,0
2001,122465,0,1,0,0,0,0,0,0,0,0,0,0
2001,122465,1,1,0,0,0,0,0,0,0,0,0,0
2001,122466,1,1,0,0,0,0,0,0,0,0,0,0
2001,122466,2,1,0,0,0,0,0,0,0,0,0,0
2001,122467,1,1,0,19,24,0,11,38,0,22,16,0
2001,122467,2,1,0,0,0,0,0,0,0,0,0,0
2001,122467,3,1,0,0,13,0,0,0,0,0,20,23
2001,122468,1,1,0,0,0,0,0,0,0,0,0,0
2001,122468,2,1,0,0,0,0,0,0,0,0,0,0
2001,122469,0,1,20,20,20,20,20,20,20,20,20,20
2001,122469,1,1,13,12,3,3,9,7,0,0,6,11
2001,122469,2,1,0,0,0,0,20,0,0,0,0,0
2001,122470,1,1,0,0,0,0,0,0,0,0,0,0
2001,122471,1,1,0,0,0,0,0,0,0,0,0,0
2001,122471,2,1,0,0,0,0,0,14,0,0,0,0
2001,122472,1,1,0,0,0,0,0,0,0,0,0,0
2001,122472,2,1,0,0,0,0,0,0,0,0,0,0
2001,122473,1,1,11,11,11,11,11,11,11,11,11,11
2001,122474,0,1,0,0,0,0,0,0,0,0,0,0
2001,122474,1,1,0,0,0,0,0,0,0,7,0,16
2001,122475,1,1,1,1,1,1,1,1,1,1,1,1
2001,122476,1,1,0,0,0,0,0,0,0,0,0,0
2001,122476,2,1,0,0,0,0,0,0,0,0,0,0
2001,122476,3,1,0,0,0,0,0,0,0,0,0,0
2001,122477,1,1,0,0,0,0,0,0,0,0,0,0
2001,122477,2,1,0,0,0,0,0,0,0,0,0,0
2001,122478,1,1,24,24,24,24,24,24,24,24,24,24
2001,122479,0,1,0,2,0,0,0,0,0,0,0,0
2001,122479,1,1,0,0,0,0,0,0,0,0,0,0
2001,122480,0,1,0,0,0,0,0,7,0,0,0,0
2001,122480,1,1,0,0,0,0,0,0,0,0,0,0
2001,122481,1,1,0,0,0,0,0,0,0,0,0,0
2001,122481,2,1,0,0,11,0,5,12,0,0,0,12
2001,122482,1,1,0,0,0,0,0,0,0,0,0,0
2001,122482,2,1,0,0,0,0,0,0,0,0,0,0
2001,122483,1,1,0,0,0,34,0,0,18,0,0,8
2001,122483,2,1,0,0,0,0,0,0,0,0,0,0
2001,122484,1,1,0,0,0,0,0,0,0,0,0,0
2001,122485,0,1,0,11,0,17,35,0,0,0,0,35
2001,122485,1,1,0,0,0,0,0,0,0,0,0,0
2001,122486,0,1,0,0,0,0,0,0,0,0,0,0
2001,122486,1,1,0,0,0,0,0,0,0,0,0,0
2001,122487,1,1,0,0,0,0,0,0,0,0,0,0
2001,122487,2,1,0,0,0,0,23,0,0,0,0,0
2001,122487,3,1,0,0,0,0,0,0,0,0,0,0
2001,122488,1,1,32,32,32,32,32,32,32,32,32,32
2001,122488,2,1,0,0,0,0,0,0,0,0,0,0
2001,122489,0,1,0,5,0,0,0,0,0,11,0,0
2001,122489,1,1,0,0,0,0,0,0,0,0,0,0
2001,122489,2,1,0,0,0,0,14,0,0,0,0,0
2001,122490,1,1,20,20,20,20,20,20,20,20,20,20
2001,122491,1,1,30,30,30,30,30,30,30,30,30,30
2001,122491,2,1,0,0,0,0,0,0,0,0,0,0
2001,122492,1,1,14,14,14,14,14,14,14,14,14,14
2001,122492,2,1,0,0,0,0,0,0,0,0,11,0
2001,122493,1,1,21,21,21,21,21,21,21,21,21,21
2001,122493,2,1,0,0,0,0,0,0,0,0,0,0
2001,122494,1,1,0,0,0,0,0,0,0,0,0,0
2001,122494,2,1,0,0,0,0,0,0,0,0,0,0
2001,122495,1,1,0,20,0,0,0,0,5,6,0,0
2001,122495,2,1,29,25,12,0,29,18,0,12,17,0
2001,122496,1,1,1,1,1,1,1,1,1,1,1,1
2001,122496,2,1,0,0,0,0,0,0,0,0,0,0
2001,122497,1,1,47,47,47,47,47,47,47,47,47,47
2001,122498,1,1,0,0,0,20,0,0,0,0,0,0
2001,122498,2,1,0,20,21,13,0,0,0,0,0,0
2001,122499,0,1,0,0,0,0,0,0,0,0,0,0
2001,122499,1,1,0,0,10,0,0,0,0,0,0,0
2001,122500,1,1,0,23,19,0,30,5,17,19,0,14
2001,122500,2,1,0,0,0,0,0,0,0,0,0,0
2001,122501,0,1,10,0,0,0,0,0,0,0,0,0
2001,122501,1,1,0,0,0,0,0,0,0,0,0,0
2001,122502,1,1,0,0,0,0,0,0,0,0,0,0
2001,122502,2,1,0,0,0,0,0,0,0,0,0,0
2001,122503,1,1,0,0,0,0,0,0,0,0,0,0
2001,122503,2,1,0,0,0,0,0,0,0,0,0,0
2001,122504,0,1,3,3,3,3,3,3,3,3,3,3
2001,122504,1,1,0,0,0,0,0,0,0,0,0,0
2001,122505,1,1,25,25,25,25,25,25,25,25,25,25
2001,122506,1,1,14,18,11,0,5,5,0,8,13,0
2001,122506,2,1,0,0,0,0,0,9,0,0,0,7
2001,122507,0,1,20,20,20,20,20,20,20,20,20,20
2001,122507,0,2,0,0,0,0,0,0,0,0,0,0
2001,122507,2,1,0,0,0,0,0,0,0,0,0,0
2001,122508,0,1,14,14,14,14,14,14,14,14,14,14
2001,122508,1,1,0,0,0,0,0,0,0,0,0,0
2001,122509,1,1,0,0,0,0,0,0,0,0,0,0
2001,122509,2,1,0,0,0,0,0,0,0,0,0,0
2001,122510,1,1,17,17,17,17,17,17,17,17,17,17
2001,122510,2,1,0,0,0,0,0,0,0,0,0,0
2001,122511,1,1,0,0,0,13,0,0,0,0,0,0
2001,122511,2,1,0,0,0,7,0,0,0,0,0,0
2001,122511,3,1,0,0,0,0,0,0,0,0,0,0
2001,122511,4,1,0,0,0,0,0,0,0,0,0,0
2001,122512,1,1,8,8,8,8,8,8,8,8,8,8
2001,122513,1,1,0,0,0,0,8,0,0,0,0,0
2001,122515,0,1,11,11,11,11,11,11,11,11,11,11
2001,122515,1,1,0,0,0,0,0,18,0,0,0,0
2001,122516,0,1,20,22,0,0,0,0,0,20,23,12
2001,122516,1,1,0,0,14,0,0,0,16,16,8,0
2001,122517,1,1,23,23,23,23,23,23,23,23,23,23
2001,122517,2,1,0,0,0,0,0,0,0,0,0,0
2001,122518,1,1,0,0,0,0,0,0,0,0,0,0
2001,122518,2,1,0,0,0,0,0,0,0,0,0,0
2001,122519,1,1,0,0,0,0,26,0,0,21,0,0
2001,122519,2,1,0,0,0,0,0,0,0,0,0,0
2001,122520,1,1,0,0,0,0,0,0,0,0,0,0
2001,122521,1,1,0,0,0,0,0,0,0,0,0,0
2001,122522,1,1,12,0,9,14,14,7,0,21,7,16
2001,122523,1,1,0,0,0,0,0,0,0,0,0,0
2001,122524,1,1,0,0,0,0,0,0,0,0,0,0
2001,122524,2,1,0,0,0,0,0,0,0,0,0,0
2001,122525,1,1,9,9,9,9,9,9,9,9,9,9
2001,122526,1,1,0,0,0,0,0,0,0,0,0,0
2001,122526,2,1,0,0,0,0,0,0,0,0,0,0
2001,122527,1,1,0,0,0,0,12,0,11,0,0,0
2001,122527,2,1,0,0,0,0,0,0,0,0,0,0
2001,122528,0,1,0,0,0,0,0,0,0,0,0,0
2001,122528,1,1,0,0,0,0,0,0,0,0,0,0
2001,122529,1,1,0,0,0,0,0,0,0,0,0,0
2001,122529,2,1,0,0,0,0,0,0,0,0,0,11
2001,122530,1,1,0,11,0,0,0,0,0,0,0,0
2001,122530,2,1,7,0,0,0,0,0,0,0,0,0
2001,122531,0,1,0,0,0,0,0,0,0,0,0,0
2001,122531,1,1,0,0,0,0,0,0,0,0,0,0
2001,122532,1,1,0,0,0,0,0,0,0,0,0,0
2001,122532,2,1,0,0,0,0,0,0,0,0,0,0
2001,122533,1,1,0,0,7,0,0,0,0,0,0,0
2001,122533,2,1,0,0,0,0,0,0,0,0,0,26
2001,122534,1,1,0,0,0,0,25,0,27,9,0,0
2001,122534,2,1,0,0,0,0,0,12,0,0,9,0
2001,122535,0,1,13,17,0,0,24,0,6,0,0,0
2001,122535,1,1,0,0,0,0,0,0,0,0,0,0
2001,122536,1,1,0,0,0,0,0,0,0,0,0,0
2001,122536,2,1,0,0,0,0,0,0,0,0,0,0
2001,122537,1,1,0,0,0,0,0,0,0,0,0,0
2001,122537,2,1,0,0,0,0,0,0,0,0,0,0
2001,122538,0,1,0,0,18,27,22,21,0,4,0,0
2001,122538,1,1,14,15,0,15,0,4,0,0,0,0
2001,122538,2,1,0,0,0,0,0,26,0,0,0,0
2001,122539,0,1,0,0,0,0,0,0,0,0,0,0
2001,122539,1,1,0,0,0,0,0,0,0,0,0,0
2001,122540,1,1,10,10,10,10,10,10,10,10,10,10
2001,122540,2,1,0,0,0,0,0,0,0,0,0,0
2001,122541,1,1,0,0,0,0,0,0,0,0,0,0
2001,122541,2,1,0,0,0,0,0,0,0,0,0,0
2001,122542,0,1,0,0,0,0,0,0,13,0,0,0
2001,122542,0,2,15,0,0,9,0,0,0,0,0,0
2001,122542,0,3,15,0,0,16,0,0,19,0,0,0
2001,122542,0,4,16,16,16,16,16,16,16,16,16,16
2001,122542,0,5,13,13,13,13,13,13,13,13,13,13
2001,122542,1,1,0,0,10,38,0,31,12,16,14,14
2001,122543,1,1,0,0,0,0,0,0,0,0,0,0
2001,122543,2,1,0,0,0,0,0,0,0,0,0,0
2001,122543,3,1,0,0,0,0,0,0,0,0,0,0
2001,122544,1,1,0,0,0,0,0,0,0,0,0,0
2001,122544,2,1,0,0,0,0,0,0,0,0,0,0
2001,122545,1,1,0,0,0,0,0,0,0,0,0,0
2001,122545,2,1,0,0,0,0,0,0,0,0,0,0
2001,122546,1,1,0,0,0,0,0,0,0,0,0,0
2001,122547,0,1,0,10,0,0,0,0,0,0,4,0
2001,122547,1,1,0,0,0,0,0,0,0,0,0,0
2001,122548,1,1,0,0,0,0,0,0,0,0,0,0
2001,122548,2,1,0,0,0,0,0,0,0,0,0,0
2001,122549,1,1,0,0,0,0,0,0,0,0,0,0
2001,122549,2,1,0,0,0,0,0,0,0,0,0,0
2001,122550,1,1,0,0,0,0,0,0,0,0,17,0
2001,122551,0,1,0,0,0,0,0,0,0,0,0,0
2001,122551,0,2,0,0,0,0,0,0,0,0,0,0
2001,122551,1,1,6,6,6,6,6,6,6,6,6,6
2001,122552,1,1,13,0,0,0,0,0,0,0,0,0
2001,122553,1,1,0,0,0,0,0,0,0,0,0,0
2001,122553,2,1,0,0,0,0,0,0,0,0,0,0
2001,122553,3,1,0,0,0,0,0,0,0,0,0,0
2001,122554,1,1,0,0,0,0,0,0,0,0,0,0
2001,122554,2,1,0,0,0,0,0,0,0,0,0,0
2001,122554,3,1,0,0,0,0,0,0,0,0,0,0
2001,122555,1,1,20,20,20,20,20,20,20,20,20,20
2001,122556,1,1,0,0,0,0,0,0,0,0,0,0
2001,122557,1,1,0,0,0,0,0,0,0,0,0,0
2001,122558,1,1,19,19,19,19,19,19,19,19,19,19
2001,122558,2,1,0,0,0,0,0,0,0,0,0,0
2001,122559,1,1,20,0,0,0,0,4,0,0,17,0
2001,122559,2,1,0,0,0,0,0,0,0,0,0,0
2001,122559,3,1,0,0,0,0,0,0,0,0,0,0
2001,122560,1,1,0,0,0,0,0,0,0,0,0,0
2001,122560,2,1,0,0,0,0,0,0,0,0,0,0
2001,122561,1,1,0,0,0,0,0,0,0,0,0,0
2001,122561,2,1,0,0,0,0,0,0,0,0,0,0
2001,122562,1,1,0,0,0,0,0,0,0,0,0,0
2001,122563,1,1,0,0,0,0,0,0,0,0,0,0
2001,122564,0,1,34,34,34,34,34,34,34,34,34,34
2001,122564,1,1,0,0,0,0,0,0,0,0,0,0
2001,122565,1,1,11,11,11,11,11,11,11,11,11,11
2001,122566,1,1,0,0,0,0,0,0,0,0,0,0
2001,122566,2,1,29,29,29,29,29,29,29,29,29,29
2001,122567,1,1,0,0,0,0,0,0,0,0,0,0
2001,122568,0,1,0,0,0,0,0,0,0,0,0,0
2001,122568,0,2,0,0,0,0,0,0,0,0,0,0
2001,122568,1,1,0,0,0,0,0,0,0,0,0,0
2001,122569,1,1,0,0,0,0,0,0,0,0,0,0
2001,122569,2,1,0,0,0,0,0,0,17,0,0,0
2001,122569,3,1,0,0,0,0,0,8,0,0,0,0
2001,122570,1,1,0,0,0,0,0,0,0,0,0,0
2001,122571,1,1,26,26,26,26,26,26,26,26,26,26
2001,122572,1,1,6,6,6,6,6,6,6,6,6,6
2001,122573,1,1,0,0,0,0,0,0,0,0,0,0
2001,122573,2,1,0,0,0,0,0,0,0,0,0,0
2001,122574,0,1,0,0,0,0,0,0,0,0,0,0
2001,122574,1,1,0,0,0,0,0,0,0,0,0,0
2001,122574,2,1,0,0,0,0,9,0,0,0,0,0
2001,122575,1,1,0,0,0,0,0,0,0,0,0,0
2001,122575,2,1,0,0,0,0,0,0,0,0,0,9
2001,122576,1,1,0,0,0,0,0,0,0,0,0,0
2001,122576,2,1,0,0,0,0,0,0,0,0,0,0
2001,122577,0,1,0,0,26,0,0,0,15,0,0,0
2001,122577,1,1,4,0,0,0,0,0,0,0,0,0
2001,122578,1,1,0,0,0,0,0,0,0,0,0,0
2001,122578,2,1,0,0,0,0,0,0,0,0,6,0
2001,122579,0,1,0,0,0,0,0,0,0,0,0,0
2001,122579,1,1,11,11,11,11,11,11,11,11,11,11
2001,122580,1,1,0,0,0,0,0,0,0,0,0,0
2001,122580,2,1,0,0,0,0,0,0,0,0,0,0
2001,122581,1,1,10,0,0,0,0,0,0,0,0,0
2001,122582,1,1,0,0,0,0,0,0,0,0,0,0
2001,122582,2,1,0,0,0,0,0,0,0,0,0,0
2001,122583,0,1,0,25,0,28,0,0,0,11,0,13
2001,122583,1,1,4,4,4,4,4,4,4,4,4,4
2001,122583,2,1,0,0,0,0,0,0,0,0,0,0
2001,122584,1,1,4,4,4,4,4,4,4,4,4,4
2001,122585,1,1,0,0,0,0,0,0,0,0,0,0
2001,122585,2,1,0,0,0,0,0,0,0,0,0,0
2001,122586,1,1,0,0,0,14,0,0,0,0,0,0
2001,122586,2,1,0,0,0,0,0,0,0,0,0,0
2001,122587,0,1,37,37,37,37,37,37,37,37,37,37
2001,122587,1,1,0,0,0,0,0,0,0,0,0,0
2001,122588,0,1,0,0,0,0,12,26,11,12,0,0
2001,122588,1,1,0,0,0,0,0,0,0,0,0,17
2001,122589,1,1,0,0,0,0,0,8,0,0,0,0
2001,122589,2,1,28,0,0,0,20,0,0,0,0,0
2001,122590,1,1,0,0,0,0,0,0,0,0,0,0
2001,122590,2,1,0,0,0,0,0,0,0,0,0,0
2001,122591,1,1,0,0,0,0,0,0,0,0,0,0
2001,122592,1,1,0,0,0,0,0,0,0,0,0,0
2001,122592,2,1,0,0,11,0,20,3,0,0,17,0
2001,122593,1,1,0,0,0,0,0,0,0,0,0,0
2001,122593,2,1,0,0,0,0,0,0,0,0,0,0
2001,122594,1,1,0,0,0,0,0,0,0,0,0,0
2001,122594,2,1,0,0,0,0,0,0,0,0,13,0
2001,122595,0,1,9,0,9,19,30,16,0,0,0,0
2001,122595,1,1,0,0,0,0,0,0,0,0,0,0
2001,122596,1,1,0,9,0,0,0,0,19,0,0,0
2001,122596,2,1,0,0,0,0,0,0,0,0,0,0
2001,122596,3,1,0,0,0,0,0,0,0,0,0,0
2001,122597,0,1,0,0,0,0,0,0,0,0,0,0
2001,122597,1,1,0,0,0,0,0,0,0,0,0,0
2001,122598,1,1,0,4,16,0,0,0,0,0,0,0
2001,122599,1,1,0,0,0,0,0,0,0,0,0,0
2001,122599,2,1,0,0,0,0,0,0,0,0,0,0
2001,122599,3,1,0,0,0,0,0,0,0,0,0,0
2001,122600,1,1,4,4,4,4,4,4,4,4,4,4
2001,122601,1,1,0,0,0,0,0,0,0,0,0,0
2001,122601,2,1,0,0,0,0,0,0,0,0,0,0
2001,122602,1,1,0,0,0,0,0,0,0,0,0,0
2001,122603,0,1,0,0,0,0,0,0,0,0,0,0
2001,122603,0,2,0,0,0,0,0,0,0,0,0,0
2001,122603,1,1,0,10,0,0,0,0,0,0,17,0
2001,122604,0,1,14,0,0,12,0,0,0,0,0,15
2001,122604,1,1,0,0,0,0,0,0,0,0,0,0
2001,122605,1,1,33,33,33,33,33,33,33,33,33,33
2001,122606,0,1,25,25,25,25,25,25,25,25,25,25
2001,122606,1,1,0,9,0,0,0,0,0,0,0,0
2001,122607,1,1,0,0,0,0,0,0,25,0,0,31
2001,122608,1,1,0,0,0,0,0,0,0,0,0,0
2001,122609,1,1,16,0,0,0,0,23,18,0,13,14
2001,122609,2,1,0,0,0,0,0,0,0,0,0,0
2001,122610,1,1,3,15,9,15,0,6,0,8,10,13
2001,122610,2,1,15,15,15,15,15,15,15,15,15,15
2001,122611,1,1,0,0,0,0,0,0,0,0,0,0
2001,122611,2,1,0,0,0,2,0,0,0,0,0,20
2001,122612,0,1,0,0,0,0,0,0,0,0,0,0
2001,122612,1,1,17,0,0,24,0,0,0,0,16,0
2001,122613,0,1,0,0,0,0,0,0,0,0,0,0
2001,122613,1,1,0,0,0,0,0,0,0,0,0,9
2001,122614,1,1,16,16,16,16,16,16,16,16,16,16
2001,122615,1,1,20,20,20,20,20,20,20,20,20,20
2001,122616,1,1,1,1,1,1,1,1,1,1,1,1
2001,122617,1,1,17,17,17,17,17,17,17,17,17,17
2001,122617,2,1,0,16,0,0,6,4,0,0,0,5
2001,122618,1,1,27,27,27,27,27,27,27,27,27,27
2001,122619,1,1,9,9,9,9,9,9,9,9,9,9
2001,122619,2,1,0,0,0,0,0,0,0,0,0,0
2001,122620,0,1,0,0,0,0,0,0,0,0,0,0
2001,122620,1,1,0,0,0,0,0,0,0,0,0,0
2001,122621,0,1,37,37,37,37,37,37,37,37,37,37
2001,122621,1,1,0,0,0,0,0,0,0,0,0,0
2001,122622,1,1,0,0,0,0,0,0,0,0,0,0
2001,122622,2,1,0,0,0,0,0,0,0,0,33,0
2001,122623,1,1,16,16,16,16,16,16,16,16,16,16
2001,122623,2,1,0,0,0,0,0,0,0,0,0,0
2001,122624,0,1,17,17,17,17,17,17,17,17,17,17
2001,122624,1,1,0,0,0,0,0,0,0,0,0,0
2001,122625,1,1,11,0,0,0,0,0,14,0,6,4
2001,122625,2,1,0,0,0,0,0,0,0,0,0,0
2001,122626,1,1,0,0,0,0,0,0,0,0,0,0
2001,122626,2,1,0,0,0,0,0,0,0,0,0,0
2001,122627,1,1,0,0,0,0,0,0,0,0,0,0
2001,122627,2,1,0,11,0,6,0,0,0,0,0,25
2001,122628,1,1,0,0,0,0,0,0,0,0,0,0
2001,122628,2,1,0,0,0,0,0,0,0,0,0,0
2001,122629,1,1,22,22,22,22,22,22,22,22,22,22
2001,122629,2,1,0,0,0,0,0,0,0,0,0,0
2001,122630,1,1,0,0,0,0,0,0,0,0,0,0
2001,122630,2,1,0,11,0,0,0,0,0,0,0,0
2001,122631,1,1,0,0,0,0,0,0,0,0,0,0
2001,122631,2,1,0,0,0,0,0,0,0,0,0,0
2001,122632,1,1,13,13,13,13,13,13,13,13,13,13
2001,122633,1,1,0,0,0,0,0,0,0,0,0,0
2001,122634,0,1,0,0,0,0,0,0,0,0,0,0
2001,122634,1,1,0,0,8,0,0,0,0,0,0,0
2001,122635,1,1,0,0,0,0,0,0,0,0,0,0
2001,122635,2,1,0,0,22,0,0,0,0,18,0,22
2001,122636,1,1,0,0,0,0,0,0,0,0,0,0
2001,122637,1,1,0,0,0,0,0,0,0,0,0,0
2001,122637,2,1,0,0,0,0,0,0,0,0,0,0
2001,122638,1,1,0,0,0,0,0,0,0,0,0,0
2001,122639,0,1,0,0,0,0,0,0,0,0,0,0
2001,122639,0,2,0,0,0,0,0,0,0,0,0,0