YEAR,st_case,veh_no,per_no,P1,P2,P3,P4,P5,P6,P7,P8,P9,P10
2001,130183,2,1,0,0,0,0,0,0,0,0,0,0
2001,130184,0,1,0,0,0,0,0,0,0,0,0,0
2001,130184,1,1,0,0,0,0,0,0,0,0,0,0
2001,130185,1,1,0,0,0,0,0,0,0,0,0,0
2001,130185,2,1,0,0,0,0,0,0,0,0,0,0
2001,130186,1,1,0,0,0,0,0,0,0,0,0,0
2001,130186,2,1,27,0,0,0,0,0,0,0,0,0
2001,130186,3,1,0,0,0,0,0,0,0,0,0,0
2001,130186,4,1,0,0,0,0,0,0,0,0,0,0
2001,130187,0,1,26,26,26,26,26,26,26,26,26,26
2001,130187,1,1,0,0,0,0,0,0,0,0,0,0
2001,130188,0,1,0,0,0,0,0,0,0,0,0,0
2001,130188,1,1,0,0,0,0,0,0,0,0,0,0
2001,130189,1,1,0,0,0,0,0,0,0,0,0,0
2001,130189,2,1,0,0,0,0,0,0,0,0,0,0
2001,130190,1,1,0,0,0,0,0,0,0,0,0,0
2001,130190,2,1,0,0,0,0,0,0,0,0,0,0
2001,130191,1,1,8,8,8,8,8,8,8,8,8,8
2001,130192,1,1,0,0,0,0,0,0,0,0,0,0
2001,130192,2,1,0,0,0,0,0,0,0,0,0,0
2001,130193,1,1,0,0,0,0,0,0,0,0,0,0
2001,130193,2,1,0,0,0,0,0,0,0,0,0,0
2001,130194,1,1,20,20,20,20,20,20,20,20,20,20
2001,130194,2,1,0,0,0,0,0,0,0,0,0,0
2001,130195,1,1,18,18,18,18,18,18,18,18,18,18
2001,130196,1,1,4,4,4,4,4,4,4,4,4,4
2001,130197,1,1,0,0,0,0,0,0,0,0,0,0
2001,130198,1,1,9,9,9,9,9,9,9,9,9,9
2001,130198,2,1,0,0,0,0,0,0,0,0,0,0
2001,130199,1,1,0,0,0,0,0,0,0,0,0,0
2001,130199,2,1,0,0,0,0,0,0,0,0,0,0
2001,130199,3,1,0,0,0,0,0,0,0,0,0,0
2001,130199,4,1,0,0,0,0,0,0,0,0,0,0
2001,130200,1,1,0,0,0,16,0,0,0,0,0,0
2001,130201,1,1,4,4,4,4,4,4,4,4,4,4
2001,130202,1,1,0,0,0,0,0,0,0,0,0,0
2001,130202,2,1,0,0,0,0,0,0,0,0,0,0
2001,130203,1,1,0,0,0,0,0,0,0,0,0,0
2001,130203,2,1,0,0,0,0,0,0,0,0,0,0
2001,130204,1,1,16,16,16,16,16,16,16,16,16,16
2001,130205,1,1,0,0,0,0,0,0,0,0,0,0
2001,130205,2,1,26,0,0,0,0,0,0,0,0,0
2001,130206,0,1,15,15,15,15,15,15,15,15,15,15
2001,130206,1,1,5,6,0,0,8,6,3,16,20,0
2001,130207,1,1,0,0,0,0,0,0,0,0,0,0
2001,130208,1,1,0,0,0,0,0,0,0,0,0,0
2001,130208,2,1,0,0,0,0,0,0,0,0,0,0
2001,130209,1,1,0,0,0,0,0,0,0,0,0,0
2001,130210,1,1,0,0,0,0,0,0,0,0,0,0
2001,130211,1,1,0,0,0,0,0,0,0,0,0,0
2001,130211,2,1,0,0,0,0,0,0,0,0,0,0
2001,130212,1,1,0,0,0,0,0,0,0,0,0,0
2001,130212,2,1,0,0,0,0,0,0,0,0,0,0
2001,130213,1,1,0,0,0,0,0,0,0,0,0,0
2001,130213,2,1,0,0,0,0,0,0,0,0,0,0
2001,130214,1,1,0,0,0,0,0,0,0,0,0,0
2001,130214,2,1,0,0,0,0,0,0,0,0,0,0
2001,130215,1,1,0,0,0,0,0,0,0,0,0,0
2001,130216,1,1,32,32,32,32,32,32,32,32,32,32
2001,130216,2,1,0,0,0,0,0,0,0,0,0,0
2001,130217,1,1,0,0,0,0,0,0,0,0,0,0
2001,130217,2,1,0,0,0,0,0,0,0,0,0,0
2001,130218,1,1,0,0,0,0,0,0,0,0,0,0
2001,130218,2,1,0,0,0,0,0,0,0,0,0,0
2001,130219,1,1,11,13,21,10,0,12,0,23,14,0
2001,130220,1,1,0,0,0,0,0,0,0,0,0,0
2001,130221,1,1,0,0,0,0,0,0,0,0,0,0
2001,130222,1,1,26,13,47,17,13,34,7,21,0,12
2001,130223,1,1,0,0,0,0,0,0,0,0,0,0
2001,130223,2,1,0,0,0,0,0,0,0,0,0,0
2001,130224,1,1,0,0,0,0,0,0,0,0,0,0
2001,130224,2,1,0,0,0,0,0,0,0,0,0,0
2001,130224,3,1,0,0,0,0,0,0,0,0,0,0
2001,130225,1,1,0,0,0,0,0,0,0,0,0,0
2001,130225,2,1,0,0,0,0,9,0,0,0,0,0
2001,130225,3,1,0,0,0,0,0,0,0,0,0,0
2001,130226,1,1,21,21,21,21,21,21,21,21,21,21
2001,130227,0,1,12,12,12,12,12,12,12,12,12,12
2001,130227,1,1,0,0,0,0,0,0,0,0,0,0
2001,130228,1,1,0,0,0,0,0,0,0,0,23,0
2001,130228,2,1,0,0,0,0,0,0,0,0,0,0
2001,130228,3,1,0,0,0,0,0,0,0,0,0,0
2001,130229,1,1,0,0,0,0,0,0,0,0,0,0
2001,130229,2,1,0,0,0,0,0,0,0,0,0,0
2001,130229,3,1,0,0,0,0,0,0,0,0,0,0
2001,130230,0,1,0,0,0,0,0,0,0,0,0,0
2001,130230,1,1,0,0,0,0,0,0,0,0,0,0
2001,130231,1,1,0,0,0,0,0,0,0,0,0,0
2001,130231,2,1,0,0,0,0,0,0,0,0,0,0
2001,130232,1,1,0,0,0,0,0,0,0,0,0,0
2001,130232,2,1,0,0,0,0,0,0,0,0,0,0
2001,130233,1,1,0,0,0,0,0,0,0,0,0,0
2001,130233,2,1,0,0,0,0,0,0,0,0,0,0
2001,130234,1,1,16,23,0,0,21,0,0,0,15,19
2001,130235,1,1,0,0,0,0,0,0,0,0,0,0
2001,130235,2,1,0,0,0,0,0,0,0,0,0,0
2001,130236,1,1,0,0,0,0,0,0,0,0,0,0
2001,130236,2,1,0,0,0,0,0,0,0,0,0,0
2001,130237,1,1,0,0,0,0,0,0,0,25,0,0
2001,130237,2,1,0,0,0,0,0,0,0,0,0,0
2001,130237,3,1,0,0,0,0,0,0,0,0,0,0
2001,130238,1,1,0,0,0,0,0,0,0,0,0,0
2001,130238,2,1,0,0,0,0,0,0,0,0,0,0
2001,130238,3,1,0,0,0,0,0,0,0,0,0,0
2001,130239,1,1,0,0,12,22,9,0,22,0,0,10
2001,130239,2,1,0,0,0,0,20,0,17,0,0,10
2001,130240,1,1,0,0,0,0,0,0,0,0,20,0
2001,130240,2,1,0,0,0,0,0,0,0,0,0,0
2001,130241,1,1,0,0,0,0,0,0,0,0,0,0
2001,130241,2,1,0,0,0,0,0,0,0,0,0,0
2001,130242,1,1,28,28,28,28,28,28,28,28,28,28
2001,130242,2,1,0,0,0,0,0,0,0,0,0,0
2001,130243,1,1,0,0,0,0,0,0,0,0,0,0
2001,130244,1,1,0,0,0,0,0,0,0,0,0,0
2001,130244,2,1,0,0,0,0,0,0,0,0,0,0
2001,130245,1,1,0,0,0,0,0,0,0,0,0,0
2001,130246,1,1,0,0,0,0,0,0,0,0,0,0
2001,130246,2,1,0,0,0,0,0,0,0,0,0,0
2001,130247,0,1,0,0,0,0,0,0,0,0,0,0
2001,130247,1,1,0,0,0,0,0,0,0,0,0,0
2001,130248,0,1,0,0,0,0,0,0,0,0,0,0
2001,130248,1,1,0,0,0,0,0,0,0,0,0,0
2001,130249,1,1,19,19,19,19,19,19,19,19,19,19
2001,130250,1,1,0,0,0,0,0,0,0,0,0,0
2001,130251,1,1,0,0,0,0,0,0,0,0,0,0
2001,130252,1,1,0,0,0,0,0,0,0,0,0,0
2001,130252,2,1,0,0,0,0,0,0,0,0,0,0
2001,130253,1,1,22,22,22,22,22,22,22,22,22,22
2001,130254,1,1,20,20,20,20,20,20,20,20,20,20
2001,130255,1,1,13,13,13,13,13,13,13,13,13,13
2001,130256,1,1,0,0,0,0,0,0,0,0,0,0
2001,130257,1,1,16,16,16,16,16,16,16,16,16,16
2001,130257,2,1,2,2,2,2,2,2,2,2,2,2
2001,130258,0,1,0,0,0,0,0,0,0,0,0,0
2001,130258,1,1,0,0,0,0,0,0,0,0,0,0
2001,130259,1,1,0,0,0,0,0,0,0,0,0,0
2001,130260,1,1,5,5,5,5,5,5,5,5,5,5
2001,130261,1,1,3,0,2,5,0,24,17,0,0,23
2001,130262,1,1,0,0,0,0,0,0,0,0,0,0
2001,130262,2,1,1,1,1,1,1,1,1,1,1,1
2001,130263,1,1,0,9,5,0,0,9,25,0,15,0
2001,130264,1,1,0,0,0,0,0,0,0,0,0,0
2001,130264,2,1,0,0,0,0,0,0,0,0,0,0
2001,130265,1,1,0,0,0,0,0,0,0,0,0,0
2001,130266,0,1,22,22,22,22,22,22,22,22,22,22
2001,130266,1,1,0,0,0,0,0,0,0,0,0,0
2001,130267,1,1,4,4,4,4,4,4,4,4,4,4
2001,130268,1,1,0,0,0,0,0,0,0,0,0,0
2001,130268,2,1,0,0,0,0,0,0,0,4,0,0
2001,130269,1,1,20,20,20,20,20,20,20,20,20,20
2001,130270,1,1,0,0,0,0,0,0,0,0,0,0
2001,130271,1,1,0,0,0,0,0,0,0,0,0,0
2001,130271,2,1,0,0,0,0,0,0,0,0,0,0
2001,130272,1,1,0,0,0,0,0,0,0,0,0,0
2001,130272,2,1,0,0,0,0,0,0,0,0,0,0
2001,130273,0,1,0,0,0,0,0,0,0,0,0,0
2001,130273,1,1,0,0,0,0,0,0,0,0,0,0
2001,130274,0,1,0,0,0,0,20,14,0,0,0,0
2001,130274,0,2,0,0,0,0,0,0,0,16,0,0
2001,130274,1,1,0,0,0,0,0,0,0,0,0,0
2001,130275,0,1,18,18,18,18,18,18,18,18,18,18
2001,130275,1,1,0,0,0,0,0,0,0,0,0,0
2001,130276,1,1,0,0,0,0,0,0,0,0,0,0
2001,130276,2,1,0,0,0,0,0,0,0,0,0,0
2001,130277,1,1,0,0,0,0,0,0,0,0,0,0
2001,130277,2,1,0,0,0,0,0,0,0,0,0,0
2001,130278,1,1,0,0,0,0,0,0,0,5,0,0
2001,130278,2,1,0,0,0,0,0,0,0,0,0,0
2001,130279,1,1,0,0,0,0,0,0,0,0,0,0
2001,130279,2,1,8,8,8,8,8,8,8,8,8,8
2001,130280,1,1,0,0,0,0,0,0,0,0,0,0
2001,130280,2,1,0,0,0,0,0,0,0,0,0,0
2001,130281,1,1,0,0,0,0,0,0,0,0,0,0
2001,130281,2,1,0,0,0,0,0,0,0,0,0,0
2001,130282,1,1,0,0,0,0,0,0,0,0,0,0
2001,130282,2,1,0,0,0,0,0,0,0,0,0,0
2001,130282,3,1,0,0,0,0,0,0,0,0,0,0
2001,130283,1,1,11,11,11,11,11,11,11,11,11,11
2001,130284,1,1,0,0,0,0,0,0,0,0,0,0
2001,130284,2,1,0,0,0,0,0,0,0,0,0,0
2001,130285,1,1,0,0,0,0,0,0,0,0,0,0
2001,130286,0,1,28,28,28,28,28,28,28,28,28,28
2001,130286,2,1,0,0,0,0,0,0,0,0,0,0
2001,130287,1,1,0,0,0,0,0,0,0,0,0,0
2001,130288,1,1,17,17,17,17,17,17,17,17,17,17
2001,130288,2,1,0,0,0,0,0,0,0,0,0,0
2001,130289,1,1,0,0,0,0,0,0,0,0,0,0
2001,130290,1,1,0,0,0,0,0,0,0,0,0,0
2001,130290,2,1,0,0,0,0,0,0,0,0,0,8
2001,130291,0,1,17,22,17,23,0,13,16,0,0,32
2001,130291,0,2,0,0,0,0,0,0,0,0,0,0
2001,130291,1,1,0,0,0,0,0,0,0,0,0,0
2001,130292,1,1,0,0,0,0,0,0,0,0,0,0
2001,130292,2,1,0,0,0,0,0,0,0,0,0,0
2001,130293,1,1,0,0,0,0,0,0,0,0,0,0
2001,130294,1,1,0,0,0,0,0,0,0,0,0,0
2001,130294,2,1,0,0,0,0,0,0,0,0,0,0
2001,130295,1,1,0,0,0,0,0,0,0,0,0,0
2001,130295,2,1,0,0,0,0,0,0,0,0,0,0
2001,130296,1,1,0,5,0,0,0,0,0,0,0,0
2001,130297,1,1,0,0,0,0,0,0,0,0,0,0
2001,130297,2,1,0,0,0,0,0,0,0,0,0,0
2001,130298,1,1,0,0,0,0,0,0,0,0,0,0
2001,130298,2,1,0,0,0,0,0,0,0,0,0,0
2001,130299,1,1,0,0,0,0,0,0,0,0,0,0
2001,130300,1,1,0,0,0,0,0,0,0,0,0,0
2001,130301,1,1,0,0,0,0,0,0,0,0,0,0
2001,130301,2,1,0,0,0,0,0,0,0,0,0,0
2001,130302,1,1,22,0,26,0,2,21,0,29,31,0
2001,130302,2,1,0,0,0,0,0,0,0,0,0,0
2001,130302,3,1,0,0,0,0,0,0,0,0,0,0
2001,130303,1,1,0,0,0,0,0,0,0,0,0,0
2001,130303,2,1,0,0,0,0,0,0,0,0,0,0
2001,130304,1,1,0,0,0,0,0,0,0,0,0,0
2001,130305,1,1,0,0,0,0,0,0,0,0,0,0
2001,130306,1,1,0,0,0,0,0,0,0,0,0,0
2001,130306,2,1,0,0,0,0,0,0,0,0,0,0
2001,130307,1,1,23,23,23,23,23,23,23,23,23,23
2001,130308,1,1,0,0,0,0,0,0,0,0,0,0
2001,130308,2,1,0,0,0,0,0,0,0,0,0,0
2001,130309,1,1,0,0,0,0,0,0,0,0,0,0
2001,130309,2,1,0,0,0,0,0,0,0,0,0,0
2001,130310,1,1,0,0,0,0,0,0,0,0,0,0
2001,130310,2,1,0,0,0,0,0,0,0,0,0,0
2001,130311,0,1,33,33,33,33,33,33,33,33,33,33
2001,130311,1,1,0,0,0,0,0,0,0,0,0,0
2001,130312,1,1,0,0,0,0,0,0,0,0,0,0
2001,130313,1,1,0,0,0,0,0,0,0,0,0,0
2001,130313,2,1,0,0,0,0,0,0,0,0,0,0
2001,130314,1,1,0,0,0,0,0,0,0,0,0,0
2001,130314,2,1,1,1,1,1,1,1,1,1,1,1
2001,130315,0,1,0,0,0,0,0,0,0,0,0,0
2001,130315,1,1,0,0,0,0,0,0,0,0,0,0
2001,130316,1,1,0,0,0,0,0,0,0,0,0,0
2001,130316,2,1,2,2,2,2,2,2,2,2,2,2
2001,130316,3,1,0,0,0,0,0,0,0,0,0,0
2001,130317,1,1,2,2,2,2,2,2,2,2,2,2
2001,130317,2,1,0,0,0,0,0,0,0,0,0,0
2001,130318,1,1,22,11,27,21,0,4,12,21,15,16
2001,130319,1,1,0,0,0,0,0,0,0,0,0,0
2001,130319,2,1,0,0,21,0,0,0,0,0,0,20
2001,130320,0,1,0,0,0,0,0,0,0,0,0,0
2001,130320,1,1,0,0,0,0,0,0,0,0,0,0
2001,130321,1,1,0,0,0,0,0,0,0,0,0,0
2001,130321,2,1,0,0,0,0,0,0,0,0,0,0
2001,130321,3,1,0,0,0,0,0,0,0,0,0,0
2001,130322,1,1,0,0,0,0,0,0,0,0,0,0
2001,130322,2,1,0,0,0,0,0,0,0,0,0,0
2001,130323,1,1,0,0,0,0,0,0,0,0,0,0
2001,130324,1,1,26,26,26,26,26,26,26,26,26,26
2001,130325,1,1,0,0,0,0,0,0,0,0,0,16
2001,130326,1,1,0,0,0,0,0,0,0,0,0,0
2001,130326,2,1,0,0,0,0,0,0,0,0,0,0
2001,130326,3,1,0,0,0,0,0,0,0,0,0,0
2001,130327,1,1,0,0,0,0,0,0,0,0,0,0
2001,130328,1,1,3,3,3,3,3,3,3,3,3,3
2001,130328,2,1,0,0,0,0,0,0,0,0,0,0
2001,130329,1,1,0,0,0,0,0,0,0,0,0,0
2001,130329,2,1,0,0,0,0,0,0,0,0,0,0
2001,130330,0,1,0,0,13,18,21,44,0,12,0,0
2001,130330,1,1,0,0,0,0,0,0,0,0,0,0
2001,130331,1,1,0,0,0,0,0,0,0,0,0,0
2001,130331,2,1,0,0,0,0,0,0,0,0,0,0
2001,130332,1,1,0,0,0,0,0,0,0,0,0,0
2001,130332,2,1,0,0,0,0,0,0,0,0,0,0
2001,130333,1,1,0,0,0,0,0,0,0,0,0,0
2001,130334,1,1,27,27,27,27,27,27,27,27,27,27
2001,130335,1,1,0,0,0,0,0,0,0,0,0,0
2001,130335,2,1,0,0,19,0,4,0,5,7,0,8
2001,130336,0,1,11,0,4,13,0,0,0,0,0,0
2001,130336,1,1,0,0,0,0,0,0,0,0,0,0
2001,130336,2,1,0,0,0,0,0,0,0,0,0,0
2001,130337,1,1,0,0,0,0,0,0,0,0,0,0
2001,130337,2,1,0,0,0,0,0,0,0,0,0,0
2001,130338,1,1,6,6,6,6,6,6,6,6,6,6
2001,130339,0,1,0,0,0,0,0,0,0,0,0,0
2001,130339,1,1,0,0,0,0,0,0,0,0,0,0
2001,130340,1,1,6,6,6,6,6,6,6,6,6,6
2001,130341,1,1,14,14,14,14,14,14,14,14,14,14
2001,130341,2,1,0,0,0,0,0,0,0,0,0,0
2001,130342,1,1,0,9,0,0,0,0,0,0,0,0
2001,130342,2,1,0,0,0,0,0,0,0,0,0,0
2001,130343,1,1,19,19,19,19,19,19,19,19,19,19
2001,130344,1,1,0,0,0,0,0,0,0,0,0,0
2001,130345,1,1,0,0,0,0,0,0,0,0,0,0
2001,130346,1,1,0,0,0,0,0,0,0,0,0,0
2001,130347,1,1,17,17,17,17,17,17,17,17,17,17
2001,130348,1,1,21,21,21,21,21,21,21,21,21,21
2001,130349,0,1,0,6,0,0,0,0,0,0,0,0
2001,130349,1,1,0,0,0,0,0,0,0,0,0,0
2001,130350,1,1,0,0,0,0,0,0,0,0,0,0
2001,130350,2,1,0,0,0,0,0,0,0,0,0,0
2001,130351,1,1,14,15,13,3,5,10,22,17,18,20
2001,130351,2,1,0,0,0,0,0,0,0,0,0,0
2001,130351,3,1,0,0,0,0,0,0,0,0,0,0
2001,130351,4,1,0,0,0,0,0,0,0,0,0,0
2001,130352,1,1,0,0,0,0,0,0,0,0,0,0
2001,130353,1,1,0,0,0,0,0,0,0,0,0,0
2001,130354,1,1,8,8,8,8,8,8,8,8,8,8
2001,130355,1,1,0,0,0,0,0,0,0,0,0,0
2001,130356,1,1,16,34,20,8,9,25,18,5,25,15
2001,130357,1,1,0,0,0,0,0,0,0,0,0,0
2001,130357,2,1,0,0,0,0,0,0,0,0,0,0
2001,130357,3,1,0,0,0,0,0,0,0,0,0,0
2001,130358,1,1,0,0,0,0,0,0,0,0,0,0
2001,130358,2,1,0,0,0,0,0,0,0,0,0,0
2001,130359,1,1,0,0,0,0,0,0,0,0,0,0
2001,130360,1,1,0,0,0,0,0,0,0,0,0,0
2001,130360,2,1,0,0,0,0,0,0,0,0,0,0
2001,130361,0,1,0,0,0,0,0,0,0,0,0,0
2001,130361,1,1,0,0,0,0,0,0,0,0,0,0
2001,130362,1,1,22,18,0,0,11,0,19,10,14,27
2001,130362,2,1,7,11,0,15,24,0,23,11,0,8
2001,130363,1,1,18,18,18,18,18,18,18,18,18,18
2001,130364,1,1,15,10,0,0,0,14,0,11,16,6
2001,130365,1,1,0,0,0,0,0,0,0,0,0,0
2001,130365,2,1,0,0,0,0,0,0,0,0,0,0
2001,130365,3,1,0,0,0,0,0,0,0,0,0,0
2001,130366,1,1,0,0,0,0,0,0,0,0,0,0
2001,130367,1,1,0,0,0,0,0,0,0,0,0,0
2001,130367,2,1,0,0,0,0,0,0,0,0,0,0
2001,130368,1,1,0,0,0,0,0,0,0,0,0,0
2001,130368,2,1,0,0,0,0,0,0,0,0,0,0
2001,130369,1,1,0,0,0,0,0,0,0,0,0,0
2001,130370,1,1,19,19,19,19,19,19,19,19,19,19
2001,130371,1,1,0,0,0,0,0,0,0,0,0,0
2001,130371,2,1,0,0,0,0,0,0,0,0,0,0
2001,130372,1,1,0,0,0,0,0,0,0,0,0,0
2001,130372,2,1,0,0,0,0,0,0,0,0,0,0
2001,130372,3,1,0,0,0,0,0,0,0,0,0,0
2001,130373,0,1,19,0,0,0,11,26,0,0,6,25
2001,130373,1,1,0,0,6,0,0,0,0,0,0,18
2001,130374,0,1,0,0,0,0,0,0,0,0,0,0
2001,130374,1,1,0,0,0,0,0,0,0,0,0,0
2001,130375,1,1,0,0,0,0,0,0,0,0,0,0
2001,130376,1,1,13,13,13,13,13,13,13,13,13,13
2001,130377,1,1,0,0,0,0,0,0,0,0,0,0
2001,130377,2,1,4,0,0,0,21,0,0,17,0,0
2001,130378,0,1,29,29,29,29,29,29,29,29,29,29
2001,130378,1,1,5,5,5,5,5,5,5,5,5,5
2001,130379,1,1,0,0,0,0,0,0,0,0,0,0
2001,130379,2,1,0,0,0,0,0,0,0,0,0,0
2001,130380,1,1,15,15,15,15,15,15,15,15,15,15
2001,130381,1,1,16,16,16,16,16,16,16,16,16,16
2001,130381,2,1,0,0,0,0,0,0,0,0,0,0
2001,130382,1,1,11,11,11,11,11,11,11,11,11,11
2001,130383,1,1,0,0,0,0,0,0,0,0,0,0
2001,130384,1,1,11,11,11,11,11,11,11,11,11,11
2001,130385,1,1,0,0,0,0,0,0,0,0,0,0
2001,130385,2,1,0,0,0,0,0,0,0,0,0,0
2001,130386,0,1,0,0,0,0,0,0,0,0,0,0
2001,130386,1,1,24,0,28,0,24,14,5,0,0,0
2001,130387,1,1,0,0,0,0,0,0,0,0,0,0
2001,130388,0,1,0,0,0,0,0,0,0,0,0,0
2001,130388,1,1,0,0,0,0,0,0,0,0,0,0
2001,130389,1,1,0,0,0,0,0,0,0,0,0,0
2001,130390,1,1,3,3,3,3,3,3,3,3,3,3
2001,130390,2,1,0,0,0,0,0,0,0,0,0,0
2001,130391,1,1,0,0,0,0,0,0,0,0,0,0
2001,130391,2,1,0,0,0,0,0,0,0,0,0,0
2001,130392,1,1,0,0,0,0,0,0,0,0,0,0
2001,130392,2,1,0,0,0,0,0,0,0,0,0,0
2001,130393,1,1,0,0,0,0,0,0,0,0,0,0
2001,130394,1,1,7,7,7,7,7,7,7,7,7,7
2001,130395,1,1,0,0,0,0,0,0,0,0,0,0
2001,130396,1,1,0,0,0,0,0,0,0,0,0,0
2001,130397,1,1,23,23,23,23,23,23,23,23,23,23
2001,130397,2,1,0,0,0,0,0,0,0,0,0,0
2001,130397,3,1,0,0,0,0,0,0,0,0,0,0
2001,130398,0,1,0,0,0,0,0,0,0,0,0,18
2001,130398,1,1,0,0,0,0,0,0,11,0,0,0
2001,130399,1,1,0,0,0,0,0,0,0,0,0,0
2001,130399,2,1,0,0,0,0,0,0,0,0,0,0
2001,130400,1,1,0,0,0,0,0,0,0,0,0,0
2001,130400,2,1,0,0,0,0,0,0,0,0,0,0
2001,130400,3,1,0,0,0,0,0,0,0,0,0,0
2001,130400,4,1,0,0,0,0,0,0,0,0,0,0
2001,130401,1,1,11,11,11,11,11,11,11,11,11,11
2001,130402,0,1,0,0,36,0,0,0,0,0,0,0
2001,130402,1,1,0,0,0,0,0,0,0,0,0,0
2001,130403,1,1,0,0,10,23,0,0,22,24,19,16
2001,130404,1,1,0,0,0,0,0,0,0,0,0,0
2001,130404,2,1,0,0,0,0,0,0,0,0,0,0
2001,130405,1,1,0,0,0,0,0,0,0,0,0,0
2001,130405,2,1,0,0,0,0,0,0,0,0,0,0
2001,130406,1,1,24,0,7,0,0,0,0,5,19,0
2001,130407,1,1,0,0,0,0,0,0,0,0,0,0
2001,130407,2,1,0,0,0,0,0,0,0,0,0,0
2001,130407,3,1,0,0,0,0,0,0,0,0,0,0
2001,130407,4,1,0,0,0,0,0,0,0,0,0,0
2001,130407,5,1,0,0,0,0,0,0,0,0,0,0
2001,130407,6,1,0,0,0,0,0,0,0,0,0,0
2001,130407,7,1,0,0,0,0,0,0,0,0,0,0
2001,130407,8,1,0,0,0,0,0,0,0,0,0,0
2001,130407,9,1,0,0,0,0,0,0,0,0,0,0
2001,130407,10,1,0,0,0,0,0,0,0,0,0,0
2001,130407,11,1,0,0,0,0,0,0,0,0,0,0
2001,130407,12,1,0,0,0,0,0,0,0,0,0,0
2001,130407,13,1,0,0,0,0,0,0,0,0,0,0
2001,130407,14,1,0,0,0,0,0,0,0,0,0,0
2001,130407,15,1,20,20,20,20,20,20,20,20,20,20
2001,130408,1,1,0,0,0,0,0,0,0,0,0,0
2001,130408,2,1,0,0,0,0,0,0,0,0,0,0
2001,130409,1,1,17,3,0,19,18,12,4,10,0,25
2001,130410,1,1,0,0,0,0,0,0,0,0,0,0
2001,130411,0,1,22,8,0,9,0,0,0,28,0,3
2001,130411,1,1,0,0,0,0,0,0,0,0,0,0
2001,130411,2,1,0,0,25,0,0,0,0,0,0,0
2001,130412,1,1,0,0,0,0,0,0,0,0,0,0
2001,130413,1,1,15,15,15,15,15,15,15,15,15,15
2001,130414,1,1,0,0,0,0,0,0,0,0,0,0
2001,130414,2,1,0,0,0,0,0,0,0,0,0,0
2001,130415,1,1,34,34,34,34,34,34,34,34,34,34
2001,130415,2,1,0,0,0,0,0,0,0,0,0,0
2001,130416,1,1,17,17,17,17,17,17,17,17,17,17
2001,130417,0,1,0,0,0,0,0,0,0,0,0,0
2001,130417,1,1,0,0,0,0,0,0,0,0,0,0
2001,130418,1,1,0,0,0,0,0,0,0,0,0,0
2001,130418,2,1,0,22,15,0,17,0,0,0,0,0
2001,130418,3,1,0,0,0,0,0,0,0,0,0,0
2001,130418,4,1,0,0,0,0,0,18,0,0,0,0
2001,130418,5,1,0,0,0,0,0,0,0,0,0,0
2001,130419,1,1,18,18,18,18,18,18,18,18,18,18
2001,130420,1,1,0,0,0,0,0,0,0,0,0,0
2001,130421,0,1,4,4,4,4,4,4,4,4,4,4
2001,130421,1,1,0,0,0,0,0,0,0,0,0,0
2001,130422,1,1,0,0,0,0,0,0,0,0,0,0
2001,130423,0,1,0,0,0,0,0,0,0,0,0,0
2001,130423,1,1,0,0,0,0,0,0,0,0,0,0
2001,130424,1,1,6,6,6,6,6,6,6,6,6,6
2001,130425,1,1,27,27,27,27,27,27,27,27,27,27
2001,130426,1,1,0,0,0,0,0,0,0,0,0,0
2001,130426,2,1,0,0,0,0,0,0,0,0,0,0
2001,130427,1,1,0,0,0,0,0,0,0,0,0,0
2001,130427,2,1,0,0,0,0,0,0,0,0,0,0
2001,130427,3,1,0,0,0,0,0,0,0,0,0,0
2001,130427,4,1,0,0,0,0,0,0,0,0,0,0
2001,130427,5,1,5,0,0,0,0,0,0,0,0,0
2001,130427,6,1,0,0,0,0,0,0,0,0,0,0
2001,130427,7,1,0,0,0,0,0,0,0,0,0,0
2001,130428,1,1,0,0,0,0,0,0,0,0,0,0
2001,130428,2,1,0,0,0,0,0,0,0,0,0,0
2001,130428,3,1,0,0,0,0,0,0,0,0,0,0
2001,130429,1,1,0,0,0,0,0,0,0,0,0,0
2001,130429,2,1,0,0,0,0,0,0,0,0,0,0
2001,130430,1,1,0,0,0,0,0,0,0,0,0,0
2001,130430,2,1,0,0,0,0,0,0,0,0,0,0
2001,130430,3,1,0,0,0,0,0,0,0,0,0,0
2001,130430,4,1,0,0,0,0,0,0,0,0,0,0
2001,130431,1,1,0,0,0,0,0,0,0,0,0,0
2001,130431,2,1,0,0,0,0,0,0,0,0,0,0
2001,130432,1,1,0,0,0,0,0,0,0,0,0,0
2001,130433,1,1,0,0,0,0,0,0,0,0,0,0
2001,130433,2,1,0,0,0,0,0,0,0,0,0,0
2001,130434,1,1,19,0,13,26,18,0,36,0,21,13
2001,130435,1,1,0,0,0,0,0,0,0,0,0,0
2001,130436,0,1,17,0,26,18,25,0,16,0,0,0
2001,130436,1,1,21,6,13,6,9,21,5,7,23,9
2001,130437,1,1,25,25,25,25,25,25,25,25,25,25
2001,130438,1,1,0,0,0,0,0,0,0,0,0,0
2001,130439,1,1,0,0,0,0,0,0,0,0,0,0
2001,130439,2,1,0,0,0,0,0,0,0,0,0,0
2001,130440,1,1,0,0,0,0,0,0,0,0,0,0
2001,130440,2,1,0,0,0,0,0,0,0,0,0,0
2001,130441,1,1,11,11,11,11,11,11,11,11,11,11
2001,130442,1,1,0,0,0,0,0,0,0,0,0,0
2001,130442,2,1,0,0,0,0,0,0,0,0,0,0
2001,130443,1,1,0,0,0,0,0,0,0,0,0,0
2001,130443,2,1,0,0,0,0,0,0,0,0,0,0