YEAR,st_case,veh_no,per_no,P1,P2,P3,P4,P5,P6,P7,P8,P9,P10
2001,130444,1,1,17,17,17,17,17,17,17,17,17,17
2001,130445,1,1,0,0,0,0,0,0,0,0,0,0
2001,130445,2,1,0,0,0,0,0,0,0,0,0,19
2001,130446,0,1,8,8,8,8,8,8,8,8,8,8
2001,130446,1,1,0,0,0,0,0,0,0,0,0,0
2001,130447,1,1,0,0,0,0,0,0,0,0,0,0
2001,130448,1,1,20,20,20,20,20,20,20,20,20,20
2001,130449,0,1,0,26,17,0,26,31,17,0,28,21
2001,130449,1,1,6,7,13,19,16,14,11,15,14,0
2001,130450,1,1,0,0,0,8,0,11,21,0,0,0
2001,130450,2,1,0,0,0,0,0,0,0,0,0,0
2001,130451,1,1,0,0,0,0,0,0,0,0,0,0
2001,130451,2,1,0,0,0,0,0,0,0,0,0,0
2001,130452,1,1,0,0,0,0,0,0,0,0,0,0
2001,130452,2,1,0,0,0,0,0,0,0,0,0,0
2001,130453,1,1,0,0,0,0,9,0,0,0,0,0
2001,130454,1,1,0,0,0,0,0,0,0,0,0,0
2001,130454,2,1,0,0,0,0,0,0,0,0,0,0
2001,130455,1,1,0,0,0,0,0,0,0,0,0,0
2001,130456,1,1,0,0,0,0,0,0,0,0,0,0
2001,130456,2,1,0,0,0,0,0,0,0,0,0,0
2001,130457,1,1,22,20,12,27,18,9,7,0,14,19
2001,130458,1,1,12,15,26,46,13,13,16,29,20,13
2001,130459,1,1,0,0,0,0,0,0,0,0,0,0
2001,130459,2,1,0,0,0,0,0,0,0,0,0,0
2001,130460,0,1,0,0,0,0,0,0,0,0,0,0
2001,130460,1,1,0,0,0,0,0,0,0,0,0,0
2001,130461,1,1,0,0,0,0,0,0,0,0,0,0
2001,130462,1,1,0,0,0,0,0,0,0,0,0,0
2001,130463,1,1,14,14,14,14,14,14,14,14,14,14
2001,130464,1,1,0,0,0,0,0,0,0,0,0,0
2001,130464,2,1,0,0,0,0,0,0,0,0,0,0
2001,130464,3,1,0,0,0,0,0,0,0,0,0,0
2001,130465,1,1,0,0,0,0,0,0,0,0,0,0
2001,130466,1,1,0,0,0,0,0,0,0,0,0,0
2001,130466,2,1,0,0,0,0,0,0,0,0,0,0
2001,130467,0,1,0,0,0,0,0,0,0,0,0,0
2001,130467,1,1,0,0,0,0,0,0,0,0,0,0
2001,130468,1,1,0,0,0,0,0,0,0,0,0,0
2001,130469,0,1,0,0,0,0,0,0,0,0,0,0
2001,130469,1,1,0,0,0,0,0,0,0,0,0,0
2001,130470,1,1,0,16,0,0,22,0,11,26,0,0
2001,130471,1,1,13,13,13,13,13,13,13,13,13,13
2001,130471,2,1,0,0,0,0,0,0,0,0,0,0
2001,130471,3,1,0,0,0,0,0,0,0,0,0,0
2001,130471,4,1,0,0,0,0,0,0,0,0,0,0
2001,130471,5,1,0,0,0,0,0,0,0,0,0,0
2001,130472,1,1,0,0,0,0,0,0,0,0,0,0
2001,130472,2,1,0,0,0,0,0,0,0,0,0,0
2001,130473,1,1,0,0,0,0,0,0,0,0,0,0
2001,130473,2,1,0,0,0,0,0,0,0,0,0,0
2001,130474,1,1,0,0,0,0,0,0,0,0,0,0
2001,130475,1,1,3,3,3,3,3,3,3,3,3,3
2001,130476,1,1,0,0,0,0,0,0,0,0,0,0
2001,130476,2,1,0,0,0,0,0,0,0,0,0,0
2001,130477,1,1,18,18,18,18,18,18,18,18,18,18
2001,130478,1,1,0,0,0,0,0,0,0,0,0,0
2001,130478,2,1,0,0,0,0,0,0,0,0,0,0
2001,130479,1,1,23,23,23,23,23,23,23,23,23,23
2001,130480,1,1,0,0,0,0,0,0,0,0,0,0
2001,130481,0,1,17,0,19,11,25,0,18,0,0,10
2001,130481,1,1,0,0,0,0,0,0,0,0,0,0
2001,130482,0,1,0,0,0,0,0,0,0,0,0,0
2001,130482,1,1,0,0,0,0,0,0,0,0,0,0
2001,130483,0,1,0,0,0,0,0,0,0,0,0,0
2001,130483,1,1,0,0,0,0,0,0,0,0,0,0
2001,130484,1,1,21,0,14,18,22,0,0,0,0,27
2001,130484,2,1,0,0,0,0,0,0,0,0,0,0
2001,130485,1,1,0,0,0,0,0,0,0,0,0,0
2001,130485,2,1,0,0,0,0,0,0,0,0,0,0
2001,130486,1,1,0,0,0,0,0,0,0,0,0,0
2001,130487,1,1,0,0,0,0,0,0,0,0,0,0
2001,130487,2,1,0,0,0,0,0,0,0,0,0,0
2001,130487,3,1,0,0,0,0,0,0,0,8,0,0
2001,130488,1,1,2,2,2,2,2,2,2,2,2,2
2001,130488,2,1,0,0,0,0,0,0,0,0,0,0
2001,130489,1,1,0,0,0,0,0,0,0,0,0,0
2001,130489,2,1,0,0,0,0,0,0,0,0,0,0
2001,130490,0,1,0,0,0,0,0,0,0,0,0,0
2001,130490,1,1,0,0,0,0,0,0,0,0,0,0
2001,130491,1,1,0,0,0,0,0,0,0,0,0,0
2001,130491,2,1,0,0,0,0,0,0,0,0,0,0
2001,130492,1,1,18,18,18,18,18,18,18,18,18,18
2001,130493,1,1,29,11,6,15,18,14,19,16,13,15
2001,130494,1,1,0,0,0,0,0,0,0,0,0,0
2001,130495,1,1,0,0,0,0,0,0,0,0,0,0
2001,130495,2,1,0,0,0,0,0,0,0,0,0,0
2001,130496,1,1,26,26,26,26,26,26,26,26,26,26
2001,130497,1,1,0,0,0,0,0,0,0,0,0,0
2001,130498,1,1,26,26,26,26,26,26,26,26,26,26
2001,130499,0,1,28,28,28,28,28,28,28,28,28,28
2001,130499,1,1,0,0,0,0,0,0,0,0,0,0
2001,130500,0,1,26,26,26,26,26,26,26,26,26,26
2001,130500,1,1,0,0,0,0,0,0,0,0,0,0
2001,130501,1,1,0,0,0,0,0,0,0,0,0,0
2001,130501,2,1,0,0,0,0,0,0,0,0,0,0
2001,130502,1,1,16,0,0,0,24,0,0,0,0,0
2001,130502,2,1,0,0,0,0,0,0,0,0,0,0
2001,130503,1,1,0,0,0,0,0,0,0,0,0,0
2001,130503,2,1,0,0,0,0,0,0,0,0,0,0
2001,130504,1,1,0,0,0,0,0,0,0,0,0,0
2001,130505,1,1,14,14,14,14,14,14,14,14,14,14
2001,130506,1,1,0,0,0,0,0,0,0,0,0,0
2001,130506,2,1,0,0,0,0,0,0,0,0,0,0
2001,130507,1,1,0,0,0,0,0,0,0,0,0,0
2001,130508,1,1,0,0,0,0,0,0,0,0,0,0
2001,130508,2,1,0,0,0,0,0,0,0,0,0,0
2001,130509,1,1,14,14,14,14,14,14,14,14,14,14
2001,130509,2,1,0,0,0,0,0,0,0,0,0,0
2001,130510,1,1,0,0,0,0,0,0,0,0,0,0
2001,130510,2,1,0,0,0,0,0,0,0,0,0,0
2001,130511,1,1,0,0,0,0,0,0,0,0,0,0
2001,130512,1,1,0,0,0,0,0,0,0,0,0,0
2001,130513,1,1,12,12,12,12,12,12,12,12,12,12
2001,130513,2,1,25,0,0,0,10,0,0,0,9,13
2001,130514,0,1,0,0,0,0,0,0,0,0,0,0
2001,130514,2,1,0,0,0,0,0,0,0,0,0,0
2001,130515,1,1,0,0,0,0,0,0,0,0,0,0
2001,130515,2,1,0,0,0,0,0,0,0,0,0,0
2001,130516,0,1,15,15,15,15,15,15,15,15,15,15
2001,130516,1,1,0,0,0,0,0,0,0,0,0,0
2001,130517,1,1,0,0,0,0,0,0,0,0,0,0
2001,130518,1,1,0,0,0,0,0,0,0,0,0,0
2001,130519,1,1,0,0,0,0,0,0,0,0,0,0
2001,130519,2,1,0,0,0,0,0,0,0,0,0,0
2001,130520,1,1,0,0,0,0,0,0,0,0,0,0
2001,130521,1,1,18,18,18,18,18,18,18,18,18,18
2001,130521,2,1,0,0,0,11,0,0,0,0,0,0
2001,130522,1,1,1,1,1,1,1,1,1,1,1,1
2001,130523,1,1,0,0,0,0,0,0,0,0,0,0
2001,130523,2,1,0,0,0,0,0,0,0,0,0,0
2001,130524,1,1,22,22,22,22,22,22,22,22,22,22
2001,130525,1,1,0,0,0,0,0,0,0,0,0,0
2001,130525,2,1,0,0,0,0,0,0,0,0,0,0
2001,130526,0,1,0,0,0,0,0,0,0,0,0,0
2001,130526,1,1,0,0,0,0,0,0,0,0,0,0
2001,130527,1,1,0,0,0,0,0,0,0,0,0,0
2001,130528,1,1,0,0,0,0,10,0,0,0,11,0
2001,130529,1,1,10,10,10,10,10,10,10,10,10,10
2001,130530,1,1,0,0,0,0,0,0,0,0,0,0
2001,130530,2,1,0,0,0,0,0,0,0,0,0,0
2001,130531,1,1,0,0,0,0,0,0,0,0,0,0
2001,130531,2,1,0,0,0,0,0,0,0,0,0,0
2001,130532,1,1,0,0,0,0,0,0,0,0,0,0
2001,130532,2,1,15,24,17,0,15,0,21,0,0,14
2001,130533,1,1,0,0,0,0,0,0,0,0,0,0
2001,130534,1,1,0,0,0,0,0,0,0,0,0,0
2001,130535,1,1,6,6,6,6,6,6,6,6,6,6
2001,130535,2,1,0,0,0,0,0,0,0,0,0,0
2001,130536,1,1,0,0,0,0,0,0,0,0,0,0
2001,130536,2,1,0,0,0,0,0,0,0,0,0,0
2001,130536,3,1,0,0,0,0,0,0,0,0,0,0
2001,130537,1,1,0,0,0,0,0,0,0,0,0,0
2001,130537,2,1,0,0,0,0,0,0,0,0,0,0
2001,130537,3,1,0,0,0,0,0,0,0,0,0,0
2001,130537,4,1,0,0,0,0,0,0,0,0,0,0
2001,130537,5,1,0,0,0,0,0,0,0,0,0,0
2001,130537,6,1,0,0,0,0,0,0,0,0,0,0
2001,130538,1,1,15,15,15,15,15,15,15,15,15,15
2001,130539,1,1,14,0,0,19,0,0,4,0,0,5
2001,130540,1,1,0,0,0,0,0,0,0,0,0,0
2001,130541,1,1,0,0,0,0,0,0,0,0,0,0
2001,130541,2,1,0,0,0,0,0,0,0,0,0,0
2001,130542,1,1,0,0,0,0,0,0,0,0,0,0
2001,130542,2,1,0,0,0,0,0,0,0,0,0,0
2001,130543,1,1,0,0,0,0,0,0,0,0,0,0
2001,130543,2,1,0,0,0,0,0,0,0,0,0,0
2001,130544,1,1,0,0,0,0,0,0,0,0,0,0
2001,130544,2,1,0,0,0,0,0,0,0,0,0,0
2001,130545,1,1,10,10,10,10,10,10,10,10,10,10
2001,130546,1,1,0,0,0,0,0,0,0,0,0,0
2001,130546,2,1,0,0,0,0,0,0,0,0,0,0
2001,130547,1,1,0,0,0,0,0,0,0,0,0,0
2001,130547,2,1,0,0,0,0,0,0,0,0,0,0
2001,130548,1,1,19,19,19,19,19,19,19,19,19,19
2001,130549,1,1,0,0,0,0,0,0,0,0,0,0
2001,130549,2,1,0,0,0,0,0,0,0,0,0,0
2001,130550,1,1,16,16,16,16,16,16,16,16,16,16
2001,130551,1,1,0,0,0,0,0,9,0,0,0,0
2001,130551,2,1,0,0,0,0,0,6,0,0,0,8
2001,130552,1,1,18,14,18,11,24,14,15,29,17,19
2001,130553,1,1,0,0,0,0,0,0,0,0,0,0
2001,130553,2,1,0,0,0,0,0,0,0,0,0,0
2001,130553,3,1,0,0,0,0,0,0,0,0,0,0
2001,130554,1,1,13,13,13,13,13,13,13,13,13,13
2001,130555,1,1,0,0,0,0,0,0,0,0,0,0
2001,130555,2,1,0,0,0,0,0,0,0,0,0,0
2001,130555,3,1,0,0,0,0,0,0,0,0,0,0
2001,130556,0,1,0,0,0,0,0,0,0,0,0,0
2001,130556,1,1,0,0,0,0,0,0,0,0,0,0
2001,130557,1,1,4,4,4,4,4,4,4,4,4,4
2001,130557,2,1,0,0,0,0,0,0,0,0,0,0
2001,130558,1,1,1,1,1,1,1,1,1,1,1,1
2001,130559,1,1,9,9,9,9,9,9,9,9,9,9
2001,130559,2,1,0,0,0,0,10,0,0,13,0,16
2001,130559,3,1,0,0,0,0,0,0,0,0,0,0
2001,130560,1,1,0,0,0,0,0,0,0,0,0,0
2001,130560,2,1,0,0,0,0,0,0,0,0,0,0
2001,130561,1,1,0,0,0,0,0,0,0,0,0,0
2001,130561,2,1,0,0,0,0,0,0,0,0,0,0
2001,130562,1,1,0,16,0,0,0,0,0,4,0,0
2001,130562,2,1,0,0,8,0,0,0,0,18,0,0
2001,130562,3,1,0,0,0,0,0,0,0,0,0,0
2001,130562,4,1,0,0,0,0,0,0,0,0,0,0
2001,130563,1,1,0,0,0,0,0,0,0,0,0,0
2001,130563,2,1,0,0,0,0,0,0,0,0,0,0
2001,130564,1,1,0,0,0,0,0,0,0,0,0,0
2001,130565,1,1,0,0,0,0,0,0,0,0,0,0
2001,130566,1,1,0,0,0,0,13,0,34,0,0,17
2001,130566,2,1,0,0,0,0,0,0,7,0,14,0
2001,130567,1,1,0,6,5,31,20,0,0,11,12,0
2001,130567,2,1,0,0,0,0,0,0,0,0,0,0
2001,130568,1,1,0,0,0,8,0,0,0,0,0,0
2001,130568,2,1,0,0,0,0,0,0,0,0,0,0
2001,130569,0,1,0,0,0,0,0,0,0,0,0,0
2001,130569,1,1,0,15,0,0,0,28,0,22,0,0
2001,130570,1,1,9,9,9,9,9,9,9,9,9,9
2001,130571,1,1,14,14,14,14,14,14,14,14,14,14
2001,130572,0,1,22,30,0,0,36,0,0,0,0,0
2001,130572,1,1,21,0,11,0,11,1,0,0,0,0
2001,130573,1,1,16,15,8,11,24,14,10,9,25,21
2001,130574,1,1,0,0,0,0,0,0,0,0,0,0
2001,130574,2,1,0,0,0,0,0,0,0,0,0,0
2001,130575,1,1,0,0,0,0,0,0,0,0,0,0
2001,130575,2,1,0,0,0,0,0,0,0,0,0,0
2001,130576,1,1,0,0,0,0,0,0,0,0,0,0
2001,130576,2,1,0,0,0,0,0,0,0,0,0,0
2001,130576,3,1,0,0,0,0,0,0,0,0,0,0
2001,130577,1,1,0,0,0,0,0,0,0,0,0,0
2001,130577,2,1,0,0,0,0,0,0,0,0,0,0
2001,130578,1,1,0,0,0,0,0,0,0,0,0,0
2001,130578,2,1,0,0,0,0,0,0,0,0,0,0
2001,130579,1,1,0,0,0,0,0,0,0,0,0,0
2001,130579,2,1,0,0,0,0,0,0,0,0,0,0
2001,130580,1,1,0,0,0,0,0,0,0,0,0,0
2001,130581,1,1,0,0,0,0,0,0,0,0,0,0
2001,130582,1,1,19,2,6,38,9,26,43,23,30,0
2001,130584,1,1,28,28,28,28,28,28,28,28,28,28
2001,130584,2,1,0,0,0,0,0,0,0,0,0,0
2001,130585,1,1,20,0,12,15,24,21,16,17,29,0
2001,130586,1,1,0,0,0,0,0,0,0,0,0,0
2001,130586,2,1,0,0,0,0,0,0,0,0,0,0
2001,130587,1,1,0,0,0,0,0,0,0,0,0,0
2001,130587,2,1,0,0,0,0,0,0,0,0,0,0
2001,130588,0,1,19,19,19,19,19,19,19,19,19,19
2001,130588,1,1,0,0,0,0,0,0,0,0,0,0
2001,130590,1,1,15,25,38,10,0,27,34,9,9,36
2001,130591,1,1,0,0,0,0,0,0,0,0,5,0
2001,130591,2,1,0,0,0,0,0,0,0,0,0,0
2001,130592,1,1,0,0,0,0,0,0,0,0,0,0
2001,130592,2,1,0,0,0,0,0,0,0,0,0,0
2001,130593,1,1,11,11,11,11,11,11,11,11,11,11
2001,130594,1,1,0,0,0,0,0,0,0,0,0,0
2001,130594,2,1,0,0,0,0,0,0,0,0,0,0
2001,130595,1,1,0,0,0,0,0,0,0,0,0,0
2001,130595,2,1,0,32,4,0,0,0,0,20,27,0
2001,130596,1,1,16,16,16,16,16,16,16,16,16,16
2001,130597,1,1,0,0,0,0,0,0,0,0,0,0
2001,130597,2,1,0,0,0,0,0,0,0,0,0,0
2001,130598,1,1,0,0,0,0,0,0,0,0,0,0
2001,130598,2,1,0,0,0,0,0,0,0,0,0,0
2001,130599,1,1,31,31,31,31,31,31,31,31,31,31
2001,130600,1,1,0,0,0,0,0,0,0,0,0,0
2001,130601,1,1,25,25,25,25,25,25,25,25,25,25
2001,130602,1,1,16,16,16,16,16,16,16,16,16,16
2001,130603,1,1,0,0,0,0,0,0,0,0,0,0
2001,130603,2,1,0,0,0,0,0,0,0,0,0,0
2001,130604,1,1,15,15,15,15,15,15,15,15,15,15
2001,130605,1,1,0,0,0,0,0,0,0,0,0,0
2001,130606,1,1,0,0,0,0,0,0,0,0,0,0
2001,130607,0,1,0,0,0,0,0,0,0,0,0,0
2001,130607,1,1,0,0,0,0,0,0,0,0,0,0
2001,130607,2,1,0,0,0,0,0,0,0,0,0,0
2001,130608,1,1,0,14,0,0,0,0,0,0,0,0
2001,130608,2,1,0,0,0,0,0,0,0,0,0,0
2001,130609,1,1,0,18,19,0,19,17,0,0,0,36
2001,130610,1,1,0,0,0,0,0,0,0,0,0,0
2001,130610,2,1,0,0,0,0,0,0,0,0,0,0
2001,130610,3,1,0,0,0,0,0,0,0,0,0,0
2001,130611,1,1,0,0,0,0,0,0,0,0,0,0
2001,130612,1,1,0,0,0,0,0,0,0,0,0,0
2001,130612,2,1,0,0,0,0,0,0,0,0,0,0
2001,130613,1,1,0,0,16,9,0,0,0,4,13,13
2001,130614,1,1,0,0,0,0,0,0,0,0,0,0
2001,130614,2,1,0,0,0,0,0,0,0,0,0,0
2001,130614,3,1,0,0,0,0,0,0,0,0,0,0
2001,130614,4,1,0,0,0,0,0,0,0,0,0,0
2001,130614,5,1,0,0,0,0,0,0,0,0,0,0
2001,130615,1,1,0,0,0,0,0,0,23,0,0,0
2001,130615,2,1,0,0,0,0,0,0,0,0,0,0
2001,130616,1,1,1,1,1,1,1,1,1,1,1,1
2001,130617,1,1,0,0,0,0,0,0,0,0,0,0
2001,130617,2,1,0,0,0,0,0,0,0,0,0,0
2001,130618,1,1,0,0,0,0,0,0,0,0,0,0
2001,130618,2,1,0,0,0,0,0,0,0,0,0,0
2001,130619,1,1,0,0,0,0,0,0,0,0,0,0
2001,130619,2,1,0,0,0,0,0,0,0,0,0,0
2001,130619,3,1,0,0,0,0,0,0,13,35,19,20
2001,130620,1,1,0,0,0,0,0,0,0,0,0,0
2001,130621,1,1,0,0,0,0,0,0,0,0,0,0
2001,130621,2,1,0,0,0,0,0,0,0,0,0,0
2001,130621,3,1,0,0,0,0,0,0,0,0,0,0
2001,130622,1,1,0,0,0,0,0,0,0,0,0,0
2001,130622,2,1,0,0,0,0,0,0,0,0,0,0
2001,130623,1,1,0,0,0,0,0,0,0,0,0,0
2001,130624,1,1,34,34,34,34,34,34,34,34,34,34
2001,130624,2,1,0,0,0,0,0,0,0,0,0,0
2001,130624,3,1,0,0,0,0,0,0,0,0,0,0
2001,130625,1,1,0,0,0,0,0,0,0,0,0,0
2001,130625,2,1,0,0,0,0,0,0,0,0,0,0
2001,130626,1,1,0,0,0,0,0,0,0,0,0,0
2001,130626,2,1,0,0,0,0,0,0,0,0,0,0
2001,130627,0,1,0,27,25,16,18,0,15,32,0,0
2001,130627,1,1,13,4,0,0,0,4,0,3,14,0
2001,130628,1,1,0,0,0,0,0,0,0,0,0,0
2001,130629,1,1,0,0,0,0,0,0,0,0,0,0
2001,130629,2,1,0,0,0,0,0,0,0,0,0,0
2001,130630,1,1,0,0,10,0,0,0,0,0,0,0
2001,130630,2,1,0,0,0,0,0,0,0,0,8,0
2001,130631,1,1,0,0,0,0,0,0,0,0,0,0
2001,130632,1,1,0,22,0,0,0,0,0,0,0,14
2001,130633,1,1,0,17,0,0,0,0,0,0,0,0
2001,130633,2,1,0,0,10,0,0,0,0,0,0,0
2001,130634,1,1,0,0,0,0,0,0,0,0,0,0
2001,130635,1,1,0,0,0,0,0,0,0,0,0,0
2001,130635,2,1,0,0,0,0,0,0,0,0,0,0
2001,130635,3,1,0,0,0,0,0,0,0,0,0,0
2001,130635,4,1,0,0,0,0,0,0,0,13,0,0
2001,130636,1,1,0,0,0,0,0,0,0,0,0,0
2001,130637,1,1,0,0,0,0,0,0,0,0,0,0
2001,130638,0,1,26,26,26,26,26,26,26,26,26,26
2001,130638,1,1,0,0,0,0,0,0,0,0,0,0
2001,130639,1,1,24,0,0,0,7,0,13,7,20,31
2001,130640,1,1,24,24,24,24,24,24,24,24,24,24
2001,130641,1,1,20,0,4,24,15,30,29,27,25,18
2001,130642,1,1,21,21,21,21,21,21,21,21,21,21
2001,130643,1,1,10,0,0,0,0,0,0,0,0,0
2001,130644,1,1,0,0,0,0,0,0,0,0,0,0
2001,130645,0,1,0,0,0,0,0,0,0,0,0,0
2001,130645,1,1,0,0,0,0,0,0,0,0,0,0
2001,130646,1,1,0,0,0,14,0,23,0,0,0,0
2001,130646,2,1,0,0,0,0,0,0,0,0,15,0
2001,130646,3,1,0,0,0,0,0,0,0,0,0,0
2001,130646,4,1,0,0,0,0,0,0,0,0,0,0
2001,130647,1,1,22,22,22,22,22,22,22,22,22,22
2001,130647,2,1,0,0,0,0,0,0,0,0,0,0
2001,130648,1,1,30,0,0,0,22,0,0,20,0,0
2001,130649,1,1,8,8,8,8,8,8,8,8,8,8
2001,130650,1,1,0,0,0,0,0,0,0,0,0,0
2001,130650,2,1,0,0,0,0,0,0,0,0,0,0
2001,130651,1,1,0,0,0,0,0,0,0,0,0,0
2001,130652,1,1,35,35,35,35,35,35,35,35,35,35
2001,130653,1,1,0,0,0,0,0,0,0,0,0,0
2001,130653,2,1,0,0,0,0,0,0,0,0,0,0
2001,130653,3,1,0,0,0,0,0,0,0,0,0,0
2001,130653,4,1,0,0,6,0,0,0,0,0,0,0
2001,130654,1,1,0,0,0,0,0,0,0,0,0,0
2001,130655,0,1,0,42,15,26,0,33,12,33,22,10
2001,130655,1,1,0,0,6,0,0,0,26,0,0,0
2001,130656,1,1,0,0,0,0,0,0,0,0,0,0
2001,130656,2,1,0,0,0,0,0,0,0,0,0,0
2001,130657,1,1,0,0,0,0,0,0,0,0,0,0
2001,130658,1,1,4,4,4,4,4,4,4,4,4,4
2001,130659,1,1,11,11,11,11,11,11,11,11,11,11
2001,130660,1,1,14,14,14,14,14,14,14,14,14,14
2001,130661,1,1,0,0,0,0,0,0,0,0,0,0
2001,130661,2,1,0,0,0,0,0,0,0,0,0,0
2001,130662,0,1,0,0,0,0,0,0,0,0,0,0
2001,130662,1,1,0,0,0,0,0,17,0,0,0,0
2001,130663,0,1,15,15,15,15,15,15,15,15,15,15
2001,130663,1,1,0,0,0,0,0,0,0,0,0,0
2001,130664,1,1,26,26,26,26,26,26,26,26,26,26
2001,130665,1,1,0,9,14,0,0,17,8,13,0,0
2001,130665,2,1,0,0,0,0,0,0,0,0,0,0
2001,130666,1,1,0,0,0,0,0,0,0,0,0,0
2001,130666,2,1,0,0,0,0,0,0,0,0,0,0
2001,130667,1,1,0,0,0,0,0,0,0,0,0,0
2001,130667,2,1,0,0,0,0,0,0,0,0,0,0
2001,130667,3,1,0,0,0,0,0,0,0,0,0,0
2001,130668,1,1,0,0,11,0,25,13,0,11,0,22
2001,130669,0,1,0,44,0,18,10,39,0,0,0,0
2001,130669,1,1,11,15,0,0,13,24,34,0,0,0
2001,130670,1,1,0,0,0,0,0,0,0,0,0,0
2001,130670,2,1,0,0,0,0,0,0,0,0,0,0
2001,130671,1,1,0,0,0,0,0,0,0,0,0,0
2001,130671,2,1,0,0,0,0,0,0,0,0,0,0
2001,130672,0,1,14,8,25,0,0,22,29,15,28,5
2001,130672,1,1,0,0,0,0,0,0,0,0,0,0
2001,130673,1,1,19,27,0,14,9,4,11,8,24,0
2001,130674,0,1,0,0,0,0,0,0,0,0,0,0
2001,130674,1,1,6,6,6,6,6,6,6,6,6,6
2001,130675,1,1,0,0,0,0,0,0,0,0,0,0
2001,130675,2,1,0,0,0,0,0,0,0,0,0,0
2001,130676,1,1,0,0,0,0,0,0,0,0,0,0
2001,130676,2,1,0,0,0,0,0,0,0,0,0,0
2001,130677,0,1,0,0,0,0,0,0,0,0,0,0
2001,130677,1,1,0,0,0,0,0,0,0,0,0,0
2001,130678,1,1,27,7,9,18,15,27,14,20,20,36
2001,130678,2,1,0,0,0,11,23,0,0,17,0,0
2001,130679,1,1,0,0,30,0,3,0,22,0,0,0
2001,130680,1,1,0,0,0,0,0,0,0,0,0,0
2001,130681,1,1,0,0,0,0,0,0,0,0,0,0
2001,130681,2,1,0,0,0,0,0,0,0,0,0,0
2001,130682,1,1,8,8,8,8,8,8,8,8,8,8
2001,130683,1,1,17,17,17,17,17,17,17,17,17,17
2001,130684,0,1,0,10,0,13,0,24,0,43,28,16
2001,130684,1,1,0,0,0,0,0,0,0,0,0,0
2001,130685,1,1,15,15,15,15,15,15,15,15,15,15
2001,130686,0,1,0,27,24,0,0,21,34,10,26,16
2001,130686,1,1,0,0,0,0,0,0,0,0,0,0
2001,130687,1,1,19,19,19,19,19,19,19,19,19,19
2001,130687,2,1,0,0,0,0,0,0,0,0,0,0
2001,130688,1,1,23,23,23,23,23,23,23,23,23,23
2001,130688,2,1,0,0,0,0,0,0,0,0,0,0
2001,130689,1,1,0,0,0,0,0,0,0,0,0,0
2001,130689,2,1,0,0,0,0,0,0,0,0,0,0
2001,130690,1,1,0,0,0,0,0,0,2,0,16,16
2001,130691,1,1,6,0,0,17,16,31,14,22,13,27
2001,130691,2,1,8,33,33,6,24,28,14,12,13,16
2001,130692,1,1,0,0,0,21,0,7,0,0,0,0
2001,130692,2,1,0,0,0,0,0,0,0,0,0,0
2001,130693,1,1,0,0,0,0,0,0,0,0,0,0
2001,130694,1,1,17,6,11,17,11,11,0,17,30,14
2001,130694,2,1,0,0,0,0,0,0,0,14,0,0
2001,130694,3,1,0,0,0,0,0,0,0,0,0,0
2001,130694,4,1,0,0,0,0,0,0,0,0,0,0
2001,130695,1,1,0,0,0,0,0,0,0,0,0,0
2001,130696,0,1,23,23,23,23,23,23,23,23,23,23
2001,130696,1,1,0,0,0,0,0,0,0,0,0,0
2001,130697,1,1,0,0,0,0,0,0,0,0,0,0
2001,130698,1,1,0,0,0,0,0,0,0,0,0,0
2001,130698,2,1,0,0,0,0,0,0,0,0,0,0
2001,130699,1,1,20,20,20,20,20,20,20,20,20,20
2001,130700,1,1,0,0,12,0,0,0,0,0,0,0
2001,130701,1,1,0,9,0,0,25,17,8,0,12,0
2001,130701,2,1,5,5,5,5,5,5,5,5,5,5
2001,130701,3,1,0,0,0,0,0,0,0,0,0,0
2001,130702,1,1,5,26,0,27,0,7,0,31,0,19
2001,130703,1,1,0,22,0,9,0,0,11,0,27,18
2001,130704,0,1,6,6,6,6,6,6,6,6,6,6
2001,130704,1,1,0,0,0,0,0,0,0,0,0,0
2001,130705,1,1,2,2,2,2,2,2,2,2,2,2
2001,130705,2,1,0,0,0,0,0,0,0,0,0,0
2001,130705,3,1,0,0,0,0,0,0,0,0,0,0
2001,130706,1,1,0,0,0,0,0,0,0,0,0,0
2001,130707,1,1,15,0,21,16,0,0,0,0,28,29
2001,130707,2,1,0,0,0,0,0,0,0,0,0,0
2001,130707,3,1,6,0,0,9,0,0,11,0,0,0
2001,130708,1,1,0,0,0,0,0,0,0,0,0,0
2001,130708,2,1,0,0,0,0,0,0,0,0,0,0
2001,130709,1,1,0,0,0,0,0,0,0,0,0,0
2001,130710,1,1,27,27,27,27,27,27,27,27,27,27
2001,130711,1,1,0,0,0,0,0,0,0,0,0,0
2001,130711,2,1,0,0,0,0,0,0,0,0,0,0
2001,130712,1,1,7,0,21,0,0,13,11,19,11,0
2001,130713,1,1,0,0,0,0,0,0,0,0,7,0
2001,130713,2,1,0,0,18,0,8,0,0,0,0,0
2001,130714,0,1,3,3,3,3,3,3,3,3,3,3
2001,130714,1,1,31,0,12,0,0,0,14,9,0,0
2001,130715,1,1,0,0,0,0,0,0,0,0,0,0
2001,130716,1,1,0,0,0,0,0,0,0,0,0,0
2001,130717,1,1,0,0,0,0,0,0,0,0,0,0
2001,130718,1,1,13,13,13,13,13,13,13,13,13,13
2001,130719,1,1,0,0,0,0,16,0,0,0,0,0