YEAR,st_case,veh_no,per_no,P1,P2,P3,P4,P5,P6,P7,P8,P9,P10
2001,130719,2,1,0,0,0,0,0,0,0,0,0,0
2001,130720,1,1,0,0,0,0,0,0,0,0,0,0
2001,130720,2,1,0,0,0,0,0,0,0,0,0,0
2001,130721,1,1,0,0,0,0,0,0,0,0,0,0
2001,130721,2,1,0,0,0,0,0,0,0,0,0,0
2001,130722,1,1,0,0,0,0,0,0,0,0,0,0
2001,130722,2,1,0,0,0,0,0,0,0,0,0,5
2001,130722,3,1,0,0,0,0,0,0,0,0,0,0
2001,130723,1,1,0,0,0,0,0,0,0,0,0,0
2001,130723,2,1,0,0,0,0,0,0,0,0,0,0
2001,130724,1,1,3,3,3,3,3,3,3,3,3,3
2001,130725,1,1,0,0,0,0,0,0,0,0,0,0
2001,130726,1,1,0,0,0,0,0,0,0,0,0,0
2001,130726,2,1,0,0,0,0,0,0,0,0,0,0
2001,130727,1,1,0,0,0,0,0,0,0,15,0,0
2001,130728,1,1,0,0,0,0,0,0,0,0,0,0
2001,130729,1,1,0,0,0,0,0,0,0,0,0,0
2001,130729,2,1,0,0,0,0,0,0,0,0,0,0
2001,130730,1,1,0,0,0,0,0,0,0,0,0,0
2001,130730,2,1,24,24,24,24,24,24,24,24,24,24
2001,130731,1,1,0,0,0,0,0,0,13,0,0,0
2001,130731,2,1,0,0,0,0,0,0,0,0,0,0
2001,130732,1,1,0,0,0,0,0,0,0,0,0,0
2001,130732,2,1,0,0,0,0,0,0,0,0,0,0
2001,130733,1,1,13,2,0,7,13,20,24,14,11,12
2001,130734,1,1,0,0,0,0,0,0,0,0,0,0
2001,130734,2,1,0,0,0,0,0,0,0,0,0,0
2001,130735,1,1,31,31,31,31,31,31,31,31,31,31
2001,130736,1,1,9,9,9,9,9,9,9,9,9,9
2001,130737,1,1,7,15,17,29,28,13,0,11,33,25
2001,130738,1,1,0,0,0,0,0,0,0,0,0,0
2001,130738,2,1,0,0,0,0,0,0,0,0,0,0
2001,130739,1,1,0,0,0,0,0,0,0,0,0,0
2001,130739,2,1,0,0,0,0,0,0,0,0,0,0
2001,130739,3,1,0,0,0,0,18,0,0,0,14,0
2001,130740,0,1,4,4,4,4,4,4,4,4,4,4
2001,130740,1,1,0,13,21,0,0,0,30,0,13,0
2001,130741,1,1,0,0,0,0,0,0,0,0,0,0
2001,130741,2,1,0,0,0,0,0,0,0,0,0,0
2001,130741,3,1,1,1,1,1,1,1,1,1,1,1
2001,130742,1,1,13,0,25,17,0,5,0,16,29,11
2001,130743,1,1,19,4,23,19,12,20,16,15,6,8
2001,130743,2,1,0,0,0,0,0,0,0,0,0,0
2001,130744,1,1,0,0,0,0,0,0,0,0,0,0
2001,130745,1,1,0,0,0,0,0,0,0,0,0,0
2001,130745,2,1,0,0,0,0,0,0,0,0,0,0
2001,130746,0,1,0,0,8,23,0,0,0,27,0,19
2001,130746,1,1,0,0,0,0,0,0,0,0,0,0
2001,130747,1,1,0,0,21,0,0,17,0,29,16,4
2001,130747,2,1,0,0,0,0,6,0,11,10,0,0
2001,130748,1,1,0,0,0,0,0,0,0,0,0,0
2001,130748,2,1,0,0,0,0,0,0,0,0,0,0
2001,130749,1,1,15,32,24,14,0,32,18,0,36,10
2001,130750,1,1,0,0,0,0,0,0,0,0,0,0
2001,130750,2,1,0,0,0,0,0,0,0,0,0,0
2001,130751,1,1,0,0,0,0,0,0,0,0,0,0
2001,130751,2,1,0,0,0,0,7,0,0,0,0,0
2001,130752,1,1,24,24,24,24,24,24,24,24,24,24
2001,130753,1,1,0,0,0,0,0,0,0,0,0,0
2001,130754,1,1,13,13,13,13,13,13,13,13,13,13
2001,130755,1,1,0,0,0,0,0,0,0,0,0,0
2001,130755,2,1,0,0,0,0,0,0,0,0,0,0
2001,130756,1,1,0,0,0,0,0,0,0,0,0,0
2001,130756,2,1,0,0,0,0,0,0,0,0,0,0
2001,130757,1,1,17,17,17,17,17,17,17,17,17,17
2001,130757,2,1,3,3,3,3,3,3,3,3,3,3
2001,130758,1,1,0,18,0,0,16,0,0,0,0,0
2001,130759,1,1,0,0,0,0,0,0,0,0,0,0
2001,130759,2,1,0,0,0,0,0,0,0,0,0,0
2001,130760,1,1,0,0,20,24,0,12,35,0,0,0
2001,130761,1,3,11,56,26,0,27,4,0,9,0,26
2001,130762,1,1,0,23,0,0,0,0,4,7,0,23
2001,130763,1,1,0,0,0,0,0,0,0,0,0,0
2001,130764,1,1,0,0,0,0,0,0,0,0,0,0
2001,130765,1,1,17,17,17,17,17,17,17,17,17,17
2001,130766,1,1,0,0,0,0,0,0,0,0,0,0
2001,130766,2,1,0,0,0,0,0,0,0,0,0,0
2001,130767,1,1,0,0,0,0,0,0,0,0,0,0
2001,130767,2,1,0,0,0,0,0,0,0,15,0,0
2001,130768,1,1,0,0,0,0,0,0,0,0,0,0
2001,130768,2,1,7,7,7,7,7,7,7,7,7,7
2001,130769,1,1,0,0,0,0,0,0,0,0,0,0
2001,130769,2,1,0,0,0,0,0,0,0,0,0,0
2001,130769,3,1,0,0,0,0,0,0,0,0,0,0
2001,130770,1,1,0,0,0,0,0,0,0,0,0,0
2001,130770,2,1,0,0,0,0,0,0,0,0,0,0
2001,130771,1,1,0,0,0,0,0,0,0,0,0,0
2001,130771,2,1,0,0,0,0,0,0,0,0,0,0
2001,130772,1,1,0,0,0,0,0,0,0,0,0,0
2001,130773,1,1,0,0,0,0,0,0,0,0,0,0
2001,130774,1,1,0,0,0,0,0,0,0,0,0,0
2001,130774,2,1,0,0,0,0,0,0,0,0,0,0
2001,130775,1,1,0,0,0,0,0,0,0,0,0,0
2001,130775,2,1,0,0,0,0,0,0,0,0,0,0
2001,130776,1,1,0,0,0,0,0,0,0,0,0,0
2001,130777,1,1,0,0,0,0,0,0,0,0,0,0
2001,130777,2,1,0,0,0,0,0,0,0,0,0,0
2001,130778,0,1,24,24,24,24,24,24,24,24,24,24
2001,130778,1,1,0,0,0,0,0,0,0,0,0,0
2001,130779,1,1,2,2,2,2,2,2,2,2,2,2
2001,130779,2,1,0,0,0,0,0,0,0,0,0,0
2001,130780,1,1,26,26,26,26,26,26,26,26,26,26
2001,130780,2,1,0,0,0,0,0,0,0,0,0,0
2001,130781,1,1,11,11,11,11,11,11,11,11,11,11
2001,130782,1,1,25,25,25,25,25,25,25,25,25,25
2001,130783,1,1,0,0,0,0,0,0,0,0,0,0
2001,130784,0,1,0,0,0,32,0,0,0,0,0,37
2001,130784,1,1,0,0,0,0,0,0,0,0,0,0
2001,130785,1,1,0,0,0,0,9,8,0,21,0,0
2001,130785,2,1,0,0,0,0,0,0,0,0,0,0
2001,130786,1,1,20,9,13,15,6,22,0,0,13,20
2001,130787,1,1,0,0,0,0,0,0,0,0,0,0
2001,130787,2,1,0,0,0,0,0,0,0,0,0,0
2001,130788,1,1,4,4,4,4,4,4,4,4,4,4
2001,130789,1,1,22,18,14,12,0,18,15,20,13,24
2001,130790,1,1,0,0,0,0,0,0,0,0,0,0
2001,130790,2,1,0,0,0,0,0,0,0,0,0,0
2001,130791,1,1,23,18,24,19,10,11,35,28,12,26
2001,130792,1,1,14,14,14,14,14,14,14,14,14,14
2001,130793,1,1,0,0,0,0,0,0,0,0,0,0
2001,130793,2,1,0,0,0,0,0,0,0,0,0,0
2001,130794,1,1,23,23,23,23,23,23,23,23,23,23
2001,130795,1,1,35,35,35,35,35,35,35,35,35,35
2001,130795,2,1,0,0,0,0,0,0,0,0,0,0
2001,130796,1,1,13,26,0,0,8,27,27,0,11,0
2001,130797,1,1,22,22,22,22,22,22,22,22,22,22
2001,130798,1,1,0,0,0,0,0,0,0,0,0,0
2001,130798,2,1,0,0,0,0,0,0,0,0,0,0
2001,130799,1,1,22,22,22,22,22,22,22,22,22,22
2001,130800,1,1,0,0,0,0,0,0,0,0,0,0
2001,130800,2,1,0,0,0,0,0,0,0,0,0,0
2001,130801,1,1,0,0,0,0,0,0,0,0,0,0
2001,130801,2,1,0,0,0,0,0,0,0,0,0,0
2001,130802,1,1,0,0,0,0,0,0,0,0,0,0
2001,130803,1,1,0,0,0,0,0,0,0,0,0,0
2001,130803,2,1,0,0,0,0,0,0,0,0,0,0
2001,130804,1,1,0,0,0,0,0,0,0,0,0,0
2001,130805,1,1,6,6,6,6,6,6,6,6,6,6
2001,130806,1,1,0,0,0,0,0,0,0,0,0,0
2001,130807,0,1,0,0,0,0,0,0,0,0,0,0
2001,130807,1,1,0,0,0,0,0,0,0,0,0,0
2001,130808,1,1,17,17,17,17,17,17,17,17,17,17
2001,130809,1,1,0,0,0,0,0,0,0,0,0,0
2001,130809,2,1,0,0,0,0,0,0,0,0,0,0
2001,130809,3,1,0,0,0,0,0,0,0,0,0,0
2001,130810,1,1,0,0,0,0,0,0,0,0,0,0
2001,130810,2,1,0,0,0,0,0,0,0,0,0,0
2001,130811,0,1,25,25,25,25,25,25,25,25,25,25
2001,130811,1,1,18,9,8,5,0,0,15,0,0,2
2001,130812,0,1,0,0,0,0,0,0,0,0,0,0
2001,130812,1,1,5,5,5,5,5,5,5,5,5,5
2001,130813,1,1,35,2,9,15,0,21,16,12,17,25
2001,130814,1,1,0,0,0,0,0,0,0,0,0,0
2001,130814,2,1,0,0,0,0,0,0,0,0,0,0
2001,130815,1,1,19,19,24,22,33,20,10,27,0,38
2001,130816,1,1,0,0,13,0,0,0,0,10,0,0
2001,130817,1,1,0,0,0,0,0,0,0,0,0,0
2001,130818,1,1,16,16,0,0,0,0,0,7,0,0
2001,130819,1,1,6,17,0,27,3,8,0,7,0,9
2001,130819,2,1,0,0,0,0,0,0,0,0,0,0
2001,130820,1,1,0,0,8,0,0,0,0,0,0,0
2001,130820,2,1,0,0,0,0,0,0,0,0,0,0
2001,130821,1,1,0,0,0,0,0,0,0,0,0,0
2001,130821,2,1,0,0,0,0,0,0,0,0,0,0
2001,130821,3,1,0,0,0,0,0,0,0,0,0,0
2001,130822,1,1,23,23,23,23,23,23,23,23,23,23
2001,130823,1,1,0,0,0,0,0,0,0,0,0,0
2001,130824,1,1,12,0,20,0,0,0,0,0,0,0
2001,130824,2,1,0,0,0,0,0,0,0,0,0,0
2001,130825,1,1,12,12,12,12,12,12,12,12,12,12
2001,130826,1,1,32,28,13,13,23,16,12,12,23,20
2001,130827,1,1,0,0,26,0,7,10,0,0,0,0
2001,130828,1,1,0,0,0,0,0,0,0,0,0,0
2001,130829,1,1,16,16,16,16,16,16,16,16,16,16
2001,130829,2,1,22,22,22,22,22,22,22,22,22,22
2001,130830,1,1,0,0,0,0,0,0,0,0,0,0
2001,130830,2,1,0,0,0,0,0,0,0,0,0,0
2001,130831,1,1,8,8,8,8,8,8,8,8,8,8
2001,130832,0,1,0,0,0,0,0,0,0,0,0,0
2001,130832,1,1,0,0,0,0,0,0,0,0,0,0
2001,130832,2,1,0,0,0,0,0,0,0,0,0,0
2001,130833,1,1,0,0,0,0,0,0,0,0,0,0
2001,130833,2,1,0,0,0,0,0,0,0,0,0,0
2001,130834,1,1,0,0,0,0,0,0,0,0,0,0
2001,130834,2,1,0,0,0,0,0,0,0,0,0,0
2001,130835,1,1,12,12,12,12,12,12,12,12,12,12
2001,130836,1,1,0,0,0,0,0,0,0,0,8,0
2001,130837,1,1,1,1,1,1,1,1,1,1,1,1
2001,130838,1,1,0,0,0,0,0,0,0,0,0,0
2001,130838,2,1,0,0,0,0,0,0,0,0,0,0
2001,130839,1,1,10,10,10,10,10,10,10,10,10,10
2001,130840,1,1,0,0,0,0,0,0,0,0,0,0
2001,130840,2,1,0,0,0,0,0,0,0,0,0,0
2001,130841,1,1,0,0,12,0,0,0,33,0,27,20
2001,130841,2,1,0,0,0,0,8,0,0,0,0,0
2001,130842,0,1,0,0,0,0,0,0,0,0,0,0
2001,130842,1,1,0,19,0,0,0,0,0,0,0,0
2001,130842,2,1,0,0,0,0,0,0,0,0,0,0
2001,130842,3,1,0,0,0,0,0,0,0,0,0,0
2001,130842,4,1,0,0,0,0,0,0,0,0,0,0
2001,130842,5,1,0,0,0,0,0,0,0,5,0,0
2001,130843,1,1,0,11,30,9,0,0,28,11,0,0
2001,130844,1,1,0,0,0,0,0,0,0,0,0,0
2001,130845,1,1,21,21,21,21,21,21,21,21,21,21
2001,130846,1,1,0,0,0,0,0,0,0,0,0,0
2001,130846,2,1,0,0,0,0,0,0,0,0,0,0
2001,130846,3,1,0,0,0,0,0,0,0,0,0,0
2001,130846,4,1,0,0,0,0,0,0,0,0,0,0
2001,130847,1,1,0,0,0,0,0,0,0,0,0,0
2001,130847,2,1,0,0,0,0,0,0,0,0,0,0
2001,130848,1,1,0,0,0,0,0,0,0,0,0,0
2001,130849,0,1,16,19,23,8,27,36,28,18,16,16
2001,130849,1,1,12,17,14,8,2,2,5,0,6,15
2001,130850,1,1,19,19,19,19,19,19,19,19,19,19
2001,130851,0,1,31,21,0,28,17,14,24,19,23,21
2001,130851,1,1,0,0,0,0,0,0,0,0,0,0
2001,130852,1,1,0,0,0,0,0,0,0,0,0,0
2001,130852,2,1,0,0,0,0,0,0,0,0,0,0
2001,130853,1,1,0,0,0,0,0,0,8,0,0,20
2001,130854,1,1,0,0,0,0,0,0,0,0,0,0
2001,130855,1,1,0,0,0,0,0,0,0,0,0,0
2001,130855,2,1,0,0,0,0,0,0,0,0,0,0
2001,130856,1,1,0,0,0,0,0,0,0,0,0,0
2001,130857,1,1,0,0,0,0,0,0,0,0,0,0
2001,130857,2,1,0,0,0,0,0,0,0,0,0,0
2001,130858,1,1,0,0,0,0,0,0,0,0,0,0
2001,130859,1,1,0,0,0,0,0,0,0,0,0,0
2001,130860,1,1,0,0,0,0,0,0,0,0,0,0
2001,130861,1,1,0,0,0,0,0,0,0,0,0,0
2001,130862,1,1,0,0,0,0,0,0,0,0,0,0
2001,130863,1,1,27,25,0,0,0,12,0,0,0,0
2001,130864,1,1,0,0,0,0,0,0,0,0,0,0
2001,130865,1,1,28,28,28,28,28,28,28,28,28,28
2001,130866,1,1,0,0,0,0,0,0,0,0,0,0
2001,130866,2,1,0,0,0,0,0,0,0,0,0,0
2001,130867,1,1,24,24,24,24,24,24,24,24,24,24
2001,130867,2,1,0,0,0,0,0,0,0,0,0,0
2001,130868,1,1,0,0,0,0,0,0,0,0,0,0
2001,130869,1,1,0,0,0,0,0,0,0,0,0,0
2001,130869,2,1,0,0,0,0,0,0,0,0,0,0
2001,130870,1,1,3,16,17,18,11,8,14,17,20,26
2001,130871,1,1,0,0,0,0,0,0,0,0,0,0
2001,130872,1,1,0,0,0,0,0,0,0,0,0,0
2001,130873,1,1,0,0,0,0,0,0,0,0,0,0
2001,130873,2,1,0,0,0,0,0,0,0,0,0,0
2001,130874,1,1,0,0,0,0,0,0,0,0,0,0
2001,130874,2,1,0,0,0,0,0,0,0,0,0,0
2001,130875,1,1,0,0,0,0,0,0,0,0,0,0
2001,130875,2,1,0,0,0,0,0,0,0,0,0,0
2001,130876,1,1,0,0,0,0,0,0,0,0,0,0
2001,130876,2,1,0,0,0,0,0,0,0,0,0,0
2001,130877,1,1,0,0,0,0,0,0,0,0,0,0
2001,130877,2,1,0,0,0,0,0,0,0,0,0,0
2001,130878,1,1,0,0,0,0,0,0,0,0,0,0
2001,130879,1,1,0,0,0,0,0,0,0,0,0,0
2001,130879,2,1,0,0,0,0,0,0,0,0,0,0
2001,130880,0,1,19,4,0,21,0,0,0,25,0,16
2001,130880,1,1,0,0,0,0,13,0,0,0,14,0
2001,130881,1,1,0,0,0,0,0,0,0,0,0,0
2001,130882,1,1,8,8,8,8,8,8,8,8,8,8
2001,130882,2,1,13,13,13,13,13,13,13,13,13,13
2001,130884,0,1,21,18,8,39,10,0,0,19,16,9
2001,130884,1,1,0,0,0,0,0,0,0,0,0,0
2001,130885,1,1,22,22,22,22,22,22,22,22,22,22
2001,130885,2,1,0,0,0,0,0,0,0,0,0,0
2001,130886,1,1,0,0,0,0,0,0,0,0,0,0
2001,130887,1,1,0,0,15,0,0,0,0,23,0,15
2001,130887,2,1,0,0,0,0,0,0,0,0,0,0
2001,130888,1,1,0,0,0,0,0,0,0,0,0,0
2001,130888,2,1,0,0,0,0,0,0,0,0,0,0
2001,130889,1,1,26,26,26,26,26,26,26,26,26,26
2001,130889,2,1,0,0,0,0,0,0,0,0,0,0
2001,130889,3,1,0,0,0,0,0,0,0,0,0,0
2001,130890,1,1,0,0,10,0,5,0,0,0,12,0
2001,130890,2,1,0,0,0,0,0,0,0,0,0,0
2001,130890,3,1,0,0,0,0,0,19,0,0,10,0
2001,130891,1,1,0,0,0,0,0,0,0,0,0,0
2001,130891,2,1,0,0,0,0,0,0,0,0,0,0
2001,130892,1,1,0,0,0,5,4,0,0,0,0,0
2001,130892,2,1,0,0,0,0,0,0,0,0,0,0
2001,130893,1,1,27,27,27,27,27,27,27,27,27,27
2001,130893,2,1,0,0,0,0,0,0,0,0,0,0
2001,130894,1,1,24,24,24,24,24,24,24,24,24,24
2001,130894,2,1,0,0,0,0,0,0,0,0,0,0
2001,130895,1,1,0,32,0,16,20,1,17,0,14,29
2001,130896,1,1,0,0,0,0,0,0,0,0,0,0
2001,130897,1,1,0,0,0,0,0,0,0,0,0,0
2001,130897,2,1,0,0,0,0,0,0,0,0,0,0
2001,130898,0,1,15,15,15,15,15,15,15,15,15,15
2001,130898,1,1,9,12,7,6,0,14,0,11,23,0
2001,130899,1,1,11,0,29,18,28,14,16,0,28,12
2001,130900,1,1,0,0,0,0,0,0,0,0,0,0
2001,130901,1,1,0,0,0,0,0,0,0,0,0,0
2001,130902,1,1,0,0,0,0,0,0,0,0,0,0
2001,130902,2,1,0,0,0,0,0,0,0,0,0,0
2001,130903,1,1,0,0,0,0,0,0,0,0,0,0
2001,130903,2,1,0,0,0,0,0,0,0,0,0,0
2001,130904,0,1,0,0,0,0,0,0,0,0,0,0
2001,130904,1,1,11,11,11,11,11,11,11,11,11,11
2001,130905,1,1,0,0,0,0,0,0,0,0,0,13
2001,130906,0,1,31,31,31,31,31,31,31,31,31,31
2001,130906,1,1,0,0,0,0,0,0,0,0,0,0
2001,130906,2,1,0,0,0,0,0,0,0,0,0,0
2001,130907,1,1,13,13,13,13,13,13,13,13,13,13
2001,130908,1,1,0,0,0,0,0,0,0,0,0,0
2001,130909,1,1,0,0,0,0,0,0,0,0,0,0
2001,130910,1,1,0,0,0,0,0,0,0,0,0,0
2001,130910,2,1,0,0,0,0,0,0,0,0,0,0
2001,130910,3,1,0,0,0,0,0,0,0,0,0,0
2001,130912,1,1,0,0,0,0,0,0,0,0,0,0
2001,130912,2,1,0,0,0,0,0,0,0,0,0,0
2001,130913,1,1,0,0,0,0,0,0,0,0,0,0
2001,130913,2,1,0,0,0,0,0,0,0,0,0,0
2001,130914,1,1,0,0,22,0,0,0,0,0,8,0
2001,130915,1,1,0,0,0,0,0,0,0,0,0,0
2001,130915,2,1,0,0,0,0,0,0,0,0,0,8
2001,130915,3,1,0,0,0,0,0,0,0,0,0,0
2001,130916,1,1,0,0,0,0,0,0,0,0,0,0
2001,130917,1,1,0,0,0,0,0,0,0,0,0,0
2001,130917,2,1,0,0,0,0,0,0,0,0,0,0
2001,130918,1,1,6,6,6,6,6,6,6,6,6,6
2001,130918,2,1,0,0,0,0,0,0,0,0,0,0
2001,130918,3,1,0,0,0,0,0,0,0,0,0,0
2001,130919,1,1,0,0,21,0,0,0,0,13,0,0
2001,130919,2,1,0,0,0,0,0,0,0,0,0,0
2001,130920,1,1,10,0,0,0,0,0,8,6,15,0
2001,130921,1,1,0,0,0,0,0,0,0,0,0,0
2001,130922,1,1,0,0,0,37,0,0,0,0,0,0
2001,130922,2,1,0,0,0,0,0,0,0,0,0,0
2001,130923,1,1,0,0,0,0,0,0,0,0,0,0
2001,130924,1,1,0,0,0,0,0,0,0,17,0,0
2001,130924,2,1,0,0,0,0,0,0,0,0,0,0
2001,130925,1,1,3,3,3,3,3,3,3,3,3,3
2001,130926,1,1,0,0,0,0,0,0,0,0,0,0
2001,130927,1,1,0,0,0,8,0,0,0,6,0,0
2001,130928,1,1,0,0,0,0,0,0,0,0,0,0
2001,130928,2,1,0,0,0,0,0,0,0,0,0,0
2001,130929,1,1,0,0,0,0,0,0,0,0,0,0
2001,130929,2,1,0,0,0,0,0,0,0,0,0,0
2001,130930,1,1,0,0,0,0,0,0,0,0,0,0
2001,130930,2,1,0,0,0,0,0,0,0,0,0,0
2001,130930,3,1,0,14,0,12,0,0,0,0,0,0
2001,130931,1,1,0,0,0,0,0,0,0,0,0,0
2001,130931,2,1,0,0,0,0,0,0,0,0,0,0
2001,130932,1,1,0,0,0,0,0,0,0,0,0,0
2001,130933,0,1,0,0,0,0,0,0,0,0,0,0
2001,130933,1,1,0,0,0,0,0,0,0,0,0,0
2001,130934,1,1,0,0,0,0,0,0,0,0,0,0
2001,130935,1,1,2,2,2,2,2,2,2,2,2,2
2001,130936,1,1,0,0,0,0,0,0,0,0,0,0
2001,130937,0,1,0,0,0,0,0,0,0,0,0,0
2001,130937,1,1,0,0,0,0,0,0,0,0,0,0
2001,130938,1,1,10,10,10,10,10,10,10,10,10,10
2001,130939,0,1,0,0,0,0,0,0,0,0,0,0
2001,130939,1,1,0,0,0,0,0,0,0,0,0,0
2001,130940,0,1,8,8,8,8,8,8,8,8,8,8
2001,130940,1,1,0,0,0,0,0,0,0,0,0,0
2001,130940,2,1,0,0,0,0,0,0,0,0,0,0
2001,130941,0,1,14,29,0,0,0,10,0,0,0,38
2001,130941,1,1,0,0,0,0,0,0,0,0,0,0
2001,130942,0,1,0,0,0,0,0,0,0,0,0,0
2001,130942,1,1,0,0,0,0,0,0,0,0,0,0
2001,130943,1,1,24,24,24,24,24,24,24,24,24,24
2001,130944,1,1,0,13,0,14,20,24,0,15,0,27
2001,130945,1,1,0,0,0,0,0,0,0,0,0,0
2001,130945,2,1,0,0,0,0,0,0,0,0,0,0
2001,130946,1,1,0,0,0,0,0,0,0,0,0,0
2001,130947,1,1,12,9,21,22,0,11,16,15,38,16
2001,130948,1,1,14,15,25,23,21,9,21,21,19,16
2001,130949,1,1,0,0,0,0,0,0,0,0,0,0
2001,130950,1,1,8,8,8,8,8,8,8,8,8,8
2001,130950,2,1,0,0,0,0,0,0,0,0,0,14
2001,130951,1,1,16,16,16,16,16,16,16,16,16,16
2001,130952,1,1,0,0,0,0,0,6,0,0,0,0
2001,130953,1,1,0,0,0,0,0,0,0,0,0,0
2001,130953,2,1,0,0,0,0,0,0,0,0,0,0
2001,130953,3,1,0,0,0,0,0,0,0,0,0,0
2001,130953,4,1,0,0,0,0,0,0,0,0,0,0
2001,130953,5,1,0,0,0,0,0,0,0,0,0,0
2001,130954,1,1,0,0,0,0,0,0,0,0,24,0
2001,130954,2,1,0,0,0,0,0,0,0,0,0,0
2001,130955,1,1,0,0,4,6,0,0,0,0,0,0
2001,130955,2,1,0,0,0,0,0,0,0,0,0,0
2001,130956,0,1,15,15,15,15,15,15,15,15,15,15
2001,130956,1,1,0,0,0,0,0,7,12,0,0,0
2001,130957,1,1,0,0,0,0,0,0,0,0,0,0
2001,130958,1,1,0,0,0,0,0,0,0,0,0,0
2001,130958,2,1,0,0,0,0,0,0,0,0,0,0
2001,130959,1,1,0,0,0,0,0,0,0,0,0,0
2001,130960,1,1,0,0,0,0,0,0,0,0,0,0
2001,130960,2,1,0,0,0,0,0,0,0,0,0,0
2001,130961,1,1,0,0,0,0,0,0,0,0,0,0
2001,130962,1,1,0,0,0,0,0,0,0,0,0,0
2001,130962,2,1,0,0,0,0,0,0,0,0,0,0
2001,130963,1,1,0,0,0,0,0,0,0,0,0,0
2001,130963,2,1,6,6,6,6,6,6,6,6,6,6
2001,130964,1,1,33,13,13,29,0,12,0,0,0,0
2001,130965,1,1,22,22,22,22,22,22,22,22,22,22
2001,130966,1,1,13,13,13,13,13,13,13,13,13,13
2001,130967,1,1,0,0,4,24,12,17,0,0,9,0
2001,130968,1,1,0,0,0,0,0,0,0,0,0,0
2001,130968,2,1,0,0,0,0,0,0,0,0,0,0
2001,130969,1,1,0,0,0,0,0,0,0,0,0,0
2001,130970,1,1,13,0,0,0,0,0,0,0,0,0
2001,130970,2,1,0,0,0,0,0,0,0,0,0,0
2001,130971,1,1,0,0,0,0,0,0,0,0,0,0
2001,130973,1,1,0,0,0,0,0,0,0,0,0,0
2001,130974,1,1,15,0,0,0,0,9,0,0,0,0
2001,130974,2,1,0,0,0,0,10,0,22,0,0,0
2001,130975,1,1,0,0,0,0,0,0,0,0,0,0
2001,130976,1,1,0,0,0,0,0,0,0,0,0,0
2001,130976,2,1,0,0,0,0,0,0,0,0,0,0
2001,130977,1,1,0,0,0,26,0,0,0,0,0,0
2001,130978,1,1,9,23,8,0,26,5,0,19,10,22
2001,130979,1,1,4,4,4,4,4,4,4,4,4,4
2001,130980,1,1,33,33,33,33,33,33,33,33,33,33
2001,130981,1,1,0,0,0,0,0,0,0,0,0,0
2001,130981,2,1,0,0,0,0,0,0,0,0,0,0
2001,130982,0,1,0,0,0,0,0,0,0,0,0,0
2001,130982,1,1,0,0,0,0,0,0,0,0,0,0
2001,130983,1,1,21,21,21,21,21,21,21,21,21,21
2001,130984,1,1,0,0,0,0,0,0,0,0,0,0
2001,130984,2,1,0,0,0,0,0,0,0,0,0,0
2001,130985,1,1,24,18,20,0,24,9,14,10,17,12
2001,130986,1,1,0,0,0,0,0,0,0,0,0,0
2001,130986,2,1,0,0,0,0,0,0,0,0,0,0
2001,130987,1,1,10,10,10,10,10,10,10,10,10,10
2001,130988,1,1,0,0,0,0,0,0,0,0,0,0
2001,130989,1,1,0,11,0,0,0,0,16,0,0,0
2001,130990,1,1,0,0,0,0,0,0,0,0,0,0
2001,130990,2,1,0,0,0,0,0,0,0,0,0,0
2001,130991,1,1,0,0,0,0,0,0,0,0,0,0
2001,130991,2,1,0,0,0,0,0,0,0,0,0,0
2001,130991,3,1,0,0,0,0,0,0,0,0,0,0
2001,130991,4,1,0,0,0,7,0,0,0,0,0,0
2001,130992,1,1,0,0,0,0,0,0,0,0,0,0
2001,130993,1,1,16,16,16,16,16,16,16,16,16,16
2001,130994,1,1,21,21,21,21,21,21,21,21,21,21
2001,130995,1,1,20,20,20,20,20,20,20,20,20,20
2001,130995,2,1,0,0,0,0,0,0,0,0,0,0
2001,130996,1,1,0,0,0,0,0,0,0,0,12,0
2001,130997,1,1,13,0,33,11,12,22,12,32,28,9
2001,130997,2,1,0,11,0,0,15,0,0,0,0,0
2001,130998,1,1,0,0,0,0,0,0,0,0,0,0
2001,130998,2,1,0,0,0,0,0,0,0,0,0,0
2001,130999,0,1,0,0,0,17,0,0,0,0,3,0
2001,130999,1,1,0,0,0,0,0,0,0,0,0,0
2001,131000,1,1,0,0,0,0,0,0,0,0,0,0
2001,131000,2,1,0,0,0,0,0,0,0,0,0,0
2001,131000,3,1,0,0,0,0,0,0,0,0,0,0
2001,131001,1,1,0,0,0,0,12,0,0,0,0,0
2001,131001,2,1,0,0,0,0,0,0,0,0,0,13
2001,131002,1,1,0,0,0,0,0,0,0,0,0,0
2001,131003,1,1,0,0,0,0,0,0,0,0,0,0
2001,131003,2,1,0,0,0,0,0,0,0,0,0,0
2001,131003,3,1,0,0,0,0,0,0,0,0,0,0
2001,131003,4,1,0,0,0,0,0,0,0,0,0,0
2001,131004,1,1,0,0,0,0,0,0,0,0,0,0
2001,131004,2,1,0,0,0,0,0,0,0,0,0,0
2001,131005,0,1,2,0,0,0,16,0,0,18,0,0
2001,131005,1,1,4,4,4,4,4,4,4,4,4,4
2001,131006,1,1,0,0,0,0,0,0,0,0,0,0
2001,131006,2,1,0,0,0,0,0,0,0,0,0,0
2001,131006,3,1,0,0,0,0,0,0,0,0,0,0
2001,131007,1,1,0,0,0,0,0,0,0,0,0,0