YEAR,st_case,veh_no,per_no,P1,P2,P3,P4,P5,P6,P7,P8,P9,P10
2001,131007,2,1,0,0,0,0,0,0,0,0,0,0
2001,131007,3,1,0,0,0,0,0,0,0,0,0,0
2001,131008,1,1,0,0,0,0,0,0,0,0,0,0
2001,131009,1,1,0,0,0,0,0,0,0,0,0,0
2001,131010,0,1,28,28,28,28,28,28,28,28,28,28
2001,131010,1,1,0,0,0,0,0,0,0,0,0,0
2001,131011,1,1,27,27,27,27,27,27,27,27,27,27
2001,131012,1,1,0,0,0,0,0,0,0,0,0,0
2001,131013,1,1,31,31,31,31,31,31,31,31,31,31
2001,131013,2,1,0,0,0,0,0,0,0,0,0,0
2001,131014,1,1,0,0,0,0,0,0,0,0,0,0
2001,131014,2,1,0,0,0,0,0,0,0,0,0,0
2001,131015,1,1,0,0,0,0,0,0,0,0,0,0
2001,131015,2,1,0,0,0,0,0,0,0,0,0,0
2001,131016,1,1,26,21,9,0,22,24,7,24,37,29
2001,131017,1,1,0,0,0,0,0,0,0,0,0,0
2001,131017,2,1,0,0,0,0,0,0,0,0,0,0
2001,131018,0,1,38,38,38,38,38,38,38,38,38,38
2001,131018,1,1,0,7,0,0,0,0,0,0,0,0
2001,131019,0,1,23,0,0,0,30,15,0,0,11,10
2001,131019,1,1,0,0,0,0,0,0,0,0,0,0
2001,131020,1,1,0,32,0,23,0,0,0,0,0,0
2001,131021,1,1,0,0,0,0,0,0,0,0,0,0
2001,131021,2,1,0,0,0,0,0,0,0,0,0,0
2001,131021,3,1,0,0,0,0,0,0,0,0,0,0
2001,131022,1,1,0,0,0,0,0,0,0,0,0,0
2001,131022,2,1,0,0,0,0,0,0,0,0,0,0
2001,131023,1,1,0,0,0,0,0,0,0,0,0,0
2001,131024,1,1,0,0,0,0,0,0,0,0,0,0
2001,131024,2,1,0,0,0,0,0,0,0,0,0,0
2001,131025,1,1,0,0,0,3,0,0,0,0,0,0
2001,131026,1,1,0,0,0,0,22,0,0,0,21,0
2001,131027,1,1,0,0,0,0,0,0,0,0,0,0
2001,131027,2,1,0,0,0,0,0,0,0,0,0,0
2001,131028,1,1,0,0,0,0,0,0,0,0,0,0
2001,131028,2,1,0,0,0,0,0,0,0,0,0,0
2001,131029,1,1,0,0,0,0,0,0,0,0,0,0
2001,131029,2,1,0,0,0,0,0,0,0,0,0,0
2001,131030,1,1,0,0,0,0,0,0,0,0,0,0
2001,131030,2,1,0,0,0,0,0,0,0,0,0,0
2001,131031,1,1,0,0,0,0,0,0,0,0,0,15
2001,131032,1,1,13,13,13,13,13,13,13,13,13,13
2001,131033,1,1,0,0,0,0,0,0,0,0,0,0
2001,131033,2,1,6,0,0,0,0,0,0,0,0,0
2001,131034,1,1,0,0,0,0,0,0,0,0,0,0
2001,131035,0,1,27,0,0,0,0,0,0,0,0,0
2001,131035,0,2,35,0,0,0,0,0,23,0,0,0
2001,131035,1,1,0,0,0,0,0,10,0,0,0,0
2001,131036,0,1,0,0,0,0,0,0,0,0,0,0
2001,131036,1,1,0,0,12,32,0,0,27,0,16,3
2001,131037,1,1,0,0,0,26,0,0,0,0,0,0
2001,131038,1,1,5,5,5,5,5,5,5,5,5,5
2001,131038,2,1,0,0,0,0,0,0,0,0,0,0
2001,131038,3,1,0,0,0,0,0,0,0,0,0,0
2001,131039,1,1,0,0,0,0,0,0,0,0,0,0
2001,131040,0,1,0,2,31,22,11,0,0,0,0,0
2001,131040,1,1,0,0,0,0,0,0,13,7,0,0
2001,131041,1,1,0,0,0,0,0,0,0,0,0,0
2001,131041,2,1,0,0,0,0,0,0,0,0,0,0
2001,131042,1,1,0,0,13,11,0,0,0,10,0,0
2001,131042,2,1,10,17,8,0,0,13,11,0,0,22
2001,131043,1,1,0,22,25,18,34,0,16,0,0,13
2001,131044,1,1,0,0,0,0,16,10,21,0,23,9
2001,131045,1,1,30,30,30,30,30,30,30,30,30,30
2001,131046,1,1,0,0,0,0,0,0,0,0,0,0
2001,131046,2,1,0,0,0,0,0,0,0,0,0,0
2001,131046,3,1,0,0,0,12,0,0,0,0,0,0
2001,131047,1,1,0,0,0,0,0,0,0,0,0,0
2001,131048,1,1,0,0,0,0,0,0,0,0,0,0
2001,131048,2,1,0,0,0,0,0,0,0,0,0,0
2001,131049,1,1,0,0,0,0,0,0,0,0,0,0
2001,131049,2,1,0,0,0,0,0,0,0,0,0,0
2001,131050,1,1,0,0,0,0,0,0,0,0,0,0
2001,131050,2,1,0,0,0,0,0,0,0,0,0,0
2001,131051,1,1,0,0,0,0,0,0,0,0,0,0
2001,131051,2,1,0,0,0,0,0,0,0,0,0,0
2001,131052,1,1,31,31,31,31,31,31,31,31,31,31
2001,131053,1,1,0,0,0,0,0,0,0,0,0,0
2001,131053,2,1,0,0,0,0,0,0,0,0,0,0
2001,131054,1,1,0,0,0,0,0,0,0,0,0,0
2001,131055,1,1,0,0,0,0,0,0,0,0,0,0
2001,131055,2,1,0,0,0,0,0,0,0,0,0,0
2001,131055,3,1,0,0,0,0,0,0,0,0,0,0
2001,131055,4,1,0,0,0,0,0,0,0,0,0,0
2001,131056,1,1,11,11,11,11,11,11,11,11,11,11
2001,131056,2,1,0,0,0,0,0,0,0,0,0,0
2001,131057,1,1,0,0,0,0,0,0,0,0,0,0
2001,131057,2,1,0,0,0,0,0,0,0,0,0,0
2001,131058,1,1,20,20,20,20,20,20,20,20,20,20
2001,131059,0,1,0,11,0,28,35,33,28,0,0,0
2001,131059,1,1,0,0,0,0,0,0,0,0,0,0
2001,131060,1,1,0,0,0,0,0,0,0,0,0,0
2001,131060,2,1,0,0,0,0,0,0,0,0,0,0
2001,131061,0,1,19,19,19,19,19,19,19,19,19,19
2001,131061,1,1,0,0,0,0,0,0,0,0,0,0
2001,131062,1,1,0,0,0,0,0,0,0,0,0,0
2001,131063,0,1,24,24,24,24,24,24,24,24,24,24
2001,131063,1,1,0,0,0,0,0,0,0,0,0,0
2001,131064,1,1,27,27,27,27,27,27,27,27,27,27
2001,131065,1,1,9,9,9,9,9,9,9,9,9,9
2001,131066,1,1,17,17,17,17,17,17,17,17,17,17
2001,131067,1,1,0,0,0,0,0,0,0,0,0,0
2001,131067,2,1,0,0,0,0,0,0,0,0,0,0
2001,131067,3,1,0,0,0,0,0,0,0,0,0,0
2001,131068,1,1,18,18,18,18,18,18,18,18,18,18
2001,131069,1,1,0,0,0,0,0,0,0,0,0,0
2001,131069,2,1,0,0,0,0,0,0,0,0,0,0
2001,131070,1,1,5,5,5,5,5,5,5,5,5,5
2001,131071,1,1,0,0,0,0,0,0,0,0,0,0
2001,131071,2,1,0,0,0,0,0,0,0,0,0,0
2001,131072,1,1,0,0,0,0,0,0,0,0,0,0
2001,131072,2,1,0,0,0,0,0,0,0,0,0,0
2001,131073,1,1,19,6,12,22,22,27,19,0,24,11
2001,131074,1,1,0,0,0,0,0,0,0,0,0,0
2001,131075,1,1,0,0,0,0,0,0,0,0,0,0
2001,131076,1,1,0,0,0,0,0,0,0,0,0,0
2001,131076,2,1,0,0,0,0,0,0,0,0,0,0
2001,131077,1,1,4,4,4,4,4,4,4,4,4,4
2001,131077,2,1,14,23,19,27,0,15,20,0,18,22
2001,131078,1,1,0,0,0,0,0,0,0,0,0,0
2001,131079,1,1,0,0,0,0,0,18,22,0,0,0
2001,131080,1,1,0,0,0,0,0,0,0,0,0,0
2001,131080,2,1,0,0,0,0,0,0,0,0,0,0
2001,131081,2,1,0,0,0,0,0,0,0,0,0,0
2001,131082,1,1,0,0,0,0,0,0,0,0,0,0
2001,131082,2,1,0,0,0,0,0,0,0,0,0,0
2001,131083,1,1,0,0,0,0,0,0,0,0,0,0
2001,131083,2,1,0,0,0,0,0,0,0,0,0,0
2001,131083,3,1,0,0,0,0,0,0,0,0,0,0
2001,131084,1,1,0,0,0,0,0,0,0,0,0,0
2001,131084,2,1,0,0,0,0,0,0,0,0,0,0
2001,131085,1,1,0,0,0,0,0,0,0,0,0,0
2001,131085,2,1,0,0,0,0,0,0,0,0,0,0
2001,131086,0,1,0,0,0,0,0,0,0,0,0,0
2001,131086,1,1,0,0,0,0,0,0,0,0,0,0
2001,131087,0,1,0,20,0,0,0,0,0,26,0,0
2001,131087,1,1,0,0,0,0,0,0,0,0,0,0
2001,131088,1,1,0,0,0,0,0,0,0,0,0,0
2001,131089,0,1,0,0,0,0,16,0,0,0,29,0
2001,131089,1,1,0,0,0,0,0,0,0,0,0,0
2001,131090,1,1,0,0,0,0,0,0,0,0,0,0
2001,131090,2,1,0,0,0,0,0,0,0,0,0,0
2001,131091,1,2,17,9,18,22,18,24,26,40,25,10
2001,131092,1,1,0,0,0,0,0,0,0,0,0,0
2001,131093,1,1,5,5,5,5,5,5,5,5,5,5
2001,131094,1,1,0,0,0,0,0,0,0,0,0,0
2001,131094,2,1,0,0,0,0,0,0,0,0,0,0
2001,131095,1,1,0,0,0,0,0,0,0,0,0,0
2001,131095,2,1,0,0,0,0,0,0,0,0,0,0
2001,131096,0,1,0,0,0,0,0,0,0,0,0,0
2001,131096,1,1,0,0,0,0,0,0,0,0,0,0
2001,131097,1,1,0,0,0,0,0,0,0,0,0,0
2001,131097,2,1,0,0,0,0,0,0,0,0,0,0
2001,131097,3,1,0,0,0,0,0,0,0,0,0,0
2001,131097,4,1,0,0,0,0,0,0,0,0,0,0
2001,131097,5,1,0,0,0,0,0,0,0,0,0,0
2001,131097,6,1,0,0,0,0,0,0,0,0,0,0
2001,131097,7,1,0,0,0,0,0,0,0,0,0,0
2001,131098,1,1,0,0,0,0,0,0,0,0,0,0
2001,131098,2,1,0,0,0,0,0,0,0,0,0,0
2001,131099,1,1,0,0,0,0,0,0,0,0,0,0
2001,131099,2,1,0,0,0,0,0,0,0,0,0,0
2001,131100,1,1,0,0,0,0,0,0,0,0,0,0
2001,131100,2,1,0,0,0,0,0,0,0,0,0,0
2001,131101,1,1,16,16,16,16,16,16,16,16,16,16
2001,131102,1,1,0,0,4,0,0,0,0,0,0,0
2001,131102,2,1,0,0,0,0,0,0,0,0,0,0
2001,131103,0,1,32,32,32,32,32,32,32,32,32,32
2001,131103,1,1,0,0,0,0,0,0,0,0,0,0
2001,131104,1,1,0,0,18,13,0,0,0,0,0,0
2001,131105,1,1,0,0,0,0,0,0,0,0,0,0
2001,131105,2,1,0,0,0,0,0,0,0,0,0,0
2001,131105,3,1,0,0,0,0,0,0,0,0,0,0
2001,131106,1,1,0,0,0,0,0,0,0,0,0,0
2001,131106,2,1,0,0,0,0,0,0,0,0,0,0
2001,131107,1,1,0,0,0,0,0,0,0,0,0,0
2001,131107,2,1,0,0,0,0,0,0,0,0,0,0
2001,131108,0,1,0,0,0,0,0,0,0,0,0,0
2001,131108,1,1,0,0,0,0,0,0,0,0,0,0
2001,131109,1,1,0,0,0,0,0,0,0,0,0,0
2001,131109,2,1,0,0,0,0,21,11,12,0,0,0
2001,131110,1,1,13,13,13,13,13,13,13,13,13,13
2001,131110,2,1,22,22,22,22,22,22,22,22,22,22
2001,131111,1,1,0,0,0,0,0,0,0,0,0,0
2001,131112,1,1,28,28,28,28,28,28,28,28,28,28
2001,131112,2,1,0,0,0,0,0,0,0,0,0,0
2001,131113,1,1,0,0,0,0,0,0,0,0,0,0
2001,131113,2,1,0,0,0,0,0,0,0,0,0,0
2001,131114,1,1,0,0,0,0,0,0,0,0,0,0
2001,131114,2,1,0,0,0,0,0,0,0,0,0,0
2001,131115,1,1,0,0,0,0,0,0,0,0,0,0
2001,131116,1,1,0,0,0,0,0,0,0,0,0,0
2001,131116,2,1,0,0,0,0,0,0,0,0,0,0
2001,131116,3,1,0,0,0,0,0,0,0,0,0,0
2001,131117,1,1,0,0,0,0,0,0,0,0,0,0
2001,131117,2,1,0,0,0,0,0,0,0,0,0,0
2001,131118,1,1,27,27,27,27,27,27,27,27,27,27
2001,131119,1,1,0,0,0,0,0,0,0,0,0,0
2001,131119,2,1,0,0,0,0,0,0,0,0,0,0
2001,131120,1,1,0,0,0,0,0,0,0,0,0,0
2001,131121,0,1,25,27,12,31,12,20,29,8,21,9
2001,131121,1,1,0,0,0,0,0,0,0,0,0,0
2001,131122,1,1,0,0,0,0,0,0,0,0,0,0
2001,131123,1,1,0,0,0,0,0,0,0,0,0,0
2001,131123,2,1,0,0,0,0,0,6,0,0,0,9
2001,131124,0,1,0,0,0,0,0,0,0,0,0,10
2001,131124,1,1,0,0,0,0,0,0,0,0,0,0
2001,131125,1,1,0,0,0,0,0,0,0,0,0,0
2001,131126,1,1,0,0,0,0,0,0,0,0,0,0
2001,131126,2,1,0,0,0,0,0,0,0,0,0,0
2001,131127,1,1,0,0,0,0,0,0,0,0,0,0
2001,131127,2,1,0,0,0,0,0,0,0,0,0,0
2001,131127,3,1,0,0,0,0,0,0,0,0,0,0
2001,131128,0,1,15,26,12,21,0,20,0,0,26,14
2001,131128,1,1,0,0,0,0,0,0,0,0,0,0
2001,131129,1,1,0,0,0,0,0,0,0,0,0,0
2001,131130,1,1,0,0,0,24,24,0,0,0,16,0
2001,131131,1,1,0,0,0,0,0,0,0,0,0,0
2001,131131,2,1,0,0,0,0,0,0,0,0,0,0
2001,131132,1,1,0,0,0,0,15,0,30,0,0,0
2001,131133,0,1,24,24,24,24,24,24,24,24,24,24
2001,131133,1,1,0,0,0,0,0,0,0,0,0,0
2001,131134,1,1,0,0,27,0,0,20,0,0,0,0
2001,131135,1,1,16,16,16,16,16,16,16,16,16,16
2001,131135,2,1,18,18,18,18,18,18,18,18,18,18
2001,131136,1,1,0,0,0,0,0,0,0,0,0,0
2001,131137,1,1,0,0,0,0,0,0,0,0,0,0
2001,131137,2,1,0,0,0,0,0,0,0,0,0,0
2001,131138,1,1,0,0,0,0,0,0,0,0,0,0
2001,131139,0,1,0,0,0,0,0,0,0,0,0,0
2001,131139,1,1,0,0,0,0,0,0,0,0,0,0
2001,131140,1,1,0,0,0,0,0,0,0,0,0,0
2001,131140,2,1,0,0,0,0,0,0,0,0,0,0
2001,131140,3,1,0,0,0,0,0,0,0,0,0,0
2001,131140,4,1,0,0,0,0,0,0,0,0,0,0
2001,131140,5,1,0,0,0,0,0,0,0,0,0,0
2001,131140,6,1,0,0,0,0,0,0,0,0,0,0
2001,131140,7,1,0,0,0,0,0,0,0,0,0,0
2001,131140,8,1,0,0,0,0,0,0,0,0,0,0
2001,131141,1,1,8,8,8,8,8,8,8,8,8,8
2001,131141,2,1,0,0,0,0,0,0,0,0,0,0
2001,131142,0,1,0,0,0,0,0,0,0,0,0,0
2001,131142,1,1,0,0,0,0,0,0,0,0,0,0
2001,131143,1,1,0,0,0,0,0,0,0,0,0,0
2001,131144,1,1,0,0,0,0,0,0,0,0,0,0
2001,131144,2,1,0,0,0,0,0,0,0,0,0,0
2001,131145,1,1,0,0,0,0,0,0,0,0,0,0
2001,131145,2,1,0,0,0,0,0,0,0,0,0,0
2001,131146,1,1,0,0,0,0,0,0,0,0,0,0
2001,131147,1,1,29,29,29,29,29,29,29,29,29,29
2001,131148,0,1,0,0,0,0,0,0,0,0,0,0
2001,131148,1,1,0,0,0,0,0,0,0,0,0,0
2001,131149,1,1,38,38,38,38,38,38,38,38,38,38
2001,131150,1,1,7,7,7,7,7,7,7,7,7,7
2001,131151,1,1,4,16,9,0,10,13,5,4,6,0
2001,131151,2,1,26,0,0,23,0,0,0,0,0,0
2001,131152,1,1,0,0,0,0,0,0,0,0,0,0
2001,131152,2,1,0,0,0,0,0,0,0,0,0,0
2001,131152,3,1,0,0,0,0,0,0,0,0,0,0
2001,131153,1,1,0,0,0,0,0,0,0,0,0,0
2001,131153,2,1,0,0,0,0,0,0,0,0,0,0
2001,131154,1,1,15,15,15,15,15,15,15,15,15,15
2001,131155,1,1,0,0,8,0,12,0,5,0,0,0
2001,131156,1,1,0,0,9,0,20,0,0,0,19,0
2001,131157,1,1,0,0,0,0,0,0,0,0,0,0
2001,131157,2,1,0,0,0,0,0,0,0,0,0,0
2001,131158,1,1,0,0,0,0,0,0,0,0,0,0
2001,131159,1,1,14,14,14,14,14,14,14,14,14,14
2001,131159,2,1,0,0,0,0,0,0,0,0,0,0
2001,131160,1,1,0,0,0,0,0,0,0,0,0,0
2001,131161,1,1,30,0,10,16,15,10,0,31,0,0
2001,131162,1,1,0,0,0,0,0,0,0,0,0,0
2001,131162,2,1,0,0,0,0,0,0,0,0,0,0
2001,131163,1,1,11,11,11,11,11,11,11,11,11,11
2001,131164,1,1,11,0,0,0,0,0,0,0,13,0
2001,131164,2,1,0,0,0,0,0,0,0,0,0,0
2001,131165,1,1,0,0,0,0,0,0,0,0,0,0
2001,131166,1,1,28,28,28,28,28,28,28,28,28,28
2001,131167,1,1,0,0,0,0,0,0,0,0,0,0
2001,131167,2,1,15,27,15,14,20,0,0,17,7,9
2001,131167,3,1,0,0,0,0,0,0,0,0,0,0
2001,131168,1,1,0,0,0,0,0,0,0,0,0,0
2001,131168,2,1,0,0,0,0,0,0,0,0,0,0
2001,131169,1,1,11,11,11,11,11,11,11,11,11,11
2001,131170,1,1,0,0,0,0,0,0,0,0,0,0
2001,131170,2,1,0,0,0,0,0,0,0,0,0,0
2001,131171,1,1,0,0,0,0,0,0,0,0,0,0
2001,131171,2,1,0,0,0,0,0,0,0,0,0,0
2001,131171,3,1,0,0,0,0,0,0,0,0,0,0
2001,131172,1,1,0,0,0,0,0,0,0,0,0,0
2001,131173,1,1,27,27,27,27,27,27,27,27,27,27
2001,131173,2,1,0,0,0,0,0,0,0,0,0,0
2001,131174,1,1,0,0,0,0,0,0,0,0,0,0
2001,131174,2,1,0,0,0,0,0,0,0,0,0,0
2001,131175,1,1,0,0,0,0,0,0,0,0,0,0
2001,131176,1,1,0,0,0,0,0,0,0,0,0,0
2001,131176,2,1,0,0,0,0,0,0,0,0,0,0
2001,131177,1,1,12,12,17,8,11,20,28,12,11,12
2001,131177,2,1,0,38,0,0,0,0,0,0,0,0
2001,131178,1,1,0,0,0,0,0,0,0,0,0,0
2001,131179,1,1,0,0,0,17,16,19,29,0,0,0
2001,131180,1,1,7,7,7,7,7,7,7,7,7,7
2001,131181,1,1,0,0,0,0,0,0,0,0,0,0
2001,131182,1,1,0,0,0,0,0,0,0,0,0,0
2001,131182,2,1,0,0,0,0,0,0,0,0,0,0
2001,131183,1,1,14,14,14,14,14,14,14,14,14,14
2001,131183,2,1,0,0,0,0,0,0,0,0,0,0
2001,131184,1,1,22,22,22,22,22,22,22,22,22,22
2001,131185,1,1,14,12,0,0,17,7,0,0,0,0
2001,131186,1,1,0,0,0,0,0,0,0,0,0,0
2001,131186,2,1,0,0,0,0,0,0,0,0,0,0
2001,131187,0,1,0,3,13,22,0,12,22,0,33,7
2001,131187,1,1,0,26,0,0,11,16,0,0,9,0
2001,131187,2,1,0,0,0,0,0,0,0,0,0,0
2001,131188,1,1,0,0,0,0,0,0,0,0,0,0
2001,131188,2,1,0,0,0,0,0,0,0,0,0,0
2001,131188,3,1,0,0,0,0,0,0,0,0,0,0
2001,131188,4,1,0,0,0,0,0,0,0,0,0,0
2001,131188,5,1,0,0,0,0,0,0,0,0,0,0
2001,131188,6,1,0,0,0,0,0,0,0,0,0,0
2001,131188,7,1,0,0,0,0,0,0,0,0,0,0
2001,131189,1,1,0,0,0,0,0,0,0,0,0,0
2001,131189,2,1,0,0,0,0,0,0,0,0,0,0
2001,131190,1,1,18,14,0,0,0,0,14,14,0,0
2001,131190,2,1,0,0,0,0,0,0,0,0,0,0
2001,131190,3,1,0,0,0,0,0,0,0,0,16,0
2001,131190,4,1,0,0,0,0,0,0,0,0,0,0
2001,131191,0,1,25,25,25,25,25,25,25,25,25,25
2001,131191,1,1,0,0,0,0,0,0,0,0,0,0
2001,131192,1,1,21,25,0,33,22,2,23,31,14,26
2001,131192,2,1,0,0,0,0,0,0,0,0,0,0
2001,131193,1,1,31,31,31,31,31,31,31,31,31,31
2001,131193,2,1,0,0,0,0,0,0,0,0,0,0
2001,131194,1,1,0,0,0,0,0,0,0,0,0,0
2001,131194,2,1,0,0,0,0,0,0,0,0,0,0
2001,131194,3,1,0,0,0,0,0,0,0,0,0,0
2001,131195,1,1,0,0,0,0,0,0,0,0,0,0
2001,131196,1,1,0,0,0,0,0,0,0,0,0,0
2001,131197,1,1,0,0,0,0,0,0,0,0,0,0
2001,131197,2,1,0,0,0,0,0,0,0,0,0,0
2001,131197,3,1,0,0,0,0,0,0,0,0,0,0
2001,131197,4,1,0,0,0,0,0,0,0,0,0,0
2001,131198,1,1,0,0,0,0,0,0,0,0,0,0
2001,131198,2,1,0,0,0,0,0,0,0,0,0,0
2001,131199,1,1,21,10,18,23,24,16,11,25,13,22
2001,131200,1,1,0,0,0,0,0,32,0,0,0,0
2001,131201,1,1,0,0,0,0,0,0,0,0,0,0
2001,131201,2,1,0,0,0,0,0,0,0,0,0,0
2001,131201,3,1,0,0,0,0,0,0,0,0,0,0
2001,131202,1,1,0,0,0,0,0,0,0,0,0,0
2001,131203,1,1,0,0,0,0,0,0,0,0,0,0
2001,131203,2,1,0,0,0,0,0,0,0,0,0,0
2001,131204,1,1,14,14,14,14,14,14,14,14,14,14
2001,131204,2,1,0,0,0,0,0,0,0,0,0,0
2001,131205,1,1,22,22,22,22,22,22,22,22,22,22
2001,131206,1,1,17,17,17,17,17,17,17,17,17,17
2001,131207,1,1,21,21,21,21,21,21,21,21,21,21
2001,131208,1,1,0,0,0,0,0,0,0,0,0,0
2001,131209,1,1,33,33,33,33,33,33,33,33,33,33
2001,131210,1,1,8,8,8,8,8,8,8,8,8,8
2001,131211,1,1,16,16,16,16,16,16,16,16,16,16
2001,131212,1,1,16,16,16,16,16,16,16,16,16,16
2001,131213,1,1,16,16,16,16,16,16,16,16,16,16
2001,131214,1,1,0,0,0,0,0,0,0,0,14,0
2001,131214,2,1,26,26,26,26,26,26,26,26,26,26
2001,131215,1,1,0,0,0,0,0,0,0,0,0,0
2001,131215,2,1,0,0,0,0,0,0,0,0,0,0
2001,131216,1,1,0,0,0,0,0,0,0,0,0,0
2001,131216,2,1,0,0,0,0,0,0,0,0,0,0
2001,131216,3,1,0,0,0,0,0,0,0,0,0,0
2001,131217,0,1,0,0,0,0,0,0,0,0,0,0
2001,131217,0,2,0,0,0,0,0,0,0,0,0,0
2001,131217,1,1,0,0,0,0,0,0,0,0,0,0
2001,131218,0,1,0,0,0,0,0,0,0,0,0,0
2001,131218,1,1,0,0,0,0,0,0,0,0,0,0
2001,131219,1,1,0,0,0,0,0,0,0,0,0,0
2001,131219,2,1,0,0,0,0,0,0,0,0,0,0
2001,131220,1,1,0,0,0,0,0,0,0,0,0,0
2001,131220,2,1,0,0,0,0,0,0,0,0,0,0
2001,131221,1,1,2,20,13,29,26,24,8,25,33,29
2001,131222,1,1,0,0,0,0,0,0,0,0,0,0
2001,131222,2,1,0,0,0,0,0,0,0,0,0,0
2001,131223,0,1,31,31,31,31,31,31,31,31,31,31
2001,131223,1,1,11,11,11,11,11,11,11,11,11,11
2001,131224,1,1,0,13,0,18,0,28,0,0,21,0
2001,131225,1,1,0,0,0,0,0,0,0,0,0,0
2001,131225,2,1,0,0,0,0,0,0,0,0,0,0
2001,131226,1,1,0,0,0,0,0,0,0,0,0,0
2001,131226,2,1,0,0,0,0,0,0,0,0,0,0
2001,131227,1,1,0,0,0,0,0,0,0,0,0,0
2001,131227,2,1,0,0,0,0,0,0,0,0,0,0
2001,131228,1,1,14,14,14,14,14,14,14,14,14,14
2001,131228,2,1,12,0,0,13,18,21,0,14,15,0
2001,131228,3,1,30,0,0,0,16,0,0,0,0,0
2001,131229,1,1,0,0,0,0,0,0,0,0,0,0
2001,131229,2,1,0,0,0,0,0,0,0,0,0,0
2001,131229,3,1,0,0,0,0,0,0,0,0,0,0
2001,131229,4,1,0,0,0,0,0,0,0,0,0,0
2001,131230,1,1,0,0,0,0,0,0,0,0,0,0
2001,131231,1,1,0,0,0,0,0,0,0,0,0,0
2001,131231,2,1,0,0,0,0,0,0,0,0,0,0
2001,131232,1,1,0,0,0,0,0,0,0,0,0,0
2001,131232,2,1,0,0,0,0,0,0,0,0,0,0
2001,131233,1,1,0,0,0,0,0,0,0,0,0,0
2001,131234,1,1,0,0,0,0,0,0,0,0,0,0
2001,131234,2,1,0,0,0,0,0,0,0,0,0,0
2001,131235,1,1,22,14,24,0,19,13,42,22,30,26
2001,131236,1,1,29,29,29,29,29,29,29,29,29,29
2001,131237,1,1,8,8,8,8,8,8,8,8,8,8
2001,131238,1,1,0,0,0,0,0,0,0,0,0,0
2001,131238,2,1,0,0,0,0,0,0,0,0,0,0
2001,131238,3,1,0,0,0,0,0,0,0,0,0,0
2001,131238,4,1,0,0,0,0,0,0,0,0,0,0
2001,131238,5,1,0,0,0,0,0,0,0,0,0,0
2001,131239,1,1,0,0,0,0,0,0,0,0,0,0
2001,131239,2,1,12,5,0,0,0,10,0,0,22,0
2001,131240,1,1,0,0,0,0,0,0,0,0,0,0
2001,131241,0,1,33,23,21,0,18,32,17,8,20,14
2001,131241,1,1,0,0,0,0,0,0,0,0,0,0
2001,131242,1,1,0,0,0,7,0,0,0,0,0,0
2001,131243,1,1,23,21,22,0,16,21,0,16,8,23
2001,131243,2,1,0,3,0,0,18,0,0,0,0,0
2001,131243,3,1,14,0,0,0,8,0,16,0,8,29
2001,131244,1,1,0,0,3,0,12,0,0,0,0,0
2001,131244,2,1,0,0,0,0,0,0,0,0,0,0
2001,131245,1,1,0,0,0,0,0,0,0,0,0,0
2001,131246,1,1,0,0,0,0,0,0,0,0,0,0
2001,131247,1,1,0,0,0,0,0,0,0,0,0,0
2001,131247,2,1,0,0,0,0,0,0,0,0,0,0
2001,131248,0,1,0,0,0,0,0,0,0,0,0,0
2001,131248,1,1,0,0,0,0,0,0,0,0,0,0
2001,131249,1,1,0,13,0,0,0,0,0,0,0,0
2001,131249,2,1,0,0,0,0,0,0,20,0,16,0
2001,131250,1,1,0,0,0,0,0,0,0,0,0,0
2001,131250,2,1,0,0,0,0,0,0,0,0,0,0
2001,131251,1,1,0,0,0,0,0,0,0,0,0,0
2001,131251,2,1,0,0,0,0,0,0,0,0,0,0
2001,131252,1,1,0,0,0,0,0,0,0,0,0,0
2001,131253,1,1,26,26,26,26,26,26,26,26,26,26
2001,131254,1,1,30,30,30,30,30,30,30,30,30,30
2001,131254,2,1,0,0,0,0,0,0,0,0,0,0
2001,131255,1,1,0,0,0,0,0,0,0,0,0,0
2001,131256,1,1,0,0,0,0,0,0,0,0,0,0
2001,131256,2,1,0,0,0,0,0,0,0,0,0,0
2001,131257,1,1,0,0,0,0,0,0,0,0,0,0
2001,131258,1,1,0,0,0,0,0,0,0,0,0,0
2001,131259,1,1,0,0,0,0,0,0,0,0,0,0
2001,131259,2,1,0,0,0,0,0,0,0,0,0,0
2001,131260,1,1,0,0,0,0,0,0,0,0,0,0
2001,131260,2,1,0,0,0,0,0,0,0,0,0,0
2001,131261,1,1,0,0,0,0,0,0,0,0,0,0
2001,131261,2,1,0,0,0,0,18,0,0,0,0,0
2001,131262,1,1,0,0,0,0,0,0,0,0,0,0
2001,131262,2,1,0,0,0,0,0,0,0,0,0,0
2001,131262,3,1,0,0,0,0,0,0,0,0,26,0
2001,131262,4,1,0,26,0,0,0,0,0,0,0,0
2001,131263,1,1,0,0,0,0,0,0,0,0,0,0
2001,131263,2,1,0,0,0,0,0,0,0,0,0,0
2001,131264,1,1,0,0,0,0,0,0,0,0,0,0
2001,131264,2,1,0,0,0,0,0,0,0,0,0,0
2001,131265,1,1,17,17,17,17,17,17,17,17,17,17
2001,131266,1,1,0,0,0,0,0,0,0,0,0,0
2001,131267,1,1,29,29,29,29,29,29,29,29,29,29
2001,131267,2,1,0,0,0,0,0,0,0,0,0,0
2001,131268,1,1,0,0,0,0,0,0,0,0,0,0