YEAR,st_case,veh_no,per_no,P1,P2,P3,P4,P5,P6,P7,P8,P9,P10
2001,131269,1,1,0,0,0,0,0,0,0,0,28,0
2001,131270,1,1,0,0,0,0,0,0,0,0,0,0
2001,131270,2,1,0,0,0,0,0,0,0,0,0,0
2001,131271,1,1,0,0,0,0,0,0,0,0,0,0
2001,131271,2,1,0,0,0,0,0,0,0,0,0,0
2001,131272,1,1,0,0,0,0,0,0,0,0,0,0
2001,131272,2,1,0,0,0,0,0,0,17,0,0,0
2001,131272,3,1,0,0,0,0,0,0,0,0,0,0
2001,131273,1,1,0,0,0,0,0,0,0,0,0,0
2001,131273,2,1,0,0,0,0,0,0,0,0,0,0
2001,131273,3,1,0,0,0,0,0,0,0,0,0,0
2001,131274,0,1,0,0,0,0,0,0,0,0,0,0
2001,131274,1,1,0,0,0,0,0,0,0,0,0,0
2001,131275,1,1,0,0,0,0,0,0,0,0,0,0
2001,131275,2,1,0,0,0,0,0,6,0,5,0,26
2001,131276,1,1,0,0,0,0,0,0,0,0,0,0
2001,131276,2,1,0,0,0,0,0,0,0,0,0,0
2001,131277,1,1,0,0,0,0,0,0,0,0,0,0
2001,131278,1,1,0,0,0,0,0,0,0,0,0,0
2001,131279,0,1,23,23,23,23,23,23,23,23,23,23
2001,131279,1,1,0,0,0,0,0,0,0,0,0,0
2001,131280,1,1,26,26,26,26,26,26,26,26,26,26
2001,131281,1,1,0,0,0,0,0,0,0,0,0,0
2001,131281,2,1,0,0,0,0,0,0,0,0,0,0
2001,131282,1,1,17,17,17,17,17,17,17,17,17,17
2001,131283,1,1,0,0,0,0,0,0,0,0,0,0
2001,131283,2,1,0,0,0,0,0,0,0,0,0,0
2001,131283,3,1,0,0,0,0,0,0,0,0,0,0
2001,131284,0,1,22,22,22,22,22,22,22,22,22,22
2001,131284,1,1,15,0,14,0,0,0,0,0,0,0
2001,131285,1,1,0,0,0,0,0,0,0,0,0,0
2001,131285,2,1,0,0,0,0,0,0,0,0,0,0
2001,131286,1,1,12,18,0,0,0,0,0,0,0,0
2001,131287,0,1,0,0,0,0,0,0,0,0,0,0
2001,131287,1,1,0,0,0,0,0,0,0,0,0,0
2001,131287,2,1,0,0,0,0,0,0,0,0,0,0
2001,131287,3,1,0,0,0,0,0,0,0,0,0,0
2001,131288,1,1,0,0,0,0,0,0,0,0,0,0
2001,131289,1,1,0,0,0,0,0,0,0,0,0,0
2001,131289,2,1,0,7,0,0,0,0,0,0,0,0
2001,131290,1,1,0,0,0,0,0,0,0,0,0,0
2001,131291,1,1,0,0,0,0,0,0,0,0,0,0
2001,131292,1,1,0,0,0,0,0,0,0,0,0,0
2001,131293,1,1,0,0,0,0,0,0,0,0,0,0
2001,131293,2,1,0,0,0,0,0,0,0,0,0,0
2001,131293,3,1,0,0,0,0,0,0,0,0,0,0
2001,131294,1,1,0,0,0,0,0,0,0,0,0,0
2001,131294,2,1,0,0,0,0,0,0,0,0,0,0
2001,131294,3,1,0,0,0,0,0,0,0,0,0,0
2001,131294,4,1,0,0,0,0,0,0,0,0,0,0
2001,131295,1,1,23,23,23,23,23,23,23,23,23,23
2001,131296,1,1,0,0,0,0,0,0,0,0,0,0
2001,131297,1,1,0,0,0,0,0,0,0,0,0,0
2001,131298,1,1,0,0,0,0,0,0,0,0,0,0
2001,131299,0,1,22,11,0,0,0,12,0,2,0,0
2001,131299,1,1,0,25,0,0,17,0,0,9,22,0
2001,131300,1,1,0,0,0,0,0,0,14,3,0,0
2001,131301,0,1,20,27,27,0,6,0,0,0,0,0
2001,131301,1,1,0,0,0,0,0,0,0,0,0,0
2001,131302,1,1,0,0,0,0,0,0,0,0,0,0
2001,131303,1,1,0,0,0,0,0,0,0,0,0,0
2001,131304,1,1,0,32,0,0,12,0,0,0,19,0
2001,131305,1,1,0,0,0,0,0,0,0,0,0,0
2001,131305,2,1,0,0,0,0,0,0,0,0,0,0
2001,131306,1,1,26,0,29,17,36,26,0,15,26,0
2001,131307,1,1,8,8,0,0,5,0,0,0,0,0
2001,131307,2,1,18,0,0,0,0,0,0,0,0,0
2001,131308,1,1,5,0,15,0,0,0,0,0,0,4
2001,131308,2,1,0,0,0,0,0,0,0,0,0,0
2001,131308,3,1,0,0,0,0,0,0,0,0,15,0
2001,131309,0,1,0,0,0,0,0,0,0,0,0,0
2001,131309,1,1,19,19,19,19,19,19,19,19,19,19
2001,131310,1,1,0,0,0,0,0,0,0,0,0,0
2001,131310,2,1,0,0,0,0,0,0,0,0,0,0
2001,131311,0,1,18,18,18,18,18,18,18,18,18,18
2001,131311,1,1,0,0,0,0,0,0,0,0,0,0
2001,131312,1,1,0,0,0,0,0,0,0,0,0,0
2001,131312,2,1,0,0,0,0,0,0,0,0,0,0
2001,131313,0,1,0,0,0,0,0,0,0,0,0,0
2001,131313,0,2,0,0,0,20,0,0,0,19,26,0
2001,131313,0,3,0,0,0,0,0,0,0,0,0,0
2001,131313,1,1,0,0,0,0,0,0,0,0,13,17
2001,131314,1,1,11,11,11,11,11,11,11,11,11,11
2001,131314,2,1,9,9,9,9,9,9,9,9,9,9
2001,131315,0,1,25,25,0,13,16,14,0,0,21,21
2001,131315,1,1,0,0,0,0,0,0,0,0,0,0
2001,131316,1,1,0,0,0,8,0,0,0,0,0,0
2001,131318,1,1,20,20,20,20,20,20,20,20,20,20
2001,131319,0,1,0,0,0,0,0,0,0,0,0,0
2001,131319,1,1,0,0,0,0,0,0,0,0,0,0
2001,131320,1,1,11,11,11,11,11,11,11,11,11,11
2001,131320,2,1,0,0,0,0,0,0,0,0,0,0
2001,131321,1,1,0,21,0,0,0,16,0,0,0,0
2001,131321,2,1,0,0,0,0,0,0,0,0,0,0
2001,131322,1,1,8,8,8,8,8,8,8,8,8,8
2001,131322,2,1,3,3,3,3,3,3,3,3,3,3
2001,131322,3,1,0,0,0,23,15,0,0,0,5,0
2001,131323,1,1,14,14,14,14,14,14,14,14,14,14
2001,131323,2,1,0,0,0,0,0,0,20,0,0,0
2001,131324,1,1,0,0,0,0,0,0,0,0,0,0
2001,131324,2,1,0,0,0,0,0,0,0,0,0,0
2001,131324,3,1,0,0,0,0,0,0,0,0,0,0
2001,131324,4,1,0,0,0,0,0,0,0,0,6,0
2001,131325,1,1,0,0,0,0,0,0,0,0,0,0
2001,131325,2,1,0,0,0,0,0,0,0,0,0,0
2001,131325,3,1,0,0,0,0,0,0,0,0,0,0
2001,131326,1,1,20,20,20,20,20,20,20,20,20,20
2001,131326,2,1,0,0,0,0,0,0,0,0,0,0
2001,131327,1,1,15,14,0,0,0,0,0,0,13,0
2001,131328,1,1,0,0,0,0,0,0,0,0,0,0
2001,131328,2,1,18,18,18,18,18,18,18,18,18,18
2001,131329,1,1,14,0,0,0,0,0,0,2,0,0
2001,131329,2,1,0,0,0,0,0,0,0,0,0,0
2001,131330,1,1,0,0,0,0,0,0,0,0,0,0
2001,131331,1,1,6,6,6,6,6,6,6,6,6,6
2001,131332,1,1,0,0,0,0,21,0,0,0,0,0
2001,131333,1,1,0,0,0,0,0,0,0,0,0,22
2001,131333,2,1,0,0,0,0,0,0,0,0,0,0
2001,131334,0,1,0,0,0,0,0,0,0,0,0,0
2001,131334,1,1,0,0,0,0,0,0,0,0,0,0
2001,131335,1,1,0,0,0,0,0,0,0,0,0,0
2001,131335,2,1,0,0,0,0,0,0,0,0,0,0
2001,131336,1,1,0,0,0,0,0,0,0,0,0,0
2001,131336,2,1,0,0,0,0,0,0,0,0,0,0
2001,131337,1,1,0,0,0,0,0,0,0,0,0,0
2001,131337,2,1,0,0,0,0,0,0,0,0,0,0
2001,131338,0,1,0,0,0,0,0,0,0,0,0,0
2001,131338,1,1,0,0,0,0,0,0,0,0,0,0
2001,131339,1,1,0,0,0,0,0,0,0,0,0,0
2001,131339,2,1,0,0,0,0,0,0,0,0,0,0
2001,131340,1,1,25,25,25,25,25,25,25,25,25,25
2001,131340,2,1,0,0,0,0,0,0,0,0,0,0
2001,131341,1,1,0,0,0,0,0,0,0,0,0,0
2001,131341,2,1,0,0,0,0,0,0,0,0,0,0
2001,131342,1,1,0,0,0,0,0,0,0,0,0,0
2001,131342,2,1,0,0,0,0,0,0,0,0,0,0
2001,131343,2,1,0,0,0,0,0,0,0,0,0,0
2001,131344,0,1,4,4,4,4,4,4,4,4,4,4
2001,131344,1,1,0,0,0,0,0,0,0,0,0,0
2001,131345,1,1,0,0,0,0,0,0,0,0,0,0
2001,131345,2,1,0,0,0,0,0,0,0,0,0,0
2001,131346,1,1,19,19,19,19,19,19,19,19,19,19
2001,131347,1,1,0,0,0,0,0,0,0,0,0,0
2001,131347,2,1,0,0,0,0,0,0,0,0,0,0
2001,131348,1,1,0,0,0,0,0,0,0,0,0,0
2001,131348,2,1,0,0,0,0,0,0,0,0,0,0
2001,131348,3,1,0,11,0,0,0,0,0,0,0,0
2001,131349,1,1,0,0,0,0,0,0,0,0,0,0
2001,131349,2,1,0,0,0,0,0,0,0,0,0,0
2001,131350,1,1,0,0,0,0,0,0,0,0,0,0
2001,131351,1,1,0,0,0,0,0,0,0,0,0,0
2001,131351,2,1,0,0,0,0,0,0,0,0,0,0
2001,131352,1,1,10,16,20,27,17,32,18,16,7,0
2001,131353,1,1,0,0,0,0,0,0,0,0,0,0
2001,131353,2,1,0,0,0,0,0,0,0,0,0,0
2001,131354,1,1,0,0,0,0,0,0,0,0,0,0
2001,131354,2,1,0,0,0,0,0,0,0,0,0,0
2001,131355,1,1,0,0,0,0,0,0,0,0,0,0
2001,131355,2,1,0,0,0,0,0,0,0,0,0,0
2001,131356,1,1,27,27,27,27,27,27,27,27,27,27
2001,131357,1,1,0,0,0,0,0,0,0,0,0,0
2001,131358,1,1,11,11,11,11,11,11,11,11,11,11
2001,131359,1,1,0,0,0,0,0,0,0,0,0,0
2001,131359,2,1,0,0,0,0,0,0,0,0,0,0
2001,131360,1,1,0,0,0,0,0,0,0,0,0,0
2001,131360,2,1,0,0,0,0,0,0,0,0,0,0
2001,131361,1,1,0,0,0,13,0,0,0,0,0,23
2001,131361,2,1,0,0,0,0,0,0,0,0,0,0
2001,131362,1,1,0,0,0,0,0,0,0,0,0,0
2001,131362,2,1,0,0,0,0,0,0,0,0,0,0
2001,131363,1,1,0,0,0,0,0,0,0,0,0,0
2001,131364,1,1,22,22,22,22,22,22,22,22,22,22
2001,131365,1,1,0,0,0,0,0,0,0,0,0,0
2001,131365,2,1,0,0,0,0,0,0,0,0,0,0
2001,131366,1,1,19,19,19,19,19,19,19,19,19,19
2001,131367,0,1,0,36,0,0,27,0,18,10,0,17
2001,131367,1,1,3,3,3,3,3,3,3,3,3,3
2001,131368,1,1,38,0,0,0,14,17,0,16,0,0
2001,131369,1,1,4,4,4,4,4,4,4,4,4,4
2001,131370,1,1,17,15,0,11,0,15,0,0,8,21
2001,131371,0,1,0,0,0,0,0,0,0,0,0,0
2001,131371,1,1,0,0,0,0,0,0,0,0,0,0
2001,131372,1,1,0,0,0,0,0,0,0,0,0,0
2001,131372,2,1,0,0,0,0,0,0,0,0,0,0
2001,131373,0,1,24,0,23,23,9,21,8,41,12,22
2001,131373,1,1,0,0,0,24,0,0,0,9,3,13
2001,131374,1,1,0,0,0,0,0,0,0,0,0,0
2001,131374,2,1,0,0,0,0,0,0,0,0,0,0
2001,131375,1,1,12,12,12,12,12,12,12,12,12,12
2001,131376,1,1,0,0,0,0,0,0,0,0,0,0
2001,131376,2,1,0,0,0,0,0,0,0,0,0,0
2001,131376,3,1,0,0,0,0,0,0,0,0,0,0
2001,131377,1,1,0,0,0,0,0,0,0,0,0,0
2001,131377,2,1,0,0,0,0,0,0,0,0,0,0
2001,131378,1,1,0,0,0,0,0,0,0,0,0,0
2001,131378,2,1,0,0,0,0,0,0,0,0,0,0
2001,131379,1,1,0,0,8,0,6,0,0,0,17,0
2001,131380,1,1,16,24,25,0,0,17,8,18,13,0
2001,131381,1,1,0,0,0,0,0,0,0,0,0,0
2001,131382,1,1,13,13,13,13,13,13,13,13,13,13
2001,131382,2,1,0,0,0,0,0,0,0,0,0,0
2001,131383,1,1,0,0,0,0,0,0,0,0,0,0
2001,131384,1,1,0,0,0,0,0,0,0,0,7,0
2001,131384,2,1,0,0,0,27,0,0,0,25,0,0
2001,131385,1,1,14,24,4,0,13,0,28,18,11,13
2001,131386,1,1,0,0,0,0,0,0,0,0,0,0
2001,131387,0,1,17,12,18,5,0,16,14,0,0,31
2001,131387,1,1,22,13,14,0,0,5,0,9,0,0
2001,131388,1,1,37,28,3,25,16,13,36,15,0,28
2001,131389,1,1,24,24,24,24,24,24,24,24,24,24
2001,131390,1,1,0,0,0,0,0,0,0,0,0,0
2001,131390,2,1,0,0,0,0,0,0,0,0,0,0
2001,131391,1,1,0,0,0,0,0,0,0,0,0,0
2001,131391,2,1,0,0,0,0,0,0,0,0,0,0
2001,131392,1,1,28,12,12,4,31,8,0,15,19,23
2001,131392,2,1,0,0,0,0,0,0,0,0,0,0
2001,131393,0,1,0,0,0,0,0,0,0,0,0,0
2001,131393,1,1,0,0,0,0,0,0,0,0,0,0
2001,131394,1,1,0,0,0,0,0,0,0,0,0,0
2001,131394,2,1,0,0,0,0,0,0,0,0,0,0
2001,131395,1,1,0,0,0,0,0,0,0,0,0,0
2001,131395,2,1,0,0,0,0,0,0,0,0,0,0
2001,131396,1,1,0,0,0,0,0,0,0,0,0,0
2001,131397,1,1,0,0,0,0,0,0,0,0,0,0
2001,131397,2,1,0,0,0,17,0,0,0,0,0,0
2001,131398,1,1,14,0,0,0,0,0,0,0,0,0
2001,131400,0,1,5,0,0,14,2,0,0,20,29,0
2001,131400,1,1,7,6,6,12,16,0,8,21,15,8
2001,131401,1,1,0,0,0,0,0,0,0,12,0,0
2001,131402,1,1,4,4,4,4,4,4,4,4,4,4
2001,131403,1,1,0,0,0,0,0,0,0,0,0,0
2001,131404,1,1,0,0,0,0,0,0,0,0,0,0
2001,131405,1,1,0,0,0,0,0,0,0,0,0,0
2001,131405,2,1,0,0,0,0,0,0,0,0,0,0
2001,131406,0,1,0,0,0,0,0,0,0,0,0,0
2001,131406,1,1,0,0,0,0,0,0,0,0,0,0
2001,131407,1,1,0,0,0,0,0,0,0,0,0,0
2001,131407,2,1,0,0,0,0,0,0,0,0,0,0
2001,131408,0,1,3,0,18,0,19,0,0,0,26,0
2001,131408,1,1,0,0,0,0,0,0,0,0,0,0
2001,131409,1,1,13,13,13,13,13,13,13,13,13,13
2001,131410,0,1,19,19,19,19,19,19,19,19,19,19
2001,131410,1,1,0,0,0,0,0,0,0,0,0,0
2001,131411,1,1,0,0,0,0,0,0,0,0,0,0
2001,131411,2,1,0,0,0,0,0,0,0,0,0,0
2001,131411,3,1,0,0,0,0,0,0,0,0,0,0
2001,131412,1,1,0,0,0,0,0,0,0,0,0,0
2001,131412,2,1,0,0,0,0,0,0,0,0,0,0
2001,131413,1,1,0,0,0,0,0,0,0,0,0,0
2001,131413,2,1,0,0,0,0,0,0,0,0,0,0
2001,131414,1,1,0,0,0,0,0,0,0,0,0,0
2001,131414,2,1,0,0,0,0,0,0,0,0,0,0
2001,131414,3,1,0,0,0,0,0,0,0,0,0,0
2001,131415,1,1,0,0,0,0,0,0,0,0,0,0
2001,131415,2,1,0,0,0,0,0,0,0,0,0,0
2001,131416,0,1,0,0,0,0,0,31,0,0,0,0
2001,131416,1,1,0,0,0,0,0,0,0,0,0,0
2001,131417,1,1,0,0,0,11,0,0,0,0,0,0
2001,131417,2,1,0,0,0,0,0,0,0,0,0,0
2001,131417,3,1,0,0,0,0,0,0,0,0,0,9
2001,131418,1,1,15,0,0,5,4,0,0,29,0,2
2001,131418,2,1,0,0,0,0,0,0,0,0,0,0
2001,131419,1,1,0,0,0,0,28,23,3,0,0,0
2001,131419,2,1,2,7,5,4,27,8,13,6,5,4
2001,131420,1,1,0,0,0,0,0,0,0,0,0,0
2001,131421,0,1,0,0,0,0,0,0,0,0,0,0
2001,131421,1,1,0,0,0,0,0,0,0,0,21,0
2001,131422,1,1,0,0,0,0,0,0,0,0,0,0
2001,131422,2,1,0,0,0,0,0,0,0,0,0,0
2001,131423,1,1,0,0,0,0,0,0,0,0,0,0
2001,131423,2,1,0,0,0,0,0,0,0,0,0,0
2001,131424,1,1,0,0,0,0,0,0,0,0,0,0
2001,131424,2,1,0,0,0,0,0,0,0,0,0,0
2001,131425,1,1,0,0,0,0,0,0,0,0,0,0
2001,131425,2,1,0,0,0,0,0,0,0,0,0,0
2001,131426,1,1,0,0,0,0,0,0,0,0,0,0
2001,131426,2,1,0,0,0,0,0,0,0,0,0,0
2001,131427,1,1,0,0,0,0,0,0,14,0,0,0
2001,131428,1,1,0,0,0,0,0,0,0,0,0,0
2001,131429,1,1,0,0,0,0,0,0,0,0,0,0
2001,131429,2,1,0,0,0,0,0,0,0,0,0,0
2001,131430,1,1,10,0,0,0,0,0,17,0,0,0
2001,131431,1,1,0,0,0,0,0,0,0,0,0,0
2001,131431,2,1,0,0,0,0,0,0,0,0,0,0
2001,131432,1,1,11,13,0,0,0,0,0,0,0,0
2001,131433,1,1,0,0,0,0,0,0,0,0,0,0
2001,131433,2,1,0,0,0,0,0,0,0,0,0,0
2001,131433,3,1,0,0,0,0,0,0,0,0,0,0
2001,131434,1,1,38,37,17,8,20,20,15,26,28,25
2001,131435,1,1,0,23,5,0,0,7,9,32,0,0
2001,131435,2,1,0,0,15,0,0,0,0,17,10,17
2001,131436,1,1,16,16,16,16,16,16,16,16,16,16
2001,131436,2,1,0,0,0,0,0,0,0,0,0,0
2001,131437,1,1,0,0,11,0,17,0,17,16,0,0
2001,131438,0,1,16,27,0,23,0,0,19,34,19,0
2001,131438,1,1,0,0,0,0,0,0,0,0,0,0
2001,131439,1,1,0,0,0,0,0,0,0,0,0,0
2001,131439,2,1,0,0,0,0,0,0,0,0,0,0
2001,131440,1,1,0,0,0,0,0,0,0,0,0,0
2001,131441,1,1,0,5,10,0,0,15,15,0,0,15
2001,131442,1,1,0,0,0,0,0,0,0,0,0,0
2001,131443,1,1,0,0,25,0,0,0,0,0,0,0
2001,131443,2,1,0,0,0,0,0,0,0,0,0,0
2001,131443,3,1,0,0,0,0,0,0,0,0,0,0
2001,131443,4,1,0,0,0,0,0,0,0,0,0,0
2001,131444,1,1,16,0,27,0,0,0,6,0,0,19
2001,131445,1,1,0,0,0,0,0,0,0,0,0,0
2001,131445,2,1,0,0,0,0,0,0,0,0,0,0
2001,131446,1,1,17,17,17,17,17,17,17,17,17,17
2001,131447,1,1,0,0,0,0,0,0,0,0,0,0
2001,131447,2,1,0,0,0,0,0,0,0,0,0,0
2001,131448,0,1,0,0,0,0,0,0,0,0,0,0
2001,131448,1,1,0,0,0,0,0,0,0,0,0,0
2001,131449,1,1,0,0,0,0,0,0,0,0,0,0
2001,131449,2,1,0,0,0,0,0,0,0,0,0,21
2001,131450,0,1,0,0,0,0,0,0,0,0,0,0
2001,131450,1,1,18,24,19,13,0,34,0,4,37,25
2001,131451,0,1,0,13,0,47,18,16,9,0,0,0
2001,131451,1,1,0,0,0,0,0,0,0,0,0,0
2001,131452,1,1,0,0,0,0,0,0,0,0,0,0
2001,131452,2,1,0,13,0,0,0,0,0,0,7,7
2001,131453,0,1,13,0,5,15,0,17,17,26,28,24
2001,131453,1,1,3,3,3,3,3,3,3,3,3,3
2001,131454,1,1,0,0,0,0,0,0,0,0,0,0
2001,131455,1,1,0,20,0,0,0,0,0,0,0,0
2001,131456,1,1,0,0,0,0,0,0,0,0,0,0
2001,131456,2,1,0,0,0,0,0,0,0,0,0,0
2001,131456,3,1,0,0,0,0,0,0,0,0,0,0
2001,131457,1,1,0,0,0,0,0,0,0,0,0,0
2001,131457,2,1,0,0,0,0,0,0,0,0,0,0
2001,131458,1,1,0,0,0,0,0,0,38,0,0,0
2001,131458,2,1,0,0,0,0,0,0,0,0,4,0
2001,131459,1,1,0,0,0,0,0,0,0,0,0,0
2001,131459,2,1,0,0,0,0,0,0,0,0,0,0
2001,131460,0,1,0,0,0,3,14,24,0,0,12,0
2001,131460,1,1,0,0,0,0,0,0,0,0,0,0
2001,131461,1,1,22,22,22,22,22,22,22,22,22,22
2001,131461,2,1,0,0,0,0,0,0,0,0,0,0
2001,131461,3,1,0,0,0,0,0,0,0,0,0,0
2001,131462,1,1,19,7,15,24,24,10,0,34,0,10
2001,131463,1,1,0,0,0,0,0,0,0,0,0,0
2001,131463,2,1,0,0,0,0,0,0,0,0,0,0
2001,131464,0,1,0,0,0,0,0,0,0,0,0,0
2001,131464,1,1,0,0,0,0,0,0,0,0,0,0
2001,131465,1,1,0,0,0,0,0,0,0,0,0,0
2001,131465,2,1,0,0,0,0,0,0,0,0,13,0
2001,131466,1,1,0,0,46,11,19,14,0,0,0,4
2001,131466,2,1,0,0,0,0,0,0,0,0,0,0
2001,131467,0,1,23,23,23,23,23,23,23,23,23,23
2001,131467,1,1,0,0,0,0,0,0,0,0,0,0
2001,131468,0,1,17,17,17,17,17,17,17,17,17,17
2001,131468,1,1,7,17,8,0,0,10,0,0,9,0
2001,131469,0,1,0,0,0,0,0,0,0,0,0,0
2001,131469,1,1,0,0,0,0,0,0,0,0,0,0
2001,131470,0,1,39,39,39,39,39,39,39,39,39,39
2001,131470,1,1,2,28,9,16,13,12,15,10,6,21
2001,131471,1,1,0,0,0,0,0,0,0,0,0,0
2001,131471,2,1,0,0,0,0,0,0,0,0,0,0
2001,131472,1,1,0,0,0,0,0,0,0,0,0,0
2001,131472,2,1,0,0,0,0,0,0,0,0,0,0
2001,131473,1,1,6,0,10,0,0,0,0,22,0,0
2001,131473,2,1,0,0,0,0,0,0,0,0,29,0
2001,131474,1,1,0,23,16,0,0,9,0,0,23,0
2001,131475,1,1,0,0,0,0,0,0,0,0,0,0
2001,131476,1,1,0,15,41,17,0,25,10,14,6,14
2001,131476,2,1,0,0,0,0,0,0,0,0,0,0
2001,131478,1,1,0,0,0,0,0,0,0,0,0,0
2001,131479,0,1,37,37,37,37,37,37,37,37,37,37
2001,131479,1,1,16,16,16,16,16,16,16,16,16,16
2001,131480,1,1,0,0,0,0,0,0,0,0,0,0
2001,150001,1,1,0,0,0,0,0,0,0,0,0,0
2001,150002,1,1,0,17,14,5,2,9,5,2,0,17
2001,150002,2,1,0,0,0,0,0,0,0,0,0,0
2001,150003,0,1,0,0,0,0,0,0,0,0,0,0
2001,150003,1,1,0,0,0,0,0,0,0,0,0,0
2001,150004,0,1,0,0,0,0,0,0,0,0,0,0
2001,150004,1,1,0,0,0,0,0,0,0,0,0,0
2001,150005,1,1,0,0,0,0,0,0,0,0,0,0
2001,150005,2,1,0,0,0,0,0,0,0,0,0,0
2001,150006,0,1,22,22,22,22,22,22,22,22,22,22
2001,150006,1,1,0,0,0,0,0,0,0,0,0,0
2001,150007,1,1,0,0,0,0,0,0,0,0,0,0
2001,150008,0,1,0,0,0,0,0,0,0,0,0,0
2001,150008,1,1,0,0,0,0,0,0,0,0,0,0
2001,150009,1,1,15,15,15,15,15,15,15,15,15,15
2001,150010,1,1,13,13,13,13,13,13,13,13,13,13
2001,150011,1,1,22,10,22,0,0,0,11,23,31,0
2001,150012,0,1,0,0,0,0,0,0,0,0,0,0
2001,150012,1,1,0,0,0,0,0,0,0,0,0,0
2001,150013,0,1,0,0,0,0,0,0,0,0,0,0
2001,150013,1,1,0,0,0,0,0,0,0,6,0,0
2001,150014,1,1,18,18,18,18,18,18,18,18,18,18
2001,150015,0,1,0,0,0,0,0,0,0,0,0,0
2001,150015,1,1,0,0,0,0,0,0,0,0,0,0
2001,150016,0,1,0,0,0,0,0,0,0,0,0,0
2001,150016,1,1,0,0,0,0,0,0,0,0,0,0
2001,150017,1,1,11,11,11,11,11,11,11,11,11,11
2001,150018,1,1,0,0,0,0,0,0,0,0,0,0
2001,150019,1,1,0,0,0,0,0,0,0,0,0,0
2001,150019,2,1,0,0,0,0,0,0,0,0,0,0
2001,150020,1,1,19,19,19,19,19,19,19,19,19,19
2001,150020,2,1,0,0,0,0,0,0,0,0,0,0
2001,150021,1,1,0,0,0,0,0,0,0,0,0,0
2001,150022,1,1,0,0,0,0,0,0,0,0,0,0
2001,150022,2,1,0,0,0,0,0,0,0,0,0,0
2001,150023,1,1,0,0,0,0,0,0,0,0,0,0
2001,150023,2,1,0,0,0,0,0,0,0,0,0,0
2001,150024,1,1,0,0,0,0,0,0,0,0,0,0
2001,150025,0,1,0,0,0,0,0,0,0,0,0,0
2001,150025,1,1,22,11,0,7,0,6,0,15,6,0
2001,150026,1,1,0,0,0,0,0,0,0,0,0,0
2001,150026,2,1,3,3,3,3,3,3,3,3,3,3
2001,150026,3,1,0,0,0,0,0,0,0,0,0,0
2001,150027,1,1,28,28,28,28,28,28,28,28,28,28
2001,150028,1,1,0,0,0,0,0,0,0,0,0,0
2001,150029,1,1,18,18,18,18,18,18,18,18,18,18
2001,150030,1,1,0,0,0,0,0,0,0,0,0,0
2001,150030,2,1,0,0,0,0,0,0,0,0,0,0
2001,150031,1,1,5,11,0,20,3,14,29,9,12,6
2001,150031,2,1,0,0,0,0,0,23,0,0,0,0
2001,150032,1,1,20,20,20,20,20,20,20,20,20,20
2001,150033,1,1,0,0,0,0,0,0,0,0,0,0
2001,150034,0,1,0,0,0,0,0,0,0,0,0,0
2001,150034,1,1,0,0,0,0,0,0,0,0,0,0
2001,150035,1,1,0,0,0,0,0,0,0,0,0,0
2001,150035,2,1,0,0,0,0,0,0,0,0,0,0
2001,150036,1,1,12,5,9,8,26,8,19,4,13,12
2001,150037,1,1,25,25,25,25,25,25,25,25,25,25
2001,150038,1,1,13,20,14,9,26,10,0,13,12,8
2001,150038,2,1,8,8,8,8,8,8,8,8,8,8
2001,150039,1,1,0,0,0,0,0,0,0,0,0,0
2001,150039,2,1,0,0,0,0,0,0,0,0,0,0
2001,150039,3,1,0,0,0,0,0,0,0,0,0,0
2001,150040,0,1,0,0,0,0,0,0,0,0,0,0
2001,150040,1,1,0,0,0,0,0,0,0,0,0,0
2001,150041,1,1,0,0,0,0,0,0,0,0,0,0
2001,150041,2,1,0,0,0,0,0,0,0,0,0,0
2001,150041,3,1,0,0,0,0,0,0,0,0,0,0
2001,150041,4,1,0,0,0,0,0,0,0,0,0,0
2001,150042,0,1,0,0,0,0,0,0,0,0,0,0
2001,150042,0,2,0,2,0,9,58,0,23,0,0,31
2001,150042,1,1,16,16,16,16,16,16,16,16,16,16
2001,150043,1,1,0,0,0,0,0,0,0,0,0,0
2001,150044,1,1,0,0,0,0,0,0,0,0,0,0
2001,150045,0,1,3,3,3,3,3,3,3,3,3,3
2001,150045,1,1,1,1,1,1,1,1,1,1,1,1
2001,150046,1,1,0,0,0,0,0,0,0,0,0,0
2001,150047,0,1,0,0,0,0,0,0,0,0,0,0
2001,150047,1,1,0,0,0,0,0,21,0,0,0,0
2001,150048,1,1,0,0,0,0,0,0,0,0,0,0
2001,150049,1,1,16,0,19,0,8,3,0,26,15,0
2001,150050,1,1,26,26,26,26,26,26,26,26,26,26
2001,150050,2,1,0,0,0,0,0,0,0,0,0,0
2001,150051,1,1,0,0,0,0,0,0,0,0,0,0
2001,150051,2,1,0,0,0,0,0,0,0,0,0,0
2001,150052,1,1,14,14,14,14,14,14,14,14,14,14
2001,150053,1,1,0,0,0,0,0,0,0,0,0,0
2001,150053,2,1,0,0,0,0,0,0,0,0,0,0
2001,150054,1,1,0,0,0,0,0,0,0,0,0,0
2001,150054,2,1,0,0,16,0,27,0,23,0,0,0
2001,150055,1,1,19,19,19,19,19,19,19,19,19,19
2001,150056,1,1,0,0,0,0,0,0,0,0,0,0
2001,150057,1,1,0,0,0,0,0,0,0,0,0,0
2001,150057,2,1,0,0,0,0,0,0,0,0,0,0
2001,150057,3,1,0,0,0,0,0,0,0,0,0,0
2001,150058,0,1,25,25,25,25,25,25,25,25,25,25