YEAR,st_case,veh_no,per_no,P1,P2,P3,P4,P5,P6,P7,P8,P9,P10
2001,160220,2,1,0,0,0,0,5,0,0,0,0,0
2001,160221,1,1,0,0,0,0,0,0,0,0,0,0
2001,160222,0,1,30,30,30,30,30,30,30,30,30,30
2001,160222,1,1,0,0,0,0,0,0,0,0,0,0
2001,160223,1,1,2,2,2,2,2,2,2,2,2,2
2001,160224,1,1,21,21,21,21,21,21,21,21,21,21
2001,160225,1,1,0,0,0,0,0,0,0,0,0,0
2001,160225,2,1,0,0,0,0,0,0,0,0,0,0
2001,170001,1,1,15,15,15,15,15,15,15,15,15,15
2001,170001,2,1,0,0,0,0,0,0,0,20,14,0
2001,170002,0,1,0,0,0,0,0,0,0,0,0,0
2001,170002,1,1,0,0,0,0,0,0,0,0,0,0
2001,170003,1,1,0,0,0,0,0,0,0,0,0,0
2001,170003,2,1,0,0,0,0,0,0,0,0,0,0
2001,170004,1,1,0,0,15,0,0,0,0,0,0,0
2001,170004,2,1,0,0,0,0,0,0,0,0,0,0
2001,170005,1,1,0,0,0,0,0,0,0,0,0,0
2001,170005,2,1,0,0,0,0,0,0,0,0,0,0
2001,170006,1,1,0,0,0,0,0,0,0,0,0,0
2001,170006,2,1,0,0,0,0,0,0,0,0,0,0
2001,170007,1,1,0,0,0,0,0,0,0,0,0,0
2001,170007,2,1,0,0,0,0,0,0,0,0,0,0
2001,170008,1,1,22,22,22,22,22,22,22,22,22,22
2001,170009,1,1,14,14,14,14,14,14,14,14,14,14
2001,170009,2,1,0,0,0,0,0,0,0,0,0,0
2001,170010,1,1,0,0,0,0,0,0,0,0,0,0
2001,170011,0,1,0,0,0,0,0,0,0,0,0,0
2001,170011,0,2,0,0,0,0,0,0,0,0,0,0
2001,170011,1,1,0,0,0,0,0,0,0,0,0,0
2001,170012,1,1,0,0,0,0,0,0,0,0,0,0
2001,170012,2,1,0,0,0,0,0,0,0,0,0,0
2001,170013,1,1,0,0,0,0,0,0,0,0,0,0
2001,170013,2,1,0,0,0,0,0,0,0,0,0,0
2001,170014,0,1,6,6,6,6,6,6,6,6,6,6
2001,170014,1,1,16,0,0,0,0,0,0,0,10,0
2001,170015,1,1,0,0,0,0,0,0,0,0,0,0
2001,170016,1,1,21,21,21,21,21,21,21,21,21,21
2001,170016,2,1,0,0,0,0,0,0,0,0,0,0
2001,170017,1,1,0,0,0,0,0,0,0,0,0,0
2001,170017,2,1,0,0,0,0,0,0,0,0,0,0
2001,170017,3,1,0,0,0,0,0,0,0,0,0,0
2001,170018,1,1,25,25,25,25,25,25,25,25,25,25
2001,170019,1,1,0,0,0,0,0,0,0,0,0,0
2001,170019,2,1,0,0,0,0,0,0,0,0,0,0
2001,170019,3,1,0,0,0,6,0,0,0,0,0,0
2001,170019,4,1,0,0,0,0,0,0,0,0,0,0
2001,170020,1,1,0,0,0,0,0,0,0,0,0,0
2001,170020,2,1,0,0,0,0,0,0,0,0,0,0
2001,170021,1,1,20,20,20,20,20,20,20,20,20,20
2001,170022,1,1,0,0,0,0,0,0,0,0,0,0
2001,170023,1,1,0,0,0,11,0,0,0,0,0,0
2001,170024,1,1,0,0,0,0,0,0,0,0,0,0
2001,170024,2,1,0,0,0,0,0,0,0,0,0,0
2001,170024,3,1,0,0,0,0,0,0,0,0,0,0
2001,170024,4,1,0,0,0,0,0,0,0,0,0,0
2001,170024,5,1,0,0,0,0,0,0,0,0,0,0
2001,170025,1,1,9,9,9,9,9,9,9,9,9,9
2001,170026,0,1,20,20,20,20,20,20,20,20,20,20
2001,170026,1,1,0,0,0,14,13,0,0,0,3,0
2001,170027,1,1,0,0,0,0,0,0,0,0,0,0
2001,170028,1,1,0,0,0,0,0,0,0,0,0,0
2001,170029,1,1,0,0,0,0,0,0,0,0,0,0
2001,170030,1,1,0,0,0,0,0,0,0,0,0,0
2001,170031,0,1,0,0,0,26,42,0,0,0,9,8
2001,170031,0,2,0,0,0,0,0,0,0,0,0,0
2001,170031,1,1,0,0,0,0,0,0,0,0,0,0
2001,170032,1,1,10,10,10,10,10,10,10,10,10,10
2001,170033,0,1,2,2,2,2,2,2,2,2,2,2
2001,170033,1,1,0,0,0,0,0,0,0,0,0,0
2001,170034,1,1,0,0,0,0,0,0,0,0,0,0
2001,170034,2,1,0,3,0,0,0,0,0,0,0,0
2001,170035,0,1,16,16,16,16,16,16,16,16,16,16
2001,170035,1,1,0,0,0,0,0,0,0,0,0,0
2001,170036,1,1,0,0,0,0,0,0,0,0,0,0
2001,170037,1,1,0,0,0,0,0,0,0,0,0,0
2001,170037,2,1,0,0,0,0,0,0,0,0,0,17
2001,170038,1,1,0,0,0,0,0,0,0,0,0,0
2001,170038,2,1,0,0,0,0,0,0,0,0,0,0
2001,170038,3,1,0,0,0,0,0,0,0,0,0,0
2001,170039,1,1,22,22,22,22,22,22,22,22,22,22
2001,170039,2,1,0,0,0,0,0,0,0,0,0,0
2001,170040,1,1,0,0,0,0,0,0,0,0,0,0
2001,170041,1,1,0,0,0,0,0,0,0,0,0,0
2001,170042,1,1,18,18,18,18,18,18,18,18,18,18
2001,170043,0,1,18,18,18,18,18,18,18,18,18,18
2001,170043,1,1,0,0,0,0,0,0,0,0,0,0
2001,170043,2,1,0,0,0,0,0,0,0,0,0,21
2001,170044,1,1,0,0,0,0,0,0,0,0,0,0
2001,170045,1,1,0,0,0,0,0,0,0,0,0,0
2001,170045,2,1,0,0,0,0,0,0,0,0,0,0
2001,170045,3,1,0,0,0,0,0,0,0,0,0,0
2001,170045,4,1,0,0,0,0,0,0,0,0,0,0
2001,170046,0,1,0,0,0,0,0,0,0,0,0,0
2001,170046,1,1,0,0,0,0,0,0,0,0,0,0
2001,170047,1,1,0,0,0,0,0,0,0,0,0,0
2001,170048,1,1,0,0,0,0,0,0,0,0,0,0
2001,170048,2,1,0,0,0,0,0,0,0,0,0,0
2001,170049,0,1,0,0,0,0,0,0,0,0,0,0
2001,170049,1,1,0,0,0,0,0,0,0,0,0,0
2001,170050,1,1,0,0,0,0,0,0,0,0,0,0
2001,170050,2,1,0,0,0,0,0,0,0,0,0,0
2001,170051,1,1,0,0,0,0,0,0,0,0,0,0
2001,170051,2,1,0,0,0,0,0,0,0,0,0,0
2001,170052,1,1,0,0,0,0,0,0,0,0,0,0
2001,170052,2,1,0,0,0,0,0,0,0,0,0,0
2001,170053,1,1,1,1,1,1,1,1,1,1,1,1
2001,170053,2,1,0,0,0,0,0,0,0,0,0,0
2001,170054,1,1,21,25,12,19,17,18,12,19,19,18
2001,170055,1,1,0,0,0,0,0,0,0,0,0,0
2001,170055,2,1,0,0,0,0,0,0,0,0,0,0
2001,170056,1,1,0,0,0,0,0,0,0,0,0,0
2001,170056,2,1,0,0,0,0,0,0,0,0,0,0
2001,170057,1,1,0,0,0,0,0,0,0,0,0,0
2001,170057,2,1,0,0,0,0,0,0,0,0,0,0
2001,170057,3,1,0,0,0,0,0,0,0,0,0,0
2001,170057,4,1,0,0,0,0,0,0,0,0,0,0
2001,170057,5,1,0,0,0,0,0,0,0,0,0,0
2001,170058,0,1,8,8,8,8,8,8,8,8,8,8
2001,170058,1,1,0,0,0,0,0,0,0,0,0,0
2001,170059,1,1,0,0,0,0,0,0,0,0,0,0
2001,170059,2,1,0,0,0,0,0,0,0,0,0,0
2001,170059,3,1,0,0,0,0,0,0,0,0,0,0
2001,170060,1,1,22,22,22,22,22,22,22,22,22,22
2001,170061,1,1,0,0,0,0,0,0,0,0,0,0
2001,170061,2,1,0,0,0,0,0,0,0,0,0,0
2001,170062,1,1,26,26,26,26,26,26,26,26,26,26
2001,170063,0,1,12,12,12,12,12,12,12,12,12,12
2001,170063,1,1,12,11,8,11,0,5,0,12,8,0
2001,170064,1,1,24,24,24,24,24,24,24,24,24,24
2001,170065,1,1,13,13,13,13,13,13,13,13,13,13
2001,170066,1,1,1,1,1,1,1,1,1,1,1,1
2001,170066,2,1,0,0,0,0,0,0,0,0,0,0
2001,170067,1,1,0,17,0,13,24,15,0,6,24,0
2001,170067,2,1,0,0,0,0,0,0,0,0,0,0
2001,170068,1,1,0,0,0,0,0,0,0,0,0,0
2001,170068,2,1,0,0,0,0,0,0,0,0,0,0
2001,170069,0,1,0,0,0,0,0,0,0,0,0,0
2001,170069,1,1,9,0,0,0,0,9,0,0,0,0
2001,170070,1,1,0,0,0,0,0,0,0,0,0,0
2001,170070,2,1,0,0,0,0,0,0,0,0,0,0
2001,170071,1,1,0,0,0,0,0,0,0,0,0,0
2001,170071,2,1,0,0,0,0,0,0,0,0,0,0
2001,170072,1,1,0,0,0,4,0,14,0,0,5,0
2001,170073,1,1,0,21,28,0,19,13,0,13,22,0
2001,170073,2,1,0,0,0,0,0,0,0,0,0,0
2001,170074,0,1,0,0,0,0,0,0,0,0,11,0
2001,170074,1,1,0,0,0,0,0,0,0,16,0,0
2001,170074,2,1,0,0,0,0,0,0,0,0,0,0
2001,170075,0,1,11,11,11,11,11,11,11,11,11,11
2001,170075,1,1,0,0,0,0,0,15,0,13,0,0
2001,170076,1,1,0,0,0,0,0,0,0,0,0,0
2001,170076,2,1,0,0,0,0,0,0,0,0,0,0
2001,170077,1,1,32,16,0,0,0,0,33,0,0,0
2001,170077,2,1,0,0,0,0,0,0,0,0,0,0
2001,170078,1,1,0,0,0,0,0,0,0,0,0,0
2001,170079,1,1,0,0,0,0,0,0,0,0,0,0
2001,170079,2,1,0,0,0,0,0,0,0,0,0,0
2001,170080,1,1,0,0,0,0,0,0,0,0,0,0
2001,170081,1,1,27,27,27,27,27,27,27,27,27,27
2001,170082,0,1,0,0,0,0,0,0,0,0,0,0
2001,170082,1,1,0,0,0,0,0,0,0,0,0,0
2001,170083,1,1,0,0,0,0,0,0,0,0,0,0
2001,170084,1,1,0,0,0,0,0,0,0,0,0,0
2001,170085,1,1,0,0,0,0,0,0,0,0,0,0
2001,170085,2,1,0,0,0,0,0,0,0,0,0,0
2001,170086,1,1,0,0,0,0,0,0,0,0,0,0
2001,170087,1,1,29,29,29,29,29,29,29,29,29,29
2001,170088,1,1,16,16,16,16,16,16,16,16,16,16
2001,170089,1,1,0,0,0,0,0,0,0,0,0,0
2001,170089,2,1,0,0,0,0,0,0,0,0,0,0
2001,170090,0,1,0,0,0,0,0,0,0,0,0,0
2001,170090,1,1,26,26,26,26,26,26,26,26,26,26
2001,170091,1,1,20,20,20,20,20,20,20,20,20,20
2001,170092,1,1,0,0,0,0,0,0,0,0,0,0
2001,170092,2,1,0,0,0,0,0,15,0,0,0,0
2001,170093,1,1,10,10,10,10,10,10,10,10,10,10
2001,170093,2,1,0,0,0,0,0,0,0,0,0,0
2001,170094,0,1,1,1,1,1,1,1,1,1,1,1
2001,170094,1,1,0,0,0,3,0,0,0,7,0,0
2001,170095,0,1,0,0,0,0,0,0,0,0,0,0
2001,170095,0,2,0,0,0,0,0,0,0,0,0,0
2001,170095,0,3,0,0,27,14,0,26,30,8,32,47
2001,170095,0,4,14,0,0,0,0,0,0,5,0,0
2001,170095,0,5,29,21,37,0,15,0,19,17,0,9
2001,170095,0,6,0,31,0,19,19,14,7,0,17,27
2001,170095,1,1,0,0,0,0,0,0,0,0,0,0
2001,170096,1,1,0,0,0,0,0,0,0,0,0,0
2001,170096,2,1,0,0,0,0,0,0,0,0,0,8
2001,170097,0,1,18,18,18,18,18,18,18,18,18,18
2001,170097,1,1,0,0,0,13,0,14,0,0,0,0
2001,170098,1,1,0,0,0,0,0,0,0,0,0,0
2001,170099,1,1,24,24,24,24,24,24,24,24,24,24
2001,170100,1,1,0,0,0,0,0,0,0,0,0,0
2001,170100,2,1,0,0,0,0,0,0,0,0,0,0
2001,170101,0,1,31,31,31,31,31,31,31,31,31,31
2001,170101,1,1,33,0,0,0,5,7,0,23,0,0
2001,170102,0,1,6,6,6,6,6,6,6,6,6,6
2001,170102,1,1,0,0,0,0,0,0,0,0,0,0
2001,170103,0,1,0,0,0,0,0,0,0,0,0,0
2001,170103,0,2,0,0,0,0,0,0,0,0,0,0
2001,170103,1,1,0,0,0,0,0,0,0,0,0,0
2001,170104,0,1,0,0,0,0,0,0,0,0,0,0
2001,170104,1,1,16,0,5,0,0,0,0,6,0,0
2001,170105,1,1,0,0,0,0,0,0,0,0,0,0
2001,170105,2,1,0,0,0,0,0,0,0,0,0,0
2001,170106,1,1,0,0,0,0,0,0,0,0,0,0
2001,170106,2,1,0,0,0,0,0,0,0,0,0,0
2001,170107,1,1,0,0,0,0,0,0,0,0,0,0
2001,170107,2,1,0,0,0,0,0,0,0,0,0,0
2001,170108,1,1,0,0,0,0,0,0,0,0,0,0
2001,170108,2,1,0,0,0,0,0,0,0,0,0,0
2001,170109,1,1,41,41,41,41,41,41,41,41,41,41
2001,170110,1,1,23,23,23,23,23,23,23,23,23,23
2001,170111,1,1,11,11,11,11,11,11,11,11,11,11
2001,170112,1,1,18,18,18,18,18,18,18,18,18,18
2001,170113,0,1,0,0,0,19,0,0,0,0,0,0
2001,170113,1,1,0,0,0,0,0,0,0,0,0,0
2001,170114,1,1,16,16,16,16,16,16,16,16,16,16
2001,170115,1,1,0,0,0,0,0,0,0,0,0,0
2001,170115,2,1,0,0,0,0,0,0,0,0,0,0
2001,170115,3,1,0,0,0,0,0,0,0,0,0,0
2001,170116,1,1,0,0,0,0,0,0,0,0,0,0
2001,170116,2,1,0,0,0,0,0,0,0,0,0,0
2001,170117,1,1,0,0,0,0,0,0,0,0,0,0
2001,170117,2,1,0,0,0,0,0,0,0,0,0,0
2001,170118,1,1,0,0,0,0,0,0,0,0,0,0
2001,170119,1,1,0,0,0,0,0,0,0,0,0,0
2001,170119,2,1,0,0,0,0,0,0,0,0,0,8
2001,170119,3,1,0,0,0,0,0,0,0,0,0,0
2001,170120,1,1,0,0,0,0,0,0,0,0,0,0
2001,170121,1,1,23,23,23,23,23,23,23,23,23,23
2001,170122,0,1,0,0,0,0,0,0,0,0,0,0
2001,170122,1,1,12,26,10,4,15,12,0,0,0,0
2001,170123,1,1,9,9,9,9,9,9,9,9,9,9
2001,170124,1,1,0,0,0,0,0,0,0,0,0,0
2001,170125,1,1,0,0,0,0,0,0,0,0,0,0
2001,170126,1,1,0,0,0,0,0,0,0,0,0,0
2001,170126,2,1,0,0,0,0,0,0,0,12,0,0
2001,170127,1,1,7,7,7,7,7,7,7,7,7,7
2001,170128,1,1,0,0,0,0,0,0,0,0,0,0
2001,170129,1,1,12,12,12,12,12,12,12,12,12,12
2001,170129,2,1,5,5,5,5,5,5,5,5,5,5
2001,170130,1,1,0,0,0,0,0,0,0,0,0,0
2001,170131,1,1,0,0,0,0,0,22,0,0,0,0
2001,170132,0,1,0,0,0,0,0,0,0,0,0,0
2001,170132,1,1,14,0,0,7,9,8,0,23,0,0
2001,170133,0,1,0,0,0,20,17,6,0,0,0,0
2001,170133,1,1,0,0,0,0,0,0,0,0,0,0
2001,170134,1,1,13,0,23,12,0,16,0,6,19,32
2001,170134,2,1,0,0,0,0,0,0,0,0,0,0
2001,170134,3,1,5,5,5,5,5,5,5,5,5,5
2001,170135,1,1,21,21,21,21,21,21,21,21,21,21
2001,170135,2,1,16,16,16,16,16,16,16,16,16,16
2001,170136,1,1,8,8,8,8,8,8,8,8,8,8
2001,170136,2,1,0,0,0,0,0,0,0,0,0,0
2001,170136,3,1,0,0,0,0,0,0,0,0,0,0
2001,170137,1,1,0,0,0,0,0,0,0,0,0,0
2001,170138,1,1,0,0,0,0,0,0,0,0,0,0
2001,170139,1,1,18,18,18,18,18,18,18,18,18,18
2001,170140,1,1,0,0,0,0,0,0,0,0,0,0
2001,170140,2,1,6,6,6,6,6,6,6,6,6,6
2001,170141,1,1,22,22,22,22,22,22,22,22,22,22
2001,170142,1,1,1,1,1,1,1,1,1,1,1,1
2001,170143,1,1,8,8,8,8,8,8,8,8,8,8
2001,170144,1,1,0,0,0,0,0,0,0,0,0,0
2001,170144,2,1,0,0,0,0,0,0,0,0,0,0
2001,170145,1,1,21,21,21,21,21,21,21,21,21,21
2001,170146,1,1,17,17,17,17,17,17,17,17,17,17
2001,170147,1,1,0,0,0,0,0,0,0,0,0,0
2001,170147,2,1,0,0,0,0,0,0,0,0,0,0
2001,170148,1,1,8,8,8,8,8,8,8,8,8,8
2001,170149,1,1,0,19,22,5,0,0,0,0,10,0
2001,170150,1,1,0,0,0,0,0,0,0,0,0,0
2001,170150,2,1,0,0,0,0,0,0,0,0,0,0
2001,170151,1,1,0,0,0,0,0,0,0,0,0,0
2001,170151,2,1,0,0,0,0,0,0,0,0,0,0
2001,170152,1,1,0,0,0,0,0,0,0,0,0,0
2001,170152,2,1,0,0,0,0,0,0,0,0,0,0
2001,170152,3,1,0,0,0,0,0,0,0,0,0,0
2001,170153,1,1,25,2,0,14,0,0,0,0,21,0
2001,170153,2,1,0,0,0,0,0,0,0,0,0,0
2001,170154,1,1,22,22,22,22,22,22,22,22,22,22
2001,170154,2,1,0,0,0,0,0,0,0,0,0,0
2001,170155,1,1,0,0,0,0,0,0,0,0,0,0
2001,170156,1,1,29,29,29,29,29,29,29,29,29,29
2001,170157,1,1,21,21,21,21,21,21,21,21,21,21
2001,170157,2,1,0,0,0,0,0,0,0,0,0,0
2001,170158,1,1,0,0,0,0,0,0,0,0,0,0
2001,170159,1,1,23,23,23,23,23,23,23,23,23,23
2001,170160,1,1,0,0,0,0,0,0,0,0,0,0
2001,170160,2,1,0,0,0,0,0,0,0,0,0,0
2001,170161,0,1,20,0,11,0,0,0,0,27,0,0
2001,170161,1,1,0,0,0,0,0,0,0,0,0,0
2001,170162,0,1,0,0,0,0,0,0,0,0,0,0
2001,170162,1,1,0,0,0,0,0,0,0,0,0,0
2001,170163,1,1,11,11,11,11,11,11,11,11,11,11
2001,170163,2,1,0,0,0,0,0,0,0,0,0,0
2001,170164,1,1,13,25,11,9,0,12,0,18,19,0
2001,170164,2,1,0,0,0,0,0,0,0,0,0,0
2001,170165,1,1,22,22,22,22,22,22,22,22,22,22
2001,170166,1,1,23,23,23,23,23,23,23,23,23,23
2001,170167,1,1,0,0,0,0,0,0,0,0,0,0
2001,170167,2,1,0,0,0,0,0,0,0,0,0,0
2001,170168,1,1,0,0,0,0,0,0,0,0,0,0
2001,170168,2,1,0,0,23,0,0,0,14,0,0,23
2001,170169,1,1,0,0,0,0,0,0,0,0,0,0
2001,170170,1,1,0,0,0,0,0,0,0,0,0,0
2001,170170,2,1,0,0,0,0,0,0,0,0,0,0
2001,170171,1,1,0,0,0,0,0,0,0,0,0,0
2001,170171,2,1,0,0,0,0,0,0,0,0,0,0
2001,170171,3,1,0,0,0,0,0,0,0,0,0,0
2001,170172,1,1,28,28,28,28,28,28,28,28,28,28
2001,170173,1,1,0,0,0,0,0,0,0,0,0,0
2001,170174,1,1,0,0,0,0,0,0,0,0,0,0
2001,170175,1,1,18,18,18,18,18,18,18,18,18,18
2001,170175,2,1,0,0,0,0,0,0,0,12,0,0
2001,170176,1,1,7,7,7,7,7,7,7,7,7,7
2001,170177,1,1,0,0,0,0,0,0,0,0,0,0
2001,170177,2,1,1,1,1,1,1,1,1,1,1,1
2001,170178,1,1,0,0,0,0,0,0,0,0,0,0
2001,170178,2,1,0,0,0,0,0,0,0,0,0,0
2001,170179,1,1,0,0,0,0,0,0,0,0,0,0
2001,170180,1,1,14,14,14,14,14,14,14,14,14,14
2001,170181,1,1,0,0,0,0,0,0,0,0,0,12
2001,170181,2,1,3,0,18,0,27,0,11,0,0,21
2001,170181,3,1,0,0,0,0,0,0,0,0,0,0
2001,170182,1,1,0,0,0,0,0,0,0,0,0,0
2001,170182,2,1,0,0,0,0,0,9,0,0,0,0
2001,170183,1,1,21,21,21,21,21,21,21,21,21,21
2001,170183,2,1,0,0,0,0,0,0,0,0,0,0
2001,170184,1,1,0,0,0,0,0,0,0,0,0,0
2001,170184,2,1,0,0,0,0,0,0,0,0,0,0
2001,170185,1,1,0,0,0,0,0,0,0,0,0,0
2001,170186,1,1,29,29,29,29,29,29,29,29,29,29
2001,170186,2,1,0,0,0,0,9,0,0,0,11,0
2001,170187,1,1,8,8,8,8,8,8,8,8,8,8
2001,170187,2,1,10,10,10,10,10,10,10,10,10,10
2001,170188,1,1,25,25,25,25,25,25,25,25,25,25
2001,170188,2,1,0,0,0,0,0,0,0,0,0,0
2001,170189,1,1,0,0,0,0,0,0,0,0,0,0
2001,170189,2,1,0,0,0,0,0,0,0,0,0,0
2001,170190,1,1,31,31,31,31,31,31,31,31,31,31
2001,170191,1,1,15,15,15,15,15,15,15,15,15,15
2001,170192,1,1,0,0,0,0,0,0,0,0,0,0
2001,170192,2,1,0,0,0,0,0,0,0,0,0,0
2001,170193,0,1,0,0,0,0,0,0,0,0,0,0
2001,170193,1,1,0,0,0,0,0,0,0,0,0,0
2001,170193,2,1,0,0,0,0,0,0,0,10,0,0
2001,170194,1,1,0,0,0,0,0,0,0,0,0,0
2001,170194,2,1,0,7,0,16,0,0,0,0,0,0
2001,170195,1,1,0,0,0,0,0,0,0,0,0,0
2001,170195,2,1,0,0,0,0,0,0,0,0,0,0
2001,170196,1,1,18,0,0,0,0,0,0,0,0,0
2001,170196,2,1,0,0,0,0,0,0,0,0,0,0
2001,170197,1,1,0,0,0,0,0,0,0,0,0,0
2001,170197,2,1,0,0,0,0,0,0,0,0,0,0
2001,170197,3,1,0,0,0,0,17,0,0,0,0,0
2001,170198,1,1,21,21,21,21,21,21,21,21,21,21
2001,170199,1,1,10,10,10,10,10,10,10,10,10,10
2001,170200,1,1,0,0,0,0,0,0,0,0,0,0
2001,170200,2,1,0,0,0,0,0,0,0,0,0,0
2001,170201,0,1,0,0,0,0,0,0,0,0,0,0
2001,170201,0,2,0,0,0,0,39,0,15,13,0,22
2001,170201,1,1,21,21,20,33,10,18,0,0,0,34
2001,170202,0,1,0,0,0,0,0,0,0,0,0,0
2001,170202,1,1,0,0,0,0,0,0,0,0,0,0
2001,170203,1,1,16,16,16,16,16,16,16,16,16,16
2001,170204,1,1,0,0,0,0,0,0,0,0,0,0
2001,170204,2,1,0,0,0,0,0,0,0,0,0,0
2001,170205,1,1,0,0,0,0,0,0,0,0,0,0
2001,170207,1,1,11,11,11,11,11,11,11,11,11,11
2001,170208,1,1,22,0,41,0,0,0,0,0,13,9
2001,170209,1,1,0,8,13,24,4,17,0,14,22,19
2001,170210,1,1,23,23,23,23,23,23,23,23,23,23
2001,170211,1,1,0,0,0,0,0,0,0,0,0,0
2001,170212,1,1,20,20,20,20,20,20,20,20,20,20
2001,170213,1,1,0,0,0,0,0,0,0,0,0,0
2001,170214,1,1,0,0,0,0,0,0,0,0,0,0
2001,170214,2,1,0,0,0,0,0,0,0,0,0,0
2001,170215,1,1,25,25,25,25,25,25,25,25,25,25
2001,170215,2,1,0,0,0,0,0,0,0,0,0,0
2001,170215,3,1,0,0,0,0,0,0,0,0,0,0
2001,170216,1,1,18,18,18,18,18,18,18,18,18,18
2001,170216,2,1,0,0,0,0,0,0,0,0,0,0
2001,170217,1,1,0,0,0,0,6,0,0,0,0,0
2001,170217,2,1,0,0,0,0,0,0,0,0,0,0
2001,170218,1,1,12,12,12,12,12,12,12,12,12,12
2001,170219,1,1,28,28,28,28,28,28,28,28,28,28
2001,170220,0,1,0,0,35,0,0,0,0,0,0,26
2001,170220,1,1,0,0,0,0,0,0,0,0,0,0
2001,170221,1,1,0,0,0,0,0,0,0,0,0,0
2001,170222,1,1,0,0,0,0,0,0,19,0,4,19
2001,170223,0,1,0,0,0,0,0,0,0,0,0,0
2001,170223,1,1,0,0,0,0,0,0,0,0,0,0
2001,170224,1,1,21,21,21,21,21,21,21,21,21,21
2001,170225,1,1,26,26,26,26,26,26,26,26,26,26
2001,170225,2,1,8,8,8,8,8,8,8,8,8,8
2001,170226,1,1,0,0,0,0,0,0,0,0,0,0
2001,170227,1,1,0,0,0,0,0,0,0,0,0,0
2001,170227,2,1,0,0,0,0,0,0,0,0,0,0
2001,170228,0,1,21,21,21,21,21,21,21,21,21,21
2001,170228,1,1,16,2,13,6,8,5,0,0,8,0
2001,170228,2,1,21,14,0,0,9,29,0,11,0,0
2001,170229,1,1,13,13,13,13,13,13,13,13,13,13
2001,170230,1,1,19,0,0,0,0,0,0,0,0,0
2001,170231,0,1,0,0,0,0,0,0,0,0,0,0
2001,170231,1,1,0,0,0,0,0,0,0,0,0,0
2001,170232,1,1,23,23,23,23,23,23,23,23,23,23
2001,170233,1,1,0,0,0,0,0,0,0,0,0,0
2001,170233,2,1,0,0,0,0,0,5,0,0,0,0
2001,170234,1,1,0,0,0,14,6,4,0,13,0,0
2001,170234,2,1,0,0,0,0,0,0,0,0,0,0
2001,170235,1,1,0,0,0,0,0,0,0,0,0,0
2001,170236,1,1,0,0,0,0,0,0,0,0,0,0
2001,170236,2,1,0,0,0,0,0,0,0,0,0,0
2001,170237,0,1,0,0,0,0,0,0,0,0,0,0
2001,170237,1,1,0,0,0,0,0,0,0,0,0,0
2001,170238,1,1,0,0,0,0,0,0,0,0,12,0
2001,170238,2,1,0,0,0,0,0,0,0,0,0,0
2001,170238,3,1,0,0,0,0,0,0,0,0,0,0
2001,170239,0,1,0,0,0,0,0,0,0,0,0,0
2001,170239,1,1,5,5,5,5,5,5,5,5,5,5
2001,170240,0,1,0,0,0,0,0,0,0,0,0,0
2001,170240,1,1,0,0,0,15,0,0,0,0,20,8
2001,170241,1,1,0,0,0,0,0,0,0,0,0,0
2001,170241,2,1,0,0,0,0,0,0,0,0,0,0
2001,170242,1,1,20,20,20,20,20,20,20,20,20,20
2001,170242,2,1,0,0,0,0,0,0,0,0,0,0
2001,170243,1,1,0,0,0,0,0,0,0,0,0,0
2001,170243,2,1,0,0,0,0,0,0,0,0,0,0
2001,170244,1,1,20,20,20,20,20,20,20,20,20,20
2001,170245,1,1,0,0,0,0,0,0,0,0,0,0
2001,170245,2,1,0,0,0,0,0,0,0,0,0,0
2001,170246,1,1,24,24,24,24,24,24,24,24,24,24
2001,170246,2,1,0,0,0,0,0,0,0,0,0,0
2001,170246,3,1,0,0,0,0,10,17,0,0,0,0
2001,170247,1,1,8,14,12,6,24,17,19,21,10,0
2001,170247,2,1,0,0,0,0,0,0,0,0,0,0
2001,170248,1,1,0,0,0,0,0,0,0,0,0,0
2001,170248,2,1,0,0,0,0,0,0,0,0,0,0
2001,170248,3,1,0,0,0,0,0,0,0,0,0,0
2001,170248,4,1,0,0,0,0,0,0,0,0,0,13
2001,170249,1,1,0,0,0,0,0,0,0,0,0,0
2001,170250,1,1,3,3,3,3,3,3,3,3,3,3
2001,170250,2,1,22,0,0,0,0,0,16,0,18,0
2001,170251,1,1,0,0,0,0,0,0,0,0,0,0
2001,170251,2,1,0,4,14,0,0,0,32,0,16,0
2001,170252,1,1,15,15,15,15,15,15,15,15,15,15
2001,170252,2,1,1,1,1,1,1,1,1,1,1,1
2001,170252,3,1,0,0,12,0,0,0,0,0,0,28
2001,170252,4,1,0,0,0,0,0,0,0,0,0,0
2001,170252,5,1,0,0,0,0,0,0,0,0,0,0
2001,170252,6,1,0,0,0,0,0,23,0,0,0,8
2001,170253,1,1,0,0,0,0,0,0,0,0,0,0
2001,170254,1,1,26,26,26,26,26,26,26,26,26,26
2001,170255,1,1,0,0,0,0,0,0,0,0,0,0
2001,170255,2,1,0,0,0,0,0,0,0,0,0,0
2001,170255,3,1,0,0,0,0,0,0,11,0,0,0
2001,170256,1,1,0,0,0,0,0,0,0,0,0,0
2001,170257,1,1,0,0,0,0,0,0,0,0,0,0