YEAR,st_case,veh_no,per_no,P1,P2,P3,P4,P5,P6,P7,P8,P9,P10
2001,170526,1,1,0,47,14,0,14,29,19,25,31,10
2001,170527,1,1,36,36,36,36,36,36,36,36,36,36
2001,170528,0,1,0,0,0,0,0,0,0,0,0,0
2001,170528,1,1,0,0,0,0,0,0,0,0,0,0
2001,170529,1,1,0,0,0,0,0,0,0,0,0,0
2001,170529,2,1,0,5,0,0,0,0,0,0,0,0
2001,170530,1,1,0,0,0,0,0,0,0,0,0,0
2001,170530,2,1,0,0,0,0,0,0,0,0,0,0
2001,170531,1,1,0,0,0,0,0,0,0,0,0,0
2001,170531,2,1,0,0,0,0,0,0,0,0,0,0
2001,170532,1,1,9,9,9,9,9,9,9,9,9,9
2001,170533,1,1,5,5,5,5,5,5,5,5,5,5
2001,170534,1,1,5,5,5,5,5,5,5,5,5,5
2001,170534,2,1,0,0,0,0,0,0,0,0,0,0
2001,170535,1,1,0,0,0,0,0,0,0,0,0,0
2001,170536,1,1,0,0,0,0,0,0,0,0,0,0
2001,170536,2,1,0,0,0,0,0,0,0,0,0,0
2001,170537,1,1,0,0,0,0,0,0,0,0,0,0
2001,170538,0,1,0,0,6,9,14,0,42,27,0,0
2001,170538,0,2,21,22,0,17,0,22,5,16,9,12
2001,170538,0,3,0,0,0,0,0,0,0,0,0,0
2001,170538,1,1,0,0,0,0,0,0,0,0,0,0
2001,170538,2,1,0,0,0,0,0,0,0,0,0,0
2001,170539,1,1,0,0,0,0,0,0,0,0,0,0
2001,170539,2,1,0,0,0,0,0,0,0,10,18,0
2001,170540,1,1,7,7,7,7,7,7,7,7,7,7
2001,170540,2,1,0,0,0,0,0,0,0,0,0,0
2001,170541,1,1,0,0,0,0,0,0,0,0,0,0
2001,170541,2,1,0,0,0,0,0,0,0,0,0,0
2001,170542,1,1,0,0,0,0,0,0,0,0,0,0
2001,170543,1,1,19,19,19,19,19,19,19,19,19,19
2001,170544,1,1,12,12,12,12,12,12,12,12,12,12
2001,170545,0,1,0,0,0,0,0,0,0,0,0,0
2001,170545,1,1,0,0,0,0,0,0,0,0,0,0
2001,170545,2,1,0,0,0,0,0,0,0,0,0,0
2001,170545,3,1,0,0,0,0,0,0,0,0,0,0
2001,170545,4,1,0,0,0,0,0,0,0,0,0,0
2001,170546,0,1,30,30,30,30,30,30,30,30,30,30
2001,170546,1,1,0,0,0,0,0,0,0,0,0,0
2001,170547,1,1,20,20,20,20,20,20,20,20,20,20
2001,170548,1,1,0,0,0,0,0,0,0,0,0,0
2001,170549,1,1,11,11,11,11,11,11,11,11,11,11
2001,170550,1,1,0,0,0,0,0,0,0,0,0,0
2001,170550,2,1,0,0,0,0,0,0,0,0,0,0
2001,170551,1,1,0,0,0,0,0,0,0,0,0,0
2001,170551,2,1,0,0,0,0,0,0,0,0,0,0
2001,170551,3,1,0,0,0,0,0,0,0,0,0,0
2001,170551,4,1,0,0,0,0,0,0,0,0,0,0
2001,170552,0,1,0,0,18,0,0,0,0,0,0,0
2001,170552,1,1,0,0,0,0,0,0,0,0,0,20
2001,170553,1,1,19,19,19,19,19,19,19,19,19,19
2001,170554,1,1,0,0,0,0,0,0,23,0,0,0
2001,170555,1,1,11,11,11,11,11,11,11,11,11,11
2001,170555,2,1,17,17,17,17,17,17,17,17,17,17
2001,170556,1,1,0,0,0,0,0,0,0,0,0,0
2001,170556,2,1,0,0,0,0,0,0,0,0,0,0
2001,170557,1,1,0,0,0,0,0,0,0,0,0,0
2001,170558,1,1,0,0,0,0,0,0,0,0,0,0
2001,170558,2,1,0,0,0,0,0,0,0,0,0,0
2001,170559,1,1,18,18,18,18,18,18,18,18,18,18
2001,170560,0,1,14,14,14,14,14,14,14,14,14,14
2001,170560,1,1,0,7,0,0,16,0,0,12,0,0
2001,170561,1,1,10,10,10,10,10,10,10,10,10,10
2001,170562,1,1,0,0,0,0,0,0,0,0,0,26
2001,170562,2,1,0,0,0,0,0,0,0,0,0,0
2001,170562,3,1,0,0,0,0,0,0,0,0,0,0
2001,170563,1,1,16,16,16,16,16,16,16,16,16,16
2001,170564,1,1,16,16,16,16,16,16,16,16,16,16
2001,170564,2,1,0,0,0,0,0,0,0,0,0,0
2001,170565,1,1,0,0,0,0,0,0,0,0,0,0
2001,170566,0,1,0,0,0,0,0,0,0,0,0,0
2001,170566,1,1,0,0,0,0,0,0,0,0,0,0
2001,170567,1,1,4,0,0,0,0,8,0,18,26,7
2001,170567,2,1,0,7,0,0,22,0,8,0,0,0
2001,170568,1,1,9,9,9,9,9,9,9,9,9,9
2001,170569,1,1,7,18,11,32,19,21,10,14,22,15
2001,170571,1,1,17,17,17,17,17,17,17,17,17,17
2001,170571,2,1,17,17,17,17,17,17,17,17,17,17
2001,170572,1,1,9,9,9,9,9,9,9,9,9,9
2001,170572,2,1,0,0,19,0,0,0,0,0,0,0
2001,170573,1,1,19,19,19,19,19,19,19,19,19,19
2001,170574,1,1,0,25,12,10,22,15,11,0,31,12
2001,170574,2,1,0,12,0,8,0,0,0,0,0,0
2001,170575,1,1,0,0,0,0,0,0,0,3,0,0
2001,170576,1,1,10,10,10,10,10,10,10,10,10,10
2001,170577,1,1,15,15,15,15,15,15,15,15,15,15
2001,170577,2,1,0,0,0,0,0,0,0,0,0,0
2001,170578,0,1,0,0,0,0,0,0,0,0,0,0
2001,170578,1,1,0,0,0,0,0,0,0,0,0,0
2001,170579,1,1,0,0,0,0,0,0,0,0,0,0
2001,170580,1,1,3,3,3,3,3,3,3,3,3,3
2001,170581,1,1,0,0,0,0,0,0,0,0,0,0
2001,170581,2,1,0,0,0,0,0,0,0,0,0,0
2001,170582,0,1,21,21,21,21,21,21,21,21,21,21
2001,170582,1,1,0,0,0,0,0,0,0,0,0,0
2001,170583,1,1,0,0,0,0,0,0,0,0,0,0
2001,170583,2,1,0,0,0,0,0,0,0,0,0,0
2001,170584,1,1,0,0,0,0,0,0,0,0,0,0
2001,170585,1,1,17,17,17,17,17,17,17,17,17,17
2001,170586,0,1,0,0,0,0,0,0,0,0,0,0
2001,170586,1,1,0,0,0,0,0,0,0,0,0,0
2001,170587,1,1,10,10,10,10,10,10,10,10,10,10
2001,170588,1,1,21,21,21,21,21,21,21,21,21,21
2001,170589,1,1,0,0,0,0,0,8,0,0,0,10
2001,170590,1,1,0,0,0,0,0,0,0,0,0,0
2001,170591,1,1,16,16,16,16,16,16,16,16,16,16
2001,170592,1,1,10,0,0,0,0,14,0,0,0,0
2001,170593,1,1,0,0,0,0,0,0,0,0,0,0
2001,170593,2,1,0,0,0,0,0,0,0,0,0,0
2001,170594,1,1,0,0,0,0,0,0,0,0,0,0
2001,170594,2,1,0,0,0,0,0,0,0,0,0,0
2001,170595,1,1,0,0,0,0,0,0,0,0,0,0
2001,170595,2,1,0,20,0,0,0,0,0,0,13,0
2001,170596,1,1,0,0,0,0,0,0,0,0,0,0
2001,170596,2,1,0,0,0,0,0,0,0,0,0,0
2001,170597,1,1,14,14,14,14,14,14,14,14,14,14
2001,170598,1,1,0,0,0,0,0,0,0,0,0,0
2001,170598,2,1,0,0,0,0,0,0,0,0,0,0
2001,170599,1,1,12,12,12,12,12,12,12,12,12,12
2001,170600,1,1,0,0,6,0,0,0,0,0,0,0
2001,170600,2,1,0,0,0,0,0,0,0,0,0,0
2001,170601,1,1,0,0,0,11,0,0,0,0,0,17
2001,170602,1,1,8,8,8,8,8,8,8,8,8,8
2001,170602,2,1,0,0,0,0,0,0,0,0,0,0
2001,170603,1,1,0,0,0,0,0,0,0,0,0,0
2001,170604,1,1,8,8,8,8,8,8,8,8,8,8
2001,170605,1,1,0,0,0,0,0,0,0,0,0,0
2001,170605,2,1,0,0,0,0,0,0,0,0,0,0
2001,170606,1,1,0,0,0,0,0,0,0,0,0,0
2001,170607,1,1,3,3,3,3,3,3,3,3,3,3
2001,170608,1,1,0,0,0,0,0,0,0,0,0,0
2001,170608,2,1,0,0,0,0,0,11,0,0,0,0
2001,170609,1,1,0,0,0,0,0,0,0,0,0,0
2001,170609,2,1,0,0,0,0,0,0,0,0,0,0
2001,170610,0,1,34,34,34,34,34,34,34,34,34,34
2001,170610,1,1,0,19,0,16,0,0,0,19,0,0
2001,170611,0,1,19,19,19,19,19,19,19,19,19,19
2001,170611,1,1,0,0,0,0,0,0,0,17,0,0
2001,170612,1,1,0,0,0,0,0,0,0,0,0,0
2001,170612,2,1,13,0,0,0,0,0,0,0,0,0
2001,170613,1,1,0,0,0,0,0,0,0,0,0,0
2001,170614,1,1,0,0,0,0,0,0,0,0,0,0
2001,170615,1,1,0,0,0,0,0,0,0,0,0,0
2001,170615,2,1,0,0,0,0,0,0,0,0,0,0
2001,170616,1,1,0,0,0,0,0,0,0,0,0,0
2001,170616,2,1,0,0,0,0,0,0,0,0,0,0
2001,170617,1,1,1,1,1,1,1,1,1,1,1,1
2001,170618,1,1,0,0,0,0,0,0,0,0,0,0
2001,170618,2,1,0,0,0,0,0,0,0,0,0,0
2001,170619,0,1,0,0,0,0,0,7,0,0,0,0
2001,170620,1,1,0,0,0,0,0,0,0,0,0,0
2001,170621,1,1,0,0,0,0,0,0,0,0,0,0
2001,170621,2,1,0,0,0,0,0,0,0,0,0,0
2001,170621,3,1,0,0,0,7,0,0,0,0,0,0
2001,170622,1,1,0,0,14,29,0,0,0,4,7,0
2001,170623,1,1,9,9,9,9,9,9,9,9,9,9
2001,170624,0,1,12,17,13,14,28,11,28,0,20,42
2001,170624,0,2,0,26,0,0,0,0,0,15,47,43
2001,170624,1,1,7,7,7,7,7,7,7,7,7,7
2001,170625,1,1,0,0,0,0,0,8,0,0,0,0
2001,170626,1,1,27,27,27,27,27,27,27,27,27,27
2001,170627,1,1,16,16,16,16,16,16,16,16,16,16
2001,170628,0,1,22,22,22,22,22,22,22,22,22,22
2001,170628,1,1,0,0,0,0,0,0,0,0,0,0
2001,170628,2,1,0,0,0,0,0,0,0,0,0,0
2001,170629,0,1,12,12,12,12,12,12,12,12,12,12
2001,170629,1,1,18,18,18,18,18,18,18,18,18,18
2001,170630,1,1,0,0,0,0,0,0,0,0,0,0
2001,170631,1,1,0,0,0,15,0,0,0,17,0,0
2001,170632,1,1,20,20,20,20,20,20,20,20,20,20
2001,170632,2,1,0,0,15,0,0,0,0,24,0,13
2001,170633,1,1,0,0,0,0,0,0,0,21,0,0
2001,170634,1,1,0,0,0,0,0,0,0,0,0,0
2001,170634,2,1,0,0,0,0,0,0,0,0,0,0
2001,170635,1,1,24,24,24,24,24,24,24,24,24,24
2001,170636,1,1,9,9,9,9,9,9,9,9,9,9
2001,170637,0,1,1,1,1,1,1,1,1,1,1,1
2001,170638,0,1,10,26,23,61,0,0,0,0,0,7
2001,170638,1,1,0,0,33,0,0,0,0,0,0,0
2001,170639,0,1,0,0,0,0,0,0,0,0,0,0
2001,170639,1,1,0,0,0,0,0,0,0,0,0,0
2001,170640,1,1,0,0,0,0,0,0,0,0,0,0
2001,170640,2,1,0,0,0,0,0,0,0,0,0,0
2001,170641,1,1,0,0,0,0,0,0,0,0,0,0
2001,170642,1,1,19,19,19,19,19,19,19,19,19,19
2001,170643,1,1,0,0,0,0,0,0,0,0,0,0
2001,170643,2,1,0,0,0,0,0,0,0,0,0,0
2001,170644,1,1,23,23,23,23,23,23,23,23,23,23
2001,170645,1,1,0,0,0,0,0,0,0,0,0,0
2001,170646,1,1,0,0,0,0,0,0,0,0,0,0
2001,170647,1,1,9,9,9,9,9,9,9,9,9,9
2001,170648,1,1,0,0,0,0,0,0,0,0,0,0
2001,170649,1,1,0,0,0,0,23,0,0,0,0,20
2001,170649,2,1,0,0,0,0,0,0,0,0,0,0
2001,170650,1,1,0,0,0,0,0,0,0,0,0,0
2001,170651,1,1,20,20,20,20,20,20,20,20,20,20
2001,170652,1,1,0,0,0,0,0,0,0,0,0,0
2001,170652,2,1,0,0,0,0,0,0,0,0,0,0
2001,170653,1,1,9,0,10,0,0,0,14,7,0,0
2001,170653,2,1,0,0,0,0,16,0,0,0,0,6
2001,170654,1,1,0,0,0,0,0,0,0,0,0,0
2001,170655,1,1,11,11,11,11,11,11,11,11,11,11
2001,170656,1,1,0,0,0,0,0,0,0,0,0,0
2001,170657,1,1,0,0,0,0,0,0,0,0,0,0
2001,170657,2,1,0,0,0,0,0,0,0,0,0,0
2001,170657,3,1,0,0,0,0,0,0,0,0,0,0
2001,170658,1,1,0,0,0,0,0,0,0,0,0,0
2001,170659,0,1,0,0,0,0,0,0,0,0,0,0
2001,170659,1,1,0,0,0,0,0,0,0,0,0,0
2001,170660,0,1,7,0,0,0,0,0,0,0,15,0
2001,170660,1,1,12,0,0,0,0,0,0,0,0,0
2001,170661,1,1,0,0,0,0,0,0,0,0,0,0
2001,170662,1,1,23,23,23,23,23,23,23,23,23,23
2001,170662,2,1,0,0,0,0,0,0,0,0,0,0
2001,170663,1,1,16,16,16,16,16,16,16,16,16,16
2001,170663,2,1,0,0,0,21,0,0,0,0,0,0
2001,170664,1,1,11,11,11,11,11,11,11,11,11,11
2001,170665,1,1,0,0,0,0,0,0,0,0,0,0
2001,170666,1,1,9,9,9,9,9,9,9,9,9,9
2001,170666,2,1,0,2,0,0,0,0,0,0,0,0
2001,170667,1,1,18,18,18,18,18,18,18,18,18,18
2001,170667,2,1,7,7,7,7,7,7,7,7,7,7
2001,170668,1,1,13,13,13,13,13,13,13,13,13,13
2001,170668,2,1,4,4,4,4,4,4,4,4,4,4
2001,170669,1,1,0,0,0,0,0,0,0,0,0,0
2001,170670,1,1,0,0,0,0,0,0,0,0,0,0
2001,170670,2,1,22,22,22,22,22,22,22,22,22,22
2001,170672,1,1,24,24,24,24,24,24,24,24,24,24
2001,170673,1,1,22,22,22,22,22,22,22,22,22,22
2001,170675,1,1,13,13,13,13,13,13,13,13,13,13
2001,170676,1,1,0,0,0,0,0,0,0,0,0,0
2001,170676,2,1,26,0,0,0,0,0,0,0,11,0
2001,170677,1,1,0,14,0,0,0,0,18,0,0,0
2001,170678,0,1,0,0,0,0,0,0,0,0,0,0
2001,170678,1,1,0,0,0,0,0,0,0,0,0,0
2001,170679,1,1,0,0,0,0,0,0,0,0,0,0
2001,170679,2,1,0,0,0,0,0,0,0,0,0,0
2001,170680,1,1,0,0,0,0,0,0,0,0,0,0
2001,170681,0,1,0,0,0,0,0,0,0,0,0,0
2001,170682,1,1,0,0,0,0,0,0,0,0,0,0
2001,170682,2,1,0,0,0,0,0,0,0,0,0,0
2001,170683,1,1,0,0,0,0,0,0,0,0,0,0
2001,170684,0,1,0,0,0,0,0,0,0,0,0,0
2001,170684,1,1,0,0,0,0,0,0,0,0,0,0
2001,170685,1,1,0,0,0,0,0,0,0,0,0,0
2001,170686,1,1,0,0,0,0,0,0,0,0,0,0
2001,170686,2,1,0,0,0,0,0,0,0,0,0,0
2001,170687,0,1,20,20,20,20,20,20,20,20,20,20
2001,170687,1,1,0,0,0,0,0,0,0,0,0,0
2001,170688,1,1,0,0,0,0,0,0,0,0,0,0
2001,170688,2,1,0,0,0,0,0,0,0,0,0,0
2001,170689,1,1,0,0,0,0,0,0,0,0,0,0
2001,170689,2,1,0,0,0,0,0,0,0,0,0,0
2001,170690,1,1,0,0,0,0,0,0,0,0,0,0
2001,170690,2,1,0,0,0,0,0,0,0,0,0,0
2001,170691,1,1,0,0,0,0,0,0,0,0,0,0
2001,170692,1,1,0,0,0,0,0,0,0,0,0,0
2001,170693,1,1,0,0,0,0,0,0,0,0,0,0
2001,170693,2,1,0,0,0,0,0,0,0,0,0,0
2001,170694,1,1,0,0,0,0,0,0,0,0,0,0
2001,170694,2,1,0,0,0,0,0,0,0,0,0,0
2001,170694,3,1,0,0,23,0,0,0,0,0,0,0
2001,170695,1,1,0,0,0,0,0,0,0,0,0,0
2001,170696,1,1,16,16,16,16,16,16,16,16,16,16
2001,170697,1,1,6,6,6,6,6,6,6,6,6,6
2001,170698,1,1,0,0,13,0,0,0,0,0,0,0
2001,170698,2,1,0,0,0,0,0,0,0,0,0,0
2001,170698,3,1,0,0,0,7,17,0,0,0,0,0
2001,170699,1,1,0,0,0,0,0,0,0,0,0,0
2001,170699,2,1,0,0,0,0,0,0,0,0,0,0
2001,170699,3,1,0,0,0,0,0,0,0,0,0,0
2001,170700,1,1,20,20,20,20,20,20,20,20,20,20
2001,170701,0,1,0,0,18,14,0,31,0,0,0,39
2001,170701,1,1,0,4,3,0,0,0,0,0,13,0
2001,170702,1,1,24,24,24,24,24,24,24,24,24,24
2001,170703,1,1,0,0,0,6,17,0,0,0,0,0
2001,170704,1,1,21,21,21,21,21,21,21,21,21,21
2001,170705,1,1,0,0,0,0,0,0,0,0,0,0
2001,170706,1,1,0,0,0,0,0,0,0,0,0,0
2001,170706,2,1,0,0,0,18,0,0,0,0,9,0
2001,170707,1,1,0,0,0,0,0,0,0,0,0,0
2001,170708,1,1,17,23,2,11,18,17,22,10,49,7
2001,170709,1,1,0,0,0,0,0,0,0,0,0,0
2001,170709,2,1,0,0,0,0,0,0,0,0,0,0
2001,170710,1,1,25,29,6,28,19,0,7,29,16,6
2001,170711,1,1,0,0,0,0,0,0,0,0,0,0
2001,170711,2,1,0,0,0,0,0,0,0,0,0,0
2001,170711,3,1,0,0,0,7,0,0,0,0,0,0
2001,170711,4,1,0,0,0,0,0,0,0,0,0,0
2001,170711,5,1,0,0,0,0,0,0,0,0,0,0
2001,170712,1,1,0,0,15,0,0,0,0,0,0,0
2001,170712,2,1,0,0,0,0,0,0,0,0,0,0
2001,170713,1,1,0,0,0,0,0,0,0,0,0,0
2001,170713,2,1,0,0,0,0,0,0,0,0,0,0
2001,170714,1,1,5,5,5,5,5,5,5,5,5,5
2001,170715,1,1,0,0,0,0,0,0,0,0,0,0
2001,170715,2,1,0,0,0,0,0,0,0,0,0,0
2001,170716,1,1,0,0,0,0,0,0,0,0,0,0
2001,170717,1,1,0,15,7,0,11,11,0,18,16,0
2001,170718,1,1,0,0,0,0,0,0,0,0,0,0
2001,170719,1,1,12,12,12,12,12,12,12,12,12,12
2001,170719,2,1,11,0,0,0,0,10,0,0,0,0
2001,170720,1,1,0,0,0,0,0,0,0,0,0,0
2001,170721,1,1,0,0,0,0,0,0,0,0,0,0
2001,170722,0,1,20,20,20,20,20,20,20,20,20,20
2001,170722,1,1,0,0,0,0,0,0,0,0,0,12
2001,170722,2,1,0,0,0,0,0,0,15,0,0,0
2001,170723,1,1,0,0,0,0,0,0,0,0,0,0
2001,170724,1,1,0,0,0,0,0,0,0,0,0,0
2001,170724,2,1,0,0,0,0,0,0,0,0,0,0
2001,170724,3,1,0,0,0,0,0,0,0,0,0,0
2001,170725,0,1,0,0,0,0,0,0,0,0,0,0
2001,170725,1,1,0,0,0,0,0,0,0,0,0,0
2001,170726,1,1,15,15,15,15,15,15,15,15,15,15
2001,170727,0,1,5,5,5,5,5,5,5,5,5,5
2001,170727,1,1,19,18,18,0,14,0,4,15,6,5
2001,170728,1,1,10,10,10,10,10,10,10,10,10,10
2001,170729,1,1,28,28,28,28,28,28,28,28,28,28
2001,170730,0,1,4,13,0,0,0,0,22,0,0,0
2001,170730,1,1,24,14,9,5,16,3,14,0,13,0
2001,170730,2,1,0,0,6,0,0,0,8,0,11,9
2001,170731,1,1,16,16,16,16,16,16,16,16,16,16
2001,170732,1,1,0,0,0,0,0,0,0,0,0,0
2001,170732,2,1,10,10,10,10,10,10,10,10,10,10
2001,170733,1,1,18,18,18,18,18,18,18,18,18,18
2001,170734,1,1,0,0,0,0,0,0,0,0,0,0
2001,170735,1,1,14,0,0,13,9,0,0,21,0,0
2001,170736,1,1,0,0,0,0,0,0,0,0,0,0
2001,170736,2,1,0,0,0,0,0,0,0,0,0,0
2001,170737,1,1,0,0,0,0,0,0,0,0,0,0
2001,170738,0,1,0,0,0,0,0,0,0,0,0,0
2001,170738,1,1,0,0,0,0,0,0,0,0,0,0
2001,170739,0,1,0,0,0,0,0,0,0,0,0,0
2001,170739,1,1,0,0,0,0,0,0,0,0,0,0
2001,170740,1,1,0,0,0,0,0,0,0,0,0,0
2001,170740,2,1,0,0,0,0,0,0,0,0,0,0
2001,170741,1,1,0,0,0,0,0,0,0,0,0,0
2001,170742,1,1,0,0,0,0,0,0,0,0,0,0
2001,170742,2,1,7,7,7,7,7,7,7,7,7,7
2001,170743,1,1,0,0,0,0,0,0,0,0,0,0
2001,170743,2,1,19,0,0,0,12,0,0,0,0,6
2001,170744,1,1,0,0,0,0,0,0,0,0,0,0
2001,170744,2,1,14,13,0,0,0,3,0,0,15,0
2001,170744,3,1,20,0,0,0,0,0,0,0,0,0
2001,170745,0,1,0,0,0,0,0,0,0,0,0,0
2001,170745,1,1,0,0,0,0,0,0,0,0,0,0
2001,170746,1,1,0,10,0,0,8,0,0,0,13,0
2001,170746,2,1,0,0,0,0,0,0,0,0,0,0
2001,170747,1,1,30,30,30,30,30,30,30,30,30,30
2001,170748,1,1,0,0,0,0,0,0,0,10,0,0
2001,170749,1,1,2,2,2,2,2,2,2,2,2,2
2001,170749,2,1,0,0,0,0,0,0,0,0,0,0
2001,170750,1,1,13,13,13,13,13,13,13,13,13,13
2001,170750,2,1,0,0,0,0,0,13,0,0,16,5
2001,170751,1,1,14,14,14,14,14,14,14,14,14,14
2001,170751,2,1,1,1,1,1,1,1,1,1,1,1
2001,170752,1,1,8,8,8,8,8,8,8,8,8,8
2001,170752,2,1,0,0,0,0,0,0,0,0,0,0
2001,170753,1,1,19,19,19,19,19,19,19,19,19,19
2001,170754,1,1,0,0,0,0,0,0,0,0,0,0
2001,170754,2,1,10,10,10,10,10,10,10,10,10,10
2001,170755,0,1,0,0,0,0,0,0,0,0,0,0
2001,170755,1,1,0,0,0,12,7,18,0,6,0,0
2001,170756,1,1,0,0,0,0,0,0,0,0,0,0
2001,170757,1,1,24,24,24,24,24,24,24,24,24,24
2001,170758,1,1,0,0,0,0,0,0,0,0,0,0
2001,170759,1,1,22,22,22,22,22,22,22,22,22,22
2001,170760,1,1,0,0,0,0,0,0,0,0,0,0
2001,170761,0,1,0,0,0,0,0,0,0,0,0,0
2001,170761,1,1,0,0,0,0,0,0,0,0,0,0
2001,170762,1,1,0,0,0,0,0,0,0,0,0,0
2001,170762,2,1,0,0,0,0,0,0,0,0,0,0
2001,170763,1,1,0,0,0,0,0,0,0,0,0,0
2001,170763,2,1,0,0,0,0,0,0,0,0,0,0
2001,170764,1,1,33,33,33,33,33,33,33,33,33,33
2001,170764,2,1,23,0,0,0,0,0,0,0,0,0
2001,170765,1,1,0,0,0,0,0,0,0,0,0,0
2001,170766,1,1,10,10,10,10,10,10,10,10,10,10
2001,170767,1,1,0,0,0,0,0,0,0,0,0,0
2001,170768,1,1,9,9,9,9,9,9,9,9,9,9
2001,170769,1,1,0,0,0,0,0,0,0,0,0,0
2001,170769,2,1,0,0,0,0,0,0,0,0,0,0
2001,170770,1,1,0,0,0,0,0,0,0,0,0,0
2001,170770,2,1,0,0,0,0,0,0,0,0,0,0
2001,170771,1,1,0,0,0,0,0,0,0,0,0,0
2001,170771,2,1,0,0,0,0,0,0,0,0,0,0
2001,170772,1,1,0,0,0,0,0,0,0,0,0,0
2001,170772,2,1,0,0,0,0,0,0,0,0,0,0
2001,170773,1,1,0,0,0,0,0,0,0,0,0,0
2001,170774,1,1,16,16,16,16,16,16,16,16,16,16
2001,170775,1,1,0,0,0,0,0,0,0,0,0,0
2001,170775,2,1,0,0,0,0,0,0,0,0,0,0
2001,170776,1,1,0,0,0,0,0,0,0,0,0,0
2001,170777,1,1,0,0,0,0,0,0,0,0,0,0
2001,170778,0,1,0,0,0,0,0,0,0,0,0,0
2001,170778,0,2,0,0,8,0,10,0,0,0,9,23
2001,170778,1,1,11,0,23,21,0,0,0,0,0,0
2001,170779,1,1,0,0,0,0,0,0,0,0,0,0
2001,170779,2,1,0,0,0,0,11,0,0,0,0,0
2001,170780,1,1,24,24,24,24,24,24,24,24,24,24
2001,170780,2,1,0,16,0,9,0,0,0,0,0,0
2001,170781,1,1,48,48,48,48,48,48,48,48,48,48
2001,170782,1,1,25,25,25,25,25,25,25,25,25,25
2001,170783,1,1,17,17,17,17,17,17,17,17,17,17
2001,170784,1,1,12,13,0,0,15,0,0,0,0,14
2001,170785,1,1,0,0,0,0,0,0,0,0,0,0
2001,170785,2,1,0,0,0,0,0,0,0,0,0,0
2001,170786,0,1,0,0,0,0,0,0,0,0,0,0
2001,170786,1,1,0,0,0,0,0,0,0,0,0,0
2001,170787,1,1,24,24,24,24,24,24,24,24,24,24
2001,170787,2,1,0,0,0,0,0,0,0,0,0,0
2001,170788,1,1,0,0,0,0,0,0,0,0,0,0
2001,170788,2,1,0,0,0,0,0,0,0,0,0,0
2001,170789,1,1,27,0,0,0,0,0,0,0,0,0
2001,170789,2,1,0,0,0,0,0,0,0,0,0,0
2001,170790,1,1,0,0,0,0,0,0,0,0,0,0
2001,170790,2,1,0,0,0,0,0,0,0,0,0,0
2001,170791,1,1,0,0,0,0,0,0,0,0,0,0
2001,170791,2,1,0,0,0,0,0,0,0,0,0,0
2001,170791,3,1,0,0,0,0,0,0,0,0,0,0
2001,170792,1,1,0,0,0,0,0,0,0,0,0,0
2001,170792,2,1,0,0,0,0,0,0,19,0,0,0
2001,170793,1,1,17,17,17,17,17,17,17,17,17,17
2001,170793,2,1,19,0,0,0,0,0,0,0,0,0
2001,170794,1,1,0,0,0,0,0,0,0,0,0,0
2001,170794,2,1,0,0,0,0,0,0,0,0,0,0
2001,170795,0,1,0,0,0,0,0,0,0,0,0,0
2001,170795,1,1,2,0,0,0,0,0,0,0,0,0
2001,170796,1,1,0,0,0,0,0,0,0,0,0,0
2001,170796,2,1,0,0,0,0,0,0,0,0,0,0
2001,170796,3,1,0,0,0,0,0,0,0,0,0,0
2001,170797,1,1,15,15,15,15,15,15,15,15,15,15
2001,170798,0,1,0,0,0,0,0,0,0,0,0,0
2001,170798,1,1,0,0,0,0,0,0,0,0,0,0
2001,170799,0,1,0,0,0,0,0,0,0,0,0,0
2001,170799,1,1,0,0,0,0,0,0,0,0,0,0
2001,170800,1,1,0,0,0,0,0,0,0,0,0,0
2001,170800,2,1,0,0,0,0,0,0,0,0,0,0
2001,170800,3,1,0,0,0,0,0,0,0,0,0,0
2001,170801,1,1,0,0,0,0,0,0,0,0,0,0
2001,170801,2,1,0,0,0,0,0,24,0,0,0,0
2001,170802,0,1,0,0,0,0,0,0,0,0,0,0
2001,170802,1,1,0,0,0,0,0,0,0,0,0,0
2001,170803,1,1,15,15,15,15,15,15,15,15,15,15
2001,170804,0,1,0,0,0,0,0,0,0,0,5,0
2001,170804,1,1,0,0,0,0,0,0,0,0,0,0
2001,170805,0,1,8,0,0,0,0,0,0,0,17,0
2001,170805,1,1,0,0,0,0,0,0,0,0,1,0
2001,170806,0,1,0,0,0,0,0,0,0,0,0,0
2001,170806,1,1,0,0,0,0,0,0,10,0,0,0
2001,170807,1,1,0,0,11,0,0,13,0,13,24,12
2001,170808,1,1,0,0,0,0,0,0,0,0,0,0
2001,170809,1,1,9,9,9,9,9,9,9,9,9,9
2001,170809,2,1,0,0,0,0,0,0,0,0,0,0
2001,170810,1,1,20,15,21,0,0,25,27,0,0,0
2001,170811,1,1,18,18,18,18,18,18,18,18,18,18
2001,170811,2,1,0,0,0,0,0,0,0,0,0,0
2001,170812,1,1,10,0,0,0,0,0,0,0,0,0
2001,170812,2,1,0,0,0,0,0,0,0,0,0,0