YEAR,st_case,veh_no,per_no,P1,P2,P3,P4,P5,P6,P7,P8,P9,P10
2001,180049,4,1,0,0,0,0,0,0,0,0,0,0
2001,180050,1,1,1,1,1,1,1,1,1,1,1,1
2001,180050,2,1,0,0,0,0,0,0,0,0,0,0
2001,180051,1,1,0,0,0,0,0,0,0,0,0,0
2001,180051,2,1,0,0,0,0,0,0,0,0,0,0
2001,180052,1,1,8,0,15,0,0,0,0,7,0,0
2001,180053,1,1,0,0,0,0,0,0,0,0,0,0
2001,180053,2,1,0,0,0,0,0,0,0,0,0,0
2001,180054,1,1,0,0,0,0,0,0,0,0,0,0
2001,180054,2,1,0,0,0,0,0,0,0,0,0,0
2001,180055,1,1,0,0,0,0,0,0,0,0,0,0
2001,180055,2,1,0,0,0,0,0,0,14,0,0,0
2001,180056,1,1,0,0,0,0,0,0,0,0,0,0
2001,180056,2,1,0,0,0,0,0,0,0,0,0,0
2001,180057,1,1,0,0,0,0,0,0,0,0,0,0
2001,180058,1,1,0,0,0,0,0,0,0,0,0,0
2001,180059,1,1,0,0,0,0,0,0,0,0,0,0
2001,180059,2,1,0,0,0,0,0,0,0,0,0,0
2001,180060,0,1,0,0,0,0,0,0,0,0,0,0
2001,180060,1,1,0,0,0,0,0,0,0,0,0,0
2001,180061,1,1,0,0,0,0,0,0,0,0,0,0
2001,180061,2,1,0,0,0,0,0,0,0,0,0,0
2001,180062,1,1,15,15,15,15,15,15,15,15,15,15
2001,180062,2,1,0,0,0,0,0,0,0,0,0,0
2001,180063,1,1,2,2,2,2,2,2,2,2,2,2
2001,180064,1,1,0,0,0,0,0,0,0,0,0,0
2001,180064,2,1,0,0,0,0,0,0,0,7,0,0
2001,180065,1,1,0,0,0,0,0,0,0,0,0,12
2001,180066,1,1,0,0,0,0,0,0,0,0,11,0
2001,180066,2,1,0,0,0,0,0,20,0,0,0,0
2001,180067,1,1,0,0,0,0,0,0,0,0,0,0
2001,180067,2,1,0,0,0,0,0,0,0,0,0,0
2001,180068,1,1,0,0,9,0,0,0,0,0,0,0
2001,180068,2,1,0,0,0,0,0,0,0,0,0,0
2001,180069,1,1,0,0,0,0,0,0,0,0,0,0
2001,180069,2,1,0,0,0,0,0,0,0,0,0,0
2001,180070,1,1,0,0,0,0,0,0,0,7,0,0
2001,180071,1,1,3,3,3,3,3,3,3,3,3,3
2001,180071,2,1,0,0,0,0,0,0,0,0,0,0
2001,180072,1,1,0,0,0,0,0,0,0,0,0,0
2001,180072,2,1,0,0,0,0,0,0,0,0,0,0
2001,180072,3,1,0,0,0,0,0,0,0,0,0,0
2001,180072,4,1,0,0,0,0,0,0,0,0,0,0
2001,180073,1,1,0,0,0,0,0,0,0,0,0,0
2001,180073,2,1,0,0,0,0,0,0,0,0,0,0
2001,180074,1,1,0,0,0,0,0,0,0,0,0,0
2001,180075,1,1,0,0,0,0,0,0,0,0,0,0
2001,180076,1,1,28,28,28,28,28,28,28,28,28,28
2001,180076,2,1,0,0,0,0,0,0,0,0,0,0
2001,180077,1,1,25,25,25,25,25,25,25,25,25,25
2001,180078,1,1,13,13,13,13,13,13,13,13,13,13
2001,180078,2,1,0,0,0,0,0,0,0,0,0,0
2001,180079,1,1,27,27,27,27,27,27,27,27,27,27
2001,180080,1,1,0,0,0,0,0,0,0,0,0,0
2001,180081,1,1,0,10,0,16,0,23,0,7,10,0
2001,180081,2,1,0,0,11,0,0,0,16,0,0,0
2001,180082,0,1,0,0,0,0,23,0,0,0,0,19
2001,180082,1,1,1,1,1,1,1,1,1,1,1,1
2001,180083,1,1,0,0,0,0,0,0,0,0,0,0
2001,180083,2,1,0,0,0,0,0,0,0,0,0,0
2001,180084,1,1,17,9,22,0,6,20,16,13,19,0
2001,180084,2,1,0,0,0,0,0,0,0,0,0,0
2001,180085,1,1,19,19,19,19,19,19,19,19,19,19
2001,180086,1,1,0,0,0,12,0,0,0,0,0,0
2001,180086,2,1,0,0,0,0,0,0,0,0,0,0
2001,180087,1,1,0,0,0,0,0,0,0,0,0,0
2001,180087,2,1,0,0,0,0,0,0,0,0,0,0
2001,180088,1,1,0,0,0,0,0,0,0,0,0,0
2001,180088,2,1,0,0,0,0,0,0,0,0,0,0
2001,180089,0,1,0,0,0,0,0,0,0,0,0,0
2001,180089,1,1,0,0,0,0,0,0,0,0,0,0
2001,180090,1,1,2,2,2,2,2,2,2,2,2,2
2001,180091,1,1,0,0,0,0,0,0,0,0,0,0
2001,180092,1,1,0,0,0,0,0,0,0,0,0,0
2001,180092,2,1,0,7,8,2,2,16,0,0,8,26
2001,180093,1,1,0,0,0,0,0,0,0,0,0,0
2001,180094,1,1,0,0,0,0,0,0,0,0,0,0
2001,180094,2,1,0,0,0,0,0,0,0,0,0,0
2001,180095,1,1,0,0,0,0,0,0,0,0,0,0
2001,180095,2,1,0,0,23,0,0,0,0,0,0,0
2001,180096,1,1,0,0,0,0,0,0,0,0,0,0
2001,180096,2,1,0,0,0,0,0,0,0,0,0,0
2001,180096,3,1,0,0,0,0,0,0,0,0,0,0
2001,180097,1,1,0,0,0,0,0,0,0,0,0,0
2001,180097,2,1,0,0,0,0,0,0,0,0,0,0
2001,180098,1,1,0,0,0,0,0,0,0,0,0,0
2001,180098,2,1,0,0,0,0,0,0,0,0,0,9
2001,180099,1,1,0,0,0,21,0,0,0,0,0,0
2001,180099,2,1,0,0,0,0,0,0,0,0,0,0
2001,180100,1,1,24,24,24,24,24,24,24,24,24,24
2001,180101,1,1,0,0,0,0,0,0,0,0,0,0
2001,180102,1,1,26,26,26,26,26,26,26,26,26,26
2001,180103,1,1,0,0,0,0,0,0,0,0,0,0
2001,180104,1,1,0,0,0,0,0,0,0,0,0,0
2001,180104,2,1,0,0,0,0,0,0,0,0,0,0
2001,180105,1,1,15,15,15,15,15,15,15,15,15,15
2001,180106,1,1,12,8,0,23,0,0,15,8,0,5
2001,180107,1,1,22,23,0,14,3,0,14,0,20,0
2001,180108,1,1,0,0,0,23,0,0,21,0,0,7
2001,180109,0,1,0,0,21,0,0,0,0,0,0,0
2001,180109,1,1,0,0,0,0,0,0,0,0,0,0
2001,180110,1,1,0,0,0,0,0,0,0,14,0,0
2001,180111,0,1,0,0,15,22,0,29,19,0,0,0
2001,180111,1,1,0,0,0,0,0,0,0,0,0,0
2001,180112,1,1,21,21,21,21,21,21,21,21,21,21
2001,180113,0,1,0,0,0,0,0,0,0,0,0,0
2001,180113,1,1,0,0,0,0,0,0,0,0,0,0
2001,180113,2,1,0,0,0,0,0,0,0,0,0,0
2001,180114,1,1,25,12,0,16,0,16,45,22,11,5
2001,180115,1,1,0,0,0,0,0,0,0,0,0,0
2001,180115,2,1,0,0,0,0,0,0,0,0,0,0
2001,180116,1,1,0,0,25,0,15,0,0,0,0,0
2001,180117,1,1,18,13,0,0,0,0,0,0,0,0
2001,180117,2,1,0,0,0,0,0,0,0,0,0,0
2001,180118,1,1,10,10,10,10,10,10,10,10,10,10
2001,180119,1,1,0,0,0,0,0,0,0,0,0,0
2001,180120,1,1,0,0,0,0,0,0,0,0,0,0
2001,180120,2,1,0,0,0,0,0,0,0,0,0,0
2001,180121,1,1,0,0,0,0,0,0,0,0,0,0
2001,180122,1,1,0,0,0,0,0,0,0,0,0,0
2001,180123,1,1,0,0,0,0,0,0,0,0,0,0
2001,180124,1,1,22,22,22,22,22,22,22,22,22,22
2001,180125,0,1,14,47,0,0,0,0,17,0,0,25
2001,180125,1,1,0,0,0,14,0,0,18,3,0,0
2001,180126,1,1,0,0,0,0,0,0,0,0,0,0
2001,180126,2,1,0,0,0,0,0,0,0,0,0,0
2001,180127,1,1,14,14,14,14,14,14,14,14,14,14
2001,180128,1,1,0,0,0,0,0,0,0,0,0,0
2001,180128,2,1,0,0,0,0,0,0,0,0,0,0
2001,180129,1,1,18,18,18,18,18,18,18,18,18,18
2001,180130,1,1,19,19,19,19,19,19,19,19,19,19
2001,180131,1,1,0,0,0,0,0,0,0,0,0,0
2001,180132,1,1,19,19,19,19,19,19,19,19,19,19
2001,180132,2,1,0,0,0,0,0,0,0,0,0,0
2001,180133,1,1,0,0,0,0,0,0,0,0,0,0
2001,180134,1,1,0,0,0,0,0,0,0,0,0,0
2001,180135,1,1,0,0,0,0,0,0,0,0,0,0
2001,180135,2,1,0,0,0,0,0,0,0,0,0,0
2001,180135,3,1,0,0,0,0,0,0,0,21,0,0
2001,180136,1,1,0,0,0,0,0,21,0,16,31,0
2001,180136,2,1,0,0,0,0,0,0,0,0,0,0
2001,180137,1,1,0,0,0,0,0,0,0,0,0,0
2001,180137,2,1,0,0,0,0,0,0,6,0,0,0
2001,180138,1,1,5,0,0,21,14,0,0,0,0,0
2001,180139,1,1,28,0,0,0,0,0,0,13,0,0
2001,180139,2,1,0,0,0,0,0,0,0,0,0,0
2001,180139,3,1,0,0,0,0,0,0,0,0,0,0
2001,180140,1,1,0,0,0,0,0,0,0,0,0,0
2001,180140,2,1,0,0,19,0,0,0,0,0,0,0
2001,180141,0,1,32,32,32,32,32,32,32,32,32,32
2001,180141,1,1,0,0,0,0,0,0,0,0,0,0
2001,180142,0,1,0,0,0,0,0,0,0,0,0,0
2001,180142,1,1,0,0,0,0,0,0,0,0,0,0
2001,180143,1,1,0,0,0,0,0,0,0,0,0,0
2001,180143,2,1,0,0,0,0,0,0,0,0,0,0
2001,180144,1,1,8,0,0,14,0,6,9,0,10,0
2001,180144,2,1,22,3,18,0,26,18,6,0,8,2
2001,180145,1,1,11,11,11,11,11,11,11,11,11,11
2001,180146,1,1,19,19,19,19,19,19,19,19,19,19
2001,180147,1,1,32,32,32,32,32,32,32,32,32,32
2001,180147,2,1,0,3,0,6,0,0,0,0,0,0
2001,180148,1,1,0,0,0,0,0,0,0,0,0,0
2001,180148,2,1,0,0,0,0,0,0,0,0,0,0
2001,180149,1,1,27,27,27,27,27,27,27,27,27,27
2001,180150,1,1,9,9,9,9,9,9,9,9,9,9
2001,180151,1,1,0,0,0,0,0,0,0,0,0,0
2001,180152,1,1,12,12,12,12,12,12,12,12,12,12
2001,180153,1,1,0,0,0,0,0,0,0,19,0,0
2001,180153,2,1,0,0,0,0,0,0,0,0,0,0
2001,180154,1,1,0,0,0,0,9,0,0,0,0,0
2001,180155,1,1,0,0,0,0,0,0,0,0,0,0
2001,180155,2,1,0,0,0,0,0,0,0,0,0,32
2001,180156,1,1,0,0,0,0,0,0,0,0,0,0
2001,180156,2,1,0,0,0,0,0,0,0,0,0,0
2001,180157,1,1,45,0,0,0,0,21,0,0,0,17
2001,180158,1,1,0,0,0,0,0,0,0,0,0,0
2001,180158,2,1,0,0,0,0,0,0,0,0,0,0
2001,180159,1,1,0,0,0,0,0,0,0,0,0,0
2001,180159,2,1,0,0,0,0,0,0,0,0,0,0
2001,180160,0,1,0,0,0,0,0,0,0,0,0,0
2001,180160,1,1,0,0,18,0,0,0,0,18,0,0
2001,180161,1,1,1,1,1,1,1,1,1,1,1,1
2001,180161,2,1,0,0,0,0,0,0,0,0,0,0
2001,180162,1,1,0,0,0,0,0,0,0,0,0,0
2001,180162,2,1,0,0,0,0,0,0,0,0,0,0
2001,180163,0,1,0,0,0,0,0,0,0,0,0,0
2001,180163,1,1,0,0,0,0,0,0,0,0,0,0
2001,180164,1,1,20,20,20,20,20,20,20,20,20,20
2001,180165,1,1,0,0,0,0,0,0,0,0,0,0
2001,180165,2,1,0,0,0,11,0,0,0,0,0,0
2001,180166,1,1,0,0,0,0,0,0,0,0,0,0
2001,180167,1,1,0,0,0,0,0,0,0,0,0,0
2001,180167,2,1,0,0,0,0,0,0,0,0,0,0
2001,180167,3,1,0,0,0,0,0,0,0,0,0,0
2001,180168,1,1,0,0,0,0,0,0,0,0,0,0
2001,180168,2,1,0,0,0,0,0,0,0,0,0,0
2001,180169,2,1,0,0,0,0,0,0,0,0,0,0
2001,180170,1,1,0,0,0,0,0,0,0,0,0,0
2001,180170,2,1,0,0,0,0,0,0,0,0,0,0
2001,180171,1,1,11,11,11,11,11,11,11,11,11,11
2001,180172,1,1,0,0,0,0,0,0,0,0,0,0
2001,180173,1,1,20,20,20,20,20,20,20,20,20,20
2001,180173,2,1,0,0,0,0,0,0,0,0,0,0
2001,180174,1,1,0,0,0,0,0,0,0,0,0,0
2001,180174,2,1,0,0,0,0,0,0,0,0,0,0
2001,180175,1,1,0,0,0,0,0,0,0,0,0,0
2001,180176,1,1,22,22,22,22,22,22,22,22,22,22
2001,180176,2,1,15,15,15,15,15,15,15,15,15,15
2001,180176,3,1,12,12,12,12,12,12,12,12,12,12
2001,180177,1,1,3,3,3,3,3,3,3,3,3,3
2001,180178,1,1,0,0,0,0,0,0,25,0,0,0
2001,180179,0,1,0,0,0,0,0,0,0,0,0,0
2001,180179,1,1,0,0,0,0,0,0,0,0,0,0
2001,180180,1,1,25,25,25,25,25,25,25,25,25,25
2001,180181,1,1,0,0,0,0,0,0,0,0,0,0
2001,180181,2,1,0,17,0,0,0,0,0,0,0,0
2001,180182,1,1,14,14,14,14,14,14,14,14,14,14
2001,180183,1,1,11,0,0,0,0,28,0,0,0,0
2001,180184,1,1,0,0,29,0,22,20,0,0,18,0
2001,180184,2,1,0,0,16,0,6,0,0,12,0,0
2001,180185,1,1,0,0,0,0,0,0,0,0,0,0
2001,180186,1,1,0,0,0,0,0,0,0,0,0,0
2001,180186,2,1,0,0,0,0,0,0,0,0,0,0
2001,180187,1,1,24,24,24,24,24,24,24,24,24,24
2001,180188,1,1,0,0,0,0,0,0,0,0,0,0
2001,180188,2,1,0,0,0,0,0,0,0,0,0,0
2001,180189,1,1,0,0,0,0,0,0,0,0,0,0
2001,180189,2,1,0,0,0,0,0,0,0,0,0,0
2001,180190,1,1,0,0,0,0,0,0,0,0,0,0
2001,180190,2,1,0,0,0,0,0,0,0,0,0,0
2001,180191,1,1,0,0,0,0,0,0,0,0,0,0
2001,180191,2,1,0,0,0,0,0,0,0,0,0,0
2001,180192,1,1,0,0,0,0,0,0,0,0,0,0
2001,180192,2,1,0,0,0,0,0,0,0,0,0,0
2001,180193,1,1,0,0,0,0,0,0,0,0,0,0
2001,180194,1,1,0,0,0,0,0,0,0,0,0,0
2001,180194,2,1,0,0,0,0,0,0,0,0,0,0
2001,180195,1,1,0,0,0,0,0,0,0,0,0,0
2001,180195,2,1,0,0,0,0,0,0,0,0,0,0
2001,180195,3,1,0,0,10,18,10,16,0,0,0,0
2001,180196,1,1,0,0,0,0,0,0,0,0,0,0
2001,180197,1,1,14,14,14,14,14,14,14,14,14,14
2001,180198,1,1,16,25,20,14,0,9,9,0,16,7
2001,180199,1,1,0,0,0,0,0,0,0,0,0,0
2001,180200,1,1,0,0,0,0,0,0,0,0,0,0
2001,180200,2,1,0,0,0,0,0,0,0,0,0,0
2001,180201,1,1,0,0,0,0,0,0,0,0,0,0
2001,180201,2,1,0,0,0,0,0,0,0,0,0,0
2001,180202,1,1,0,0,0,0,0,0,0,0,0,7
2001,180203,1,1,0,0,0,0,0,0,0,0,0,0
2001,180203,2,1,10,10,10,10,10,10,10,10,10,10
2001,180204,1,1,0,0,0,0,0,0,0,0,0,0
2001,180204,2,1,0,0,0,13,0,0,0,0,0,0
2001,180205,1,1,15,15,15,15,15,15,15,15,15,15
2001,180206,1,1,0,0,0,0,0,0,0,0,0,0
2001,180207,1,1,8,0,0,0,0,0,0,0,0,0
2001,180207,2,1,0,0,0,0,0,0,0,0,0,0
2001,180207,3,1,0,0,0,0,0,0,0,0,0,0
2001,180208,1,1,0,0,0,0,0,0,0,0,0,59
2001,180209,0,1,0,0,0,0,0,0,0,0,0,0
2001,180209,1,1,0,0,0,0,0,0,0,0,0,0
2001,180210,1,1,0,0,0,0,0,0,0,0,0,0
2001,180211,1,1,0,0,0,0,0,0,0,0,0,0
2001,180211,2,1,0,0,0,0,0,0,0,0,0,0
2001,180212,1,1,0,0,0,0,0,0,0,0,27,0
2001,180213,1,1,0,0,0,0,0,0,0,0,0,0
2001,180213,2,1,0,0,0,0,0,0,0,0,0,0
2001,180214,1,1,0,0,0,0,0,0,0,0,0,0
2001,180215,1,1,0,7,19,0,25,0,9,0,0,0
2001,180215,2,1,22,0,0,12,0,0,0,0,0,0
2001,180216,1,1,0,0,0,0,0,0,0,0,0,0
2001,180216,2,1,0,0,0,0,0,0,0,0,0,0
2001,180217,1,1,9,9,9,9,9,9,9,9,9,9
2001,180218,1,1,0,0,0,14,0,0,0,0,0,0
2001,180218,2,1,14,14,14,14,14,14,14,14,14,14
2001,180218,3,1,0,0,0,0,0,0,0,0,0,0
2001,180219,1,1,0,0,0,0,0,0,0,0,0,0
2001,180220,0,1,0,0,0,0,0,20,0,0,0,0
2001,180220,1,1,0,0,0,0,0,0,0,0,0,0
2001,180221,1,1,0,0,0,11,0,0,0,0,0,23
2001,180221,2,1,0,0,0,0,0,0,0,0,0,0
2001,180222,1,1,16,16,16,16,16,16,16,16,16,16
2001,180223,1,1,23,23,23,23,23,23,23,23,23,23
2001,180223,2,1,0,0,0,0,0,0,0,0,0,0
2001,180224,1,1,0,0,0,0,0,0,0,0,0,0
2001,180224,2,1,0,0,0,0,0,0,0,0,0,0
2001,180225,1,1,22,0,21,40,24,15,0,39,35,22
2001,180226,1,1,0,0,0,0,0,0,0,0,0,0
2001,180227,1,1,19,19,19,19,19,19,19,19,19,19
2001,180228,1,1,0,0,0,0,0,0,0,0,0,0
2001,180228,2,1,0,0,0,0,0,0,0,0,0,0
2001,180229,1,1,11,11,11,11,11,11,11,11,11,11
2001,180230,1,1,0,0,0,0,0,0,0,0,0,0
2001,180230,2,1,0,0,0,0,0,0,14,0,0,0
2001,180231,1,1,0,0,14,21,19,21,16,18,0,30
2001,180232,1,1,0,0,0,0,0,0,0,0,0,0
2001,180232,2,1,0,0,0,0,0,0,0,0,0,0
2001,180232,3,1,6,0,0,0,0,0,0,0,0,0
2001,180232,4,1,0,0,0,13,0,0,0,0,0,0
2001,180233,1,1,0,0,0,0,0,0,0,0,0,0
2001,180234,1,1,14,0,0,0,0,6,0,0,0,0
2001,180235,1,1,19,19,19,19,19,19,19,19,19,19
2001,180235,2,1,0,0,0,0,0,0,0,0,0,0
2001,180236,1,1,26,26,26,26,26,26,26,26,26,26
2001,180236,2,1,0,0,0,0,0,0,0,0,0,0
2001,180237,1,1,0,0,0,0,0,0,0,0,0,0
2001,180238,1,1,0,0,0,0,0,0,0,0,0,0
2001,180238,2,1,0,0,0,0,0,0,0,0,0,0
2001,180239,0,1,0,0,0,0,0,0,0,0,0,0
2001,180239,1,1,10,0,14,0,0,0,0,0,0,0
2001,180240,1,1,0,0,0,0,0,0,0,0,0,0
2001,180240,2,1,0,0,0,0,0,0,0,0,0,0
2001,180241,0,1,10,10,10,10,10,10,10,10,10,10
2001,180241,1,1,0,0,0,0,0,0,0,0,0,0
2001,180242,1,1,0,0,0,0,0,0,0,0,0,0
2001,180242,2,1,0,0,0,0,0,0,0,0,0,0
2001,180243,1,1,6,6,6,6,6,6,6,6,6,6
2001,180244,1,1,0,0,0,0,0,0,0,0,0,0
2001,180245,0,1,11,25,0,0,0,0,0,24,0,30
2001,180245,1,1,0,0,0,0,0,0,0,0,0,0
2001,180246,1,1,0,0,0,0,0,0,0,0,0,0
2001,180246,2,1,0,0,0,0,0,0,0,0,0,0
2001,180247,1,1,19,19,19,19,19,19,19,19,19,19
2001,180248,1,1,0,0,0,0,0,0,0,0,0,0
2001,180248,2,1,0,0,0,0,0,0,0,0,0,0
2001,180248,3,1,0,0,0,0,0,0,0,0,0,0
2001,180249,1,1,0,0,0,0,0,0,0,0,0,0
2001,180249,2,1,0,9,0,0,6,0,0,0,0,0
2001,180249,3,1,0,0,0,0,0,0,0,0,0,0
2001,180249,4,1,0,0,0,0,0,0,0,0,0,0
2001,180249,5,1,0,0,0,0,0,0,0,0,0,0
2001,180250,1,1,0,14,0,4,0,0,8,0,0,6
2001,180250,2,1,0,0,0,0,0,0,0,0,0,9
2001,180251,1,1,20,0,0,0,19,0,12,0,0,0
2001,180252,1,1,0,0,0,0,0,0,0,0,0,0
2001,180253,1,1,0,0,0,0,0,0,0,0,0,0
2001,180253,2,1,0,0,0,0,0,0,0,0,0,0
2001,180254,1,1,0,0,0,0,0,0,0,0,0,0
2001,180254,2,1,0,0,0,0,0,0,0,0,0,0
2001,180255,0,1,0,0,0,0,0,0,0,0,0,0
2001,180255,1,1,0,0,0,0,0,0,0,0,0,0
2001,180256,1,1,0,0,0,0,0,0,0,0,0,0
2001,180257,1,1,0,0,0,0,0,0,0,0,0,0
2001,180257,2,1,0,0,0,0,0,0,0,0,0,0
2001,180257,3,1,0,0,0,0,0,0,0,0,0,0
2001,180258,1,1,0,0,0,0,0,0,5,0,0,0
2001,180258,2,1,0,0,0,0,0,0,0,0,0,0
2001,180259,1,1,0,0,0,0,0,0,0,0,0,0
2001,180259,2,1,0,0,0,0,0,0,0,0,0,0
2001,180260,0,1,0,0,0,0,0,0,0,0,0,0
2001,180260,1,1,0,0,0,0,0,0,0,0,0,0
2001,180261,1,1,0,0,0,0,0,0,0,0,0,0
2001,180261,2,1,0,0,0,0,0,0,0,0,11,0
2001,180262,1,1,0,0,0,0,0,0,0,0,0,0
2001,180262,2,1,14,14,14,14,14,14,14,14,14,14
2001,180263,1,1,0,0,0,0,0,0,0,0,0,0
2001,180263,2,1,0,0,17,0,19,0,0,0,0,0
2001,180264,1,1,0,0,0,0,0,0,0,0,0,0
2001,180264,2,1,0,0,0,0,0,0,0,0,0,0
2001,180265,1,1,0,0,0,0,0,0,0,0,0,0
2001,180265,2,1,0,0,0,0,0,0,0,0,0,0
2001,180266,1,1,0,0,0,0,0,0,0,0,0,0
2001,180266,2,1,0,0,0,0,0,0,0,0,0,0
2001,180266,3,1,0,0,0,0,0,0,0,0,0,0
2001,180267,1,1,0,0,0,0,0,0,0,0,0,0
2001,180267,2,1,0,0,0,0,0,0,0,0,0,0
2001,180267,3,1,0,0,0,0,0,0,0,0,0,0
2001,180268,0,1,15,0,0,0,0,0,0,0,0,0
2001,180268,0,2,0,0,0,0,0,0,0,0,0,0
2001,180268,0,3,0,0,0,0,0,0,0,0,0,0
2001,180268,0,4,0,0,0,0,0,0,0,0,0,0
2001,180268,1,1,0,0,0,0,0,0,0,0,0,0
2001,180269,1,1,0,0,0,0,0,0,0,0,0,0
2001,180270,1,1,0,0,0,0,0,0,0,0,0,0
2001,180270,2,1,0,0,0,0,3,0,0,0,0,3
2001,180271,1,1,16,16,16,16,16,16,16,16,16,16
2001,180272,1,1,0,0,0,0,0,0,0,0,0,0
2001,180273,1,1,0,0,0,0,0,0,0,0,0,0
2001,180273,2,1,0,0,0,0,0,0,0,0,0,0
2001,180274,0,1,0,0,0,0,0,0,0,0,0,0
2001,180274,0,2,0,0,0,0,0,0,8,0,0,0
2001,180274,0,3,17,0,0,0,13,0,0,0,0,0
2001,180274,1,1,0,0,0,0,0,0,0,0,0,0
2001,180275,0,1,0,0,0,0,0,0,0,0,0,0
2001,180275,1,1,0,0,0,0,0,0,0,0,0,0
2001,180276,1,1,0,0,0,0,0,0,0,0,0,0
2001,180277,1,1,13,28,0,0,0,0,3,18,0,16
2001,180277,2,1,0,0,0,0,0,0,0,0,0,0
2001,180278,1,1,0,0,0,0,0,0,0,0,0,0
2001,180278,2,1,0,0,0,0,0,0,0,0,0,0
2001,180279,1,1,0,0,0,0,13,0,16,0,0,0
2001,180279,2,1,0,0,0,0,0,0,0,0,10,0
2001,180280,1,1,0,0,0,0,0,0,0,0,0,0
2001,180281,0,1,12,0,0,0,28,0,0,0,5,11
2001,180281,1,1,0,0,0,0,0,0,0,0,0,0
2001,180281,2,1,0,0,0,0,0,0,0,0,0,0
2001,180282,1,1,0,0,0,0,0,0,0,0,0,0
2001,180282,2,1,0,0,0,0,0,0,0,0,0,0
2001,180283,0,1,0,0,0,0,0,0,0,0,0,18
2001,180283,0,2,0,0,0,0,0,0,0,0,0,0
2001,180283,1,1,0,0,0,0,0,0,0,0,0,0
2001,180284,1,1,0,0,0,0,0,0,0,0,0,0
2001,180284,2,1,0,0,17,0,0,0,0,0,0,12
2001,180285,1,1,0,0,0,0,0,0,0,0,0,0
2001,180286,1,1,0,0,0,0,0,0,0,0,0,0
2001,180287,1,1,0,0,0,0,0,0,0,0,0,0
2001,180287,2,1,1,1,1,1,1,1,1,1,1,1
2001,180288,1,1,12,12,12,12,12,12,12,12,12,12
2001,180288,2,1,0,0,0,0,0,0,0,0,0,0
2001,180289,1,1,0,0,0,0,0,0,0,0,0,0
2001,180290,1,1,24,24,24,24,24,24,24,24,24,24
2001,180290,2,1,0,0,0,0,0,0,0,0,0,0
2001,180291,1,1,0,0,0,0,0,0,0,0,0,0
2001,180292,1,1,18,18,18,18,18,18,18,18,18,18
2001,180293,1,1,13,0,0,13,0,24,0,19,19,0
2001,180294,0,1,0,0,0,0,0,0,0,0,0,0
2001,180294,1,1,0,0,0,0,0,0,0,0,0,0
2001,180295,1,1,0,0,0,0,0,0,0,0,0,0
2001,180295,2,1,0,0,0,0,0,0,0,0,0,0
2001,180296,1,1,0,0,0,0,0,0,0,0,0,0
2001,180296,2,1,0,0,0,0,0,0,0,0,0,0
2001,180297,1,1,0,0,0,0,0,0,0,0,0,0
2001,180297,2,1,0,0,0,0,0,0,0,0,0,0
2001,180298,1,1,4,4,4,4,4,4,4,4,4,4
2001,180299,1,1,0,14,30,0,0,0,0,0,0,10
2001,180300,1,1,0,0,0,0,0,0,0,0,0,0
2001,180300,2,1,0,0,0,0,0,0,19,0,0,15
2001,180301,1,1,0,0,0,0,0,0,0,0,0,25
2001,180301,2,1,0,0,0,0,0,0,0,0,0,0
2001,180301,3,1,0,0,0,0,0,0,0,0,0,0
2001,180302,1,1,0,0,16,0,0,0,0,0,0,0
2001,180302,2,1,22,22,22,22,22,22,22,22,22,22
2001,180303,1,1,0,0,0,0,0,0,0,0,0,0
2001,180304,1,1,13,13,13,13,13,13,13,13,13,13
2001,180305,1,1,0,0,0,0,0,0,0,0,0,0
2001,180305,2,1,0,0,0,0,0,0,0,0,0,0
2001,180306,1,1,0,0,0,0,0,0,0,0,0,0
2001,180306,2,1,0,0,0,0,0,0,0,0,0,0
2001,180306,3,1,0,0,0,0,0,0,0,0,0,0
2001,180307,1,1,0,0,0,0,0,0,0,0,0,0
2001,180307,2,1,0,0,0,0,0,0,0,0,0,0
2001,180308,1,1,18,18,0,0,0,0,0,0,0,0
2001,180308,2,1,0,0,0,0,0,0,0,0,0,0
2001,180309,1,1,18,18,18,18,18,18,18,18,18,18
2001,180310,1,1,1,1,1,1,1,1,1,1,1,1
2001,180310,2,1,0,0,0,0,0,0,0,0,0,0
2001,180310,3,1,0,0,0,0,0,24,0,0,0,0
2001,180310,4,1,0,0,0,0,0,0,0,0,0,0
2001,180310,5,1,0,0,0,13,0,0,0,24,0,0
2001,180311,0,1,0,0,0,0,0,0,0,0,0,0
2001,180311,1,1,0,0,0,0,0,0,0,0,0,0
2001,180312,1,1,33,33,33,33,33,33,33,33,33,33
2001,180313,1,1,23,23,23,23,23,23,23,23,23,23
2001,180314,1,1,24,24,24,24,24,24,24,24,24,24
2001,180315,1,1,3,3,3,3,3,3,3,3,3,3
2001,180316,1,1,0,0,0,0,0,0,0,0,4,21
2001,180316,2,1,0,0,0,0,0,0,0,0,0,0
2001,180317,1,1,6,6,6,6,6,6,6,6,6,6
2001,180318,1,1,0,4,0,0,0,0,0,0,15,30
2001,180319,1,1,0,32,16,0,6,31,9,20,24,21
2001,180320,0,1,0,0,0,0,0,0,0,0,0,0
2001,180320,1,1,0,0,0,0,0,0,0,0,0,0
2001,180321,1,1,24,26,25,26,25,0,23,14,30,16
2001,180322,1,1,0,0,0,0,0,0,0,0,0,0
2001,180322,2,1,0,0,0,0,0,0,0,0,0,0
2001,180322,3,1,0,0,0,0,0,0,0,0,0,0