YEAR,st_case,veh_no,per_no,P1,P2,P3,P4,P5,P6,P7,P8,P9,P10
2001,180605,1,1,0,0,0,0,0,0,0,11,0,9
2001,180606,1,1,0,0,0,0,0,0,0,0,0,0
2001,180607,1,1,0,0,0,0,0,0,0,0,0,0
2001,180608,1,1,0,0,0,0,0,0,0,0,0,0
2001,180608,2,1,0,0,0,0,0,0,0,0,0,0
2001,180609,1,1,0,0,0,0,0,0,0,0,0,0
2001,180609,2,1,0,0,0,0,0,0,0,0,0,0
2001,180610,1,1,0,0,0,0,0,0,0,6,0,0
2001,180611,1,1,5,0,0,0,0,30,6,0,14,0
2001,180612,1,1,22,22,22,22,22,22,22,22,22,22
2001,180613,1,1,0,0,0,0,0,0,0,0,0,0
2001,180614,1,1,0,27,33,4,16,12,0,0,0,0
2001,180614,2,1,0,8,0,7,0,20,6,0,14,0
2001,180615,1,1,10,10,10,10,10,10,10,10,10,10
2001,180616,1,1,0,0,0,0,0,0,0,0,0,0
2001,180617,1,1,0,0,0,0,0,0,0,0,0,0
2001,180617,2,1,0,0,3,0,0,0,0,0,0,0
2001,180618,1,1,17,17,17,17,17,17,17,17,17,17
2001,180619,1,1,0,0,0,0,0,0,0,0,0,0
2001,180619,2,1,0,0,0,0,0,0,0,0,0,0
2001,180620,1,1,25,25,25,25,25,25,25,25,25,25
2001,180621,1,1,0,0,0,0,0,0,0,0,0,0
2001,180621,2,1,0,0,0,0,0,0,0,0,0,0
2001,180622,1,1,0,0,0,0,0,0,7,0,0,0
2001,180622,2,1,1,1,1,1,1,1,1,1,1,1
2001,180623,1,1,0,0,7,0,9,0,15,0,0,0
2001,180623,2,1,0,12,0,0,14,0,11,0,0,6
2001,180624,1,1,0,19,10,19,24,0,3,0,20,0
2001,180625,1,1,15,15,15,15,15,15,15,15,15,15
2001,180626,1,1,0,0,0,0,7,0,11,0,0,0
2001,180627,1,1,0,0,0,0,0,0,0,0,0,0
2001,180627,2,1,0,0,0,0,0,0,0,0,0,0
2001,180628,1,1,0,0,0,12,0,0,0,0,0,0
2001,180628,2,1,0,0,0,0,7,0,0,0,0,0
2001,180629,1,1,0,0,0,0,0,0,0,7,5,0
2001,180630,1,1,6,6,6,6,6,6,6,6,6,6
2001,180630,2,1,0,0,0,0,0,0,0,0,0,0
2001,180631,1,1,0,0,0,0,0,0,0,0,0,0
2001,180631,2,1,0,0,0,11,0,7,0,0,0,0
2001,180632,0,1,0,0,0,0,0,0,0,0,0,0
2001,180632,1,1,0,14,0,0,0,0,0,0,0,0
2001,180633,1,1,0,0,0,0,18,14,0,0,0,13
2001,180633,2,1,0,0,0,0,0,0,0,0,0,0
2001,180634,1,1,24,24,24,24,24,24,24,24,24,24
2001,180635,1,1,0,0,0,0,0,0,0,0,0,0
2001,180635,2,1,0,0,0,0,0,0,0,0,0,0
2001,180636,0,1,0,0,0,12,0,11,7,31,12,21
2001,180636,1,1,15,4,0,0,0,0,0,0,0,15
2001,180637,1,1,7,7,7,7,7,7,7,7,7,7
2001,180638,1,1,0,0,0,0,0,0,0,0,0,0
2001,180638,2,1,0,0,0,0,0,0,0,0,0,0
2001,180639,1,1,0,8,0,0,0,0,0,0,0,0
2001,180639,2,1,0,0,0,0,0,0,0,0,0,0
2001,180640,1,1,5,12,15,0,9,0,4,0,0,11
2001,180641,1,1,0,0,0,0,0,0,0,0,0,0
2001,180641,2,1,0,0,0,0,0,0,0,0,0,0
2001,180641,3,1,0,0,0,0,0,0,0,0,0,0
2001,180642,1,1,0,0,0,0,37,0,0,16,0,0
2001,180642,2,1,3,0,24,7,0,0,5,15,6,11
2001,180642,3,1,16,0,0,12,33,17,0,0,0,11
2001,180643,1,1,0,0,0,0,0,0,0,0,0,0
2001,180644,1,1,0,0,0,0,0,0,0,0,0,0
2001,180645,1,1,0,0,0,0,0,0,0,0,0,0
2001,180645,2,1,0,0,0,0,0,0,0,0,0,0
2001,180646,0,1,26,10,11,14,0,15,11,10,7,25
2001,180646,1,1,0,0,0,0,0,0,0,0,0,0
2001,180647,1,1,0,0,0,0,0,0,0,0,0,0
2001,180647,2,1,0,0,0,0,0,0,0,0,0,0
2001,180648,1,1,11,11,11,11,11,11,11,11,11,11
2001,180649,1,1,0,19,0,0,19,8,0,0,16,12
2001,180650,1,1,0,0,0,0,0,0,7,0,0,0
2001,180650,2,1,0,0,10,0,0,0,0,2,0,0
2001,180651,1,1,18,18,18,18,18,18,18,18,18,18
2001,180651,2,1,21,0,0,0,0,0,0,0,0,0
2001,180651,3,1,0,0,0,0,0,0,0,0,0,0
2001,180652,0,1,0,0,0,0,0,0,0,0,0,0
2001,180652,1,1,0,0,0,0,0,13,0,0,0,0
2001,180653,1,1,0,0,0,0,0,0,0,0,0,0
2001,180654,1,1,0,0,0,0,0,0,0,0,0,0
2001,180655,1,1,0,0,15,0,0,24,27,0,0,0
2001,180656,1,1,0,0,0,0,0,0,0,0,0,0
2001,180656,2,1,0,0,0,0,0,0,0,0,0,0
2001,180657,0,1,0,0,0,0,0,0,0,0,0,0
2001,180657,1,1,0,0,0,0,0,0,0,0,0,0
2001,180658,1,1,11,11,11,11,11,11,11,11,11,11
2001,180659,1,1,0,0,0,0,0,0,0,0,0,0
2001,180660,1,1,0,0,0,0,0,0,29,0,0,0
2001,180660,2,1,0,0,0,0,0,0,0,0,0,0
2001,180661,1,1,0,0,0,0,0,0,0,0,0,0
2001,180661,2,1,0,0,0,0,0,0,0,0,0,0
2001,180662,1,1,20,20,20,20,20,20,20,20,20,20
2001,180663,1,1,0,0,22,0,14,0,22,16,25,0
2001,180664,1,1,12,10,4,15,21,26,16,17,15,17
2001,180665,1,1,12,12,12,12,12,12,12,12,12,12
2001,180665,2,1,0,0,0,0,0,0,0,0,0,0
2001,180666,1,1,14,14,14,14,14,14,14,14,14,14
2001,180666,2,1,0,0,0,0,0,0,0,0,0,0
2001,180667,1,1,0,0,0,0,0,0,0,0,0,13
2001,180668,1,1,0,0,0,0,0,0,0,0,0,0
2001,180668,2,1,0,0,0,0,0,0,0,0,0,0
2001,180669,1,1,0,0,0,0,0,0,0,0,0,0
2001,180669,2,1,0,0,0,0,0,0,0,0,0,0
2001,180670,1,1,0,0,0,0,0,0,0,0,0,0
2001,180670,2,1,0,0,0,0,0,0,0,0,0,0
2001,180671,1,1,0,0,0,26,19,0,0,0,0,13
2001,180672,1,1,17,17,17,17,17,17,17,17,17,17
2001,180673,1,1,0,0,0,0,0,0,0,0,0,0
2001,180673,2,1,0,0,0,0,0,0,0,0,0,0
2001,180674,1,1,0,0,0,0,0,0,0,0,0,0
2001,180674,2,1,0,0,2,0,0,15,0,0,0,0
2001,180675,1,1,0,0,0,0,0,0,0,0,0,0
2001,180675,2,1,0,0,0,18,0,0,0,0,0,0
2001,180676,1,1,17,17,17,17,17,17,17,17,17,17
2001,180677,1,1,20,20,20,20,20,20,20,20,20,20
2001,180678,1,1,0,0,0,0,0,0,0,0,0,0
2001,180678,2,1,0,0,0,0,0,0,0,0,0,0
2001,180678,3,1,0,0,0,0,0,0,0,0,0,0
2001,180679,1,1,25,25,25,25,25,25,25,25,25,25
2001,180680,0,1,0,0,0,0,0,0,0,0,0,0
2001,180680,1,1,0,0,0,0,0,0,0,0,0,0
2001,180681,1,1,0,0,0,0,0,0,0,0,0,0
2001,180681,2,1,0,0,0,0,0,0,0,0,0,0
2001,180682,1,1,0,0,5,0,19,35,14,0,17,0
2001,180683,1,1,0,0,0,0,0,0,0,0,0,0
2001,180684,1,1,33,33,33,33,33,33,33,33,33,33
2001,180684,2,1,0,0,0,19,0,0,0,0,0,0
2001,180685,1,1,15,15,15,15,15,15,15,15,15,15
2001,180685,2,1,0,0,0,7,0,24,0,0,0,0
2001,180686,1,1,0,0,0,0,0,0,0,0,0,0
2001,180687,1,1,0,0,0,0,0,0,0,0,0,0
2001,180687,2,1,0,0,0,0,0,0,0,0,0,0
2001,180688,1,1,18,18,18,18,18,18,18,18,18,18
2001,180688,2,1,27,27,27,27,27,27,27,27,27,27
2001,180689,1,1,23,23,23,23,23,23,23,23,23,23
2001,180690,1,1,0,0,0,0,0,0,0,0,0,0
2001,180691,1,1,22,22,22,22,22,22,22,22,22,22
2001,180692,1,1,0,0,0,0,0,0,0,0,0,0
2001,180692,2,1,0,0,0,0,0,0,0,0,0,0
2001,180693,1,1,0,0,0,0,0,0,0,0,0,0
2001,180694,1,1,0,0,0,0,0,0,0,0,0,0
2001,180694,2,1,0,0,0,0,0,0,20,0,0,24
2001,180695,1,1,19,19,19,19,19,19,19,19,19,19
2001,180695,2,1,15,19,0,0,0,14,0,0,0,0
2001,180696,1,1,0,0,0,0,0,0,0,0,0,0
2001,180696,2,1,0,0,0,0,0,0,0,0,0,0
2001,180697,1,1,0,0,0,0,0,0,0,0,0,0
2001,180697,2,1,0,0,0,0,0,0,0,0,0,0
2001,180698,1,1,9,9,9,9,9,9,9,9,9,9
2001,180699,1,1,0,0,0,0,0,0,0,0,0,0
2001,180700,1,1,11,11,11,11,11,11,11,11,11,11
2001,180701,1,1,22,22,22,22,22,22,22,22,22,22
2001,180702,1,1,0,0,0,0,0,0,0,0,0,0
2001,180702,2,1,0,0,0,0,0,0,0,0,0,0
2001,180703,1,1,0,0,0,0,0,0,0,0,0,0
2001,180703,2,1,0,0,0,0,0,0,0,0,0,0
2001,180703,3,1,0,0,0,0,0,0,0,0,12,0
2001,180704,0,1,0,0,0,0,0,0,0,0,0,0
2001,180704,1,1,0,0,0,0,0,0,0,0,0,0
2001,180705,1,1,0,0,0,0,0,0,0,0,0,0
2001,180706,1,1,0,0,12,0,18,8,0,0,30,19
2001,180707,1,1,27,27,27,27,27,27,27,27,27,27
2001,180708,1,1,0,0,0,0,0,0,0,0,0,0
2001,180708,2,1,0,0,0,0,0,0,0,0,0,0
2001,180709,1,1,0,0,0,0,0,0,0,0,0,0
2001,180709,2,1,0,0,0,0,0,0,0,0,0,0
2001,180710,1,1,27,27,27,27,27,27,27,27,27,27
2001,180711,1,1,23,23,23,23,23,23,23,23,23,23
2001,180712,1,1,20,20,20,20,20,20,20,20,20,20
2001,180713,1,1,18,18,18,18,18,18,18,18,18,18
2001,180714,1,1,0,0,0,0,16,0,0,13,0,0
2001,180714,2,1,0,0,0,0,0,0,0,0,0,0
2001,180715,1,1,11,11,11,11,11,11,11,11,11,11
2001,180716,1,1,22,22,22,22,22,22,22,22,22,22
2001,180717,1,1,8,8,8,8,8,8,8,8,8,8
2001,180718,1,1,11,11,11,11,11,11,11,11,11,11
2001,180719,1,1,16,0,0,0,0,0,0,29,0,26
2001,180720,1,1,0,0,0,0,0,0,0,0,0,0
2001,180720,2,1,0,0,0,0,0,0,0,0,0,0
2001,180721,1,1,16,16,16,16,16,16,16,16,16,16
2001,180721,2,1,0,0,0,0,0,0,0,0,0,0
2001,180722,1,1,0,0,0,0,0,0,0,0,0,0
2001,180722,2,1,1,1,1,1,1,1,1,1,1,1
2001,180723,1,1,28,28,28,28,28,28,28,28,28,28
2001,180724,1,1,3,3,3,3,3,3,3,3,3,3
2001,180725,1,1,10,10,10,10,10,10,10,10,10,10
2001,180726,1,1,0,0,0,0,0,0,0,0,0,0
2001,180727,1,1,28,0,14,0,0,0,0,21,0,0
2001,180727,2,1,0,0,0,0,0,0,0,0,0,0
2001,180728,1,1,0,0,0,0,0,0,0,0,0,0
2001,180728,2,1,0,0,0,0,0,0,0,0,0,0
2001,180729,1,1,0,0,0,0,0,0,0,0,0,0
2001,180729,2,1,0,0,0,0,0,0,0,0,0,0
2001,180730,1,1,9,9,9,9,9,9,9,9,9,9
2001,180731,1,1,0,0,0,0,0,0,0,0,0,0
2001,180732,1,1,0,0,0,0,0,0,0,0,0,0
2001,180733,0,1,0,0,0,0,0,0,0,0,0,0
2001,180733,1,1,0,0,0,0,0,0,0,0,0,0
2001,180734,1,1,26,26,26,26,26,26,26,26,26,26
2001,180734,2,1,0,0,0,0,0,0,0,0,8,22
2001,180735,1,1,0,0,0,0,0,0,0,0,0,0
2001,180735,2,1,0,0,0,0,0,0,0,0,0,0
2001,180736,1,1,0,0,0,0,0,0,0,0,0,0
2001,180736,2,1,0,0,0,0,7,0,0,0,0,0
2001,180737,1,1,0,0,0,0,0,0,0,0,0,0
2001,180737,2,1,0,0,0,0,0,0,0,0,0,0
2001,180738,1,1,0,0,0,0,0,0,0,0,0,0
2001,180738,2,1,0,0,0,0,0,0,0,0,0,0
2001,180739,1,1,0,0,0,9,0,0,0,0,20,0
2001,180739,2,1,0,0,0,0,15,0,0,0,0,0
2001,180740,0,1,5,0,7,0,0,0,0,0,0,0
2001,180740,1,1,0,0,0,0,0,0,0,0,0,0
2001,180741,1,1,0,0,0,0,0,0,0,0,0,0
2001,180742,1,1,17,16,0,0,13,30,0,8,0,17
2001,180742,2,1,11,0,0,9,17,7,0,6,6,0
2001,180743,1,1,6,6,6,6,6,6,6,6,6,6
2001,180744,1,1,0,0,0,0,0,16,0,0,0,0
2001,180745,1,1,0,7,0,0,0,0,0,0,0,0
2001,180745,2,1,0,0,0,0,0,0,0,16,0,0
2001,180746,1,1,0,0,0,0,0,0,0,0,0,0
2001,180746,2,1,0,0,0,0,0,0,0,0,0,0
2001,180746,3,1,0,0,0,0,0,0,0,0,0,0
2001,180747,1,1,0,0,0,0,0,0,0,0,0,0
2001,180748,1,1,0,0,0,0,0,0,0,0,0,0
2001,180749,1,1,0,0,0,0,0,0,0,0,0,0
2001,180749,2,1,5,5,5,5,5,5,5,5,5,5
2001,180750,0,1,0,0,0,0,0,0,0,0,0,0
2001,180750,1,1,0,0,0,0,0,0,0,0,0,0
2001,180751,1,1,0,18,25,19,37,0,18,14,15,20
2001,180752,1,1,16,16,16,16,16,16,16,16,16,16
2001,180752,2,1,0,0,26,18,0,10,19,0,7,9
2001,180752,3,1,0,17,0,0,0,0,0,0,0,0
2001,180753,1,1,0,0,0,0,0,0,0,0,0,0
2001,180754,1,1,0,0,0,0,0,0,0,0,0,0
2001,180754,2,1,0,0,0,0,0,0,0,0,0,0
2001,180755,1,1,20,20,20,20,20,20,20,20,20,20
2001,180756,1,1,0,0,0,0,0,0,0,0,0,0
2001,180756,2,1,0,0,0,0,0,0,0,0,0,0
2001,180757,1,1,0,0,0,0,0,0,0,0,0,0
2001,180757,2,1,0,0,0,0,0,0,0,0,0,0
2001,180758,1,1,0,0,0,0,0,0,0,0,0,0
2001,180758,2,1,0,0,0,0,0,6,0,0,0,0
2001,180758,3,1,0,0,0,0,0,0,0,0,0,0
2001,180759,1,1,16,16,16,16,16,16,16,16,16,16
2001,180760,1,1,0,0,0,0,0,0,0,0,0,0
2001,180760,2,1,0,0,0,0,0,0,0,0,0,0
2001,180761,1,1,0,0,0,0,0,0,0,0,0,0
2001,180761,2,1,0,0,0,0,0,0,0,0,0,0
2001,180762,0,1,0,0,0,0,0,0,0,0,0,0
2001,180762,1,1,0,0,0,0,0,0,0,0,0,0
2001,180763,1,1,0,0,0,0,0,0,0,0,0,0
2001,180763,2,1,0,0,0,0,0,0,0,0,0,0
2001,180763,3,1,0,0,0,0,0,0,0,0,0,0
2001,180764,1,1,0,0,0,0,0,0,0,0,0,0
2001,180764,2,1,0,0,0,0,0,0,0,0,0,0
2001,180765,1,1,0,0,0,0,0,0,0,0,0,0
2001,180765,2,1,0,0,0,0,0,0,0,0,0,0
2001,180766,1,1,0,0,0,0,0,0,0,0,0,0
2001,180766,2,1,0,0,0,0,0,0,0,0,0,0
2001,180766,3,1,0,0,0,0,0,0,0,0,0,0
2001,180766,4,1,0,0,0,0,0,0,0,0,0,8
2001,180767,1,1,0,13,38,0,13,4,0,0,0,0
2001,180767,2,1,0,7,0,0,12,11,0,0,7,0
2001,180768,1,1,18,34,10,19,13,15,7,18,20,20
2001,180769,1,1,21,14,15,9,20,11,20,10,0,0
2001,180770,1,1,0,0,0,0,0,0,0,0,0,0
2001,180770,2,1,0,0,0,0,0,0,0,0,0,0
2001,180770,3,1,7,0,18,17,0,7,12,0,15,0
2001,180771,1,1,20,0,0,0,0,0,0,0,6,0
2001,180771,2,1,9,0,0,0,0,0,0,0,0,0
2001,180772,1,1,0,0,0,17,0,0,0,0,0,0
2001,180772,2,1,0,0,0,0,0,0,0,0,0,0
2001,180773,1,1,0,0,0,0,0,0,0,0,0,0
2001,180773,2,1,0,0,0,0,0,0,0,0,0,0
2001,180774,1,1,0,0,0,0,0,0,0,0,0,0
2001,180775,1,1,0,0,0,0,0,0,0,0,0,0
2001,180776,1,1,0,19,24,21,14,7,19,10,0,3
2001,180777,1,1,0,0,0,0,0,0,0,0,0,0
2001,180777,2,1,0,0,0,0,0,0,0,0,0,0
2001,180778,0,1,6,6,6,6,6,6,6,6,6,6
2001,180778,1,1,0,0,0,0,0,0,0,0,0,0
2001,180779,1,1,11,18,10,42,9,15,4,0,25,0
2001,180780,1,1,0,0,8,0,7,21,28,12,27,13
2001,180781,1,2,14,17,0,0,0,16,0,0,14,0
2001,180782,1,1,30,30,30,30,30,30,30,30,30,30
2001,180782,2,1,0,5,0,12,0,0,0,0,0,0
2001,180783,1,1,0,0,0,0,0,0,0,0,0,0
2001,180783,2,1,0,0,0,0,0,0,0,0,0,0
2001,180784,1,1,0,0,0,0,0,0,11,0,0,0
2001,180785,1,1,10,7,5,0,0,5,0,0,2,0
2001,180785,2,1,0,0,0,0,0,0,0,0,0,0
2001,180786,1,1,19,19,19,19,19,19,19,19,19,19
2001,180787,1,1,16,16,16,16,16,16,16,16,16,16
2001,180788,1,1,0,0,0,0,0,0,0,0,0,0
2001,180789,1,1,0,0,0,0,0,0,0,0,0,0
2001,180790,1,1,0,0,0,0,0,0,0,0,0,0
2001,180791,1,1,0,0,0,0,0,0,0,0,0,0
2001,180791,2,1,0,0,0,0,0,0,0,0,0,0
2001,180791,3,1,0,0,0,0,0,0,0,0,0,0
2001,180792,1,1,0,0,0,0,0,0,0,0,0,0
2001,180792,2,1,0,0,0,0,0,0,0,0,0,0
2001,180793,0,1,7,7,7,7,7,7,7,7,7,7
2001,180793,1,1,0,0,0,0,0,0,21,0,11,0
2001,180794,1,1,0,0,0,0,0,0,0,0,0,0
2001,180795,1,1,0,0,0,0,0,0,0,0,0,0
2001,180795,2,1,0,0,0,0,0,0,0,0,0,0
2001,180795,3,1,0,0,0,0,0,13,0,0,0,0
2001,180796,1,1,9,9,9,9,9,9,9,9,9,9
2001,180797,1,1,17,17,17,17,17,17,17,17,17,17
2001,180798,1,1,0,0,0,0,0,0,0,0,0,0
2001,180798,2,1,0,0,0,0,0,0,0,0,0,0
2001,180799,0,1,16,16,16,16,16,16,16,16,16,16
2001,180799,1,1,0,0,0,0,0,0,0,0,0,0
2001,180800,1,1,17,17,17,17,17,17,17,17,17,17
2001,180801,1,1,0,33,0,15,0,14,39,0,25,0
2001,180802,1,1,0,0,0,0,0,0,0,0,0,0
2001,180803,0,1,17,0,0,0,19,0,0,0,0,0
2001,180803,1,1,0,0,7,0,0,0,0,0,0,0
2001,180804,1,1,0,0,0,0,0,0,0,0,0,0
2001,180804,2,1,0,0,0,0,0,0,0,0,0,0
2001,180805,1,1,0,0,0,0,0,0,0,0,0,0
2001,180805,2,1,0,0,0,0,0,0,0,0,0,0
2001,180806,1,1,0,0,0,0,20,0,0,0,0,0
2001,180806,2,1,0,0,0,0,0,0,15,0,0,0
2001,180807,1,1,11,0,0,0,0,0,0,0,14,0
2001,180808,1,1,27,27,27,27,27,27,27,27,27,27
2001,180809,0,1,15,15,15,15,15,15,15,15,15,15
2001,180809,1,1,0,0,0,0,0,0,0,0,0,0
2001,180810,1,1,4,4,4,4,4,4,4,4,4,4
2001,180811,1,1,0,0,0,0,0,0,0,0,0,0
2001,180811,2,1,0,0,0,0,0,0,0,0,0,0
2001,180812,1,1,0,19,20,0,0,0,0,18,0,0
2001,180813,1,1,21,21,21,21,21,21,21,21,21,21
2001,180813,2,1,0,0,0,0,0,0,0,0,0,0
2001,180814,0,1,0,0,33,17,0,10,0,0,10,30
2001,180814,1,1,0,0,0,0,10,0,0,9,0,0
2001,180815,0,1,0,0,0,0,0,0,0,0,0,0
2001,180815,1,1,0,0,0,0,0,0,0,0,0,0
2001,180816,1,1,0,0,0,0,0,0,0,0,0,0
2001,180816,2,1,0,0,0,0,0,0,0,0,0,0
2001,180817,1,1,22,22,22,22,22,22,22,22,22,22
2001,180818,1,1,13,13,13,13,13,13,13,13,13,13
2001,180819,1,1,0,0,0,0,0,0,0,0,0,0
2001,180820,1,1,2,2,2,2,2,2,2,2,2,2
2001,180820,2,1,18,18,18,18,18,18,18,18,18,18
2001,180821,0,1,17,30,0,18,0,0,0,0,0,0
2001,180821,1,1,0,0,0,0,0,0,0,0,10,7
2001,180822,0,1,21,21,21,21,21,21,21,21,21,21
2001,180822,1,1,6,7,0,15,0,3,0,8,0,7
2001,180823,1,1,0,0,0,13,0,0,0,0,0,0
2001,180824,1,1,0,13,0,0,0,0,0,0,0,13
2001,180825,1,1,22,22,22,22,22,22,22,22,22,22
2001,190002,1,1,0,0,0,0,0,0,0,0,0,0
2001,190002,2,1,0,0,0,0,0,0,0,0,0,0
2001,190003,1,1,0,0,0,0,0,0,0,0,0,0
2001,190003,2,1,0,0,0,0,0,0,0,0,0,0
2001,190004,1,1,0,0,0,0,0,0,0,0,0,0
2001,190004,2,1,0,0,0,0,0,0,0,0,0,0
2001,190005,1,1,0,0,0,0,0,0,0,0,0,0
2001,190006,1,1,5,5,5,5,5,5,5,5,5,5
2001,190006,2,1,1,1,1,1,1,1,1,1,1,1
2001,190006,3,1,0,0,0,0,0,0,0,0,0,0
2001,190007,1,1,0,0,0,0,0,0,0,0,0,0
2001,190007,2,1,0,0,0,0,29,0,0,0,0,0
2001,190008,1,1,0,0,0,0,0,0,0,0,0,0
2001,190008,2,1,0,0,0,0,0,0,0,0,0,0
2001,190009,1,1,0,0,0,0,0,0,0,5,0,0
2001,190009,2,1,0,0,0,0,0,0,0,0,0,0
2001,190010,1,1,0,0,0,0,0,0,0,0,0,0
2001,190010,2,1,0,0,0,0,0,0,0,0,0,0
2001,190011,1,1,0,0,0,0,0,0,0,0,1,0
2001,190011,2,1,0,0,0,0,0,0,0,0,0,0
2001,190011,3,1,0,0,0,0,0,0,0,0,0,0
2001,190012,1,1,0,0,0,0,0,0,0,0,0,0
2001,190012,2,1,0,0,0,0,0,0,0,0,0,0
2001,190013,1,1,0,0,0,0,0,0,0,0,0,0
2001,190013,2,1,0,0,0,0,0,0,0,0,0,0
2001,190014,1,1,0,0,0,0,6,0,0,0,0,0
2001,190014,2,1,0,0,0,0,0,0,0,0,0,0
2001,190015,1,1,2,2,2,2,2,2,2,2,2,2
2001,190015,2,1,0,12,0,0,0,0,0,0,0,0
2001,190016,1,1,0,0,0,0,0,0,0,0,0,0
2001,190016,2,1,0,0,0,0,0,0,0,0,0,0
2001,190017,1,1,0,0,0,0,0,0,0,0,0,0
2001,190018,0,1,0,0,0,29,20,0,0,0,0,0
2001,190018,0,2,0,0,0,0,0,0,0,0,0,0
2001,190018,0,3,0,0,9,0,5,0,21,0,29,0
2001,190018,0,4,0,0,7,15,0,0,0,0,18,0
2001,190018,1,1,0,0,0,0,0,0,0,0,0,0
2001,190019,1,1,0,0,0,0,0,0,0,0,0,0
2001,190019,2,1,0,0,0,0,0,0,0,0,0,0
2001,190020,1,1,0,0,0,0,0,0,0,0,0,0
2001,190020,2,1,0,0,0,0,0,0,0,0,0,0
2001,190021,1,1,0,0,0,0,0,0,0,0,0,0
2001,190021,2,1,0,0,0,0,0,0,0,0,0,0
2001,190022,1,1,17,3,10,9,8,3,0,12,12,10
2001,190022,2,1,0,0,0,0,0,0,0,0,0,0
2001,190023,1,1,0,0,0,0,0,0,0,0,0,0
2001,190023,2,1,0,0,0,0,0,0,0,0,0,0
2001,190024,1,1,0,0,0,0,0,0,0,0,0,0
2001,190024,2,1,0,0,0,0,0,0,0,0,0,0
2001,190025,1,1,0,0,18,0,0,0,0,0,0,21
2001,190026,1,1,0,0,0,0,0,0,0,0,0,0
2001,190026,2,1,0,0,0,0,0,0,0,0,0,0
2001,190027,1,1,0,0,0,0,0,0,0,0,0,0
2001,190027,2,1,0,0,0,0,0,0,0,0,0,0
2001,190027,3,1,0,0,0,0,0,0,0,0,0,0
2001,190028,1,1,0,0,0,0,0,0,0,0,0,0
2001,190028,2,1,0,0,0,0,0,0,0,0,22,0
2001,190029,1,1,20,20,20,20,20,20,20,20,20,20
2001,190030,1,1,0,15,0,0,0,0,0,0,0,0
2001,190031,1,1,1,1,1,1,1,1,1,1,1,1
2001,190031,2,1,0,0,0,0,0,0,0,0,0,0
2001,190032,1,1,23,23,23,23,23,23,23,23,23,23
2001,190033,1,1,0,0,0,0,0,0,0,0,0,0
2001,190033,2,1,0,0,0,0,0,0,0,0,0,0
2001,190034,1,1,0,0,0,0,0,0,0,0,0,0
2001,190035,1,1,0,0,0,0,0,0,0,0,0,0
2001,190035,2,1,0,0,0,0,0,0,0,0,0,0
2001,190036,1,1,0,0,0,0,0,0,0,0,0,0
2001,190037,1,1,0,0,0,0,0,0,0,0,0,0
2001,190037,2,1,0,0,0,0,0,0,0,0,0,0
2001,190038,1,1,0,0,0,0,0,0,0,0,0,0
2001,190038,2,1,0,0,0,0,0,0,0,0,0,0
2001,190039,1,1,29,7,0,11,0,0,0,22,31,0
2001,190040,1,1,28,28,28,28,28,28,28,28,28,28
2001,190041,1,1,8,8,8,8,8,8,8,8,8,8
2001,190041,2,1,26,26,26,26,26,26,26,26,26,26
2001,190042,1,1,0,0,0,0,0,0,0,0,0,0
2001,190043,1,1,0,0,0,0,0,0,0,0,13,0
2001,190044,1,1,28,28,28,28,28,28,28,28,28,28
2001,190045,1,1,0,0,0,0,0,0,0,0,0,0
2001,190046,1,1,0,0,0,0,0,0,0,0,0,0
2001,190046,2,1,0,0,17,0,0,0,0,0,0,0
2001,190047,1,1,0,0,0,0,0,0,0,0,0,0
2001,190048,1,1,15,15,15,15,15,15,15,15,15,15
2001,190050,1,1,0,0,0,0,0,0,0,0,0,0
2001,190050,2,1,0,0,0,0,0,0,0,0,0,0
2001,190051,1,1,0,0,0,13,8,0,0,0,17,11
2001,190052,1,1,15,0,0,0,7,1,8,0,0,0
2001,190053,1,1,0,0,0,0,0,0,0,0,0,0
2001,190053,2,1,0,0,0,0,0,0,0,0,0,0
2001,190054,1,1,0,0,0,0,0,0,0,0,0,0
2001,190054,2,1,0,0,0,0,0,0,0,0,0,0
2001,190055,1,1,23,23,23,23,23,23,23,23,23,23
2001,190056,1,1,0,0,0,0,0,0,0,0,0,0
2001,190057,1,1,0,0,0,0,0,0,0,0,0,0
2001,190057,2,1,0,0,0,0,0,0,0,0,0,0
2001,190058,1,1,0,0,0,0,0,0,0,0,0,0
2001,190058,2,1,0,0,0,0,0,0,0,0,0,0
2001,190059,1,1,0,0,0,0,0,0,0,0,0,0
2001,190060,0,1,0,0,0,0,0,0,0,0,14,0
2001,190060,1,1,0,0,0,0,0,0,0,0,0,0
2001,190061,1,1,17,17,17,17,17,17,17,17,17,17
2001,190062,1,1,0,0,0,0,0,0,0,0,0,0
2001,190062,2,1,22,22,22,22,22,22,22,22,22,22
2001,190063,1,1,0,0,0,0,0,0,0,0,0,0
2001,190063,2,1,0,0,0,0,0,0,0,0,0,0
2001,190064,1,1,0,0,0,0,0,0,0,0,0,0
2001,190064,2,1,0,0,0,0,0,0,0,0,0,0
2001,190065,1,1,0,0,0,23,17,24,28,30,0,0
2001,190066,1,1,32,0,0,0,13,8,10,7,16,5
2001,190067,1,1,19,19,19,19,19,19,19,19,19,19