YEAR,st_case,veh_no,per_no,P1,P2,P3,P4,P5,P6,P7,P8,P9,P10
2001,190068,0,1,24,24,24,24,24,24,24,24,24,24
2001,190068,1,1,0,0,0,0,0,0,0,0,0,0
2001,190069,1,1,2,2,2,2,2,2,2,2,2,2
2001,190069,2,1,0,0,0,0,0,0,0,0,0,0
2001,190070,1,1,0,0,0,0,0,0,0,0,0,0
2001,190071,1,1,0,0,0,0,0,0,0,0,0,0
2001,190071,2,1,0,0,0,0,0,0,0,0,0,0
2001,190072,1,1,13,13,13,13,13,13,13,13,13,13
2001,190073,1,1,0,0,0,0,0,0,0,0,0,0
2001,190073,2,1,0,0,0,0,0,0,0,0,0,0
2001,190074,1,1,0,0,0,0,0,0,0,0,0,0
2001,190075,1,1,0,0,0,0,0,0,0,0,0,0
2001,190075,2,1,0,0,0,0,0,0,0,0,0,0
2001,190076,0,1,14,0,30,11,8,26,0,19,0,9
2001,190076,1,1,0,0,0,0,0,0,0,0,0,0
2001,190077,1,1,18,0,11,13,2,0,12,39,0,0
2001,190078,1,1,0,0,0,0,0,0,0,0,0,0
2001,190078,2,1,0,0,0,0,0,0,0,0,0,0
2001,190079,1,1,0,0,0,0,0,0,0,0,0,0
2001,190079,2,1,0,0,0,0,0,0,0,0,0,0
2001,190080,1,1,0,20,0,0,0,0,0,9,0,0
2001,190081,1,1,0,0,0,0,0,0,0,0,0,0
2001,190081,2,1,0,0,0,0,0,0,0,0,0,0
2001,190082,1,1,0,0,0,0,0,0,0,0,0,0
2001,190082,2,1,0,0,0,0,0,0,0,0,0,0
2001,190083,1,1,0,0,0,0,0,0,0,0,0,0
2001,190083,2,1,0,0,0,0,0,0,0,0,0,0
2001,190084,1,1,0,0,0,0,0,0,0,0,0,0
2001,190084,2,1,0,0,0,0,0,0,0,0,0,26
2001,190085,1,1,26,26,26,26,26,26,26,26,26,26
2001,190086,1,1,16,16,16,16,16,16,16,16,16,16
2001,190087,1,1,19,19,19,19,19,19,19,19,19,19
2001,190087,2,1,0,0,0,0,0,0,0,0,0,0
2001,190088,1,1,18,18,18,18,18,18,18,18,18,18
2001,190089,1,1,32,0,11,18,18,6,21,16,25,0
2001,190090,1,1,19,19,19,19,19,19,19,19,19,19
2001,190091,1,1,0,10,9,0,12,3,0,10,0,0
2001,190092,1,1,0,0,0,0,0,0,0,0,0,0
2001,190092,2,1,0,0,0,0,0,0,0,0,0,0
2001,190093,1,1,1,1,1,1,1,1,1,1,1,1
2001,190093,2,1,0,0,0,0,0,0,0,0,0,0
2001,190094,1,1,0,0,0,0,0,31,0,0,0,16
2001,190095,1,1,0,0,0,0,0,0,0,0,0,0
2001,190096,1,1,0,0,0,0,0,0,0,13,0,10
2001,190097,1,1,0,0,0,0,0,0,0,0,0,0
2001,190098,1,1,0,0,0,0,0,0,0,0,0,0
2001,190099,1,1,0,18,0,0,26,0,0,0,0,0
2001,190100,1,1,0,0,0,0,0,0,0,0,6,0
2001,190100,2,1,0,0,0,0,0,0,0,0,0,0
2001,190101,1,1,0,0,0,0,0,0,0,0,0,0
2001,190102,1,1,0,0,0,0,0,0,0,0,0,0
2001,190102,2,1,0,0,0,16,0,0,0,0,0,0
2001,190103,1,1,24,24,24,24,24,24,24,24,24,24
2001,190103,2,1,0,0,0,0,0,0,0,0,15,0
2001,190104,1,1,19,19,19,19,19,19,19,19,19,19
2001,190105,1,1,19,19,19,19,19,19,19,19,19,19
2001,190106,1,1,0,0,0,0,0,0,0,0,0,0
2001,190107,1,1,1,1,1,1,1,1,1,1,1,1
2001,190108,1,1,0,0,0,0,0,0,0,0,0,0
2001,190109,1,1,0,0,0,0,0,0,0,0,0,0
2001,190109,2,1,11,0,0,0,13,6,0,0,0,26
2001,190110,1,1,13,0,0,0,0,0,0,0,0,18
2001,190111,1,1,1,1,1,1,1,1,1,1,1,1
2001,190111,2,1,0,0,0,0,0,0,0,0,0,0
2001,190112,1,1,6,6,6,6,6,6,6,6,6,6
2001,190113,1,1,0,0,0,0,0,0,0,0,0,0
2001,190113,2,1,0,0,0,0,0,0,0,0,0,0
2001,190114,1,1,0,0,0,0,0,0,0,0,0,0
2001,190114,2,1,0,0,0,0,0,0,0,0,0,0
2001,190115,1,1,10,10,10,10,10,10,10,10,10,10
2001,190116,1,1,15,15,15,15,15,15,15,15,15,15
2001,190117,1,1,0,0,0,0,0,0,0,0,0,0
2001,190119,1,1,0,0,0,0,0,0,0,0,0,0
2001,190119,2,1,0,0,0,0,0,0,0,0,0,0
2001,190120,1,1,14,14,14,14,14,14,14,14,14,14
2001,190120,2,1,0,0,0,0,0,0,0,0,0,0
2001,190121,1,1,22,22,22,22,22,22,22,22,22,22
2001,190122,1,1,0,0,0,0,0,0,5,0,0,0
2001,190123,1,1,0,0,0,0,0,0,0,0,0,0
2001,190124,1,1,0,0,0,0,22,16,14,21,3,0
2001,190125,1,1,0,0,0,0,0,0,0,0,0,0
2001,190125,2,1,0,0,4,0,0,0,0,13,0,0
2001,190126,1,1,0,0,0,0,0,0,20,15,24,19
2001,190127,1,1,0,0,13,0,0,11,9,0,14,0
2001,190128,1,1,0,0,20,0,18,0,0,0,3,6
2001,190129,1,1,0,0,0,7,0,5,16,11,18,0
2001,190130,1,1,0,0,0,0,0,0,0,0,0,0
2001,190130,2,1,0,0,0,0,0,0,0,0,0,0
2001,190131,1,1,0,0,24,0,0,0,9,18,0,0
2001,190132,1,1,0,0,0,0,0,0,0,0,0,0
2001,190132,2,1,0,0,0,0,0,0,0,0,0,0
2001,190134,1,1,24,24,24,24,24,24,24,24,24,24
2001,190135,1,1,0,0,0,0,0,0,0,0,0,0
2001,190135,2,1,0,0,0,0,0,0,0,0,0,0
2001,190136,1,1,0,0,0,0,0,0,0,0,0,0
2001,190136,2,1,0,0,0,0,0,0,0,0,0,0
2001,190137,1,1,0,0,0,0,0,0,0,0,13,0
2001,190137,2,1,0,0,0,0,0,0,0,0,0,0
2001,190138,1,1,0,0,0,0,0,0,0,0,0,0
2001,190138,2,1,0,0,0,0,0,0,0,0,0,0
2001,190139,1,1,0,12,0,0,0,0,0,0,0,0
2001,190141,1,1,0,0,0,0,0,0,0,0,0,0
2001,190141,2,1,0,0,0,0,0,0,0,0,0,0
2001,190142,1,1,0,0,0,0,0,0,0,0,0,0
2001,190142,2,1,0,0,0,0,0,0,0,0,0,0
2001,190143,1,1,11,0,0,0,0,0,14,0,0,11
2001,190144,1,1,0,0,0,0,0,0,0,0,0,0
2001,190144,2,1,0,0,0,0,0,0,0,0,0,0
2001,190145,1,1,0,0,0,0,0,0,0,0,0,0
2001,190145,2,1,0,0,0,0,0,0,0,0,0,0
2001,190146,1,1,6,6,6,6,6,6,6,6,6,6
2001,190146,2,1,0,0,0,0,0,0,0,0,0,0
2001,190147,1,1,17,17,17,17,17,17,17,17,17,17
2001,190148,1,1,0,0,0,0,0,0,0,0,0,0
2001,190148,2,1,0,0,0,0,0,0,0,0,0,0
2001,190149,1,1,0,0,0,0,0,0,0,0,0,0
2001,190149,2,1,0,0,0,0,0,0,0,0,0,0
2001,190150,1,1,0,0,0,0,0,0,0,0,0,0
2001,190150,2,1,0,0,0,0,0,0,0,0,0,0
2001,190151,1,1,0,0,0,0,0,0,0,0,0,13
2001,190152,1,1,0,0,0,0,0,0,0,0,0,0
2001,190152,2,1,0,0,0,0,0,0,0,0,0,0
2001,190153,1,1,0,10,25,0,14,0,0,0,0,19
2001,190154,1,1,0,0,0,0,0,0,0,0,0,0
2001,190154,2,1,0,0,0,0,0,0,0,0,0,0
2001,190155,1,1,0,0,0,0,0,0,0,0,0,0
2001,190155,2,1,0,0,26,0,0,0,0,16,0,0
2001,190155,3,1,0,0,0,0,0,0,0,0,0,0
2001,190156,1,1,0,0,0,0,0,0,0,0,0,0
2001,190156,2,1,0,0,0,0,0,0,0,0,0,0
2001,190157,0,1,0,0,0,0,0,0,0,0,0,0
2001,190157,1,1,0,0,0,0,0,0,0,0,0,0
2001,190157,2,1,0,0,0,0,0,0,0,0,0,0
2001,190158,1,1,0,0,0,0,0,0,0,0,0,0
2001,190158,2,1,0,0,0,0,0,0,0,0,0,0
2001,190160,1,1,0,0,0,0,11,0,0,0,0,0
2001,190160,2,1,14,0,0,0,0,0,0,0,0,0
2001,190161,1,1,0,0,0,0,0,0,0,0,0,0
2001,190161,2,1,0,0,0,0,0,0,0,0,0,0
2001,190162,1,1,12,12,12,12,12,12,12,12,12,12
2001,190163,1,1,8,8,8,8,8,8,8,8,8,8
2001,190164,1,1,0,0,0,0,0,0,0,0,9,0
2001,190165,1,1,17,0,0,22,0,0,0,17,0,12
2001,190167,1,1,17,17,17,17,17,17,17,17,17,17
2001,190167,2,1,0,0,25,0,0,0,0,0,0,0
2001,190167,3,1,0,0,0,0,0,0,0,0,0,0
2001,190168,1,1,0,0,0,0,0,0,0,0,0,0
2001,190169,1,1,0,0,0,0,0,0,0,0,0,0
2001,190170,1,1,0,0,0,0,0,0,0,0,0,0
2001,190170,2,1,0,0,0,0,0,0,0,0,0,0
2001,190171,1,1,0,0,0,0,0,0,0,0,0,0
2001,190172,1,1,21,21,21,21,21,21,21,21,21,21
2001,190173,0,1,15,11,32,8,47,29,14,17,14,15
2001,190173,1,1,0,13,9,8,4,6,24,9,24,9
2001,190174,1,1,14,22,14,7,11,16,25,17,24,14
2001,190175,1,1,0,0,0,0,0,0,0,0,0,0
2001,190176,1,1,18,16,18,0,0,0,21,0,0,0
2001,190177,1,1,0,0,20,23,0,0,0,0,0,0
2001,190177,2,1,0,0,0,0,0,0,0,0,0,0
2001,190178,1,1,0,0,0,0,0,0,0,0,0,0
2001,190178,2,1,0,0,0,0,0,0,0,0,0,0
2001,190179,1,1,0,0,0,0,0,0,0,11,0,0
2001,190180,1,1,13,0,0,0,0,0,0,0,0,0
2001,190180,2,1,0,0,0,0,0,0,0,0,0,0
2001,190181,1,1,0,0,0,0,0,0,0,0,0,0
2001,190181,2,1,0,0,0,0,0,0,0,0,0,0
2001,190181,3,1,0,0,0,0,0,0,0,0,0,0
2001,190182,1,1,0,0,0,0,0,0,0,0,0,0
2001,190182,2,1,0,0,0,0,0,0,0,0,0,0
2001,190183,1,1,0,0,0,0,0,0,0,0,0,0
2001,190184,1,1,35,35,35,35,35,35,35,35,35,35
2001,190185,1,1,0,0,0,0,0,0,0,0,0,0
2001,190186,1,1,5,5,5,5,5,5,5,5,5,5
2001,190186,2,1,0,0,0,0,0,0,0,0,0,0
2001,190187,1,1,9,9,9,9,9,9,9,9,9,9
2001,190188,1,1,0,0,0,0,0,0,0,0,0,0
2001,190188,2,1,0,0,0,0,0,0,0,0,0,0
2001,190189,0,1,0,12,13,0,12,32,13,22,0,0
2001,190189,1,1,0,0,0,0,0,0,0,0,0,0
2001,190190,1,1,0,0,0,12,0,0,0,0,0,0
2001,190190,2,1,0,0,0,0,0,0,0,0,0,0
2001,190190,3,1,0,0,0,0,0,0,0,0,0,0
2001,190191,1,1,0,0,0,0,0,0,0,0,0,0
2001,190191,2,1,3,3,3,3,3,3,3,3,3,3
2001,190192,1,1,6,21,8,0,0,0,0,0,0,0
2001,190193,1,1,0,0,0,0,0,0,0,0,0,0
2001,190193,2,1,0,0,0,0,0,0,0,0,0,0
2001,190194,1,1,0,0,0,0,0,0,0,0,0,0
2001,190195,1,1,0,5,0,0,0,0,0,0,0,0
2001,190195,2,1,0,0,0,0,0,0,0,0,0,0
2001,190196,1,1,0,0,0,0,0,0,0,0,0,0
2001,190196,2,1,0,0,0,0,0,0,0,0,3,0
2001,190197,1,1,0,0,0,0,0,18,0,0,0,6
2001,190198,1,1,0,0,0,0,0,0,0,0,0,0
2001,190198,2,1,0,0,0,4,0,0,0,0,0,0
2001,190199,1,1,17,17,17,17,17,17,17,17,17,17
2001,190199,2,1,0,0,0,0,0,0,0,0,0,0
2001,190200,1,1,0,0,0,0,0,0,0,0,0,0
2001,190200,2,1,0,0,0,0,0,0,0,0,0,0
2001,190201,1,1,7,7,7,7,7,7,7,7,7,7
2001,190202,1,1,0,0,0,0,0,0,0,0,0,0
2001,190203,1,1,8,8,8,8,8,8,8,8,8,8
2001,190204,1,1,2,2,2,2,2,2,2,2,2,2
2001,190205,1,1,28,28,28,28,28,28,28,28,28,28
2001,190206,1,1,0,0,0,0,0,0,0,0,0,0
2001,190206,2,1,0,0,12,15,0,0,0,0,0,0
2001,190207,1,1,0,0,10,0,0,0,9,0,0,5
2001,190208,1,1,0,0,0,0,0,0,0,0,0,0
2001,190208,2,1,0,4,0,0,0,0,0,0,0,0
2001,190209,1,1,14,14,14,14,14,14,14,14,14,14
2001,190209,2,1,0,0,0,13,27,0,0,19,0,0
2001,190210,1,1,20,28,8,15,26,21,25,21,15,4
2001,190211,1,1,12,0,0,0,0,0,0,0,12,0
2001,190212,1,1,19,19,19,19,19,19,19,19,19,19
2001,190213,1,1,0,0,0,0,0,0,0,0,0,0
2001,190213,2,1,0,0,0,0,0,0,0,0,0,0
2001,190214,1,1,0,0,0,0,0,0,0,0,0,0
2001,190214,2,1,0,0,0,0,0,0,0,0,0,0
2001,190215,0,1,0,0,0,0,0,0,0,0,0,0
2001,190215,1,1,0,6,0,0,0,0,0,0,0,0
2001,190216,1,1,13,13,13,13,13,13,13,13,13,13
2001,190216,2,1,0,0,0,0,0,0,0,0,0,0
2001,190217,0,1,0,9,13,0,5,0,0,14,24,15
2001,190217,1,1,0,0,0,0,0,0,0,0,0,0
2001,190218,1,1,21,0,25,13,14,14,26,23,29,22
2001,190219,1,1,0,0,0,0,0,0,0,0,0,0
2001,190219,2,1,0,0,0,0,0,0,0,0,0,0
2001,190220,1,1,0,0,0,0,0,0,0,0,0,0
2001,190220,2,1,0,0,0,0,0,0,0,0,0,0
2001,190221,1,1,0,0,0,0,0,0,0,0,0,0
2001,190221,2,1,0,0,17,0,0,0,0,0,16,0
2001,190222,1,1,0,0,0,0,0,0,0,0,0,0
2001,190222,2,1,0,0,10,11,21,0,0,0,0,3
2001,190223,0,1,8,0,0,0,0,0,0,0,0,0
2001,190223,1,1,0,0,0,0,0,0,0,0,0,15
2001,190224,1,1,21,21,21,21,21,21,21,21,21,21
2001,190225,0,1,22,26,11,12,18,38,21,28,10,5
2001,190225,1,1,0,0,0,0,0,0,0,0,0,0
2001,190226,1,1,15,15,15,15,15,15,15,15,15,15
2001,190227,1,1,0,0,0,0,0,0,0,0,0,0
2001,190227,2,1,0,0,0,0,0,0,0,0,0,0
2001,190227,3,1,0,0,0,0,0,0,0,0,0,0
2001,190228,1,1,0,0,0,0,0,0,0,0,0,0
2001,190228,2,1,0,0,0,0,0,0,0,0,0,0
2001,190229,0,1,14,18,25,0,13,0,0,14,0,31
2001,190229,1,1,0,0,0,0,0,0,0,0,0,0
2001,190230,1,1,0,0,0,0,0,0,0,0,0,0
2001,190230,2,1,0,0,0,0,0,0,0,0,0,0
2001,190231,1,1,0,0,0,0,41,0,0,0,0,0
2001,190231,2,1,0,0,13,0,0,0,0,0,0,0
2001,190232,1,1,0,7,0,0,0,0,12,0,0,0
2001,190233,1,1,19,19,19,19,19,19,19,19,19,19
2001,190234,1,1,0,0,0,0,0,0,0,0,0,0
2001,190234,2,1,0,0,0,0,0,0,0,0,0,0
2001,190234,3,1,0,0,0,0,0,0,13,0,0,3
2001,190235,1,1,0,30,38,6,0,28,0,6,0,43
2001,190236,1,1,17,17,17,17,17,17,17,17,17,17
2001,190237,1,1,0,0,0,0,0,0,0,0,0,0
2001,190237,2,1,0,0,0,0,0,0,0,0,0,0
2001,190238,1,1,10,10,10,10,10,10,10,10,10,10
2001,190238,2,1,20,20,20,20,20,20,20,20,20,20
2001,190239,1,1,0,0,0,0,0,0,0,0,0,0
2001,190240,1,1,0,0,0,0,0,0,0,0,0,0
2001,190240,2,1,0,0,0,0,0,0,0,0,0,0
2001,190241,0,1,0,0,0,3,0,11,49,0,10,41
2001,190241,1,1,0,0,0,0,0,0,0,0,0,0
2001,190242,1,1,0,0,0,0,0,0,0,0,0,0
2001,190243,1,1,0,0,0,0,0,0,0,0,0,0
2001,190243,2,1,0,0,0,0,0,0,0,0,0,0
2001,190244,1,1,0,0,0,0,0,0,0,0,0,0
2001,190245,1,1,15,15,15,15,15,15,15,15,15,15
2001,190245,2,1,0,0,0,0,0,0,0,0,0,0
2001,190246,1,1,0,0,0,0,0,0,0,0,0,0
2001,190246,2,1,0,0,0,0,0,0,0,0,0,0
2001,190247,1,1,0,6,14,0,0,0,0,0,0,0
2001,190247,2,1,0,0,0,0,0,0,0,0,0,0
2001,190247,3,1,0,0,0,0,0,0,0,0,0,0
2001,190248,1,1,14,14,14,14,14,14,14,14,14,14
2001,190249,1,1,0,0,0,0,0,0,0,0,0,0
2001,190249,2,1,0,0,0,0,0,0,0,0,0,0
2001,190250,1,1,0,17,9,46,0,16,0,0,0,0
2001,190251,1,1,6,12,28,0,31,11,14,13,9,20
2001,190251,2,1,0,0,0,0,0,0,0,0,0,0
2001,190252,1,1,0,0,0,0,0,0,0,0,0,0
2001,190252,2,1,15,0,38,0,0,13,0,0,0,16
2001,190252,3,1,0,0,0,0,0,0,0,0,0,0
2001,190252,4,1,0,0,0,0,0,0,0,0,0,0
2001,190253,1,1,0,0,0,0,0,0,0,0,0,0
2001,190254,1,1,23,23,23,23,23,23,23,23,23,23
2001,190255,1,1,13,13,13,13,13,13,13,13,13,13
2001,190256,1,1,0,0,0,0,0,11,0,0,0,0
2001,190257,1,1,1,1,1,1,1,1,1,1,1,1
2001,190258,1,1,0,0,0,0,0,0,0,0,0,0
2001,190258,2,1,0,0,0,0,0,0,0,0,0,0
2001,190259,1,1,0,0,0,0,0,0,0,0,0,0
2001,190259,2,1,0,0,0,0,0,0,0,0,0,0
2001,190260,1,1,16,16,16,16,16,16,16,16,16,16
2001,190260,2,1,7,7,7,7,7,7,7,7,7,7
2001,190260,3,1,0,0,0,0,0,0,11,0,0,0
2001,190261,1,1,17,17,17,17,17,17,17,17,17,17
2001,190262,1,1,0,0,0,0,0,0,0,0,0,0
2001,190262,2,1,0,0,0,0,0,0,0,0,0,0
2001,190263,1,1,45,0,28,23,47,4,8,23,30,26
2001,190264,1,1,0,0,0,0,0,0,0,0,0,0
2001,190265,0,1,25,22,20,22,57,0,12,10,19,50
2001,190265,1,1,7,6,15,11,2,6,7,0,11,14
2001,190266,1,1,14,14,14,14,14,14,14,14,14,14
2001,190266,2,1,0,0,0,0,0,0,0,0,0,0
2001,190266,3,1,0,0,0,0,0,0,0,0,0,0
2001,190267,1,1,2,2,2,2,2,2,2,2,2,2
2001,190267,2,1,0,0,0,0,0,0,0,0,0,0
2001,190268,1,1,0,0,0,0,0,0,0,0,0,0
2001,190268,2,1,0,0,0,0,0,0,0,0,0,0
2001,190269,1,1,0,7,0,0,0,0,0,6,13,0
2001,190271,1,1,24,24,24,24,24,24,24,24,24,24
2001,190272,0,1,0,8,0,0,16,0,0,22,0,13
2001,190272,1,1,0,0,0,0,0,0,0,0,13,0
2001,190273,1,1,0,0,0,0,0,0,29,0,0,0
2001,190273,2,1,0,0,0,0,0,0,0,0,0,0
2001,190274,1,1,0,0,0,0,0,0,0,0,0,0
2001,190274,2,1,0,0,0,0,0,0,0,0,0,0
2001,190275,1,1,0,0,0,0,0,0,0,0,0,0
2001,190276,1,1,16,0,0,24,0,16,0,0,0,0
2001,190277,1,1,0,0,0,0,0,0,0,0,0,0
2001,190278,1,1,0,0,0,0,0,0,0,0,0,0
2001,190278,2,1,0,0,0,0,0,0,0,0,0,0
2001,190279,1,1,0,0,0,0,7,0,0,0,0,0
2001,190279,2,1,0,0,0,0,0,0,0,0,0,0
2001,190280,1,1,12,12,12,12,12,12,12,12,12,12
2001,190281,1,1,0,0,0,0,0,0,0,0,0,0
2001,190281,2,1,3,3,3,3,3,3,3,3,3,3
2001,190282,1,1,32,32,32,32,32,32,32,32,32,32
2001,190282,2,1,0,0,0,0,0,0,0,0,0,0
2001,190283,1,1,0,0,0,0,0,0,0,0,0,0
2001,190284,1,1,20,20,20,20,20,20,20,20,20,20
2001,190285,0,1,24,13,0,0,0,0,0,0,25,0
2001,190285,1,1,0,0,0,13,0,0,0,3,0,16
2001,190286,0,1,33,33,33,33,33,33,33,33,33,33
2001,190286,1,1,0,16,0,15,0,0,19,12,0,9
2001,190287,0,1,0,0,0,0,0,0,0,0,0,0
2001,190287,1,1,0,0,0,0,0,0,0,0,0,0
2001,190288,1,1,0,0,0,0,0,0,0,0,0,0
2001,190288,2,1,0,20,0,0,0,0,0,0,0,0
2001,190289,1,1,0,0,0,0,0,0,0,0,0,0
2001,190289,2,1,0,0,0,0,0,0,0,0,0,0
2001,190290,1,1,0,0,0,0,0,0,0,0,0,0
2001,190290,2,1,0,0,0,0,0,0,0,0,0,0
2001,190291,1,1,21,21,21,21,21,21,21,21,21,21
2001,190292,1,1,0,0,5,14,0,0,0,0,26,0
2001,190293,1,1,36,36,36,36,36,36,36,36,36,36
2001,190294,1,1,21,14,10,0,14,12,9,12,8,17
2001,190295,1,1,0,0,0,0,0,0,0,0,0,0
2001,190296,1,1,0,0,0,0,0,0,0,0,0,0
2001,190296,2,1,0,0,0,0,0,0,0,0,0,0
2001,190297,1,1,0,0,0,0,0,0,0,0,0,0
2001,190297,2,1,0,0,0,0,0,0,0,0,0,0
2001,190298,1,1,6,6,6,6,6,6,6,6,6,6
2001,190299,1,1,0,0,0,0,0,0,0,0,0,0
2001,190299,2,1,0,0,0,0,0,0,0,0,0,0
2001,190300,1,1,0,0,0,0,0,0,0,0,0,0
2001,190300,2,1,0,0,0,0,0,0,0,0,0,0
2001,190301,1,1,0,0,0,0,0,0,0,0,0,0
2001,190301,2,1,0,0,0,0,0,0,0,0,0,0
2001,190302,1,1,17,17,17,17,17,17,17,17,17,17
2001,190303,1,1,0,0,0,0,0,0,0,0,0,0
2001,190303,2,1,0,0,0,0,0,0,0,0,0,0
2001,190303,3,1,18,0,0,0,0,0,0,0,0,0
2001,190304,1,1,0,0,0,0,0,0,0,0,0,0
2001,190304,2,1,0,0,0,0,0,0,0,0,0,0
2001,190305,1,1,0,0,0,0,0,0,0,0,0,0
2001,190305,2,1,0,0,0,0,0,0,0,0,0,0
2001,190306,1,1,0,19,0,0,0,0,0,0,0,0
2001,190306,2,1,0,0,0,0,0,0,0,0,0,0
2001,190308,1,1,0,0,0,0,0,0,0,0,0,0
2001,190308,2,1,0,0,0,0,0,0,0,0,0,0
2001,190309,0,1,0,0,0,0,0,0,0,0,0,0
2001,190309,1,1,0,0,0,0,0,0,0,0,0,0
2001,190310,1,1,0,0,0,0,0,0,0,0,0,0
2001,190310,2,1,0,0,0,0,0,0,0,0,0,0
2001,190311,1,1,0,0,0,0,0,0,0,0,0,0
2001,190311,2,1,0,0,0,0,0,0,0,0,0,0
2001,190312,1,1,0,0,0,0,0,0,0,0,0,0
2001,190312,2,1,0,0,0,0,0,0,0,0,0,0
2001,190313,1,1,0,0,0,0,0,0,0,0,0,0
2001,190314,1,1,0,0,0,0,0,0,0,0,0,0
2001,190315,1,1,0,0,0,0,0,0,0,0,0,0
2001,190315,2,1,0,0,0,0,0,0,0,0,0,0
2001,190316,1,1,0,0,0,0,0,0,0,0,0,0
2001,190316,2,1,0,0,0,0,0,0,8,0,0,0
2001,190317,1,1,4,0,0,0,15,0,0,0,0,0
2001,190318,1,1,0,0,0,0,0,0,0,0,0,0
2001,190318,2,1,0,0,0,0,0,0,0,0,0,0
2001,190319,1,1,0,0,0,0,0,0,0,0,0,0
2001,190319,2,1,0,0,0,0,0,0,0,0,0,0
2001,190320,1,1,0,0,0,0,0,0,0,0,10,14
2001,190320,2,1,0,0,0,0,0,0,0,0,0,0
2001,190321,1,1,14,14,14,14,14,14,14,14,14,14
2001,190321,2,1,0,0,0,0,0,0,0,0,0,0
2001,190322,1,1,0,0,0,0,0,0,0,0,0,0
2001,190323,1,1,0,0,0,0,0,0,0,0,0,0
2001,190323,2,1,0,0,0,0,0,0,0,0,0,0
2001,190324,1,1,0,0,0,0,0,0,0,0,0,0
2001,190324,2,1,0,0,0,0,0,0,0,0,0,0
2001,190325,1,1,12,12,12,12,12,12,12,12,12,12
2001,190326,1,1,0,0,0,0,0,0,0,0,0,0
2001,190326,2,1,0,0,0,0,0,0,0,0,0,0
2001,190327,1,1,0,0,0,0,0,0,0,0,0,0
2001,190327,2,1,0,0,0,14,0,0,0,0,0,0
2001,190328,1,1,0,0,0,0,0,0,0,0,0,0
2001,190328,2,1,10,0,0,0,0,0,0,0,0,0
2001,190329,1,1,0,0,0,0,0,0,0,0,0,0
2001,190330,1,1,0,0,0,0,0,0,0,0,0,0
2001,190330,2,1,0,0,0,0,0,0,0,0,0,0
2001,190331,1,1,0,14,0,0,0,0,0,7,0,0
2001,190331,2,1,0,0,0,0,0,0,0,0,0,0
2001,190332,1,1,8,8,8,8,8,8,8,8,8,8
2001,190332,2,1,0,0,0,11,0,0,0,0,0,0
2001,190333,1,1,0,0,0,0,0,0,0,0,0,0
2001,190333,2,1,0,0,0,0,0,0,0,0,0,0
2001,190334,1,1,9,9,9,9,9,9,9,9,9,9
2001,190334,2,1,0,0,0,0,0,0,0,0,0,0
2001,190335,1,1,0,0,0,0,0,0,0,0,0,0
2001,190335,2,1,0,0,0,0,0,0,0,0,0,0
2001,190336,1,1,0,0,0,0,0,0,0,0,0,0
2001,190336,2,1,0,0,0,0,0,0,0,0,0,0
2001,190336,3,1,0,0,0,0,0,0,0,0,0,0
2001,190337,1,1,0,0,0,0,0,0,0,0,0,0
2001,190337,2,1,0,0,0,0,0,0,0,0,0,0
2001,190338,1,1,0,0,0,0,0,0,0,0,0,0
2001,190338,2,1,0,0,0,0,0,0,0,0,0,0
2001,190339,1,1,0,0,0,0,0,0,0,0,0,0
2001,190339,2,1,0,0,0,0,0,0,0,0,0,0
2001,190340,1,1,0,0,0,0,0,7,0,0,0,0
2001,190341,1,1,0,0,0,0,0,3,0,0,0,0
2001,190341,2,1,0,0,0,0,0,0,0,0,0,0
2001,190342,1,1,0,0,0,0,0,0,0,0,0,0
2001,190342,2,1,0,0,0,0,0,0,0,0,0,0
2001,190343,1,1,18,18,18,18,18,18,18,18,18,18
2001,190343,2,1,12,12,12,12,12,12,12,12,12,12
2001,190344,1,1,19,19,19,19,19,19,19,19,19,19
2001,190345,1,1,0,0,0,0,0,0,0,0,0,0
2001,190345,2,1,6,6,6,6,6,6,6,6,6,6
2001,190346,1,1,0,0,0,0,0,0,0,0,0,0
2001,190347,1,1,0,0,0,0,0,0,0,0,17,18
2001,190348,1,1,0,0,0,0,0,0,0,0,0,0
2001,190348,2,1,0,0,0,0,0,0,0,0,0,0
2001,190349,1,1,0,0,0,0,0,0,0,0,0,0
2001,190350,1,1,0,0,0,0,0,0,0,10,0,0
2001,190350,2,1,0,0,0,0,0,0,0,0,0,0
2001,190351,1,1,0,0,0,0,0,0,0,0,0,0
2001,190351,2,1,17,14,19,12,9,0,0,7,31,15
2001,190352,1,1,0,0,0,0,0,0,0,0,0,0
2001,190353,1,1,0,0,0,0,0,0,0,0,0,0
2001,190353,2,1,9,9,9,9,9,9,9,9,9,9
2001,190354,1,1,0,0,0,0,0,0,0,0,0,0
2001,190354,2,1,0,0,0,0,0,0,0,0,0,0
2001,190354,3,1,0,0,0,0,0,0,0,0,0,0
2001,190355,0,1,17,0,0,0,0,0,0,0,0,0
2001,190355,1,1,11,0,0,0,18,0,0,0,18,0
2001,190356,1,1,36,16,19,19,11,0,43,23,0,0
2001,190357,1,1,0,0,0,0,0,0,0,0,0,0
2001,190357,2,1,0,0,0,0,0,0,0,0,0,0
2001,190358,1,1,17,17,17,17,17,17,17,17,17,17
2001,190359,1,1,10,0,0,0,0,0,0,0,0,0
2001,190360,1,1,0,0,0,0,0,0,0,0,0,0