YEAR,st_case,veh_no,per_no,P1,P2,P3,P4,P5,P6,P7,P8,P9,P10
2001,190361,1,1,2,12,0,0,17,0,0,0,14,0
2001,190362,1,1,6,6,6,6,6,6,6,6,6,6
2001,190363,1,1,35,35,35,35,35,35,35,35,35,35
2001,190364,1,1,0,3,0,0,0,0,0,0,0,0
2001,190365,1,1,0,0,0,0,0,0,0,0,0,0
2001,190365,2,1,0,0,0,0,0,0,0,0,0,0
2001,190366,1,1,0,0,0,0,0,0,0,0,0,0
2001,190366,2,1,0,0,0,0,0,0,0,0,0,0
2001,190368,1,1,13,13,13,13,13,13,13,13,13,13
2001,190368,2,1,0,0,0,0,0,0,0,0,0,0
2001,190368,3,1,6,6,6,6,6,6,6,6,6,6
2001,190369,1,1,21,21,21,21,21,21,21,21,21,21
2001,190370,1,1,0,0,0,0,0,0,0,0,0,0
2001,190370,2,1,0,0,0,0,0,0,0,0,0,0
2001,190371,1,1,0,23,0,15,0,0,0,0,0,0
2001,190371,2,1,0,0,0,0,0,0,0,0,0,0
2001,190372,1,1,0,0,0,0,0,0,0,0,0,0
2001,190372,2,1,0,0,0,0,0,0,0,0,0,0
2001,190373,1,1,0,0,0,0,0,0,0,10,0,0
2001,190373,2,1,0,0,0,0,0,0,0,0,0,0
2001,190374,1,1,0,0,0,0,0,0,0,0,0,0
2001,190374,2,1,0,0,0,0,0,0,0,0,0,0
2001,190375,1,1,14,14,14,14,14,14,14,14,14,14
2001,190375,2,1,23,23,23,23,23,23,23,23,23,23
2001,190376,1,1,9,9,9,9,9,9,9,9,9,9
2001,190377,1,1,0,0,0,0,0,0,0,0,0,10
2001,190377,2,1,0,0,0,0,0,0,0,0,0,0
2001,190378,1,1,0,0,0,0,0,0,0,0,0,0
2001,190378,2,1,0,0,0,0,0,0,0,0,0,0
2001,190379,1,1,0,0,0,0,0,0,0,0,0,0
2001,190379,2,1,0,0,0,0,0,0,0,0,0,0
2001,190381,0,1,0,0,0,0,0,0,0,0,0,0
2001,190381,0,2,0,0,0,0,0,0,0,0,0,0
2001,190381,0,3,0,0,0,0,0,0,0,0,0,0
2001,190381,1,1,0,15,0,0,0,0,0,0,0,0
2001,190382,1,1,0,0,0,0,0,0,0,0,0,0
2001,190382,2,1,0,0,0,0,0,0,0,0,0,0
2001,190383,1,1,19,19,19,19,19,19,19,19,19,19
2001,190384,1,1,0,0,0,0,0,0,13,0,0,0
2001,190384,2,1,0,0,0,0,0,0,0,0,0,0
2001,190385,1,1,0,0,27,0,0,0,0,0,0,0
2001,190385,2,1,0,0,0,0,0,0,0,0,0,0
2001,190386,1,1,0,0,0,0,0,0,0,0,19,0
2001,190387,1,1,0,0,0,0,0,0,0,0,0,0
2001,190387,2,1,0,0,0,0,0,0,0,0,0,0
2001,190388,1,1,0,21,0,0,4,18,0,9,0,0
2001,190389,1,1,0,0,0,0,0,0,0,0,0,0
2001,190390,1,1,0,0,0,27,0,0,0,8,12,0
2001,190391,1,1,0,0,0,0,0,0,0,0,0,0
2001,190392,1,1,6,6,6,6,6,6,6,6,6,6
2001,190393,0,1,0,0,0,0,0,0,0,0,0,0
2001,190393,1,1,0,0,0,3,0,0,0,0,0,0
2001,190394,1,1,0,0,0,0,0,0,0,0,0,0
2001,190394,2,1,0,0,0,11,0,0,0,0,0,0
2001,190395,1,1,0,0,0,0,0,0,0,0,0,0
2001,190395,2,1,0,0,0,0,0,0,0,0,0,0
2001,200001,1,1,24,24,24,24,24,24,24,24,24,24
2001,200002,1,1,0,0,0,0,0,0,0,0,0,0
2001,200003,0,1,0,0,0,0,0,0,0,0,0,0
2001,200003,1,1,0,0,0,0,0,0,0,0,0,0
2001,200004,1,1,0,0,0,0,0,0,0,0,0,0
2001,200004,2,1,0,0,0,0,0,0,0,0,0,0
2001,200005,1,1,0,0,0,0,0,0,0,0,0,0
2001,200006,1,1,0,0,17,0,0,0,8,0,0,3
2001,200007,1,1,14,4,11,20,20,0,16,11,20,16
2001,200008,0,2,0,0,0,0,0,0,0,0,0,0
2001,200008,1,1,0,0,0,0,0,0,0,0,0,0
2001,200009,1,1,0,0,0,0,0,0,0,0,0,0
2001,200010,1,1,41,41,41,41,41,41,41,41,41,41
2001,200011,1,1,0,0,0,0,0,0,0,0,0,0
2001,200011,2,1,0,0,0,0,0,15,0,0,0,0
2001,200012,1,1,19,19,19,19,19,19,19,19,19,19
2001,200013,1,1,0,25,22,21,34,8,20,0,0,0
2001,200013,2,1,0,0,0,17,0,0,0,4,0,19
2001,200015,0,1,13,13,13,13,13,13,13,13,13,13
2001,200015,1,1,0,0,0,0,0,0,0,0,0,0
2001,200015,2,1,14,14,14,14,14,14,14,14,14,14
2001,200016,1,1,0,0,17,19,12,0,22,26,17,0
2001,200016,2,1,0,0,0,0,0,0,0,13,0,3
2001,200017,0,1,8,8,8,8,8,8,8,8,8,8
2001,200017,1,1,0,0,0,0,0,0,0,0,0,0
2001,200018,1,1,0,0,0,0,0,0,0,0,0,0
2001,200018,2,1,0,0,0,0,0,0,0,0,8,0
2001,200019,1,1,0,0,0,0,0,0,0,0,0,0
2001,200019,2,1,0,0,0,0,0,0,0,0,0,0
2001,200020,1,1,0,0,0,0,0,0,0,0,0,0
2001,200020,2,1,0,0,0,0,0,0,0,0,0,0
2001,200021,1,1,0,0,0,0,0,0,0,0,0,0
2001,200021,2,1,0,0,0,0,0,0,0,0,0,0
2001,200022,1,1,28,28,28,28,28,28,28,28,28,28
2001,200022,2,1,0,0,0,0,0,0,0,0,0,0
2001,200023,1,1,0,20,0,17,0,35,0,0,15,0
2001,200024,1,1,0,0,0,0,0,0,0,0,0,0
2001,200024,2,1,0,0,0,0,0,0,14,12,5,19
2001,200025,0,1,0,0,0,0,0,0,0,0,0,0
2001,200025,1,1,0,0,0,0,0,0,0,0,0,12
2001,200025,2,1,0,0,0,0,0,0,0,0,0,0
2001,200026,1,1,21,21,21,21,21,21,21,21,21,21
2001,200027,1,2,10,0,9,0,9,0,21,39,11,31
2001,200028,1,1,0,0,0,0,0,0,4,0,0,0
2001,200028,2,1,0,0,0,18,0,0,0,28,0,0
2001,200028,3,1,0,0,0,0,0,0,0,0,0,13
2001,200028,4,1,0,0,21,0,0,0,0,0,0,0
2001,200029,1,1,0,0,0,0,0,0,0,0,0,0
2001,200029,2,1,0,0,0,0,0,0,0,0,0,0
2001,200030,1,1,14,14,14,14,14,14,14,14,14,14
2001,200031,1,1,13,13,13,13,13,13,13,13,13,13
2001,200032,1,1,0,0,12,0,0,0,0,0,0,29
2001,200032,2,1,0,0,0,0,0,0,0,0,0,0
2001,200033,1,1,0,0,0,0,0,0,0,0,0,0
2001,200033,2,1,0,0,0,0,0,0,0,0,0,0
2001,200034,1,1,0,0,0,0,0,0,0,0,0,0
2001,200034,2,1,0,0,0,0,0,0,0,0,0,0
2001,200034,3,1,0,0,0,0,0,0,0,0,0,0
2001,200035,1,1,0,0,0,0,0,0,0,0,0,0
2001,200035,2,1,0,0,0,0,0,0,0,0,0,0
2001,200036,1,1,0,0,0,0,0,0,0,0,0,0
2001,200036,2,1,0,0,0,0,0,0,0,0,0,0
2001,200037,1,1,0,0,0,0,0,0,0,0,0,0
2001,200037,2,1,0,0,0,0,0,0,0,0,0,0
2001,200038,1,1,16,16,16,16,16,16,16,16,16,16
2001,200039,1,1,0,0,0,0,0,0,0,0,0,0
2001,200040,1,1,20,20,20,20,20,20,20,20,20,20
2001,200041,1,1,0,0,0,0,0,0,0,0,0,0
2001,200042,1,1,0,0,0,0,0,0,0,0,0,0
2001,200043,1,1,0,0,0,0,0,0,0,0,0,0
2001,200043,2,1,0,0,14,0,0,0,0,0,0,0
2001,200044,1,1,0,0,0,0,0,0,0,0,0,0
2001,200044,2,1,0,0,0,0,0,0,0,0,0,0
2001,200045,1,1,0,0,16,0,0,0,0,0,0,0
2001,200046,1,1,0,0,0,18,0,0,0,0,0,0
2001,200046,2,1,0,0,0,0,0,0,0,0,0,0
2001,200047,1,1,0,0,0,0,0,0,0,0,0,0
2001,200048,1,1,0,0,0,0,0,0,0,0,0,0
2001,200048,2,1,0,0,0,0,0,0,0,0,0,0
2001,200049,1,1,0,0,0,0,0,0,0,0,0,0
2001,200050,1,1,16,0,0,0,0,0,0,0,0,0
2001,200050,2,1,0,0,0,0,19,11,0,0,13,0
2001,200051,1,1,0,0,0,18,0,0,0,0,0,0
2001,200052,1,1,4,0,0,0,0,0,0,0,14,0
2001,200052,2,1,6,0,16,17,16,0,30,10,15,7
2001,200053,1,1,15,15,15,15,15,15,15,15,15,15
2001,200054,1,1,17,17,17,17,17,17,17,17,17,17
2001,200055,1,1,21,21,21,21,21,21,21,21,21,21
2001,200055,2,1,0,0,0,0,0,0,0,0,0,0
2001,200056,1,1,0,0,0,0,0,17,0,0,0,0
2001,200057,1,1,1,1,1,1,1,1,1,1,1,1
2001,200057,2,1,0,0,0,0,0,0,0,0,0,0
2001,200058,1,1,0,0,0,0,0,0,0,0,0,0
2001,200058,2,1,0,0,0,0,0,0,0,0,0,0
2001,200059,1,1,0,0,0,0,0,0,0,0,0,0
2001,200059,2,1,0,0,0,0,0,0,0,0,0,0
2001,200060,1,1,0,0,0,0,0,0,0,0,0,0
2001,200061,0,1,0,0,0,0,0,0,0,0,0,0
2001,200061,1,1,0,0,0,0,0,0,0,0,0,0
2001,200062,1,1,0,0,0,0,0,0,0,0,0,0
2001,200063,1,1,0,0,0,0,0,0,0,0,0,0
2001,200063,2,1,0,0,0,0,0,0,0,0,0,0
2001,200064,1,1,0,0,0,0,0,0,0,0,0,0
2001,200064,2,1,0,0,0,0,0,0,0,0,18,0
2001,200065,1,1,0,0,0,0,0,0,0,0,0,0
2001,200066,1,1,0,0,0,0,23,0,11,0,0,0
2001,200066,2,1,0,0,0,0,0,0,0,0,0,0
2001,200068,1,1,0,0,0,0,0,0,0,0,0,0
2001,200068,2,1,0,0,0,0,0,0,0,0,0,0
2001,200069,1,1,24,24,24,24,24,24,24,24,24,24
2001,200070,1,1,0,0,0,0,0,0,0,0,0,0
2001,200070,2,1,0,0,0,0,0,0,0,0,0,0
2001,200071,1,1,0,13,0,0,0,26,12,0,0,11
2001,200071,2,1,0,0,0,0,0,0,0,0,0,0
2001,200072,0,1,19,0,0,0,0,0,0,0,0,0
2001,200072,1,1,0,0,0,0,0,0,0,0,0,0
2001,200073,1,1,0,0,0,0,0,0,0,0,0,0
2001,200074,1,1,23,23,23,23,23,23,23,23,23,23
2001,200075,1,1,17,0,0,0,0,0,0,0,0,0
2001,200076,1,1,0,0,0,0,0,0,0,0,0,0
2001,200077,1,1,0,0,0,0,0,0,0,0,0,0
2001,200077,2,1,0,0,0,0,0,0,0,0,17,0
2001,200077,3,1,0,0,0,0,0,0,0,0,0,0
2001,200078,1,1,16,21,20,0,27,20,16,17,33,28
2001,200079,1,1,23,23,23,23,23,23,23,23,23,23
2001,200080,0,1,0,0,0,0,0,0,0,0,0,0
2001,200080,1,1,16,0,0,0,0,4,0,0,0,0
2001,200081,1,1,0,0,0,0,0,0,0,0,0,0
2001,200081,2,1,0,0,0,0,0,0,0,0,0,0
2001,200082,1,1,0,0,0,0,0,0,0,0,0,0
2001,200082,2,1,8,0,0,0,25,0,0,0,30,23
2001,200083,1,1,4,4,4,4,4,4,4,4,4,4
2001,200084,1,1,18,18,18,18,18,18,18,18,18,18
2001,200084,2,1,0,0,0,0,0,0,0,0,0,0
2001,200085,1,1,0,0,0,0,0,0,0,0,0,0
2001,200085,2,1,0,0,0,0,0,0,0,10,0,0
2001,200086,1,1,0,0,0,0,0,0,0,0,0,0
2001,200086,2,1,0,0,0,0,0,0,0,0,0,0
2001,200087,1,1,6,19,14,19,0,17,0,20,9,8
2001,200088,1,1,18,18,18,18,18,18,18,18,18,18
2001,200089,1,1,0,0,0,0,0,0,0,0,0,0
2001,200090,1,1,27,27,27,27,27,27,27,27,27,27
2001,200091,1,1,0,0,0,0,0,0,0,0,0,0
2001,200091,2,1,0,0,0,0,0,0,0,0,0,0
2001,200091,3,1,0,0,0,0,0,0,0,0,0,0
2001,200092,1,1,12,0,0,13,0,9,0,6,28,24
2001,200093,1,1,10,10,10,10,10,10,10,10,10,10
2001,200093,2,1,0,0,0,0,0,0,0,0,0,0
2001,200094,1,1,15,15,15,15,15,15,15,15,15,15
2001,200095,1,1,0,0,0,0,0,0,0,0,0,0
2001,200096,1,1,14,14,14,14,14,14,14,14,14,14
2001,200097,1,1,0,0,0,0,0,0,0,0,0,0
2001,200098,1,1,0,0,0,0,0,0,0,0,0,0
2001,200098,2,1,0,0,0,0,0,0,0,0,0,0
2001,200098,3,1,0,0,0,0,0,0,0,0,0,0
2001,200099,1,1,7,7,7,7,7,7,7,7,7,7
2001,200100,1,1,0,0,0,0,0,0,0,0,0,0
2001,200101,1,1,0,0,0,0,0,0,0,0,0,0
2001,200102,1,1,0,0,0,0,0,0,18,0,0,0
2001,200102,2,1,0,0,0,0,0,0,0,0,0,0
2001,200103,1,1,0,0,0,0,0,0,0,0,0,0
2001,200103,2,1,0,0,0,0,0,0,0,0,0,0
2001,200104,1,1,18,14,0,0,0,15,0,0,0,15
2001,200105,1,1,0,0,0,0,0,0,0,0,0,0
2001,200105,2,1,0,0,0,0,0,0,0,0,0,0
2001,200106,1,1,14,35,20,35,14,21,24,22,36,19
2001,200107,1,1,18,12,10,20,7,5,19,7,0,12
2001,200107,2,1,27,12,0,21,14,20,14,27,12,34
2001,200108,1,1,8,10,12,0,25,0,0,21,9,16
2001,200109,1,1,18,18,18,18,18,18,18,18,18,18
2001,200110,1,1,0,0,0,0,0,0,0,0,0,0
2001,200110,2,1,0,0,0,0,0,0,5,0,17,19
2001,200111,1,1,0,0,0,0,0,0,0,0,0,0
2001,200112,1,1,0,0,0,0,0,0,0,0,0,0
2001,200112,2,1,0,0,0,0,0,0,0,0,0,0
2001,200113,1,1,20,20,20,20,20,20,20,20,20,20
2001,200114,1,1,0,0,0,0,0,0,0,0,0,0
2001,200114,2,1,0,0,0,0,0,0,0,0,0,0
2001,200115,1,1,16,16,16,16,16,16,16,16,16,16
2001,200116,1,1,0,0,0,23,0,0,0,15,0,0
2001,200117,1,1,0,0,0,24,0,0,0,0,0,0
2001,200118,1,1,0,0,0,0,0,0,0,0,0,0
2001,200118,2,1,0,0,0,0,0,0,0,0,0,0
2001,200118,3,1,0,16,0,6,0,0,0,0,0,0
2001,200119,1,1,0,0,0,0,0,0,0,0,0,0
2001,200120,1,1,0,0,0,0,0,0,0,0,0,0
2001,200120,2,1,0,0,0,0,0,0,0,0,0,0
2001,200120,3,1,0,0,0,0,0,0,0,0,0,0
2001,200121,1,1,17,10,13,0,7,14,0,0,15,0
2001,200122,0,1,22,22,22,22,22,22,22,22,22,22
2001,200122,1,1,0,0,0,0,0,0,0,0,0,0
2001,200123,0,1,0,13,0,0,0,0,0,0,0,0
2001,200123,1,1,0,0,0,0,0,0,0,0,0,0
2001,200124,1,1,0,0,0,0,0,0,0,0,0,0
2001,200125,1,1,0,0,0,0,0,0,0,0,0,0
2001,200125,2,1,0,0,0,0,0,0,0,0,0,0
2001,200126,1,1,0,0,13,37,0,0,0,0,0,0
2001,200127,1,1,0,0,0,0,0,0,0,0,0,0
2001,200127,2,1,0,0,0,0,0,0,0,0,0,0
2001,200128,1,1,0,0,0,0,0,0,0,0,0,0
2001,200129,1,1,16,16,16,16,16,16,16,16,16,16
2001,200130,1,1,0,0,0,0,0,0,0,0,0,0
2001,200131,1,1,9,13,0,22,21,10,0,16,22,17
2001,200132,1,1,0,0,0,0,0,0,0,0,0,9
2001,200132,2,1,0,11,21,0,0,0,0,0,12,0
2001,200133,1,1,14,5,29,12,32,32,8,31,38,33
2001,200134,1,1,10,4,6,18,37,12,3,0,0,31
2001,200134,2,1,0,0,0,0,0,0,0,0,0,0
2001,200135,1,1,0,0,0,0,0,0,0,0,0,0
2001,200135,2,1,0,0,0,0,0,0,0,0,0,0
2001,200136,1,1,0,0,0,0,0,0,16,0,0,0
2001,200137,1,1,0,0,0,0,0,0,0,0,0,0
2001,200138,1,1,23,8,20,17,22,19,22,14,16,0
2001,200139,1,1,0,0,0,0,0,0,0,0,0,0
2001,200139,2,1,0,0,0,0,0,0,0,0,0,0
2001,200140,1,1,0,0,0,0,0,0,0,26,0,0
2001,200140,2,1,0,0,0,0,0,0,0,0,0,0
2001,200140,3,1,0,0,0,0,0,0,0,0,0,0
2001,200141,1,1,0,0,0,0,0,0,0,0,0,0
2001,200142,1,1,23,23,23,23,23,23,23,23,23,23
2001,200143,1,1,18,18,18,18,18,18,18,18,18,18
2001,200144,1,1,0,0,0,0,0,0,0,0,0,0
2001,200145,1,1,0,0,0,0,0,0,0,0,0,0
2001,200145,2,1,0,0,0,0,0,0,0,0,0,0
2001,200146,1,1,0,0,0,0,0,0,0,0,0,0
2001,200146,2,1,0,0,0,0,0,0,0,0,0,0
2001,200147,1,1,0,0,0,0,0,0,0,0,0,0
2001,200147,2,1,0,0,0,0,0,0,0,0,0,0
2001,200148,1,1,0,0,0,0,0,0,0,0,0,0
2001,200148,2,1,0,0,0,0,0,0,0,0,0,0
2001,200149,1,1,0,0,0,0,0,0,0,0,0,0
2001,200150,1,1,33,33,33,33,33,33,33,33,33,33
2001,200151,1,1,0,0,0,0,0,0,0,0,0,0
2001,200152,1,1,0,0,0,0,0,0,0,0,0,0
2001,200152,2,1,0,0,0,0,0,0,0,12,0,0
2001,200153,1,1,20,20,20,20,20,20,20,20,20,20
2001,200154,1,1,6,6,6,6,6,6,6,6,6,6
2001,200155,1,1,0,0,0,0,0,0,0,0,0,0
2001,200155,2,1,0,0,0,0,0,0,10,0,0,0
2001,200156,1,1,0,0,0,0,0,0,0,0,0,0
2001,200156,2,1,0,0,0,0,0,0,0,0,0,0
2001,200157,1,1,0,0,0,0,0,0,0,0,0,0
2001,200157,2,1,0,0,0,0,0,0,0,0,0,0
2001,200158,1,1,0,0,0,0,0,0,0,0,0,0
2001,200159,1,1,0,0,0,0,0,0,0,0,0,0
2001,200159,2,1,0,0,0,0,0,0,0,0,0,0
2001,200160,1,1,25,25,25,25,25,25,25,25,25,25
2001,200160,2,1,0,0,0,0,0,0,0,0,0,0
2001,200161,1,1,0,0,0,0,0,0,0,0,0,0
2001,200161,2,1,0,0,17,0,0,0,0,0,0,0
2001,200162,1,1,12,12,12,12,12,12,12,12,12,12
2001,200163,1,1,23,23,23,23,23,23,23,23,23,23
2001,200164,1,1,10,10,10,10,10,10,10,10,10,10
2001,200165,1,1,0,0,0,0,0,0,0,0,0,0
2001,200166,1,1,13,28,22,12,0,11,23,0,0,26
2001,200166,2,1,18,18,18,18,18,18,18,18,18,18
2001,200167,1,1,7,7,7,7,7,7,7,7,7,7
2001,200168,1,1,0,0,0,0,0,0,27,0,16,0
2001,200169,1,1,19,0,0,11,19,18,4,15,17,17
2001,200170,1,1,0,0,0,0,0,0,0,0,0,0
2001,200170,2,1,22,22,22,22,22,22,22,22,22,22
2001,200171,1,1,0,0,0,0,0,0,0,0,0,0
2001,200171,2,1,0,0,0,0,0,0,0,0,0,0
2001,200172,1,1,37,37,37,37,37,37,37,37,37,37
2001,200173,1,1,0,0,0,0,0,0,0,0,0,0
2001,200173,2,1,0,0,0,0,0,0,0,0,0,0
2001,200174,1,1,0,0,0,0,0,0,10,0,0,0
2001,200174,2,1,0,0,0,0,0,0,0,0,0,0
2001,200175,1,1,16,16,16,16,16,16,16,16,16,16
2001,200176,1,1,0,0,0,0,0,0,0,0,0,0
2001,200177,1,1,0,0,0,0,0,0,0,0,15,0
2001,200177,2,1,64,64,64,64,64,64,64,64,64,64
2001,200178,1,1,0,0,0,0,0,0,0,0,0,0
2001,200179,1,1,0,0,0,0,0,0,0,0,0,0
2001,200179,2,1,0,0,0,0,0,0,0,0,14,12
2001,200180,1,1,0,0,0,0,0,0,0,22,0,0
2001,200180,2,1,0,0,0,17,0,0,0,0,0,0
2001,200180,3,1,0,0,0,0,0,0,0,0,9,0
2001,200180,4,1,0,0,0,0,0,0,0,0,0,0
2001,200181,1,1,0,0,0,0,0,0,0,0,0,0
2001,200182,1,1,0,0,0,0,0,0,0,0,0,0
2001,200182,2,1,0,0,0,0,0,0,0,0,0,0
2001,200183,1,1,35,35,35,35,35,35,35,35,35,35
2001,200184,1,1,0,0,0,0,0,0,0,0,0,0
2001,200185,1,1,0,0,0,0,0,0,0,0,0,0
2001,200186,1,1,0,0,0,0,0,0,0,0,0,0
2001,200187,1,1,0,0,0,0,0,0,0,0,0,0
2001,200187,2,1,0,0,0,0,0,0,0,0,0,0
2001,200188,1,1,31,0,0,6,0,0,0,16,0,0
2001,200188,2,1,0,0,2,0,0,0,12,0,0,0
2001,200189,1,1,0,0,0,0,0,0,0,0,0,0
2001,200191,1,1,0,0,0,0,0,0,0,0,0,0
2001,200192,1,1,0,0,0,16,18,0,0,0,0,23
2001,200192,2,1,0,0,13,0,0,0,0,0,0,0
2001,200193,0,1,0,0,0,0,0,0,0,0,0,0
2001,200193,1,1,0,0,0,0,0,0,0,0,0,0
2001,200195,1,1,0,0,0,0,0,0,0,0,0,0
2001,200195,2,1,0,0,0,0,0,0,0,0,0,0
2001,200196,1,1,21,21,21,21,21,21,21,21,21,21
2001,200197,1,1,26,0,0,4,26,19,0,25,6,10
2001,200198,1,1,10,10,10,10,10,10,10,10,10,10
2001,200199,1,1,0,2,0,0,0,0,0,0,0,0
2001,200199,2,1,0,0,0,0,0,0,0,0,0,0
2001,200200,1,1,1,1,1,1,1,1,1,1,1,1
2001,200201,1,1,0,0,0,0,0,0,0,0,0,0
2001,200202,1,1,0,19,0,0,0,0,0,10,0,0
2001,200203,1,1,0,0,0,0,0,0,0,0,0,0
2001,200203,2,1,0,0,0,0,0,0,0,0,21,0
2001,200204,0,1,23,23,23,23,23,23,23,23,23,23
2001,200204,1,1,0,0,0,0,0,0,0,0,0,0
2001,200205,1,1,22,22,22,22,22,22,22,22,22,22
2001,200206,1,1,0,0,0,0,30,0,0,17,0,0
2001,200207,1,1,9,9,9,9,9,9,9,9,9,9
2001,200208,1,1,31,31,31,31,31,31,31,31,31,31
2001,200209,1,1,0,0,0,0,0,0,0,0,0,0
2001,200209,2,1,0,0,0,0,0,0,0,0,0,0
2001,200210,1,1,0,0,0,0,0,0,0,0,0,0
2001,200211,0,1,0,0,21,0,0,0,0,18,18,0
2001,200211,1,1,0,0,0,0,0,0,0,0,0,0
2001,200212,1,1,0,0,0,17,6,0,0,16,0,0
2001,200213,1,1,16,16,16,16,16,16,16,16,16,16
2001,200214,1,1,14,7,22,4,17,10,24,7,0,16
2001,200214,2,1,0,0,0,0,0,0,0,0,0,0
2001,200215,1,1,39,39,39,39,39,39,39,39,39,39
2001,200216,0,1,0,0,0,0,32,0,0,0,0,0
2001,200216,1,1,0,0,0,0,0,0,0,0,0,0
2001,200217,1,1,0,0,0,0,0,0,0,0,0,0
2001,200217,2,1,0,0,0,0,0,0,0,0,0,0
2001,200218,0,1,0,0,0,0,0,0,0,0,0,0
2001,200218,1,1,6,6,6,6,6,6,6,6,6,6
2001,200219,1,1,0,0,0,0,0,0,0,0,0,0
2001,200219,2,1,20,20,20,20,20,20,20,20,20,20
2001,200220,1,1,0,0,0,0,0,0,0,0,0,0
2001,200221,1,1,0,0,0,0,0,0,0,0,0,0
2001,200221,2,1,0,0,0,28,0,0,2,0,0,0
2001,200222,1,1,0,0,0,0,0,0,0,0,0,0
2001,200223,1,1,0,0,0,0,0,0,0,0,0,0
2001,200223,2,1,20,28,0,0,0,0,11,0,0,0
2001,200224,1,1,0,0,0,0,0,0,0,7,0,0
2001,200225,1,1,0,0,0,0,0,0,0,0,0,0
2001,200226,1,1,22,22,22,22,22,22,22,22,22,22
2001,200226,2,1,8,8,8,8,8,8,8,8,8,8
2001,200227,1,1,0,0,0,0,0,0,0,14,0,0
2001,200228,1,1,0,0,0,0,0,0,0,0,0,0
2001,200228,2,1,0,0,0,0,0,0,0,0,0,0
2001,200229,1,1,0,0,0,0,0,0,0,0,0,0
2001,200229,2,1,0,0,0,0,0,0,0,0,0,0
2001,200230,1,1,12,16,0,0,0,14,0,0,0,8
2001,200230,2,1,0,0,0,0,0,0,0,0,0,0
2001,200231,1,1,0,0,0,0,0,0,0,0,0,0
2001,200231,2,1,0,0,0,0,0,0,0,0,0,0
2001,200232,0,1,0,0,0,0,0,0,0,0,0,0
2001,200232,1,1,0,0,0,0,0,0,0,0,0,0
2001,200233,1,1,0,0,0,0,0,0,0,0,0,0
2001,200233,2,1,0,10,0,0,0,0,0,0,0,0
2001,200234,1,1,12,8,20,6,20,44,12,23,13,16
2001,200234,2,1,23,23,23,23,23,23,23,23,23,23
2001,200235,1,1,0,0,0,0,0,0,0,0,0,0
2001,200236,1,1,6,6,6,6,6,6,6,6,6,6
2001,200237,1,1,0,0,0,0,0,0,0,0,0,0
2001,200237,2,1,0,0,0,0,0,0,0,0,0,0
2001,200238,1,1,0,30,15,0,0,0,0,25,0,0
2001,200239,1,1,4,16,16,18,16,6,10,4,10,0
2001,200240,1,1,0,0,0,0,0,26,0,0,0,0
2001,200241,1,1,0,14,0,40,0,33,0,19,0,18
2001,200242,1,1,13,13,13,13,13,13,13,13,13,13
2001,200242,2,1,15,15,15,15,15,15,15,15,15,15
2001,200243,1,1,0,0,0,0,0,0,0,0,0,0
2001,200243,2,1,0,0,0,0,0,0,0,0,0,0
2001,200243,3,1,0,0,0,0,0,0,0,0,0,0
2001,200244,1,1,0,0,0,0,0,0,0,0,0,0
2001,200245,1,1,10,10,10,10,10,10,10,10,10,10
2001,200246,1,1,11,11,11,11,11,11,11,11,11,11
2001,200247,0,1,33,33,33,33,33,33,33,33,33,33
2001,200247,1,1,0,0,0,0,0,0,0,0,0,0
2001,200248,1,1,0,0,0,0,0,0,0,0,0,0
2001,200248,2,1,0,0,0,0,0,0,0,0,0,0
2001,200249,1,1,0,0,0,0,0,0,0,0,0,0
2001,200249,2,1,0,0,0,10,0,0,0,0,0,0
2001,200250,1,1,0,0,0,0,0,0,0,0,0,0
2001,200250,2,1,0,0,0,0,0,0,0,0,0,0
2001,200251,1,1,0,0,0,0,0,0,0,0,0,0
2001,200251,2,1,0,0,0,0,0,0,0,0,0,0
2001,200252,1,1,0,0,0,0,0,0,0,0,0,0
2001,200253,1,1,2,0,8,0,28,0,12,0,13,0
2001,200253,2,1,0,0,0,0,0,19,0,0,0,0
2001,200254,1,1,0,0,0,0,0,0,0,0,0,0
2001,200255,1,1,0,0,0,0,0,0,0,0,0,0
2001,200255,2,1,0,0,0,0,0,0,0,0,0,0
2001,200256,1,1,0,0,0,0,0,0,0,0,0,0
2001,200257,1,1,10,0,0,0,0,0,0,0,0,0
2001,200258,1,1,0,0,0,0,0,0,0,0,0,0
2001,200258,2,1,4,0,0,0,0,0,0,0,0,0
2001,200259,1,1,21,21,21,21,21,21,21,21,21,21
2001,200260,1,1,0,0,0,0,0,0,0,0,0,0
2001,200261,1,1,12,12,12,12,12,12,12,12,12,12
2001,200261,2,1,0,0,0,0,0,0,0,0,0,0
2001,200262,1,1,0,0,0,0,0,0,0,0,0,0
2001,200263,1,1,26,0,11,16,19,25,18,0,0,0
2001,200264,1,1,0,0,0,0,0,0,0,0,0,0
2001,200264,2,1,0,0,0,0,0,0,0,0,0,0
2001,200265,1,1,0,0,0,0,0,0,0,0,0,0
2001,200265,2,1,0,0,0,0,0,0,0,0,0,0
2001,200266,1,1,0,0,0,0,15,0,0,0,8,0