YEAR,st_case,veh_no,per_no,P1,P2,P3,P4,P5,P6,P7,P8,P9,P10
2001,200266,2,1,0,0,0,0,0,0,0,11,0,0
2001,200267,1,1,0,0,0,0,0,0,0,0,0,0
2001,200268,1,1,0,0,0,0,0,0,0,0,0,0
2001,200268,2,1,1,1,1,1,1,1,1,1,1,1
2001,200269,1,1,0,0,0,0,0,0,10,0,0,0
2001,200269,2,1,0,0,0,0,0,0,0,0,0,0
2001,200270,1,1,22,22,22,22,22,22,22,22,22,22
2001,200271,1,1,0,0,0,0,0,0,0,0,0,0
2001,200272,1,1,0,0,0,0,0,0,34,0,0,0
2001,200273,1,1,16,0,12,0,0,14,0,0,0,0
2001,200273,2,1,0,0,0,0,0,0,0,0,0,0
2001,200274,0,3,5,0,0,21,0,0,0,3,0,18
2001,200274,1,1,14,14,14,14,14,14,14,14,14,14
2001,200275,1,1,0,0,0,0,10,20,0,0,0,18
2001,200276,1,1,0,0,0,0,0,0,0,0,0,0
2001,200277,1,1,0,0,0,0,0,0,0,0,0,0
2001,200277,2,1,0,4,0,0,0,0,0,0,0,0
2001,200279,1,1,0,0,0,0,0,0,0,0,0,0
2001,200279,2,1,8,8,8,8,8,8,8,8,8,8
2001,200280,1,1,0,3,0,4,0,0,0,0,0,0
2001,200280,2,1,0,0,0,0,0,0,0,0,13,0
2001,200281,1,1,12,12,12,12,12,12,12,12,12,12
2001,200282,1,1,0,0,0,0,0,0,0,0,7,0
2001,200283,1,1,0,0,0,0,0,0,0,0,0,0
2001,200283,2,1,0,0,0,0,0,0,0,0,0,0
2001,200284,1,1,0,0,0,0,0,0,6,0,0,0
2001,200285,0,1,0,0,0,0,0,0,0,0,0,0
2001,200285,1,1,0,0,0,0,0,0,0,0,0,0
2001,200286,1,1,0,0,0,0,0,0,0,0,0,0
2001,200286,2,1,0,0,0,0,0,0,0,0,0,0
2001,200287,1,1,5,5,5,5,5,5,5,5,5,5
2001,200287,2,1,0,0,0,0,0,0,0,0,0,0
2001,200287,3,1,0,0,0,0,0,0,0,0,0,0
2001,200288,1,1,3,3,3,3,3,3,3,3,3,3
2001,200289,1,1,0,0,0,0,0,0,0,0,0,0
2001,200289,2,1,0,0,0,0,0,0,0,0,0,0
2001,200290,1,1,0,0,0,0,0,0,0,0,0,0
2001,200290,2,1,0,0,0,0,0,0,0,0,0,0
2001,200291,1,1,29,29,29,29,29,29,29,29,29,29
2001,200291,2,1,0,0,0,0,0,0,0,0,0,0
2001,200292,1,1,0,0,0,0,0,0,0,0,0,0
2001,200292,2,1,0,0,0,0,0,0,0,0,0,0
2001,200293,1,1,24,24,24,24,24,24,24,24,24,24
2001,200294,1,1,0,0,0,0,0,0,0,0,0,0
2001,200294,2,1,0,0,0,0,0,0,0,0,0,0
2001,200295,1,1,0,0,0,0,0,0,0,0,0,0
2001,200295,2,1,0,0,0,0,0,0,0,0,0,0
2001,200296,1,1,0,0,0,0,0,0,0,0,0,0
2001,200297,1,1,0,0,0,0,0,0,0,0,0,0
2001,200297,2,1,0,0,0,0,0,0,0,0,0,0
2001,200298,1,1,23,11,24,12,16,17,16,15,12,12
2001,200299,1,1,0,0,0,0,0,0,0,0,0,6
2001,200299,2,1,0,0,0,0,0,0,0,0,0,0
2001,200300,0,1,17,9,48,12,12,9,28,18,22,6
2001,200300,1,1,3,0,0,0,0,0,0,0,0,0
2001,200301,1,1,0,14,0,9,19,0,21,0,0,6
2001,200302,1,1,6,10,12,15,13,20,24,20,29,16
2001,200303,1,1,12,0,0,0,0,0,0,0,0,0
2001,200304,1,1,0,0,0,0,0,0,0,0,0,0
2001,200305,1,1,0,0,0,0,0,0,0,0,0,0
2001,200306,1,1,0,0,0,0,0,0,0,0,0,0
2001,200306,2,1,0,0,0,0,0,0,0,0,0,0
2001,200307,1,1,0,0,0,0,0,0,0,0,0,23
2001,200307,2,1,0,0,0,0,0,0,0,0,0,0
2001,200308,1,1,5,5,5,5,5,5,5,5,5,5
2001,200308,2,1,10,10,10,10,10,10,10,10,10,10
2001,200309,1,1,0,0,0,0,0,0,0,0,0,0
2001,200309,2,1,0,0,18,0,0,0,0,0,0,0
2001,200310,1,1,0,0,0,0,0,0,0,0,0,0
2001,200311,1,1,17,17,17,17,17,17,17,17,17,17
2001,200311,2,1,0,0,0,0,0,0,0,0,0,0
2001,200312,1,1,0,0,0,0,0,0,0,0,0,0
2001,200312,2,1,0,0,0,0,0,0,0,0,0,0
2001,200313,0,1,0,23,0,30,12,0,11,31,22,13
2001,200313,1,1,0,0,0,0,24,0,0,8,0,0
2001,200314,0,1,26,26,26,26,26,26,26,26,26,26
2001,200314,1,1,0,0,0,0,18,0,0,0,0,0
2001,200315,1,1,0,0,0,0,0,0,0,0,0,0
2001,200315,2,1,0,0,0,0,0,0,0,0,0,0
2001,200316,1,1,0,0,0,0,0,0,4,0,0,0
2001,200318,1,1,0,0,0,0,0,0,0,0,0,0
2001,200318,2,1,0,0,0,0,0,0,0,0,0,0
2001,200319,1,1,0,0,0,0,0,0,0,0,0,0
2001,200319,2,1,0,0,0,0,0,0,0,0,0,0
2001,200320,1,1,24,7,0,0,0,17,0,0,24,0
2001,200321,1,1,0,0,0,0,0,0,0,0,0,0
2001,200321,2,1,0,0,0,0,0,0,0,0,0,0
2001,200322,1,1,29,0,18,0,23,34,0,0,0,26
2001,200323,1,1,0,0,18,0,0,0,0,0,0,0
2001,200324,1,1,7,18,27,19,5,7,0,30,18,4
2001,200325,1,1,0,0,0,0,0,0,0,0,0,0
2001,200326,1,1,0,0,0,0,0,0,0,0,0,0
2001,200327,1,1,24,24,24,24,24,24,24,24,24,24
2001,200328,1,1,0,0,0,0,0,0,0,0,0,0
2001,200328,2,1,0,0,0,0,0,0,0,0,0,0
2001,200329,1,1,0,0,0,0,0,0,0,0,0,0
2001,200329,2,1,0,0,0,0,0,0,0,0,0,0
2001,200330,1,1,11,11,11,11,11,11,11,11,11,11
2001,200331,1,1,0,0,0,0,0,0,0,0,0,0
2001,200331,2,1,0,0,0,0,0,0,0,0,0,0
2001,200332,1,1,0,26,13,0,0,16,0,0,0,20
2001,200333,1,1,0,0,0,0,0,0,0,0,0,0
2001,200333,2,1,0,0,0,0,0,0,0,0,0,0
2001,200334,1,1,22,22,22,22,22,22,22,22,22,22
2001,200335,1,1,14,6,18,0,22,13,13,15,0,0
2001,200336,1,1,0,0,0,0,0,0,0,0,0,0
2001,200336,2,1,0,0,0,0,23,0,0,0,0,0
2001,200337,1,1,10,10,10,10,10,10,10,10,10,10
2001,200338,1,1,0,0,0,0,0,0,0,0,0,0
2001,200338,2,1,0,0,0,0,0,0,0,0,0,0
2001,200339,1,1,0,0,0,0,0,0,0,0,0,0
2001,200339,2,1,0,0,0,0,0,0,0,0,0,0
2001,200340,0,1,0,0,0,0,0,0,0,0,0,0
2001,200341,1,1,10,10,10,10,10,10,10,10,10,10
2001,200342,1,1,0,0,0,0,0,0,0,0,0,0
2001,200342,2,1,0,0,0,0,0,0,0,0,0,0
2001,200343,1,1,28,28,28,28,28,28,28,28,28,28
2001,200343,2,1,17,0,11,5,4,0,0,0,9,0
2001,200344,1,1,22,22,22,22,22,22,22,22,22,22
2001,200345,1,1,0,0,0,0,0,0,0,0,0,0
2001,200345,2,1,0,0,0,0,0,0,0,0,0,0
2001,200346,1,1,0,0,0,0,0,0,0,0,16,0
2001,200347,1,1,2,0,0,0,8,0,0,0,0,0
2001,200347,2,1,0,0,0,0,7,0,0,0,0,0
2001,200348,1,1,0,0,0,0,0,0,0,0,0,0
2001,200348,2,1,0,0,0,0,0,0,0,0,0,0
2001,200349,1,1,16,16,16,16,16,16,16,16,16,16
2001,200350,1,1,0,0,0,0,0,0,0,0,0,0
2001,200350,2,1,0,0,0,0,0,0,0,0,0,0
2001,200351,1,1,0,7,5,8,0,20,21,0,10,0
2001,200352,1,1,0,0,0,0,0,0,0,0,0,0
2001,200352,2,1,0,0,18,0,0,0,8,0,0,0
2001,200353,1,1,0,0,0,22,0,0,0,0,0,0
2001,200353,2,1,0,0,0,0,0,0,0,0,0,0
2001,200354,1,1,0,0,0,0,0,0,0,0,0,0
2001,200354,2,1,0,0,0,0,0,0,0,0,0,0
2001,200355,1,1,0,0,0,0,0,0,0,0,0,0
2001,200356,1,1,9,9,9,9,9,9,9,9,9,9
2001,200356,2,1,2,2,2,2,2,2,2,2,2,2
2001,200357,1,1,0,0,0,0,0,0,0,0,0,0
2001,200358,1,1,14,14,14,14,14,14,14,14,14,14
2001,200359,1,1,0,25,0,0,0,18,4,0,0,0
2001,200360,1,1,0,0,0,0,0,0,0,0,0,0
2001,200360,2,1,0,0,0,0,0,0,0,0,0,0
2001,200361,1,1,0,0,0,0,0,0,0,0,0,0
2001,200361,2,1,0,0,0,0,0,0,0,0,0,0
2001,200362,1,1,13,13,13,13,13,13,13,13,13,13
2001,200363,1,1,22,0,0,18,0,0,0,0,0,0
2001,200363,2,1,0,0,0,0,0,0,0,0,7,0
2001,200364,1,1,13,13,13,13,13,13,13,13,13,13
2001,200364,2,1,13,13,13,13,13,13,13,13,13,13
2001,200365,1,1,25,32,7,15,15,14,13,16,28,15
2001,200366,1,1,18,18,18,18,18,18,18,18,18,18
2001,200367,1,1,27,27,27,27,27,27,27,27,27,27
2001,200368,1,1,20,20,20,20,20,20,20,20,20,20
2001,200368,2,1,0,0,0,0,0,0,0,0,0,0
2001,200369,1,1,0,0,0,0,0,0,0,0,0,0
2001,200370,1,1,0,0,0,0,0,11,0,0,0,0
2001,200370,2,1,0,0,0,0,0,0,0,0,0,0
2001,200371,1,1,5,5,5,5,5,5,5,5,5,5
2001,200371,2,1,0,0,0,0,0,0,0,0,0,0
2001,200372,1,1,11,19,14,11,15,27,0,20,16,21
2001,200373,1,1,0,0,0,22,0,0,0,0,0,0
2001,200373,2,1,0,0,0,10,0,0,0,0,4,0
2001,200373,3,1,0,0,0,0,0,0,0,0,0,0
2001,200374,1,1,0,0,0,0,0,6,12,0,0,0
2001,200375,1,1,0,0,0,0,0,0,0,0,0,0
2001,200375,2,1,0,0,0,0,0,0,0,0,0,0
2001,200376,1,1,0,36,26,23,0,0,27,0,17,18
2001,200377,1,1,0,0,0,0,0,0,0,0,0,0
2001,200377,2,1,0,0,0,0,0,0,0,0,0,0
2001,200378,1,1,0,0,0,0,0,0,0,0,0,0
2001,200379,0,1,5,5,5,5,5,5,5,5,5,5
2001,200379,1,1,0,0,0,0,0,0,0,0,0,0
2001,200380,1,1,46,46,46,46,46,46,46,46,46,46
2001,200381,1,1,14,14,14,14,14,14,14,14,14,14
2001,200382,1,1,33,33,33,33,33,33,33,33,33,33
2001,200383,1,1,0,0,0,0,0,0,0,0,0,0
2001,200383,2,1,0,0,0,0,0,0,0,0,0,0
2001,200384,1,1,20,0,0,0,16,0,19,0,0,14
2001,200385,0,1,0,0,0,0,0,0,0,0,0,0
2001,200385,1,1,0,0,0,0,0,0,0,0,0,0
2001,200386,0,1,13,13,13,13,13,13,13,13,13,13
2001,200386,1,1,0,0,0,0,0,0,0,0,0,5
2001,200387,1,1,0,0,0,0,0,0,0,0,0,0
2001,200387,2,1,0,0,17,0,0,0,0,0,0,0
2001,200388,1,1,16,16,16,16,16,16,16,16,16,16
2001,200389,1,1,25,25,25,25,25,25,25,25,25,25
2001,200390,1,1,0,0,14,0,0,0,0,0,0,0
2001,200390,2,1,0,0,0,0,0,0,0,0,0,0
2001,200390,3,1,0,0,0,0,0,0,0,0,0,0
2001,200391,1,1,0,24,23,0,8,0,0,15,11,0
2001,200392,1,1,0,0,0,0,0,0,0,0,0,0
2001,200392,2,1,0,0,0,0,9,0,12,0,0,0
2001,200393,1,1,0,0,0,13,37,11,14,11,20,16
2001,200394,1,1,0,0,0,0,0,0,6,0,0,0
2001,200394,2,1,0,0,0,0,0,0,0,43,0,0
2001,200395,1,1,15,15,15,15,15,15,15,15,15,15
2001,200396,1,1,27,5,13,4,0,13,18,6,10,12
2001,200397,1,1,18,5,0,24,19,0,27,0,0,0
2001,200398,1,1,0,0,0,0,0,0,0,10,0,0
2001,200399,1,1,0,0,0,0,0,0,0,0,0,10
2001,200399,2,1,0,0,0,0,0,0,0,0,0,0
2001,200400,1,1,19,0,39,18,15,0,0,18,11,24
2001,200401,1,1,0,0,0,0,0,0,0,0,0,0
2001,200402,1,1,0,0,12,0,0,0,0,0,0,0
2001,200403,1,1,0,15,0,7,0,0,0,2,0,11
2001,200404,1,1,22,24,14,11,0,21,34,0,13,0
2001,200405,1,1,2,32,0,0,0,0,0,11,0,0
2001,200405,2,1,0,0,0,0,0,0,0,0,0,0
2001,200406,0,1,0,25,17,24,31,19,23,29,7,30
2001,200406,1,1,0,0,7,6,0,0,0,0,0,0
2001,200407,1,1,0,0,0,0,0,2,0,0,0,0
2001,200407,2,1,0,0,0,0,0,0,6,0,0,0
2001,200407,3,1,0,0,0,0,0,0,4,0,0,0
2001,200408,1,1,0,0,9,0,17,0,0,0,11,0
2001,200408,2,1,0,0,11,0,0,0,0,0,0,0
2001,200410,1,1,26,26,26,26,26,26,26,26,26,26
2001,200410,2,1,0,0,0,0,0,0,0,0,0,23
2001,200411,1,1,0,0,0,0,0,0,0,0,0,0
2001,200411,2,1,0,0,0,0,0,0,0,0,7,0
2001,200412,1,1,3,12,0,9,2,5,17,9,20,7
2001,200413,1,1,0,0,0,0,0,25,0,0,0,0
2001,200413,2,1,0,0,0,0,0,0,0,0,0,0
2001,200413,3,1,0,0,7,0,0,0,0,0,0,0
2001,200414,1,1,0,0,0,14,0,0,0,0,0,0
2001,200414,2,1,0,0,0,0,0,0,0,0,0,0
2001,200415,0,1,0,0,0,0,0,0,0,0,0,0
2001,200415,1,1,0,0,0,0,0,0,0,0,0,0
2001,200416,1,1,14,14,14,14,14,14,14,14,14,14
2001,200416,2,1,0,0,0,0,0,0,0,0,0,0
2001,200417,1,1,0,0,0,0,0,0,0,0,0,0
2001,200418,1,1,16,6,11,6,11,7,9,19,0,16
2001,200419,1,1,0,0,0,0,0,0,0,0,0,0
2001,200419,2,1,0,0,0,0,0,0,0,0,0,0
2001,200420,1,1,0,0,0,0,0,0,0,0,0,0
2001,200420,2,1,0,0,0,0,0,0,0,0,0,0
2001,200421,1,1,0,0,0,0,0,0,0,0,0,0
2001,200421,2,1,17,24,0,0,16,0,12,0,4,13
2001,200422,1,1,0,0,0,0,0,0,0,0,0,0
2001,200422,2,1,0,0,0,0,0,0,0,13,0,0
2001,200422,3,1,0,0,0,0,0,0,0,0,0,0
2001,200423,1,1,2,2,2,2,2,2,2,2,2,2
2001,200424,1,1,0,22,10,0,0,0,26,19,0,0
2001,200424,2,1,25,21,12,19,16,14,15,26,18,21
2001,200425,1,1,9,19,14,7,9,0,8,0,18,9
2001,200426,1,1,0,0,0,0,0,0,0,0,0,0
2001,200426,2,1,0,0,0,0,0,0,0,0,0,0
2001,200426,3,1,0,0,0,0,0,7,0,0,0,11
2001,200427,1,1,0,0,0,0,0,0,0,0,0,0
2001,200427,2,1,0,0,0,0,0,0,0,0,0,0
2001,200428,1,1,11,0,17,12,0,14,5,5,7,10
2001,200428,2,1,0,0,0,0,0,0,0,0,0,0
2001,200429,1,1,10,10,10,10,10,10,10,10,10,10
2001,200430,1,1,15,30,8,11,19,22,18,24,28,13
2001,200431,1,1,0,0,0,0,0,0,0,0,0,0
2001,200432,1,1,4,4,4,4,4,4,4,4,4,4
2001,200433,1,1,34,13,0,40,17,0,32,0,22,21
2001,200434,1,1,27,27,27,27,27,27,27,27,27,27
2001,200435,0,1,0,0,27,0,21,3,14,0,13,0
2001,200435,1,1,0,0,0,0,0,0,0,0,0,0
2001,200436,1,1,0,0,0,0,0,0,0,0,0,0
2001,200437,1,1,0,0,0,0,0,0,0,0,4,0
2001,200438,1,1,0,0,0,0,0,0,0,0,0,0
2001,200438,2,1,0,0,0,0,0,0,0,0,0,0
2001,200439,1,1,0,0,13,0,0,0,0,30,0,0
2001,210001,1,1,0,0,0,0,0,0,0,0,0,0
2001,210001,2,1,0,0,0,0,0,0,0,0,0,0
2001,210002,1,1,0,0,0,0,0,0,0,0,0,0
2001,210002,2,1,0,0,0,0,0,0,0,0,0,0
2001,210002,3,1,0,0,0,0,0,0,0,0,0,0
2001,210003,1,1,26,26,26,26,26,26,26,26,26,26
2001,210003,2,1,0,0,0,0,0,0,0,0,0,0
2001,210004,0,1,0,0,0,0,0,0,0,0,0,0
2001,210004,1,1,0,0,0,0,0,0,0,0,0,0
2001,210005,1,1,17,17,17,17,17,17,17,17,17,17
2001,210006,1,1,22,22,22,22,22,22,22,22,22,22
2001,210006,2,1,0,0,0,0,0,0,0,0,0,0
2001,210006,3,1,0,0,0,0,0,0,0,0,0,0
2001,210006,4,1,0,0,0,0,0,0,0,0,0,0
2001,210007,1,1,0,0,0,0,0,0,0,0,7,0
2001,210008,1,1,21,21,21,21,21,21,21,21,21,21
2001,210008,2,1,0,0,0,0,0,0,0,0,0,0
2001,210009,1,1,0,0,0,0,0,0,0,0,0,0
2001,210010,1,1,0,0,0,0,0,0,0,0,0,0
2001,210011,1,1,0,0,0,0,0,0,0,0,0,0
2001,210011,2,1,0,0,0,0,0,0,0,0,0,0
2001,210012,1,1,0,0,0,0,0,0,0,0,0,0
2001,210013,1,1,17,35,0,0,0,0,15,0,0,0
2001,210014,1,1,0,0,0,0,0,0,0,0,0,0
2001,210015,1,1,9,9,9,9,9,9,9,9,9,9
2001,210016,0,1,0,0,0,0,0,0,0,0,0,0
2001,210016,1,1,0,0,0,14,13,0,0,0,0,0
2001,210017,1,1,0,0,0,0,0,0,0,0,0,0
2001,210017,2,1,0,0,0,0,0,0,0,0,0,0
2001,210018,1,1,0,0,0,0,0,0,0,0,0,0
2001,210019,1,1,0,0,0,0,0,0,0,0,0,0
2001,210019,2,1,0,0,0,0,0,0,0,0,0,0
2001,210020,1,1,0,0,0,0,0,0,0,0,0,0
2001,210020,2,1,0,0,0,0,0,0,0,0,0,0
2001,210020,3,1,0,0,0,0,0,0,0,0,0,0
2001,210021,1,1,13,13,13,13,13,13,13,13,13,13
2001,210022,1,1,0,0,0,4,13,0,18,0,0,0
2001,210023,1,1,0,0,0,0,0,0,0,0,0,0
2001,210023,2,1,0,0,0,0,0,0,0,0,0,0
2001,210024,1,1,0,0,0,0,0,0,0,0,0,0
2001,210024,2,1,0,0,0,0,0,0,0,0,0,0
2001,210025,1,1,0,0,0,0,22,0,0,0,0,0
2001,210026,1,1,0,0,0,0,0,0,0,0,0,0
2001,210026,2,1,0,0,0,0,0,0,0,0,0,0
2001,210027,0,1,0,0,9,0,0,0,0,0,0,0
2001,210027,1,1,0,0,0,0,0,12,0,0,0,0
2001,210028,1,1,24,24,24,24,24,24,24,24,24,24
2001,210029,0,1,0,0,0,20,13,0,13,0,0,0
2001,210029,0,2,15,15,0,0,0,0,10,0,0,0
2001,210029,1,1,0,0,0,0,0,0,0,0,0,0
2001,210030,1,1,16,16,16,16,16,16,16,16,16,16
2001,210030,2,1,0,0,0,0,0,0,0,0,0,0
2001,210031,1,1,0,0,0,0,0,0,0,0,0,0
2001,210031,2,1,0,0,0,0,0,0,0,0,0,0
2001,210032,1,1,0,0,8,0,0,0,0,0,0,0
2001,210033,1,1,0,0,0,8,13,0,0,25,0,0
2001,210034,1,1,0,0,0,0,0,0,0,0,0,0
2001,210034,2,1,0,0,0,0,0,0,0,0,0,0
2001,210035,1,1,0,0,0,0,0,0,0,0,0,0
2001,210036,1,1,0,0,0,0,0,0,0,0,0,0
2001,210036,2,1,0,0,0,0,0,0,0,0,0,0
2001,210037,1,1,0,0,0,0,0,0,0,0,0,0
2001,210038,1,1,0,0,0,0,0,0,0,0,0,0
2001,210038,2,1,0,0,0,0,0,0,0,0,0,0
2001,210039,1,1,0,0,0,0,0,0,0,0,0,0
2001,210040,1,1,9,9,9,9,9,9,9,9,9,9
2001,210041,1,1,17,17,17,17,17,17,17,17,17,17
2001,210042,1,1,0,0,0,0,0,0,0,0,0,0
2001,210043,1,1,12,12,12,12,12,12,12,12,12,12
2001,210043,2,1,0,0,0,0,0,0,0,0,0,0
2001,210044,0,1,0,0,0,0,0,0,0,0,0,0
2001,210044,1,1,0,0,0,0,0,0,0,0,0,0
2001,210045,1,1,0,0,0,0,0,0,0,0,0,0
2001,210045,2,1,5,5,5,5,5,5,5,5,5,5
2001,210046,1,1,0,0,0,0,0,0,0,0,0,0
2001,210047,1,1,0,0,0,0,0,0,0,0,0,0
2001,210047,2,1,0,0,0,0,0,0,0,0,0,0
2001,210047,3,1,0,0,0,0,0,0,0,0,0,0
2001,210048,1,1,0,0,0,0,0,0,0,0,0,0
2001,210048,2,1,18,0,0,0,0,0,0,0,0,0
2001,210048,3,1,11,0,0,0,0,0,0,0,0,0
2001,210049,1,1,11,8,10,13,11,19,32,5,15,9
2001,210049,2,1,0,0,0,0,0,0,0,0,0,0
2001,210049,3,1,0,0,0,0,0,0,62,0,0,0
2001,210050,1,1,0,0,0,0,0,0,0,0,0,0
2001,210051,0,1,19,49,0,13,11,0,21,0,27,0
2001,210051,1,1,0,0,0,16,0,0,0,0,0,0
2001,210052,1,1,0,0,0,0,0,0,0,0,0,0
2001,210052,2,1,0,0,0,0,0,0,0,0,0,0
2001,210053,1,1,5,5,5,5,5,5,5,5,5,5
2001,210053,2,1,0,0,0,0,0,0,0,0,0,0
2001,210054,1,1,22,22,22,22,22,22,22,22,22,22
2001,210055,1,1,0,0,0,0,0,0,0,0,0,0
2001,210055,2,1,0,0,0,0,0,0,0,0,0,0
2001,210055,3,1,0,0,0,0,0,0,0,0,0,0
2001,210056,1,1,0,30,0,0,0,0,22,0,0,0
2001,210057,1,1,0,0,0,0,0,0,0,0,0,0
2001,210057,2,1,0,0,0,0,0,0,0,0,0,0
2001,210058,1,1,0,0,0,0,0,13,0,0,0,0
2001,210059,1,1,12,12,12,12,12,12,12,12,12,12
2001,210060,1,1,24,24,24,24,24,24,24,24,24,24
2001,210061,1,1,4,4,4,4,4,4,4,4,4,4
2001,210062,0,1,1,1,1,1,1,1,1,1,1,1
2001,210062,0,2,0,0,16,8,8,0,0,0,34,0
2001,210062,1,1,0,0,0,0,0,0,0,0,0,0
2001,210063,1,1,0,0,0,0,0,0,0,0,0,0
2001,210063,2,1,0,0,0,24,0,0,0,0,0,0
2001,210063,3,1,0,0,0,0,0,0,0,0,0,0
2001,210064,1,1,12,12,12,12,12,12,12,12,12,12
2001,210064,2,1,0,0,0,0,0,0,0,0,0,0
2001,210065,1,1,0,0,0,0,0,0,0,0,0,0
2001,210065,2,1,0,0,0,0,0,0,0,0,0,0
2001,210066,1,1,0,0,0,0,0,0,0,0,0,0
2001,210066,2,1,0,0,0,0,0,0,0,0,0,0
2001,210067,1,1,0,0,0,0,0,0,0,0,0,0
2001,210067,2,1,0,0,0,0,0,0,0,0,0,0
2001,210068,1,1,0,0,0,0,0,0,0,0,0,0
2001,210068,2,1,27,0,0,0,0,0,24,0,8,0
2001,210069,1,1,0,0,0,0,0,0,0,0,0,0
2001,210070,1,1,13,13,13,13,13,13,13,13,13,13
2001,210071,1,1,0,0,0,0,0,0,0,0,0,0
2001,210071,2,1,0,0,0,0,0,0,0,0,0,0
2001,210072,1,1,0,0,0,0,0,0,0,0,0,0
2001,210072,2,1,0,0,0,0,0,0,0,0,0,0
2001,210073,1,1,0,0,0,0,0,0,0,0,0,0
2001,210073,2,1,0,0,0,0,0,0,0,0,0,0
2001,210073,3,1,0,0,0,0,0,0,0,0,0,0
2001,210074,1,1,4,4,4,4,4,4,4,4,4,4
2001,210074,2,1,0,0,0,0,0,0,0,0,0,0
2001,210075,1,1,0,0,0,0,0,0,0,0,0,0
2001,210075,2,1,0,0,0,0,0,0,0,0,0,0
2001,210076,1,1,6,6,6,6,6,6,6,6,6,6
2001,210076,2,1,5,0,3,0,0,0,0,0,0,0
2001,210076,3,1,0,0,12,0,0,0,0,0,0,0
2001,210077,1,1,0,0,0,0,0,0,0,0,0,0
2001,210077,2,1,0,0,0,0,0,0,0,0,0,0
2001,210078,1,1,0,0,0,0,0,0,0,0,0,0
2001,210078,2,1,0,0,0,0,0,25,24,0,0,0
2001,210079,1,1,17,17,17,17,17,17,17,17,17,17
2001,210079,2,1,0,0,0,0,0,0,0,0,0,0
2001,210079,3,1,0,0,0,0,0,0,0,0,0,0
2001,210080,1,1,27,27,27,27,27,27,27,27,27,27
2001,210081,1,1,0,0,0,0,0,0,0,0,0,0
2001,210082,1,1,0,0,0,0,0,0,0,0,0,0
2001,210082,2,1,0,0,0,0,0,0,0,0,0,0
2001,210083,1,1,0,0,0,0,0,0,0,0,0,0
2001,210083,2,1,0,0,0,0,0,0,0,0,0,0
2001,210084,1,1,0,0,0,0,0,0,0,0,0,9
2001,210085,1,1,0,0,0,0,0,0,0,0,0,0
2001,210086,1,1,0,0,0,0,0,0,0,0,0,0
2001,210086,2,1,0,0,0,0,0,0,0,0,0,0
2001,210087,1,1,0,0,0,0,0,0,0,0,0,0
2001,210088,1,1,0,0,0,0,0,0,0,0,0,0
2001,210089,1,1,0,0,0,18,0,0,0,0,0,0
2001,210090,1,1,0,0,0,0,0,0,0,0,0,0
2001,210090,2,1,0,0,0,0,0,0,0,0,0,0
2001,210091,1,1,0,0,0,0,0,0,0,0,0,0
2001,210092,1,1,29,29,29,29,29,29,29,29,29,29
2001,210093,1,1,17,17,17,17,17,17,17,17,17,17
2001,210094,1,1,23,23,23,23,23,23,23,23,23,23
2001,210094,2,1,0,0,0,0,0,0,0,0,0,0
2001,210095,1,1,0,0,0,0,0,0,0,0,0,0
2001,210095,2,1,0,0,0,0,0,0,0,0,0,0
2001,210096,1,1,0,0,0,0,0,0,0,0,0,0
2001,210096,2,1,0,0,0,0,0,0,0,0,0,0
2001,210097,1,1,8,10,10,9,9,4,14,4,16,26
2001,210098,0,1,0,0,0,0,0,0,0,0,0,0
2001,210098,1,1,3,3,3,3,3,3,3,3,3,3
2001,210099,1,1,9,13,14,0,10,14,21,44,14,19
2001,210100,0,1,21,21,21,21,21,21,21,21,21,21
2001,210100,1,1,0,0,0,0,0,0,0,0,0,0
2001,210101,1,1,14,14,14,14,14,14,14,14,14,14
2001,210102,1,1,0,0,0,0,0,0,0,0,0,0
2001,210102,2,1,0,0,0,0,0,0,13,0,0,0
2001,210103,1,1,0,0,0,0,0,0,0,0,0,0
2001,210104,1,1,0,0,0,0,0,0,0,0,0,0
2001,210105,1,1,26,0,0,0,0,0,0,0,0,0
2001,210105,2,1,0,0,0,0,0,0,0,0,0,0
2001,210106,1,1,2,11,7,18,20,15,11,11,11,7
2001,210107,1,1,14,14,14,14,14,14,14,14,14,14
2001,210108,1,1,0,0,0,0,0,0,2,0,0,0
2001,210109,0,1,24,24,24,24,24,24,24,24,24,24
2001,210109,1,1,0,0,0,0,0,0,0,0,0,0
2001,210110,1,1,0,0,0,0,0,0,0,0,0,0
2001,210110,2,1,13,0,0,0,0,0,0,0,0,0
2001,210110,3,1,0,0,0,0,0,0,0,0,0,0
2001,210111,1,1,0,0,0,0,0,0,0,0,0,0
2001,210112,0,1,0,0,0,0,0,19,0,0,0,0
2001,210112,1,1,0,0,0,0,0,0,0,0,0,0
2001,210113,1,1,21,0,0,0,0,0,0,0,0,0
2001,210114,1,1,31,31,31,31,31,31,31,31,31,31
2001,210115,1,1,18,18,18,18,18,18,18,18,18,18
2001,210115,2,1,0,0,0,0,0,0,0,0,0,0
2001,210116,1,1,0,0,0,0,0,0,0,0,0,0
2001,210116,2,1,0,0,0,0,0,0,0,0,0,0