YEAR,st_case,veh_no,per_no,P1,P2,P3,P4,P5,P6,P7,P8,P9,P10
2001,210117,0,1,0,0,0,0,0,0,0,0,0,0
2001,210117,1,1,0,0,0,0,0,0,0,0,0,0
2001,210118,1,1,0,0,0,0,0,0,0,0,0,0
2001,210118,2,1,0,0,0,0,0,12,0,0,0,11
2001,210119,1,1,0,0,0,0,0,0,0,0,0,0
2001,210119,2,1,0,0,0,0,0,0,0,0,0,0
2001,210120,0,1,0,0,0,0,0,0,0,0,0,0
2001,210120,1,1,0,0,0,0,0,0,0,0,0,0
2001,210121,1,1,0,0,0,0,0,0,0,0,0,0
2001,210121,2,1,0,0,0,0,0,0,0,0,0,0
2001,210122,1,1,18,18,18,18,18,18,18,18,18,18
2001,210123,1,1,0,0,0,0,0,0,0,0,0,0
2001,210124,1,1,0,0,0,0,0,0,0,0,0,0
2001,210125,1,1,24,21,19,25,18,28,9,36,31,16
2001,210126,1,1,19,19,19,19,19,19,19,19,19,19
2001,210127,1,1,0,0,0,0,0,0,0,0,0,0
2001,210127,2,1,0,0,0,0,0,0,0,0,0,0
2001,210128,1,1,0,0,0,0,0,0,0,0,0,0
2001,210128,2,1,0,0,0,0,0,0,0,0,0,0
2001,210128,3,1,0,0,0,0,0,0,0,0,0,0
2001,210128,4,1,0,0,0,0,0,0,0,0,0,0
2001,210129,1,1,0,0,0,0,0,0,0,0,0,0
2001,210130,1,1,0,0,0,0,0,0,0,0,0,0
2001,210130,2,1,0,0,0,0,0,0,0,0,0,0
2001,210130,3,1,0,0,6,0,0,0,0,0,0,0
2001,210130,4,1,0,0,0,0,0,0,0,0,0,0
2001,210131,1,1,0,0,0,0,0,0,0,0,0,0
2001,210132,1,1,0,0,17,0,0,0,0,0,0,0
2001,210133,1,1,0,0,0,0,0,0,0,0,0,0
2001,210133,2,1,0,0,0,0,0,0,0,0,0,0
2001,210134,1,1,34,34,34,34,34,34,34,34,34,34
2001,210135,1,1,0,0,0,0,0,0,0,0,0,0
2001,210135,2,1,0,0,0,0,0,0,0,0,0,0
2001,210136,1,1,0,0,0,0,0,0,0,0,0,0
2001,210137,1,1,11,11,11,11,11,11,11,11,11,11
2001,210138,1,1,0,0,0,0,0,0,0,0,0,0
2001,210138,2,1,0,0,0,0,0,0,0,0,0,0
2001,210139,1,1,0,0,0,0,0,0,0,0,0,0
2001,210139,2,1,0,0,0,0,0,0,0,0,0,0
2001,210140,0,1,13,17,33,0,0,26,0,0,16,0
2001,210140,1,1,0,0,0,0,0,0,0,0,0,0
2001,210141,1,1,0,0,0,0,0,0,0,20,0,0
2001,210142,1,1,18,18,18,18,18,18,18,18,18,18
2001,210143,1,1,0,0,0,0,0,0,0,0,0,0
2001,210144,1,1,0,0,0,0,0,0,0,0,0,0
2001,210144,2,1,0,0,0,0,0,0,0,0,0,0
2001,210145,1,1,0,0,0,0,0,0,0,0,0,0
2001,210146,0,1,0,0,0,0,0,0,0,0,0,0
2001,210146,1,1,0,0,0,0,0,0,27,14,0,0
2001,210147,1,1,0,0,0,0,0,0,0,0,0,0
2001,210148,1,1,0,0,0,0,0,0,0,0,0,0
2001,210148,2,1,0,0,0,0,0,0,0,0,0,0
2001,210148,3,1,0,0,0,0,0,0,0,0,0,0
2001,210149,1,1,0,0,16,0,0,0,0,0,0,0
2001,210149,2,1,0,0,0,0,0,0,0,0,0,0
2001,210150,1,1,0,0,0,0,0,0,0,0,0,0
2001,210150,2,1,0,0,0,0,0,0,0,0,0,0
2001,210151,0,1,0,18,16,56,0,0,8,0,0,0
2001,210151,1,1,0,0,0,0,0,0,0,0,0,0
2001,210152,1,1,18,13,17,15,10,22,18,15,20,10
2001,210152,2,1,0,0,0,0,0,0,0,0,0,0
2001,210153,1,1,19,19,19,19,19,19,19,19,19,19
2001,210154,1,1,19,0,0,3,0,30,0,0,0,0
2001,210155,1,1,16,0,0,0,0,0,0,0,0,0
2001,210156,1,1,0,0,0,0,0,20,0,0,0,0
2001,210157,1,1,0,0,0,0,0,0,0,0,0,0
2001,210157,2,1,0,0,0,0,0,0,0,0,0,0
2001,210158,1,1,0,0,0,0,0,0,0,0,0,0
2001,210158,2,1,0,0,0,0,0,0,0,0,0,0
2001,210159,1,1,0,0,0,0,0,0,0,0,16,0
2001,210159,2,1,0,0,0,0,0,0,0,0,0,0
2001,210160,1,1,0,0,0,0,0,0,0,0,0,0
2001,210160,2,1,0,0,0,0,0,0,0,0,0,0
2001,210161,1,1,0,0,0,0,0,0,0,0,18,0
2001,210162,1,1,0,0,0,0,0,0,0,0,0,0
2001,210163,1,1,0,0,0,0,0,0,0,0,0,0
2001,210163,2,1,0,0,0,0,0,0,0,0,0,0
2001,210164,1,1,23,23,23,23,23,23,23,23,23,23
2001,210164,2,1,0,0,0,0,0,0,0,0,0,0
2001,210165,1,1,0,0,0,0,0,0,0,0,0,0
2001,210166,1,1,0,0,0,0,0,0,0,0,0,0
2001,210166,2,1,0,0,0,0,0,0,0,0,0,0
2001,210167,1,1,0,0,0,0,0,0,0,0,0,0
2001,210167,2,1,0,0,0,0,0,0,0,0,0,0
2001,210168,1,1,0,0,0,0,0,0,0,0,0,0
2001,210169,1,1,0,0,0,0,0,0,0,0,0,0
2001,210169,2,1,0,0,0,0,0,0,0,0,0,0
2001,210170,1,1,0,21,14,8,5,10,7,12,6,11
2001,210171,1,1,21,21,21,21,21,21,21,21,21,21
2001,210172,1,1,0,0,0,0,0,0,0,0,0,0
2001,210172,2,1,0,0,0,0,0,0,0,0,0,0
2001,210173,1,1,0,0,0,0,0,0,0,0,0,0
2001,210173,2,1,0,0,0,0,0,0,0,0,0,0
2001,210174,1,1,20,20,20,20,20,20,20,20,20,20
2001,210175,1,1,0,0,0,0,0,0,0,0,0,0
2001,210175,2,1,0,0,0,0,0,0,0,0,0,0
2001,210176,1,1,0,0,0,0,0,0,0,0,0,0
2001,210176,2,1,0,0,0,0,0,0,0,0,0,0
2001,210177,1,1,0,0,0,0,0,0,0,0,0,0
2001,210177,2,1,0,0,0,0,0,0,0,0,0,0
2001,210177,3,1,0,0,0,0,0,0,0,0,0,0
2001,210179,1,1,0,0,0,0,0,0,0,6,0,0
2001,210180,1,1,0,0,0,0,0,0,0,0,0,0
2001,210180,2,1,0,0,0,0,0,0,0,0,0,0
2001,210181,1,1,0,0,0,0,0,0,0,0,0,0
2001,210182,1,1,0,0,0,0,0,0,0,0,0,0
2001,210183,1,1,0,0,0,0,0,0,0,0,0,0
2001,210184,1,1,6,0,0,0,0,0,0,0,0,0
2001,210185,1,1,0,0,0,0,20,0,0,14,0,0
2001,210185,2,1,3,3,3,3,3,3,3,3,3,3
2001,210186,1,1,0,0,0,0,0,0,0,0,0,0
2001,210187,1,1,22,22,22,22,22,22,22,22,22,22
2001,210188,1,1,0,0,0,0,0,0,0,0,0,0
2001,210189,1,1,0,0,0,0,0,0,0,0,0,0
2001,210189,2,1,0,0,0,12,0,0,0,0,24,0
2001,210190,1,1,0,0,0,0,0,0,0,0,0,0
2001,210190,2,1,0,0,0,0,0,0,0,0,0,0
2001,210191,1,1,0,0,0,0,0,0,0,0,0,0
2001,210191,2,1,0,0,0,0,0,0,0,0,0,0
2001,210192,1,1,13,13,13,13,13,13,13,13,13,13
2001,210193,1,1,22,22,22,22,22,22,22,22,22,22
2001,210194,1,1,0,0,0,0,0,0,0,0,0,0
2001,210195,1,1,0,0,0,0,0,0,0,0,0,0
2001,210195,2,1,0,0,0,0,0,0,0,0,0,0
2001,210196,1,1,0,0,0,0,0,0,0,0,0,0
2001,210197,1,1,0,0,0,0,0,0,0,0,0,0
2001,210198,1,1,0,0,0,0,0,0,0,0,0,0
2001,210198,2,1,0,0,0,0,0,0,0,15,0,0
2001,210199,0,1,0,0,0,0,0,0,0,0,0,0
2001,210199,1,1,0,0,0,0,0,0,0,13,0,0
2001,210200,1,1,0,0,0,0,0,0,0,0,30,0
2001,210201,1,1,0,0,0,0,0,0,0,0,0,0
2001,210201,2,1,0,0,0,0,0,0,0,0,0,0
2001,210202,1,1,20,20,20,20,20,20,20,20,20,20
2001,210203,1,1,0,0,33,0,0,0,11,0,0,0
2001,210203,2,1,0,0,0,0,0,0,0,0,0,0
2001,210204,0,1,0,8,7,0,0,0,30,0,37,0
2001,210204,1,1,0,0,0,0,0,0,0,0,0,0
2001,210205,1,1,0,0,0,0,0,0,0,0,0,0
2001,210205,2,1,0,0,0,0,0,0,0,0,0,0
2001,210206,1,1,23,23,23,23,23,23,23,23,23,23
2001,210207,1,1,9,9,9,9,9,9,9,9,9,9
2001,210208,1,1,22,22,22,22,22,22,22,22,22,22
2001,210208,2,1,0,0,0,0,0,0,0,0,0,0
2001,210208,3,1,0,0,0,0,0,0,0,19,0,0
2001,210209,1,1,19,19,19,19,19,19,19,19,19,19
2001,210210,1,1,0,0,0,0,0,0,0,33,0,0
2001,210211,1,1,8,8,8,8,8,8,8,8,8,8
2001,210212,1,1,0,0,0,0,0,0,0,0,0,0
2001,210212,2,1,0,0,0,0,0,0,0,0,0,0
2001,210213,1,1,0,18,0,0,0,0,0,0,0,0
2001,210214,1,1,0,0,0,0,0,0,0,0,0,0
2001,210214,2,1,0,0,0,0,0,0,0,0,0,0
2001,210215,1,1,0,0,0,0,0,0,0,0,0,0
2001,210215,2,1,0,0,0,0,0,0,0,0,0,0
2001,210216,1,1,0,0,0,0,0,0,0,0,0,0
2001,210216,2,1,0,0,0,0,0,0,0,0,0,0
2001,210217,1,1,0,0,0,0,0,0,0,0,0,0
2001,210217,2,1,0,0,0,0,0,0,0,0,0,0
2001,210218,1,1,0,0,0,0,0,0,0,0,0,0
2001,210219,1,1,0,0,0,0,0,0,0,0,0,0
2001,210220,1,1,0,0,0,0,0,0,0,0,0,0
2001,210220,2,1,0,0,0,0,0,0,0,0,0,0
2001,210220,3,1,0,0,0,0,0,0,0,0,0,0
2001,210221,1,1,0,0,0,0,0,0,0,0,0,0
2001,210222,1,1,0,0,0,0,0,0,0,0,0,0
2001,210223,1,1,0,0,0,0,0,0,0,0,0,0
2001,210223,2,1,0,0,0,0,0,0,0,0,0,0
2001,210224,1,1,0,0,18,0,0,15,0,0,0,0
2001,210225,1,1,25,25,25,25,25,25,25,25,25,25
2001,210226,1,1,0,0,0,0,0,0,0,0,0,0
2001,210226,2,1,0,0,0,0,0,0,0,0,0,0
2001,210227,1,1,0,0,0,0,0,0,0,0,0,0
2001,210228,0,1,0,0,0,0,0,0,0,0,0,0
2001,210228,1,1,0,0,0,0,0,0,0,0,0,0
2001,210229,1,1,0,0,0,0,0,0,0,0,0,0
2001,210229,2,1,0,0,0,0,0,0,0,0,0,0
2001,210230,1,1,0,0,0,0,0,0,0,0,0,0
2001,210230,2,1,0,0,0,0,0,0,0,0,0,0
2001,210231,1,1,0,0,0,0,0,0,0,0,0,0
2001,210231,2,1,0,0,0,0,0,0,0,0,0,0
2001,210232,1,1,19,19,19,19,19,19,19,19,19,19
2001,210233,1,1,22,22,22,22,22,22,22,22,22,22
2001,210234,1,1,0,0,0,0,0,0,0,0,0,0
2001,210234,2,1,0,0,0,0,6,0,0,0,0,0
2001,210235,1,1,0,0,0,0,0,0,0,0,0,0
2001,210236,1,1,17,17,17,17,17,17,17,17,17,17
2001,210236,2,1,6,6,6,6,6,6,6,6,6,6
2001,210237,1,1,19,19,19,19,19,19,19,19,19,19
2001,210238,1,1,0,0,0,0,0,0,0,0,0,0
2001,210239,1,1,0,0,0,0,0,0,0,0,0,0
2001,210239,2,1,0,0,0,0,0,0,0,0,0,0
2001,210240,1,1,29,29,29,29,29,29,29,29,29,29
2001,210241,1,1,8,8,8,8,8,8,8,8,8,8
2001,210242,1,1,0,0,0,0,0,0,0,0,0,0
2001,210243,1,1,15,18,11,18,18,0,0,12,0,14
2001,210244,1,1,0,0,0,0,0,0,0,0,0,0
2001,210245,1,1,0,0,0,0,0,0,0,0,0,0
2001,210245,2,1,0,0,0,6,0,0,0,0,0,0
2001,210245,3,1,5,0,0,0,0,0,0,0,0,0
2001,210246,1,1,13,13,13,13,13,13,13,13,13,13
2001,210247,1,1,0,0,0,0,0,0,0,0,0,0
2001,210248,1,1,0,0,0,0,0,0,0,0,0,0
2001,210249,1,1,15,15,15,15,15,15,15,15,15,15
2001,210250,1,1,0,0,0,0,0,0,0,0,0,0
2001,210250,2,1,0,21,0,0,0,0,0,0,25,0
2001,210251,1,1,0,0,0,0,0,0,0,0,0,0
2001,210251,2,1,0,0,0,0,0,0,0,0,0,0
2001,210252,1,1,0,0,0,0,0,0,0,0,0,0
2001,210252,2,1,0,0,0,0,0,0,0,0,0,0
2001,210253,1,1,0,0,0,0,0,0,0,0,0,0
2001,210254,1,1,12,12,12,12,12,12,12,12,12,12
2001,210255,1,1,21,21,21,21,21,21,21,21,21,21
2001,210256,0,1,0,0,0,0,0,0,0,0,0,0
2001,210256,1,1,0,0,0,0,0,0,0,0,0,0
2001,210257,1,1,0,0,0,0,0,0,0,0,0,0
2001,210257,2,1,0,0,0,0,0,0,0,0,0,0
2001,210258,1,1,0,0,0,0,0,0,0,0,0,0
2001,210259,1,1,0,0,0,0,0,0,0,0,0,0
2001,210260,0,1,28,17,24,3,19,15,15,0,0,0
2001,210260,1,1,0,0,0,0,0,0,0,0,0,0
2001,210261,1,1,15,18,0,0,11,8,21,14,0,0
2001,210262,0,1,0,0,0,0,0,0,0,0,0,0
2001,210262,1,1,0,7,5,0,0,0,19,0,0,7
2001,210263,1,1,19,19,19,19,19,19,19,19,19,19
2001,210263,2,1,0,0,0,0,0,0,0,0,0,0
2001,210264,1,1,1,1,1,1,1,1,1,1,1,1
2001,210264,2,1,0,0,0,0,0,0,0,0,0,0
2001,210265,1,1,0,0,0,0,0,0,0,0,0,0
2001,210266,0,1,0,0,0,0,0,0,0,0,0,0
2001,210266,1,1,0,0,0,0,0,0,0,0,0,0
2001,210267,1,1,0,0,0,0,0,0,0,0,0,0
2001,210267,2,1,0,0,0,0,0,0,0,0,0,0
2001,210267,3,1,0,0,0,0,0,0,0,0,0,0
2001,210268,1,1,7,0,0,8,0,0,0,5,14,0
2001,210269,1,1,3,0,10,22,0,13,20,0,8,8
2001,210270,1,1,0,0,0,0,0,0,0,0,0,0
2001,210270,2,1,0,0,0,0,0,0,0,0,10,0
2001,210271,1,1,0,0,0,0,0,0,19,0,0,0
2001,210271,2,1,0,0,0,0,0,0,0,0,0,0
2001,210272,1,1,0,0,0,0,0,0,0,0,0,0
2001,210273,1,1,0,0,0,0,0,0,0,0,0,0
2001,210274,1,1,0,0,0,0,0,17,0,0,0,0
2001,210274,2,1,0,0,0,11,0,0,0,0,0,0
2001,210275,1,1,24,24,24,24,24,24,24,24,24,24
2001,210276,1,1,0,0,0,0,0,0,0,0,0,0
2001,210277,1,1,0,0,0,0,0,0,0,0,0,0
2001,210277,2,1,0,0,0,0,0,0,0,0,0,0
2001,210278,1,1,19,0,0,0,0,0,0,0,0,0
2001,210279,1,1,25,25,25,25,25,25,25,25,25,25
2001,210280,1,1,18,0,19,0,0,0,0,0,0,0
2001,210281,1,1,0,0,0,0,0,0,0,0,0,0
2001,210281,2,1,0,0,0,0,0,0,0,0,0,0
2001,210282,1,1,0,0,0,0,0,0,0,0,0,0
2001,210283,1,1,0,0,0,0,0,14,15,0,0,0
2001,210284,0,1,41,41,41,41,41,41,41,41,41,41
2001,210284,1,1,0,0,0,0,0,0,0,0,0,0
2001,210285,1,1,0,0,0,0,0,0,0,0,0,0
2001,210286,1,1,0,0,0,0,0,0,0,0,0,0
2001,210286,2,1,0,0,0,0,0,0,0,0,0,0
2001,210287,1,1,0,0,0,0,0,0,0,0,0,0
2001,210287,2,1,0,0,0,0,0,0,0,0,0,0
2001,210288,1,1,0,0,0,0,0,0,0,0,15,0
2001,210289,1,1,0,0,0,0,0,0,0,0,0,0
2001,210290,1,1,0,0,0,0,0,0,0,0,0,0
2001,210291,1,1,0,0,0,0,0,0,0,0,0,0
2001,210292,1,1,0,0,0,0,0,0,0,0,0,0
2001,210292,2,1,0,0,0,10,0,0,0,0,0,0
2001,210293,1,1,0,0,24,0,0,0,0,0,14,0
2001,210293,2,1,0,0,0,0,0,0,0,0,0,0
2001,210294,1,1,0,0,0,0,0,0,0,0,0,0
2001,210294,2,1,0,0,0,0,0,0,0,0,0,0
2001,210295,1,1,0,0,0,0,0,0,0,0,0,0
2001,210295,2,1,0,0,0,0,0,0,0,0,0,11
2001,210296,1,1,0,0,0,0,0,0,0,0,0,0
2001,210296,2,1,0,0,0,0,0,0,0,0,0,0
2001,210297,1,1,16,0,0,0,0,0,0,0,0,0
2001,210297,2,1,0,0,0,0,0,0,0,0,0,0
2001,210298,1,1,0,0,0,0,0,0,0,0,0,0
2001,210298,2,1,0,0,0,0,0,0,0,0,0,0
2001,210299,1,1,0,0,0,0,0,0,0,0,0,0
2001,210300,1,1,65,65,65,65,65,65,65,65,65,65
2001,210300,2,1,0,0,0,0,0,0,0,0,0,0
2001,210301,1,1,17,27,15,0,35,29,9,25,10,22
2001,210302,1,1,0,0,0,0,0,0,0,0,0,0
2001,210303,1,1,0,0,0,0,0,0,0,0,0,0
2001,210303,2,1,0,0,0,0,0,0,0,0,0,0
2001,210304,1,1,33,0,0,0,24,0,35,23,0,32
2001,210304,2,1,0,0,0,0,0,0,0,0,0,0
2001,210305,1,1,0,10,9,0,0,4,0,0,6,0
2001,210306,1,1,0,0,13,18,0,0,26,0,0,0
2001,210307,1,1,0,0,0,0,0,0,0,0,0,0
2001,210307,2,1,23,18,0,0,0,0,0,17,0,0
2001,210308,1,1,0,0,0,0,0,0,0,0,0,0
2001,210309,1,1,0,0,0,0,0,0,0,0,0,0
2001,210309,2,1,0,0,0,19,0,4,0,0,0,0
2001,210310,1,1,25,25,25,25,25,25,25,25,25,25
2001,210311,1,1,0,0,0,0,0,0,0,0,0,0
2001,210311,2,1,0,0,0,0,0,0,0,0,0,0
2001,210312,1,1,21,21,21,21,21,21,21,21,21,21
2001,210313,1,1,0,0,0,0,0,0,0,0,0,0
2001,210314,1,1,8,0,0,0,0,0,0,0,0,0
2001,210314,2,1,0,0,0,0,0,0,0,0,0,0
2001,210315,1,1,0,0,0,0,0,0,13,0,0,0
2001,210316,1,1,0,0,0,0,0,0,0,0,0,0
2001,210317,1,1,0,0,0,0,0,0,0,0,0,0
2001,210318,1,1,24,24,24,24,24,24,24,24,24,24
2001,210319,1,1,0,0,0,0,0,0,0,0,0,0
2001,210320,1,1,28,28,28,28,28,28,28,28,28,28
2001,210320,2,1,0,0,0,0,0,0,0,0,0,0
2001,210321,1,1,0,0,0,0,0,0,0,0,0,0
2001,210322,1,1,0,0,0,0,0,0,0,0,0,0
2001,210323,1,1,0,0,0,0,0,0,0,0,0,0
2001,210324,1,1,0,0,0,0,0,0,0,0,0,0
2001,210325,1,1,14,0,0,0,14,5,0,0,0,0
2001,210326,1,1,16,16,16,16,16,16,16,16,16,16
2001,210327,1,1,0,0,0,0,0,0,0,0,0,0
2001,210327,2,1,0,0,0,0,0,0,0,0,0,0
2001,210327,3,1,0,0,0,0,0,0,0,0,0,0
2001,210328,1,1,22,11,29,0,0,0,0,0,5,0
2001,210329,1,1,17,17,17,17,17,17,17,17,17,17
2001,210329,2,1,0,0,0,0,0,0,0,0,0,0
2001,210330,1,1,6,19,14,21,22,37,34,27,17,23
2001,210331,1,1,0,0,0,0,0,0,0,0,0,0
2001,210332,1,1,0,0,0,0,0,0,0,0,0,0
2001,210333,1,1,0,0,8,0,0,0,22,0,0,16
2001,210333,2,1,0,0,0,0,0,0,0,0,0,0
2001,210333,3,1,0,0,16,0,0,0,0,0,0,0
2001,210334,1,1,0,0,0,0,0,0,0,0,0,0
2001,210334,2,1,0,0,0,0,0,0,0,0,0,0
2001,210334,3,1,0,0,0,0,0,0,0,0,0,0
2001,210334,4,1,0,0,0,0,0,0,0,0,0,0
2001,210335,1,1,0,0,0,0,0,0,0,0,0,0
2001,210336,1,1,0,0,0,0,0,0,0,14,0,0
2001,210336,2,1,0,0,0,0,0,0,0,0,0,0
2001,210336,3,1,0,0,0,0,0,0,0,0,0,0
2001,210337,1,1,0,20,0,16,0,0,0,0,0,0
2001,210338,1,1,0,0,0,0,0,0,0,0,0,0
2001,210338,2,1,0,0,0,0,0,0,0,0,0,0
2001,210339,1,1,0,0,0,0,0,0,0,0,0,0
2001,210340,1,1,0,0,0,0,0,0,0,0,0,0
2001,210341,1,1,6,6,6,6,6,6,6,6,6,6
2001,210342,1,1,0,0,0,0,0,0,0,0,0,0
2001,210342,2,1,0,0,0,0,0,0,0,0,0,0
2001,210343,1,1,0,0,0,0,0,0,0,9,0,0
2001,210344,1,1,13,13,13,13,13,13,13,13,13,13
2001,210344,2,1,0,0,0,0,0,0,0,0,0,0
2001,210345,1,1,16,16,16,16,16,16,16,16,16,16
2001,210346,1,1,0,5,15,13,0,22,19,9,6,7
2001,210346,2,1,0,0,0,0,0,0,0,0,0,0
2001,210347,1,1,8,9,23,19,12,9,11,6,15,9
2001,210348,1,1,0,0,0,0,0,0,0,0,0,0
2001,210349,1,1,21,21,21,21,21,21,21,21,21,21
2001,210350,1,1,0,0,0,0,0,0,0,0,0,0
2001,210351,1,1,22,22,22,22,22,22,22,22,22,22
2001,210352,1,1,0,0,0,0,0,0,0,0,0,0
2001,210352,2,1,0,0,0,0,0,0,0,0,0,0
2001,210353,1,1,12,12,12,12,12,12,12,12,12,12
2001,210353,2,1,0,0,0,0,0,0,0,0,0,0
2001,210353,3,1,0,0,0,0,0,0,0,0,0,6
2001,210354,1,1,0,0,0,0,0,0,0,0,0,0
2001,210354,2,1,0,0,0,0,0,0,0,0,0,0
2001,210355,1,1,0,0,0,0,0,0,0,0,0,0
2001,210355,2,1,0,0,0,0,0,0,0,0,0,0
2001,210356,0,1,0,0,0,0,0,0,0,0,0,0
2001,210356,1,1,0,0,0,0,0,0,0,0,0,0
2001,210357,1,1,0,0,0,0,0,0,36,0,15,0
2001,210358,1,1,0,0,0,0,0,0,0,0,0,9
2001,210359,1,1,13,13,13,13,13,13,13,13,13,13
2001,210360,1,1,0,0,0,0,0,8,0,0,0,0
2001,210361,1,1,9,19,14,25,6,12,22,19,7,18
2001,210362,1,1,11,0,0,0,0,5,0,0,0,0
2001,210363,1,1,10,10,10,10,10,10,10,10,10,10
2001,210364,1,1,17,17,17,17,17,17,17,17,17,17
2001,210365,1,1,22,7,14,0,0,0,19,0,10,0
2001,210366,1,1,9,9,9,9,9,9,9,9,9,9
2001,210367,1,1,0,0,0,0,0,0,0,0,0,0
2001,210368,1,1,0,0,0,0,0,0,0,0,0,0
2001,210368,2,1,0,0,0,0,0,0,0,0,0,0
2001,210368,3,1,0,0,0,0,0,0,0,0,0,0
2001,210369,1,1,0,0,0,0,0,0,0,0,0,0
2001,210369,2,1,0,0,0,0,0,0,0,0,0,0
2001,210370,1,1,0,0,0,0,0,0,0,0,0,20
2001,210371,1,1,0,0,26,0,0,0,0,0,0,0
2001,210372,1,1,18,18,18,18,18,18,18,18,18,18
2001,210373,1,1,20,20,20,20,20,20,20,20,20,20
2001,210374,1,1,0,0,0,0,0,0,0,23,0,0
2001,210374,2,1,0,0,0,0,0,0,0,0,0,0
2001,210374,3,1,0,0,0,0,0,0,0,0,0,0
2001,210374,4,1,0,0,0,0,0,0,0,0,0,0
2001,210375,1,1,0,0,0,0,0,0,0,0,0,0
2001,210375,2,1,0,0,0,0,0,0,0,0,0,0
2001,210375,3,1,0,0,0,0,0,0,0,0,0,0
2001,210376,1,1,0,0,0,0,0,0,0,0,0,0
2001,210376,2,1,0,0,0,0,0,0,0,0,0,0
2001,210376,3,1,0,0,0,0,0,0,0,0,0,0
2001,210377,1,1,0,0,0,0,0,0,0,0,0,0
2001,210377,2,1,0,0,0,0,0,0,0,0,0,0
2001,210378,1,1,0,0,0,0,0,10,9,0,12,0
2001,210378,2,1,0,0,0,0,0,0,0,0,0,0
2001,210378,3,1,9,0,0,0,0,0,0,0,0,0
2001,210379,1,1,33,33,33,33,33,33,33,33,33,33
2001,210379,2,1,0,0,0,0,0,0,0,0,0,0
2001,210380,1,1,0,0,0,0,0,0,0,0,0,0
2001,210380,2,1,0,0,0,0,26,0,0,0,0,0
2001,210381,1,1,39,39,39,39,39,39,39,39,39,39
2001,210382,1,1,0,0,0,0,0,0,0,0,0,0
2001,210382,2,1,0,0,0,0,0,0,0,0,0,20
2001,210383,1,1,0,0,0,0,0,0,0,0,0,0
2001,210383,2,1,0,0,0,0,0,0,0,0,0,0
2001,210384,1,1,14,22,12,17,13,19,20,32,37,18
2001,210384,2,1,0,0,0,0,0,0,0,0,0,10
2001,210385,0,1,0,0,6,0,0,0,0,7,22,0
2001,210385,1,1,10,10,10,10,10,10,10,10,10,10
2001,210386,1,1,18,18,18,18,18,18,18,18,18,18
2001,210386,2,1,0,0,0,0,0,0,0,0,0,0
2001,210387,1,1,27,27,27,27,27,27,27,27,27,27
2001,210388,1,1,0,0,0,0,0,0,0,0,0,0
2001,210389,1,1,0,0,2,9,0,0,0,0,0,0
2001,210390,1,1,0,0,0,0,0,0,0,0,0,0
2001,210391,1,1,0,0,0,0,0,0,0,0,0,0
2001,210391,2,1,0,0,0,0,0,0,0,0,0,0
2001,210392,1,1,0,0,0,0,0,0,0,0,0,0
2001,210392,2,1,5,0,0,0,0,0,0,0,0,0
2001,210392,3,1,0,0,0,0,0,0,0,0,20,0
2001,210393,1,1,0,0,0,0,0,0,0,0,0,0
2001,210393,2,1,0,0,0,0,0,0,10,0,0,31
2001,210394,1,1,0,0,0,0,0,0,0,0,0,0
2001,210394,2,1,0,0,0,0,0,0,0,0,0,0
2001,210395,1,1,0,0,0,0,0,0,0,0,0,0
2001,210395,2,1,0,0,0,0,0,0,0,0,0,0
2001,210396,1,1,7,7,7,7,7,7,7,7,7,7
2001,210397,1,1,0,0,0,0,0,0,0,0,0,0
2001,210398,1,1,0,0,0,0,0,0,0,0,0,0
2001,210398,2,1,0,0,0,0,0,0,0,0,0,0
2001,210399,1,1,27,27,27,27,27,27,27,27,27,27
2001,210399,2,1,0,0,0,0,0,0,0,0,0,0
2001,210400,1,1,0,0,0,0,0,0,0,0,0,0
2001,210401,1,1,0,0,0,0,0,0,0,0,0,0
2001,210401,2,1,0,0,0,0,0,0,0,0,0,0
2001,210402,1,1,0,0,0,0,0,0,0,0,0,0
2001,210403,1,1,0,0,0,0,0,0,0,0,0,0
2001,210403,2,1,0,0,0,0,0,0,0,0,0,0
2001,210404,1,1,0,0,0,0,0,0,0,0,0,0
2001,210405,0,1,0,0,0,0,0,0,0,0,0,0
2001,210405,1,1,0,0,0,0,0,0,0,0,0,0
2001,210406,1,1,33,33,33,33,33,33,33,33,33,33
2001,210407,1,1,0,0,0,0,0,0,0,0,9,0
2001,210407,2,1,0,0,0,0,0,0,0,0,0,0
2001,210408,1,1,0,0,0,0,0,0,0,0,0,0
2001,210408,2,1,0,0,0,0,0,0,0,0,0,0
2001,210409,1,1,0,0,0,0,0,0,0,0,0,12
2001,210409,2,1,0,0,0,0,0,0,0,0,0,0
2001,210410,1,1,0,0,14,0,0,0,0,0,0,0
2001,210411,1,1,0,0,0,0,0,0,0,0,0,0
2001,210412,1,1,0,0,0,0,0,0,0,0,0,0
2001,210413,1,1,0,0,0,0,0,0,0,0,0,0
2001,210413,2,1,0,0,0,0,0,0,0,0,0,0
2001,210414,1,1,14,14,14,14,14,14,14,14,14,14
2001,210414,2,1,0,0,0,0,0,0,0,0,0,0
2001,210415,1,1,31,31,31,31,31,31,31,31,31,31
2001,210415,2,1,0,0,0,0,0,0,0,0,0,0
2001,210416,1,1,0,0,0,0,0,0,0,0,0,0
2001,210416,2,1,0,0,0,0,0,0,0,0,0,0
2001,210417,1,1,0,0,0,0,0,0,0,0,0,0
2001,210417,2,1,0,0,0,0,0,0,0,0,0,0