YEAR,st_case,veh_no,per_no,P1,P2,P3,P4,P5,P6,P7,P8,P9,P10
2001,220227,1,1,13,0,0,0,0,0,0,0,0,0
2001,220228,0,1,16,16,16,16,16,16,16,16,16,16
2001,220228,1,1,0,0,0,0,0,0,0,0,0,0
2001,220229,1,1,0,0,0,0,0,0,0,0,0,0
2001,220230,1,1,0,9,12,19,13,13,0,15,4,10
2001,220231,0,1,0,15,28,16,10,24,29,17,0,0
2001,220231,1,1,11,11,11,11,11,11,11,11,11,11
2001,220232,1,1,17,0,22,0,0,20,0,21,19,30
2001,220233,1,1,0,0,0,0,0,0,0,39,16,0
2001,220234,1,1,0,0,0,0,0,0,0,0,0,0
2001,220234,2,1,0,0,0,0,0,0,0,0,0,0
2001,220235,1,1,0,0,0,0,0,0,0,0,0,0
2001,220235,2,1,0,0,0,0,0,0,0,0,0,0
2001,220236,1,1,18,18,18,18,18,18,18,18,18,18
2001,220237,1,1,11,11,11,11,11,11,11,11,11,11
2001,220238,1,1,0,0,0,0,0,0,0,0,0,0
2001,220238,2,1,0,0,0,0,0,0,0,0,0,0
2001,220239,1,1,5,5,5,5,5,5,5,5,5,5
2001,220240,1,1,3,3,3,3,3,3,3,3,3,3
2001,220241,1,1,8,16,12,15,10,0,22,18,15,20
2001,220242,1,1,20,13,16,17,8,21,18,14,18,28
2001,220243,1,1,0,0,0,0,0,0,0,0,0,0
2001,220243,2,1,0,0,0,0,0,0,0,0,0,0
2001,220244,0,1,37,20,17,0,9,0,17,7,40,0
2001,220244,1,1,0,0,0,0,0,0,0,0,0,0
2001,220245,1,1,0,0,0,0,0,0,0,0,0,0
2001,220246,1,1,0,0,0,0,0,0,0,0,0,0
2001,220246,2,1,0,0,0,0,0,0,0,0,0,0
2001,220246,3,1,0,0,0,0,0,0,0,0,0,0
2001,220246,4,1,0,0,0,0,0,0,0,0,0,0
2001,220247,1,1,30,0,0,0,0,0,0,0,0,0
2001,220248,1,1,0,0,0,0,0,13,24,0,0,0
2001,220249,1,1,0,0,0,0,0,0,0,0,13,0
2001,220249,2,1,0,0,0,0,9,0,0,0,0,0
2001,220250,0,1,0,0,0,0,0,0,0,0,0,0
2001,220250,1,1,0,0,0,0,0,0,0,0,0,0
2001,220250,2,1,0,0,0,0,0,0,0,0,0,0
2001,220251,1,1,18,18,18,18,18,18,18,18,18,18
2001,220252,1,1,0,0,0,0,0,0,0,0,0,0
2001,220252,2,1,0,0,0,0,0,0,0,0,0,0
2001,220253,1,1,16,0,27,0,31,0,0,4,0,0
2001,220254,1,1,0,0,0,0,0,0,12,0,0,0
2001,220254,2,1,0,0,0,0,0,0,0,0,0,0
2001,220255,1,1,25,25,25,25,25,25,25,25,25,25
2001,220256,1,1,0,0,0,0,0,0,0,0,0,0
2001,220256,2,1,23,0,14,0,0,0,0,15,0,0
2001,220257,0,1,27,27,27,27,27,27,27,27,27,27
2001,220257,1,1,0,0,0,0,0,0,0,0,0,0
2001,220258,1,1,13,13,13,13,13,13,13,13,13,13
2001,220258,2,1,2,2,2,2,2,2,2,2,2,2
2001,220259,1,1,0,0,0,0,0,0,0,0,0,0
2001,220260,1,1,0,0,0,0,0,0,0,0,0,0
2001,220261,1,1,0,0,0,0,0,0,0,0,0,0
2001,220262,1,1,15,15,15,15,15,15,15,15,15,15
2001,220263,1,1,24,0,0,0,18,26,23,26,0,13
2001,220264,1,1,16,16,16,16,16,16,16,16,16,16
2001,220265,1,1,0,0,0,0,0,0,0,0,0,0
2001,220266,1,1,0,0,0,0,0,0,0,0,0,0
2001,220266,2,1,0,0,0,0,0,0,0,0,0,0
2001,220267,1,1,29,21,12,40,25,37,27,4,14,17
2001,220268,1,1,0,0,0,0,0,0,0,0,0,0
2001,220268,2,1,0,0,0,0,0,0,0,0,0,0
2001,220269,0,1,29,11,20,21,21,7,16,20,14,37
2001,220269,1,1,0,17,21,0,19,0,0,0,0,0
2001,220270,1,1,0,0,0,0,23,0,0,0,0,0
2001,220270,2,1,19,0,25,3,12,0,23,14,0,0
2001,220271,1,1,0,0,0,0,0,0,0,0,0,0
2001,220271,2,1,0,0,0,0,0,0,0,0,0,0
2001,220272,0,1,8,8,8,8,8,8,8,8,8,8
2001,220272,1,1,0,14,0,0,0,22,0,0,0,0
2001,220273,1,1,0,0,0,0,0,0,0,0,0,0
2001,220274,1,1,18,18,18,18,18,18,18,18,18,18
2001,220274,2,1,0,0,0,0,0,0,0,0,0,0
2001,220275,1,1,22,22,22,22,22,22,22,22,22,22
2001,220276,1,1,0,0,0,0,0,0,0,0,0,0
2001,220277,1,1,0,0,0,0,0,0,0,0,0,0
2001,220278,1,1,0,5,0,0,0,0,9,0,0,0
2001,220279,1,1,0,0,0,0,0,0,0,0,0,0
2001,220279,2,1,0,0,0,0,0,0,0,0,0,0
2001,220280,1,1,0,0,0,0,0,0,0,0,0,0
2001,220280,2,1,14,14,14,14,14,14,14,14,14,14
2001,220281,1,1,1,1,1,1,1,1,1,1,1,1
2001,220281,2,1,0,0,0,0,0,0,0,0,0,0
2001,220282,1,1,0,0,0,0,0,0,0,0,0,0
2001,220282,2,1,0,0,0,0,0,0,0,0,0,0
2001,220283,0,1,0,20,0,34,23,0,22,0,0,0
2001,220283,1,1,0,0,0,0,0,0,0,0,0,0
2001,220284,1,1,18,0,0,0,0,0,0,0,31,24
2001,220285,1,1,32,32,32,32,32,32,32,32,32,32
2001,220285,2,1,0,0,0,0,0,0,0,0,0,0
2001,220286,1,1,12,12,12,12,12,12,12,12,12,12
2001,220286,2,1,0,0,0,0,0,0,0,0,0,0
2001,220287,1,1,0,0,0,0,0,0,0,0,0,0
2001,220288,1,1,0,0,0,0,0,0,0,0,0,0
2001,220288,2,1,9,9,9,9,9,9,9,9,9,9
2001,220288,3,1,0,0,0,0,0,0,0,0,0,0
2001,220289,1,1,21,21,21,21,21,21,21,21,21,21
2001,220289,2,1,0,0,0,0,0,0,0,0,0,0
2001,220290,1,1,0,0,0,0,0,0,0,0,0,0
2001,220290,2,1,10,0,16,0,0,0,0,0,0,0
2001,220291,1,1,0,0,0,0,0,0,0,0,0,0
2001,220291,2,1,0,0,0,0,0,0,0,0,0,0
2001,220292,1,1,5,5,5,5,5,5,5,5,5,5
2001,220292,2,1,8,8,8,8,8,8,8,8,8,8
2001,220293,1,1,0,0,0,0,0,0,0,0,0,0
2001,220293,2,1,0,0,0,0,0,0,0,0,0,0
2001,220294,1,1,14,14,14,14,14,14,14,14,14,14
2001,220295,1,1,10,10,10,10,10,10,10,10,10,10
2001,220296,1,1,0,0,0,0,0,0,0,0,0,0
2001,220296,2,1,0,0,0,0,0,0,0,0,0,0
2001,220297,1,1,17,17,17,17,17,17,17,17,17,17
2001,220297,2,1,0,0,0,0,0,0,0,0,0,0
2001,220298,1,1,27,27,27,27,27,27,27,27,27,27
2001,220299,0,1,0,0,0,0,0,0,0,0,0,0
2001,220299,1,1,0,0,0,0,0,0,0,0,0,0
2001,220300,1,1,32,32,32,32,32,32,32,32,32,32
2001,220300,2,1,12,12,12,12,12,12,12,12,12,12
2001,220300,3,1,0,0,0,0,0,0,0,0,0,0
2001,220301,1,1,17,17,17,17,17,17,17,17,17,17
2001,220302,0,1,16,41,29,13,25,0,17,29,23,9
2001,220302,1,1,0,0,0,0,0,0,0,0,0,0
2001,220303,1,1,14,14,14,14,14,14,14,14,14,14
2001,220304,1,1,22,22,22,22,22,22,22,22,22,22
2001,220305,1,1,0,0,0,0,0,0,0,0,0,0
2001,220305,2,1,1,1,1,1,1,1,1,1,1,1
2001,220306,1,1,17,17,17,17,17,17,17,17,17,17
2001,220307,1,1,19,19,19,19,19,19,19,19,19,19
2001,220308,1,1,0,0,0,0,0,0,0,0,0,0
2001,220308,2,1,0,0,0,0,0,0,0,0,0,0
2001,220309,1,1,0,0,0,0,0,0,0,0,0,0
2001,220309,2,1,0,0,0,0,0,0,0,0,0,0
2001,220310,1,1,27,27,27,27,27,27,27,27,27,27
2001,220311,1,1,0,0,0,0,0,0,0,0,0,0
2001,220311,2,1,0,0,0,0,0,0,0,0,0,0
2001,220312,1,1,0,0,0,0,0,0,0,0,0,0
2001,220313,1,1,0,0,0,0,0,0,0,0,0,0
2001,220313,2,1,0,0,0,0,0,0,0,0,0,0
2001,220314,1,1,0,12,6,15,14,0,29,0,28,16
2001,220315,1,1,16,16,16,16,16,16,16,16,16,16
2001,220315,2,1,0,0,0,0,0,0,0,0,0,0
2001,220316,1,1,8,8,8,8,8,8,8,8,8,8
2001,220317,1,1,30,30,30,30,30,30,30,30,30,30
2001,220318,1,1,0,0,0,0,13,0,0,4,0,0
2001,220318,2,1,0,19,0,0,0,17,0,0,0,0
2001,220319,1,1,0,0,0,0,0,0,0,0,0,0
2001,220320,1,1,13,13,13,13,13,13,13,13,13,13
2001,220320,2,1,0,0,0,0,0,0,0,0,0,0
2001,220321,1,1,0,0,0,0,0,0,0,0,0,0
2001,220321,2,1,0,0,0,0,0,0,0,0,0,0
2001,220322,1,1,10,0,0,0,17,0,0,0,0,0
2001,220323,1,1,0,0,0,0,0,0,0,0,0,0
2001,220323,2,1,0,0,10,0,18,0,21,0,14,19
2001,220324,1,1,0,0,0,0,0,0,0,0,0,0
2001,220324,2,1,0,0,0,0,0,0,0,0,0,0
2001,220325,1,1,0,0,0,0,0,13,19,7,7,12
2001,220326,1,1,0,0,0,0,0,0,0,0,0,0
2001,220326,2,1,0,0,0,0,0,0,0,0,0,0
2001,220326,3,1,0,0,0,0,0,0,0,0,0,0
2001,220327,1,1,0,0,0,0,0,0,0,0,0,0
2001,220327,2,1,0,0,0,0,0,0,0,0,0,0
2001,220328,1,1,14,14,14,14,14,14,14,14,14,14
2001,220329,1,1,16,16,16,16,16,16,16,16,16,16
2001,220330,1,1,21,21,21,21,21,21,21,21,21,21
2001,220331,1,1,0,0,0,0,0,0,0,0,0,0
2001,220331,2,1,0,0,0,0,0,0,0,0,0,0
2001,220331,3,1,0,0,0,0,0,0,0,0,0,0
2001,220333,1,1,0,0,0,0,0,0,0,0,0,0
2001,220334,1,1,28,28,28,28,28,28,28,28,28,28
2001,220335,1,1,0,0,0,0,0,0,0,0,0,0
2001,220335,2,1,0,14,20,0,0,0,20,0,0,0
2001,220336,0,1,0,0,0,0,0,0,0,0,0,0
2001,220336,1,1,0,0,0,0,0,0,0,0,0,0
2001,220337,1,1,0,0,0,0,0,0,0,0,0,0
2001,220337,2,1,0,0,0,0,0,0,0,0,0,0
2001,220338,1,1,0,0,0,0,0,0,0,0,0,0
2001,220339,1,1,18,18,18,18,18,18,18,18,18,18
2001,220339,2,1,0,0,0,0,0,0,0,0,0,0
2001,220340,1,1,0,0,0,0,0,0,0,0,0,0
2001,220340,2,1,0,0,0,0,0,0,0,0,0,0
2001,220341,0,1,0,0,0,0,0,0,0,0,0,0
2001,220341,1,1,0,0,0,0,0,0,0,0,0,0
2001,220342,1,1,17,17,17,17,17,17,17,17,17,17
2001,220343,1,1,0,0,0,0,0,0,0,0,0,0
2001,220343,2,1,0,0,0,0,0,0,0,0,0,0
2001,220344,0,1,0,0,0,0,21,0,0,0,0,0
2001,220344,1,1,0,0,0,0,0,0,0,0,0,0
2001,220345,1,1,0,0,0,0,0,0,0,0,0,0
2001,220345,2,1,0,0,0,0,0,0,0,0,0,0
2001,220345,3,1,0,0,0,0,0,0,0,0,0,0
2001,220346,1,1,0,0,0,0,0,0,0,0,0,0
2001,220347,0,1,0,0,0,0,0,0,0,0,0,0
2001,220347,1,1,0,0,0,0,0,0,0,0,0,0
2001,220348,1,1,0,0,0,0,0,0,0,0,0,0
2001,220348,2,1,0,0,0,0,0,0,0,0,0,0
2001,220349,1,1,27,27,27,27,27,27,27,27,27,27
2001,220349,2,1,0,0,0,0,0,0,0,0,0,0
2001,220349,3,1,0,0,0,0,0,0,0,0,0,0
2001,220350,1,1,25,0,0,0,35,24,17,11,17,36
2001,220351,0,1,36,36,36,36,36,36,36,36,36,36
2001,220351,1,1,0,0,0,6,13,22,12,10,17,0
2001,220352,1,1,17,17,17,17,17,17,17,17,17,17
2001,220353,1,1,0,0,0,0,0,0,0,0,0,0
2001,220353,2,1,0,0,0,0,0,0,0,0,0,0
2001,220354,1,1,17,0,0,19,13,4,12,0,0,21
2001,220355,1,1,0,0,0,0,0,0,0,0,7,18
2001,220355,2,1,0,0,0,0,0,0,0,0,0,0
2001,220356,0,1,0,0,0,0,0,17,15,0,0,0
2001,220356,1,1,0,0,0,0,0,0,0,0,11,0
2001,220357,1,1,0,0,0,0,0,0,0,0,0,0
2001,220357,2,1,0,0,0,0,0,0,0,0,0,0
2001,220358,1,1,0,0,0,0,0,0,0,0,0,0
2001,220359,1,1,8,8,8,8,8,8,8,8,8,8
2001,220360,1,1,0,0,0,0,0,0,0,0,0,0
2001,220360,2,1,14,14,14,14,14,14,14,14,14,14
2001,220361,1,1,0,0,0,0,0,0,0,0,0,0
2001,220361,2,1,0,0,0,0,0,0,0,0,0,0
2001,220361,3,1,0,0,0,0,0,0,0,0,0,0
2001,220362,1,1,14,14,14,14,14,14,14,14,14,14
2001,220362,2,1,0,0,0,24,0,0,19,16,30,0
2001,220363,1,1,0,0,0,0,0,0,0,0,0,0
2001,220363,2,1,0,0,0,0,0,0,0,0,0,0
2001,220364,1,1,0,4,0,0,0,0,0,0,0,0
2001,220364,2,1,0,0,0,0,0,0,0,0,0,0
2001,220365,1,1,12,12,5,23,10,9,20,11,15,25
2001,220366,1,1,0,0,14,0,0,11,0,0,0,0
2001,220367,1,1,2,2,2,2,2,2,2,2,2,2
2001,220368,0,1,2,0,11,22,16,0,5,12,0,24
2001,220368,1,1,0,0,0,0,0,0,0,0,0,0
2001,220369,1,1,0,0,0,10,0,0,0,20,0,0
2001,220369,2,1,17,0,0,0,14,0,0,0,0,0
2001,220369,3,1,0,0,0,0,16,0,0,0,0,0
2001,220369,4,1,0,0,0,0,0,0,0,0,0,0
2001,220370,1,1,20,11,11,24,6,4,16,17,15,13
2001,220371,1,1,15,15,15,15,15,15,15,15,15,15
2001,220372,1,1,0,0,0,0,0,0,0,0,0,0
2001,220373,1,1,0,0,0,0,0,0,0,0,0,0
2001,220374,0,1,21,21,0,22,9,9,24,23,0,18
2001,220374,1,1,0,0,0,0,0,0,0,0,0,0
2001,220374,2,1,0,0,0,0,0,0,0,0,0,0
2001,220375,1,1,34,34,34,34,34,34,34,34,34,34
2001,220376,1,1,0,0,0,0,0,0,0,0,0,0
2001,220376,2,1,0,0,0,0,0,0,0,0,0,0
2001,220377,1,1,0,0,0,0,0,0,0,0,0,0
2001,220377,2,1,0,0,0,0,0,0,0,0,0,0
2001,220378,1,1,0,0,0,20,0,0,0,0,0,0
2001,220379,1,1,0,0,0,0,0,0,0,0,0,0
2001,220379,2,1,0,0,0,0,0,0,0,0,0,0
2001,220380,1,1,19,19,19,19,19,19,19,19,19,19
2001,220381,1,1,0,0,0,0,0,0,0,0,0,0
2001,220381,2,1,0,0,0,0,0,0,0,0,0,0
2001,220382,1,1,17,17,17,17,17,17,17,17,17,17
2001,220383,0,1,38,12,15,23,33,10,0,18,19,16
2001,220383,1,1,0,0,0,0,0,0,0,0,0,0
2001,220384,1,1,0,0,0,0,0,0,0,0,0,0
2001,220384,2,1,0,0,0,0,0,0,0,0,0,0
2001,220385,0,1,15,15,15,15,15,15,15,15,15,15
2001,220385,1,1,0,0,0,0,0,0,0,0,0,0
2001,220386,1,1,16,0,0,0,0,0,0,0,0,0
2001,220386,2,1,0,0,0,0,0,0,0,0,0,0
2001,220387,1,1,0,19,14,0,0,0,0,0,0,0
2001,220387,2,1,12,6,0,0,0,0,0,6,0,24
2001,220388,1,1,0,0,0,0,0,0,0,0,0,0
2001,220388,2,1,0,0,0,0,0,0,0,0,0,0
2001,220389,1,1,0,0,0,0,0,0,0,0,0,0
2001,220389,2,1,0,0,0,0,0,0,0,0,0,0
2001,220390,1,1,0,0,0,0,0,0,0,0,0,0
2001,220391,1,1,0,0,0,0,13,22,0,0,0,0
2001,220392,1,1,0,0,0,16,0,0,0,19,0,0
2001,220393,0,1,30,0,0,0,0,0,0,0,0,0
2001,220393,0,2,0,0,0,0,0,0,0,0,16,0
2001,220393,0,3,0,0,0,0,0,0,0,0,0,0
2001,220393,0,4,0,0,7,27,0,0,0,0,27,22
2001,220393,1,1,0,0,0,0,0,0,0,0,0,0
2001,220394,1,1,5,5,5,5,5,5,5,5,5,5
2001,220394,2,1,0,0,0,0,0,0,0,0,0,0
2001,220395,0,1,39,39,39,39,39,39,39,39,39,39
2001,220395,1,1,0,0,0,0,0,0,0,0,0,0
2001,220396,0,1,0,19,28,0,20,0,33,21,24,14
2001,220396,1,1,21,23,0,0,18,12,0,0,16,0
2001,220397,1,1,10,10,10,10,10,10,10,10,10,10
2001,220398,1,1,0,0,0,0,0,0,0,0,0,0
2001,220398,2,1,0,0,0,0,0,0,0,0,0,0
2001,220399,1,1,0,0,0,0,0,0,0,0,0,0
2001,220399,2,1,35,35,35,35,35,35,35,35,35,35
2001,220400,1,1,0,0,0,0,0,0,0,0,0,7
2001,220400,2,1,0,0,0,0,0,0,0,0,0,0
2001,220401,1,1,0,0,0,0,0,0,0,0,0,0
2001,220402,1,1,0,0,0,0,0,0,0,0,0,0
2001,220403,0,1,0,7,12,0,0,0,16,0,0,9
2001,220403,1,1,0,0,0,0,0,0,0,0,7,15
2001,220403,2,1,0,0,0,0,0,0,0,0,0,0
2001,220404,1,1,19,19,19,19,19,19,19,19,19,19
2001,220404,2,1,14,14,14,14,14,14,14,14,14,14
2001,220405,1,1,0,0,0,0,0,0,0,0,0,0
2001,220406,1,1,20,20,20,20,20,20,20,20,20,20
2001,220407,1,1,0,0,0,0,0,0,0,0,0,0
2001,220407,2,1,0,0,0,0,0,0,0,0,0,0
2001,220408,1,1,0,0,0,0,0,0,0,0,0,0
2001,220408,2,1,16,16,16,16,16,16,16,16,16,16
2001,220409,1,1,0,0,0,0,0,0,0,0,0,0
2001,220409,2,1,14,14,14,14,14,14,14,14,14,14
2001,220410,1,1,16,0,0,17,27,26,19,0,26,21
2001,220411,1,1,9,0,0,0,0,0,0,0,0,13
2001,220411,2,1,0,0,0,0,0,0,0,0,0,0
2001,220412,1,1,0,0,0,0,0,0,0,0,0,0
2001,220412,2,1,0,0,0,0,0,0,0,0,0,0
2001,220413,1,1,0,0,0,0,0,0,0,0,0,0
2001,220414,1,1,0,0,0,0,0,0,0,0,0,0
2001,220415,1,1,0,0,0,0,0,0,0,0,0,0
2001,220415,2,1,0,0,0,0,0,0,0,0,0,0
2001,220416,1,1,0,0,0,0,0,0,0,0,0,0
2001,220417,1,1,15,15,15,15,15,15,15,15,15,15
2001,220417,2,1,0,0,0,0,0,0,0,0,0,0
2001,220418,1,1,0,0,0,0,0,0,0,0,0,0
2001,220419,1,1,15,15,15,15,15,15,15,15,15,15
2001,220420,1,1,9,9,9,9,9,9,9,9,9,9
2001,220420,2,1,9,9,9,9,9,9,9,9,9,9
2001,220421,1,1,15,15,15,15,15,15,15,15,15,15
2001,220421,2,1,0,0,0,0,0,0,0,0,0,0
2001,220421,3,1,0,0,0,0,0,0,0,0,0,0
2001,220422,1,1,21,21,21,21,21,21,21,21,21,21
2001,220422,2,1,0,0,0,0,0,0,0,0,0,0
2001,220423,1,1,0,0,0,0,0,0,0,0,0,0
2001,220424,1,1,33,33,33,33,33,33,33,33,33,33
2001,220424,2,1,11,0,9,0,0,0,0,0,0,15
2001,220425,1,1,0,0,0,0,0,32,9,0,0,8
2001,220426,1,1,0,0,0,0,0,0,0,0,0,0
2001,220427,1,1,0,0,0,0,0,0,0,0,0,0
2001,220428,1,1,0,0,0,0,0,0,0,0,0,0
2001,220429,1,1,0,0,0,0,0,0,0,0,0,0
2001,220429,2,1,0,0,0,0,0,0,0,0,0,0
2001,220430,1,1,0,0,0,0,0,0,0,0,0,0
2001,220431,0,1,18,18,18,18,18,18,18,18,18,18
2001,220431,1,1,0,0,0,0,0,0,27,20,8,17
2001,220432,0,1,23,23,23,23,23,23,23,23,23,23
2001,220432,1,1,0,0,0,0,0,0,0,0,0,0
2001,220433,0,1,0,0,0,0,0,0,0,22,0,0
2001,220433,1,1,0,0,0,20,0,0,19,0,0,0
2001,220434,1,1,0,0,0,0,0,0,0,0,0,0
2001,220434,2,1,0,0,0,0,0,0,0,0,0,0
2001,220435,1,1,5,5,5,5,5,5,5,5,5,5
2001,220436,1,1,12,12,12,12,12,12,12,12,12,12
2001,220437,1,1,11,11,11,11,11,11,11,11,11,11
2001,220437,2,1,0,0,0,0,0,0,0,0,0,0
2001,220438,0,1,29,29,29,29,29,29,29,29,29,29
2001,220438,1,1,0,0,0,0,0,0,0,0,0,0
2001,220439,1,1,35,0,12,0,0,15,27,8,12,23
2001,220440,1,1,0,0,0,0,0,0,0,0,0,0
2001,220441,1,1,0,0,0,0,0,0,0,0,0,0
2001,220441,2,1,0,0,0,0,0,0,0,0,0,0
2001,220442,1,1,0,0,0,0,0,0,0,0,0,0
2001,220442,2,1,0,0,0,0,0,0,0,0,0,0
2001,220443,1,1,0,0,0,0,0,0,0,0,0,0
2001,220444,1,1,16,16,16,16,16,16,16,16,16,16
2001,220445,1,1,1,1,1,1,1,1,1,1,1,1
2001,220446,1,1,20,20,20,20,20,20,20,20,20,20
2001,220447,1,1,0,0,0,0,0,0,0,0,0,0
2001,220447,2,1,0,0,0,0,0,0,22,0,0,0
2001,220448,1,1,0,0,0,0,0,2,0,0,16,8
2001,220449,0,1,0,0,0,0,0,0,16,30,0,20
2001,220449,1,1,0,0,0,0,0,15,0,10,0,0
2001,220450,1,1,0,0,0,17,25,0,12,0,19,0
2001,220451,1,1,11,11,11,11,11,11,11,11,11,11
2001,220452,1,1,24,24,24,24,24,24,24,24,24,24
2001,220453,0,1,0,0,0,0,0,0,0,0,0,0
2001,220453,1,1,0,0,0,0,0,0,0,0,0,0
2001,220454,0,1,27,27,27,27,27,27,27,27,27,27
2001,220454,1,1,0,0,0,0,0,0,0,0,0,0
2001,220455,1,1,0,0,0,0,0,0,0,0,0,0
2001,220455,2,1,0,0,0,0,0,0,0,0,0,0
2001,220456,1,1,0,0,0,0,0,0,0,0,0,0
2001,220456,2,1,0,0,0,0,0,0,0,0,0,0
2001,220456,3,1,0,0,0,0,0,28,0,0,0,0
2001,220457,0,1,0,0,0,0,0,4,0,6,0,5
2001,220457,1,1,0,0,0,0,0,0,0,0,0,0
2001,220458,0,1,16,16,16,16,16,16,16,16,16,16
2001,220458,1,1,0,0,0,0,0,0,0,0,0,0
2001,220459,1,1,0,0,0,0,0,0,0,0,0,0
2001,220459,2,1,0,0,0,0,0,0,0,0,0,0
2001,220460,1,1,7,12,4,0,19,8,14,16,9,15
2001,220460,2,1,0,0,0,18,0,10,0,16,18,12
2001,220461,1,1,0,0,0,0,0,0,0,0,0,0
2001,220461,2,1,0,0,0,0,0,0,0,0,0,0
2001,220462,1,1,0,0,17,0,0,0,12,0,20,0
2001,220463,1,1,0,14,11,15,25,21,11,16,18,34
2001,220464,1,1,7,7,7,7,7,7,7,7,7,7
2001,220465,1,1,4,4,4,4,4,4,4,4,4,4
2001,220466,1,1,0,0,0,0,0,0,0,0,0,0
2001,220467,1,1,0,0,0,0,14,0,0,0,8,0
2001,220467,2,1,0,0,0,6,0,0,0,0,15,0
2001,220467,3,1,0,0,0,0,0,0,0,0,0,0
2001,220467,4,1,0,0,0,0,0,0,0,0,0,0
2001,220468,1,1,0,0,0,0,0,0,0,0,0,0
2001,220468,2,1,0,0,0,0,0,0,0,0,0,0
2001,220470,1,1,15,0,0,0,0,0,0,0,0,0
2001,220470,2,1,0,0,0,0,0,0,0,0,0,0
2001,220471,1,1,20,20,20,20,20,20,20,20,20,20
2001,220472,1,1,0,0,0,0,0,0,20,0,0,0
2001,220472,2,1,0,3,22,23,0,14,11,24,0,11
2001,220473,0,1,26,26,26,26,26,26,26,26,26,26
2001,220473,1,1,0,0,0,0,0,0,0,0,0,0
2001,220474,1,1,7,0,0,7,0,0,16,0,13,32
2001,220475,1,1,0,11,20,0,0,0,13,16,0,0
2001,220476,1,1,17,17,17,17,17,17,17,17,17,17
2001,220477,0,1,22,22,22,22,22,22,22,22,22,22
2001,220477,1,1,0,0,0,0,0,0,0,0,0,0
2001,220478,1,1,12,12,12,12,12,12,12,12,12,12
2001,220478,2,1,21,21,21,21,21,21,21,21,21,21
2001,220478,3,1,0,0,0,0,0,0,0,0,0,0
2001,220479,0,1,21,0,0,35,0,11,0,9,0,30
2001,220479,0,2,0,0,0,0,0,0,0,0,0,0
2001,220479,0,3,0,0,0,0,0,0,0,0,0,0
2001,220479,1,1,10,10,10,10,10,10,10,10,10,10
2001,220480,1,1,0,24,9,0,14,17,0,12,13,31
2001,220481,1,1,26,32,16,28,31,9,13,13,17,25
2001,220482,1,1,0,20,10,0,0,0,0,0,0,0
2001,220483,1,1,0,0,0,0,0,0,0,0,0,0
2001,220484,0,1,0,0,0,0,19,31,0,0,0,0
2001,220484,1,1,11,6,0,0,10,0,4,9,0,3
2001,220485,1,1,3,3,3,3,3,3,3,3,3,3
2001,220485,2,1,0,0,0,0,0,0,0,0,0,0
2001,220486,0,1,34,21,8,21,28,2,25,24,18,32
2001,220486,1,1,0,0,0,0,0,0,0,0,0,0
2001,220487,1,1,15,27,21,23,34,24,10,29,24,9
2001,220488,1,1,0,0,0,0,0,0,0,0,0,0
2001,220489,1,1,0,0,0,0,0,0,0,0,0,0
2001,220490,1,1,4,0,0,0,27,0,0,0,18,0
2001,220490,2,1,0,0,0,0,0,0,0,0,0,0
2001,220491,1,1,25,0,33,8,0,23,9,9,0,20
2001,220492,1,1,13,13,13,13,13,13,13,13,13,13
2001,220492,2,1,0,0,0,0,0,0,0,0,0,0
2001,220492,3,1,0,0,0,0,0,0,0,0,0,0
2001,220493,1,1,30,30,30,30,30,30,30,30,30,30
2001,220494,1,1,33,31,19,28,21,34,21,18,10,40
2001,220495,1,1,16,16,16,16,16,16,16,16,16,16
2001,220496,1,1,26,6,3,27,14,16,0,0,31,0
2001,220497,1,1,12,12,12,12,12,12,12,12,12,12
2001,220497,2,1,10,10,10,10,10,10,10,10,10,10
2001,220498,1,1,0,0,0,0,0,0,0,0,0,0
2001,220498,2,1,0,0,0,0,0,0,0,0,0,0
2001,220499,1,1,9,9,9,9,9,9,9,9,9,9
2001,220500,1,1,0,0,0,0,0,0,0,0,0,0
2001,220501,1,1,32,32,32,32,32,32,32,32,32,32
2001,220502,1,1,0,0,0,0,0,0,0,0,0,0
2001,220503,1,1,0,0,0,0,0,0,0,0,0,0
2001,220504,1,1,16,22,7,5,13,13,20,31,9,30
2001,220505,0,1,0,0,0,0,0,0,0,0,0,0
2001,220505,1,1,0,0,0,0,0,0,0,0,0,0
2001,220506,1,1,25,0,25,17,16,0,15,18,0,12
2001,220507,1,1,12,21,18,32,9,17,18,26,11,18
2001,220508,1,1,0,0,0,0,0,0,0,0,0,0
2001,220509,1,1,6,6,6,6,6,6,6,6,6,6