YEAR,st_case,veh_no,per_no,P1,P2,P3,P4,P5,P6,P7,P8,P9,P10
2001,220509,2,1,0,0,0,0,0,0,0,0,0,0
2001,220509,3,1,0,0,0,0,0,0,0,0,0,0
2001,220510,1,1,31,31,31,31,31,31,31,31,31,31
2001,220511,0,1,48,21,0,33,0,0,0,33,46,0
2001,220511,1,1,3,12,0,0,4,11,0,0,0,0
2001,220512,1,1,0,0,0,0,0,0,0,0,0,0
2001,220513,1,1,7,7,7,7,7,7,7,7,7,7
2001,220513,2,1,0,0,0,0,0,0,0,0,0,0
2001,220514,1,1,0,0,0,0,0,0,0,0,0,0
2001,220514,2,1,0,0,0,0,0,0,0,0,0,0
2001,220515,1,1,39,21,0,21,28,15,0,6,18,38
2001,220516,1,1,0,0,0,0,0,0,0,0,0,0
2001,220517,1,1,0,0,0,0,0,0,0,0,0,0
2001,220518,1,1,0,0,0,0,0,0,0,0,0,0
2001,220518,2,1,0,0,0,0,0,0,0,0,0,0
2001,220519,1,1,0,0,0,0,0,0,0,0,0,0
2001,220519,2,1,0,0,0,0,0,0,0,0,0,0
2001,220520,1,1,0,0,0,0,0,0,0,0,0,0
2001,220520,2,1,0,0,0,0,0,0,0,0,0,0
2001,220521,1,1,13,13,13,13,13,13,13,13,13,13
2001,220522,0,1,0,0,0,0,0,0,0,0,0,0
2001,220522,1,1,3,3,3,3,3,3,3,3,3,3
2001,220523,1,1,0,0,0,0,0,0,0,0,0,0
2001,220524,1,1,0,0,0,0,0,0,0,0,0,0
2001,220524,2,1,0,0,0,0,0,0,0,0,0,0
2001,220524,3,1,0,0,0,0,0,0,0,0,0,0
2001,220525,1,1,11,11,11,11,11,11,11,11,11,11
2001,220526,1,3,29,0,30,0,6,0,17,5,12,17
2001,220527,1,1,32,19,7,16,20,26,0,17,9,0
2001,220528,1,1,0,0,0,0,0,0,0,0,0,0
2001,220528,2,1,0,0,0,0,8,0,0,0,0,0
2001,220529,1,1,19,0,0,0,30,24,18,19,0,37
2001,220529,2,1,0,0,0,0,0,0,0,0,0,0
2001,220530,1,1,0,0,0,0,0,0,0,0,0,0
2001,220530,2,1,0,0,0,0,4,0,0,0,0,0
2001,220531,1,1,28,28,28,28,28,28,28,28,28,28
2001,220531,2,1,0,0,0,0,0,0,0,0,0,0
2001,220532,1,1,15,15,15,15,15,15,15,15,15,15
2001,220532,2,1,0,0,0,0,0,0,0,0,0,0
2001,220533,1,1,0,9,3,0,0,0,0,5,0,0
2001,220534,0,1,0,22,17,26,9,48,23,11,0,0
2001,220534,1,1,15,10,9,26,29,14,12,17,12,23
2001,220535,1,1,0,10,7,8,9,0,0,36,4,0
2001,220536,1,1,13,24,0,0,6,14,10,0,0,26
2001,220536,2,1,3,3,3,3,3,3,3,3,3,3
2001,220537,1,1,0,17,20,0,0,23,0,25,25,11
2001,220538,1,1,26,26,26,26,26,26,26,26,26,26
2001,220539,1,1,13,13,22,30,7,18,26,15,24,35
2001,220540,1,1,0,0,0,0,0,0,0,0,0,0
2001,220540,2,1,0,0,0,0,0,0,0,0,0,0
2001,220541,1,1,0,0,0,0,0,0,0,0,0,0
2001,220542,1,1,0,0,0,0,0,0,0,0,0,0
2001,220543,1,1,15,0,23,29,23,21,0,19,7,14
2001,220544,1,1,0,0,0,0,0,0,0,0,0,0
2001,220544,2,1,0,0,0,0,0,0,0,0,0,0
2001,220545,1,1,0,0,0,0,0,0,0,0,0,0
2001,220545,2,1,0,0,0,0,0,0,0,0,0,0
2001,220546,1,1,0,0,0,0,0,0,0,0,0,0
2001,220546,2,1,17,0,0,0,17,0,19,25,22,0
2001,220547,1,1,0,0,0,0,0,0,0,0,0,0
2001,220547,2,1,0,0,0,0,0,0,0,0,0,0
2001,220549,1,1,0,0,0,0,0,0,0,0,0,0
2001,220550,1,1,27,27,27,27,27,27,27,27,27,27
2001,220551,1,1,8,23,6,0,22,0,29,14,0,31
2001,220552,1,1,0,0,7,0,8,0,37,0,0,0
2001,220553,1,1,18,0,20,33,0,0,0,18,23,0
2001,220554,1,1,0,0,0,0,0,0,0,0,0,0
2001,220554,2,1,0,0,0,0,0,0,0,0,0,0
2001,220555,1,1,0,0,0,0,3,0,0,0,0,0
2001,220556,0,1,0,0,0,41,0,17,0,22,19,3
2001,220556,1,1,0,0,0,11,0,0,0,0,0,0
2001,220557,1,1,0,0,0,0,0,0,0,0,0,0
2001,220557,2,1,0,0,0,0,0,0,0,0,0,0
2001,220558,0,1,0,0,0,0,0,0,0,0,0,0
2001,220558,1,1,0,0,0,0,0,0,0,0,0,0
2001,220559,1,1,0,0,0,0,0,0,0,0,0,0
2001,220560,0,1,0,0,0,0,0,0,0,0,0,0
2001,220560,1,1,14,14,14,14,14,14,14,14,14,14
2001,220561,1,1,0,0,0,0,0,10,19,24,0,0
2001,220562,0,1,24,24,24,24,24,24,24,24,24,24
2001,220562,1,1,0,0,0,0,0,0,0,0,0,0
2001,220562,2,1,0,0,0,0,0,0,0,0,0,0
2001,220563,0,1,0,13,15,33,16,21,35,29,12,28
2001,220563,1,1,0,0,0,0,0,0,0,0,0,0
2001,220564,0,1,0,0,0,0,0,0,0,0,0,0
2001,220564,1,1,0,0,0,0,0,0,0,0,0,0
2001,220565,1,1,0,0,0,0,0,0,0,0,0,0
2001,220565,2,1,0,0,0,0,0,0,0,0,0,0
2001,220565,3,1,0,0,0,0,0,0,0,0,0,0
2001,220565,4,1,0,0,0,0,0,0,0,0,0,0
2001,220565,5,1,0,0,0,0,0,0,0,0,0,0
2001,220566,1,1,0,0,0,0,0,3,0,0,0,0
2001,220566,2,1,0,0,0,0,0,0,0,0,0,0
2001,220567,1,1,0,0,0,0,0,0,0,0,0,0
2001,220567,2,1,0,0,0,0,0,0,0,0,0,0
2001,220567,3,1,0,0,0,0,0,0,0,0,0,0
2001,220568,1,1,3,3,3,3,3,3,3,3,3,3
2001,220568,2,1,0,0,0,0,0,0,0,0,0,0
2001,220569,1,1,3,3,3,3,3,3,3,3,3,3
2001,220569,2,1,0,0,0,0,0,0,0,0,0,0
2001,220569,3,1,0,0,0,0,0,0,0,0,0,16
2001,220569,4,1,0,0,0,0,0,0,0,0,0,0
2001,220569,5,1,0,0,0,0,0,28,0,0,3,0
2001,220570,0,1,0,0,0,0,0,0,0,0,0,0
2001,220570,1,1,0,0,0,0,0,0,0,0,0,0
2001,220571,1,1,28,15,18,30,0,9,26,6,9,0
2001,220571,2,1,0,7,0,18,5,0,0,0,0,0
2001,220572,1,1,10,10,10,10,10,10,10,10,10,10
2001,220573,1,1,0,0,0,0,0,0,0,0,0,0
2001,220574,1,1,0,4,0,0,17,10,22,25,20,9
2001,220574,2,1,1,1,1,1,1,1,1,1,1,1
2001,220575,1,1,0,0,0,0,0,0,0,0,0,0
2001,220575,2,1,0,0,0,0,0,0,0,0,0,0
2001,220576,1,1,0,0,0,0,0,0,0,0,0,0
2001,220576,2,1,0,0,0,0,0,0,0,0,0,0
2001,220577,0,1,0,0,0,0,0,0,0,0,0,0
2001,220577,1,1,0,8,3,8,0,0,0,6,12,0
2001,220578,1,1,0,0,0,0,0,0,0,0,0,0
2001,220578,2,1,0,0,0,0,0,0,0,0,0,0
2001,220579,1,1,0,0,0,0,0,11,0,0,0,23
2001,220580,1,1,0,0,0,0,0,0,0,0,0,0
2001,220581,1,1,0,0,0,0,0,10,0,0,0,0
2001,220581,2,1,0,0,0,0,0,0,0,0,0,0
2001,220582,1,1,0,0,0,0,0,0,0,0,0,0
2001,220583,1,1,0,0,0,0,0,0,0,0,0,0
2001,220583,2,1,0,0,0,0,0,0,0,0,0,0
2001,220584,0,1,28,28,28,28,28,28,28,28,28,28
2001,220584,1,1,0,0,0,0,0,17,0,0,0,0
2001,220585,1,1,0,0,0,0,0,0,0,0,0,0
2001,220585,2,1,0,0,0,0,0,0,0,12,0,0
2001,220585,3,1,0,0,0,0,0,0,0,0,14,0
2001,220585,4,1,0,0,0,0,0,0,0,0,0,0
2001,220586,1,1,26,26,26,26,26,26,26,26,26,26
2001,220587,1,1,17,17,17,17,17,17,17,17,17,17
2001,220587,2,1,0,0,0,0,0,0,0,0,0,0
2001,220588,1,1,0,0,0,0,0,0,0,0,0,0
2001,220588,2,1,0,0,0,0,0,0,0,0,0,0
2001,220589,1,1,0,0,0,0,0,0,0,0,0,0
2001,220590,1,1,0,0,0,0,0,0,0,0,0,0
2001,220590,2,1,0,0,0,0,0,0,0,0,0,0
2001,220591,1,1,14,14,14,14,14,14,14,14,14,14
2001,220592,1,1,0,0,0,0,0,0,0,0,0,0
2001,220592,2,1,0,0,0,0,0,0,0,0,0,0
2001,220593,1,1,0,14,16,14,0,0,0,0,24,7
2001,220594,1,1,0,0,0,0,0,0,0,0,0,0
2001,220595,1,1,0,0,0,0,0,0,0,0,0,0
2001,220596,1,1,0,0,0,0,0,0,0,0,0,0
2001,220597,1,1,0,15,0,0,0,14,0,0,0,0
2001,220598,0,1,0,0,0,22,0,0,22,0,4,22
2001,220598,1,1,0,0,0,0,0,0,0,0,0,0
2001,220599,0,1,15,15,15,15,15,15,15,15,15,15
2001,220599,1,1,5,5,5,5,5,5,5,5,5,5
2001,220600,1,1,0,0,0,0,0,0,0,0,0,0
2001,220601,1,1,10,11,24,0,28,0,14,15,0,18
2001,220601,2,1,0,0,0,0,0,0,0,0,0,0
2001,220602,1,1,0,0,0,0,0,0,0,0,0,0
2001,220602,2,1,3,3,3,3,3,3,3,3,3,3
2001,220603,1,1,0,0,0,0,0,0,0,0,0,0
2001,220603,2,1,0,0,0,0,0,0,0,0,0,0
2001,220604,0,1,0,4,4,0,0,17,0,0,0,0
2001,220604,1,1,0,0,11,0,0,0,9,0,0,0
2001,220604,2,1,0,0,0,0,0,0,0,0,0,0
2001,220604,3,1,0,0,0,0,0,0,0,0,0,0
2001,220605,1,1,14,14,14,14,14,14,14,14,14,14
2001,220605,2,1,0,0,0,0,0,0,0,0,0,0
2001,220606,1,1,0,0,0,0,0,0,0,0,0,0
2001,220606,2,1,0,0,0,0,0,0,0,0,0,0
2001,220607,1,1,0,0,0,0,0,0,0,0,0,0
2001,220607,2,1,0,0,0,0,0,0,0,0,0,0
2001,220608,1,1,12,13,7,32,13,22,31,17,16,20
2001,220609,1,1,0,0,0,0,0,0,0,0,0,0
2001,220609,2,1,0,0,0,0,0,0,0,0,0,0
2001,220610,1,1,10,10,10,10,10,10,10,10,10,10
2001,220611,1,1,0,0,0,0,0,0,0,0,0,0
2001,220612,1,1,13,9,0,0,0,0,6,11,0,0
2001,220612,2,1,0,0,0,0,0,0,0,12,0,0
2001,220613,1,1,25,20,31,0,21,43,18,32,18,10
2001,220614,1,1,0,18,0,0,0,16,0,0,0,0
2001,220615,1,1,0,0,0,0,0,0,0,0,0,0
2001,220616,1,1,0,0,0,0,0,0,0,9,34,0
2001,220616,2,1,0,0,0,0,0,0,18,0,28,0
2001,220617,1,1,2,2,2,2,2,2,2,2,2,2
2001,220617,2,1,0,0,0,0,0,0,0,0,0,0
2001,220618,0,1,0,0,0,0,0,19,0,0,6,0
2001,220618,1,1,0,0,0,0,0,0,0,0,0,0
2001,220619,1,1,0,0,0,0,0,0,0,0,0,0
2001,220619,3,1,0,0,0,0,0,0,0,0,0,0
2001,220620,1,1,0,0,0,0,0,0,0,0,0,0
2001,220620,2,1,0,0,0,0,0,0,0,0,0,3
2001,220620,3,1,0,0,0,0,0,0,0,0,0,0
2001,220620,4,1,0,0,0,7,0,0,0,0,0,0
2001,220621,0,1,33,33,33,33,33,33,33,33,33,33
2001,220621,1,1,0,0,0,0,0,0,0,0,0,0
2001,220621,2,1,0,0,0,0,0,0,0,0,0,0
2001,220622,1,1,27,27,27,27,27,27,27,27,27,27
2001,220623,1,1,0,0,0,0,0,0,0,0,0,0
2001,220623,2,1,0,0,0,0,0,0,0,0,0,0
2001,220624,1,1,0,0,0,0,0,0,0,0,0,0
2001,220624,2,1,0,0,0,0,0,0,0,0,0,0
2001,220625,1,1,15,15,15,15,15,15,15,15,15,15
2001,220626,1,1,28,0,32,17,15,23,17,21,16,0
2001,220627,0,1,0,0,25,27,22,9,0,0,0,26
2001,220627,1,1,1,1,1,1,1,1,1,1,1,1
2001,220628,1,1,0,20,0,11,0,0,0,0,0,0
2001,220628,2,1,0,0,0,0,0,0,0,0,0,0
2001,220629,1,1,29,29,29,29,29,29,29,29,29,29
2001,220630,0,1,0,18,0,16,0,0,0,17,0,0
2001,220630,1,1,0,0,0,0,0,0,0,0,0,0
2001,220631,0,1,0,12,0,0,33,0,0,14,17,0
2001,220631,1,1,0,0,27,24,0,2,0,0,0,0
2001,220632,1,1,0,0,0,0,0,0,8,0,0,0
2001,220632,2,1,0,0,0,0,0,0,0,0,0,0
2001,220633,0,1,0,21,18,3,9,24,17,8,23,23
2001,220633,1,1,0,0,0,0,0,0,0,0,0,0
2001,220634,1,1,0,0,0,0,0,0,0,0,0,0
2001,220635,1,1,0,0,0,0,0,0,0,0,0,0
2001,220636,1,1,0,0,0,0,0,0,0,0,0,0
2001,220637,1,1,0,0,0,0,0,0,0,0,0,0
2001,220637,2,1,0,0,0,0,0,0,0,0,0,0
2001,220638,1,1,0,13,23,17,20,18,0,17,9,14
2001,220639,1,1,18,18,18,18,18,18,18,18,18,18
2001,220639,2,1,0,0,0,0,0,0,0,0,0,0
2001,220640,0,1,0,0,0,0,0,0,0,0,0,0
2001,220640,1,1,0,0,0,0,0,0,0,0,0,0
2001,220641,0,1,0,0,0,0,0,0,0,0,0,0
2001,220641,1,1,0,0,0,0,0,0,12,0,0,0
2001,220642,1,1,0,0,0,0,0,0,0,0,0,0
2001,220642,2,1,0,0,0,0,0,0,0,0,0,0
2001,220643,1,1,0,0,0,0,0,0,0,0,0,0
2001,220643,2,1,0,0,0,0,0,0,0,0,0,0
2001,220644,1,1,0,0,0,0,0,0,0,0,0,0
2001,220644,2,1,0,0,0,0,0,0,0,0,0,0
2001,220645,1,1,0,15,17,0,17,0,26,20,15,19
2001,220645,2,1,0,0,19,0,17,23,40,5,12,0
2001,220646,1,1,0,0,0,0,7,0,0,0,0,12
2001,220648,1,1,16,16,16,16,16,16,16,16,16,16
2001,220649,1,1,30,22,0,0,0,0,0,0,0,0
2001,220650,1,1,0,0,0,0,0,0,0,0,0,0
2001,220650,2,1,0,0,0,0,0,0,0,0,0,0
2001,220651,1,1,0,0,0,0,0,0,0,0,0,0
2001,220651,2,1,0,0,0,0,0,0,0,0,0,0
2001,220651,3,1,0,0,0,0,0,0,0,0,0,0
2001,220652,1,1,0,0,0,0,0,0,0,0,0,11
2001,220652,2,1,0,0,0,0,0,0,0,0,0,0
2001,220653,1,1,0,0,0,0,0,0,0,0,0,0
2001,220653,2,1,0,0,0,0,0,0,0,0,0,0
2001,220654,1,1,0,0,0,0,0,0,0,0,0,0
2001,220655,1,1,11,11,11,11,11,11,11,11,11,11
2001,220656,0,1,1,1,1,1,1,1,1,1,1,1
2001,220656,1,1,0,0,0,0,0,0,0,0,0,0
2001,220657,1,1,19,19,19,19,19,19,19,19,19,19
2001,220658,1,1,31,25,27,28,9,33,11,10,17,13
2001,220659,0,1,17,17,0,15,0,0,13,0,13,26
2001,220659,1,1,11,0,0,0,0,0,15,13,8,9
2001,220660,1,1,0,0,0,0,0,0,0,0,0,0
2001,220660,2,1,13,10,0,0,0,0,9,0,3,20
2001,220661,0,1,0,0,0,0,6,0,0,0,0,0
2001,220661,1,1,0,0,0,0,0,0,0,0,0,0
2001,220662,1,1,23,23,23,23,23,23,23,23,23,23
2001,220663,1,1,0,0,0,0,0,0,0,0,0,0
2001,220663,2,1,0,0,0,0,0,0,0,0,0,0
2001,220664,1,1,0,0,0,0,0,0,0,0,0,0
2001,220664,2,1,0,0,0,0,0,0,0,0,0,0
2001,220665,1,1,0,0,0,0,0,0,0,0,0,0
2001,220666,0,1,12,12,12,12,12,12,12,12,12,12
2001,220666,1,1,12,12,12,12,12,12,12,12,12,12
2001,220667,1,1,13,8,20,15,18,3,0,26,7,9
2001,220668,1,1,0,0,0,0,0,0,0,0,0,0
2001,220668,2,1,0,0,0,0,17,0,0,0,0,0
2001,220669,1,1,12,29,14,29,15,42,25,6,34,26
2001,220669,2,1,11,11,11,11,11,11,11,11,11,11
2001,220670,1,1,0,0,0,0,0,0,0,0,0,0
2001,220671,1,1,11,11,11,11,11,11,11,11,11,11
2001,220671,2,1,0,0,0,0,0,0,0,0,0,0
2001,220672,1,1,38,6,12,28,7,10,11,5,13,8
2001,220672,2,1,20,20,20,20,20,20,20,20,20,20
2001,220673,1,1,16,0,0,0,0,0,0,0,0,0
2001,220674,1,1,0,0,0,0,0,0,0,0,0,0
2001,220675,1,1,0,0,0,0,0,0,0,0,0,0
2001,220675,2,1,0,0,0,0,0,0,0,0,0,0
2001,220676,0,1,33,0,0,18,0,2,0,24,0,0
2001,220676,1,1,0,0,0,0,0,0,0,0,0,0
2001,220677,1,1,0,0,0,0,0,0,0,0,0,0
2001,220677,2,1,0,0,0,0,0,0,0,0,0,0
2001,220678,1,1,6,6,6,6,6,6,6,6,6,6
2001,220679,1,1,0,0,0,5,0,0,0,0,0,0
2001,220679,2,1,0,0,0,0,0,0,0,0,0,0
2001,220680,1,1,0,0,0,0,0,0,0,0,0,0
2001,220680,2,1,0,0,0,0,0,0,0,0,0,0
2001,220681,1,1,29,29,29,29,29,29,29,29,29,29
2001,220682,1,1,0,0,0,0,0,0,0,0,0,0
2001,220682,2,1,0,0,0,0,0,0,0,0,0,0
2001,220683,1,1,0,0,0,0,0,0,0,0,0,0
2001,220683,2,1,3,3,3,3,3,3,3,3,3,3
2001,220684,1,1,12,0,29,19,24,20,22,12,29,25
2001,220684,2,1,0,0,0,0,0,0,0,0,0,0
2001,220685,1,1,16,16,16,16,16,16,16,16,16,16
2001,220685,2,1,9,9,9,9,9,9,9,9,9,9
2001,220686,1,1,18,5,20,0,14,0,13,14,0,0
2001,220687,1,1,6,0,0,0,22,0,0,0,0,13
2001,220688,0,1,29,29,29,29,29,29,29,29,29,29
2001,220688,1,1,0,0,0,0,0,0,0,0,0,0
2001,220689,1,1,0,0,11,13,0,0,0,0,33,0
2001,220690,1,1,2,2,2,2,2,2,2,2,2,2
2001,220690,2,1,0,0,0,0,0,0,0,0,0,0
2001,220690,3,1,0,0,0,0,0,0,0,0,0,0
2001,220691,1,1,0,0,0,26,0,16,0,0,0,0
2001,220692,1,1,8,8,8,8,8,8,8,8,8,8
2001,220693,1,1,0,0,0,0,0,0,0,0,0,0
2001,220693,2,1,0,0,0,0,0,0,0,0,0,0
2001,220694,1,1,0,0,0,0,0,0,0,0,0,0
2001,220694,2,1,0,0,0,0,0,0,0,0,0,0
2001,220695,1,1,0,0,0,0,0,0,23,0,0,0
2001,220695,2,1,0,0,0,0,0,0,0,0,0,0
2001,220696,1,1,12,13,12,27,11,27,19,5,25,13
2001,220697,1,1,0,0,0,0,0,0,0,0,0,0
2001,220697,2,1,0,0,0,0,0,0,0,0,0,0
2001,220698,1,1,17,17,17,17,17,17,17,17,17,17
2001,220699,1,1,0,0,0,0,0,0,0,0,0,0
2001,220699,2,1,9,9,9,9,9,9,9,9,9,9
2001,220700,1,1,13,17,17,0,13,2,7,22,0,0
2001,220700,2,1,0,9,0,7,0,0,0,10,0,0
2001,220701,1,1,0,0,0,0,0,0,0,0,0,16
2001,220702,0,1,14,0,12,26,11,19,25,0,35,14
2001,220702,0,2,0,0,0,0,0,29,0,19,0,0
2001,220702,1,1,0,0,0,0,0,0,0,0,0,0
2001,220703,1,1,0,0,0,0,0,0,0,0,0,0
2001,220703,2,1,0,0,0,0,0,0,0,0,0,0
2001,220704,1,1,12,12,12,12,12,12,12,12,12,12
2001,220705,1,1,22,22,22,22,22,22,22,22,22,22
2001,220706,1,1,0,0,0,0,0,0,0,0,0,0
2001,220706,2,1,0,0,0,0,0,0,0,0,0,0
2001,220707,1,1,0,0,0,10,0,19,0,0,11,0
2001,220707,2,1,0,0,0,0,0,0,0,0,0,0
2001,220707,3,1,0,6,0,0,0,0,11,0,0,0
2001,220708,1,1,0,0,0,0,23,39,0,0,0,0
2001,220709,1,1,0,0,0,0,0,0,0,0,0,0
2001,220710,1,1,0,0,0,0,0,0,0,0,0,0
2001,220710,2,1,0,0,0,0,0,0,0,0,0,0
2001,220711,1,1,13,13,13,13,13,13,13,13,13,13
2001,220712,1,1,0,0,0,0,0,0,0,0,0,0
2001,220713,0,1,0,0,0,0,0,0,0,0,0,0
2001,220713,0,2,0,0,0,0,0,0,0,0,0,0
2001,220713,0,3,0,0,0,0,0,0,0,0,0,0
2001,220713,1,1,0,0,0,0,0,0,0,0,0,0
2001,220714,1,1,0,0,0,0,0,0,0,0,0,0
2001,220715,1,1,19,28,20,0,11,14,11,12,16,14
2001,220716,0,1,0,0,0,0,7,37,14,50,0,0
2001,220716,1,1,0,0,0,0,0,0,0,0,0,0
2001,220717,1,1,18,24,0,12,0,4,8,0,0,19
2001,220718,0,1,0,0,0,0,0,0,0,0,0,0
2001,220718,1,1,0,0,0,0,0,0,0,0,0,0
2001,220719,1,1,0,0,0,0,0,0,0,0,0,0
2001,220719,2,1,0,0,0,0,0,0,0,0,0,0
2001,220720,1,1,11,39,16,0,0,0,0,0,15,19
2001,220721,1,1,0,0,0,0,0,0,0,0,0,0
2001,220722,1,1,0,0,0,0,0,0,0,0,0,0
2001,220723,1,1,0,13,0,23,20,23,18,0,7,13
2001,220725,1,1,10,0,0,0,0,0,0,0,0,0
2001,220725,2,1,0,0,0,0,0,0,0,0,0,0
2001,220725,3,1,0,0,0,0,0,0,0,0,0,0
2001,220726,1,1,22,22,22,22,22,22,22,22,22,22
2001,220726,2,1,0,0,0,0,0,0,0,0,0,0
2001,220727,1,1,0,0,0,0,0,0,0,0,0,0
2001,220727,2,1,0,0,0,0,0,0,0,0,0,0
2001,220728,1,1,18,18,18,18,18,18,18,18,18,18
2001,220729,0,1,0,0,0,0,0,0,0,0,0,0
2001,220729,1,1,0,0,0,0,0,0,0,0,0,19
2001,220730,1,1,0,0,0,0,0,0,0,11,0,24
2001,220731,0,1,44,44,44,44,44,44,44,44,44,44
2001,220731,1,1,0,0,0,0,0,0,0,0,0,0
2001,220732,1,1,0,8,14,0,8,20,0,36,2,15
2001,220733,0,1,0,25,21,7,24,18,3,24,0,27
2001,220733,1,1,0,0,0,6,0,10,0,0,0,0
2001,220734,1,1,11,11,11,11,11,11,11,11,11,11
2001,220735,1,1,0,0,0,0,0,0,22,0,0,0
2001,220735,2,1,0,0,0,0,0,0,0,5,0,0
2001,220735,3,1,0,0,0,0,0,0,0,0,0,0
2001,220735,4,1,0,0,0,0,0,0,0,0,0,0
2001,220735,5,1,20,18,0,0,0,0,0,20,9,0
2001,220736,1,1,0,0,0,0,0,0,0,0,0,0
2001,220736,2,1,0,0,0,0,0,0,0,0,0,0
2001,220737,1,1,14,0,0,0,24,0,24,0,0,0
2001,220737,2,1,0,0,0,0,0,0,0,0,0,0
2001,220738,1,2,0,6,28,15,15,0,0,0,16,35
2001,220739,0,1,0,0,0,0,0,0,0,0,0,0
2001,220739,1,1,0,0,0,0,0,0,0,0,0,0
2001,220740,1,1,14,14,14,14,14,14,14,14,14,14
2001,220741,1,1,18,18,18,18,18,18,18,18,18,18
2001,220741,2,1,18,0,9,10,14,0,0,15,0,5
2001,220742,1,1,0,0,0,0,0,0,0,0,0,0
2001,220742,2,1,0,0,0,0,0,0,0,0,0,0
2001,220743,1,1,0,0,0,0,10,0,0,0,0,0
2001,220743,2,1,0,0,0,0,0,0,0,0,0,0
2001,220744,1,1,0,0,0,0,0,0,0,0,0,0
2001,220745,1,1,0,0,0,0,0,0,0,0,0,0
2001,220745,2,1,0,0,0,0,0,0,0,0,0,0
2001,220746,1,1,11,11,11,11,11,11,11,11,11,11
2001,220747,1,1,11,10,14,15,19,20,15,17,8,11
2001,220748,1,1,0,0,0,0,0,0,0,0,0,0
2001,220748,2,1,0,0,0,0,0,0,0,0,0,0
2001,220748,3,1,0,0,0,0,0,0,0,0,0,0
2001,220748,4,1,0,0,0,0,0,0,0,0,0,0
2001,220749,1,1,16,0,0,0,0,0,0,0,0,10
2001,220749,2,1,0,0,0,0,0,0,0,0,0,0
2001,220749,3,1,0,0,0,0,0,0,0,0,0,0
2001,220750,1,1,22,0,7,0,16,24,0,31,22,25
2001,220750,2,1,12,12,12,12,12,12,12,12,12,12
2001,220751,1,1,17,17,17,17,17,17,17,17,17,17
2001,220752,1,1,0,0,0,0,0,0,0,0,0,0
2001,220752,2,1,0,0,0,0,0,0,0,0,0,0
2001,220753,1,1,0,0,0,0,0,0,0,0,0,0
2001,220754,1,1,20,0,30,28,18,30,19,18,30,0
2001,220755,1,1,17,0,28,10,0,25,21,43,18,13
2001,220755,2,1,12,12,12,12,12,12,12,12,12,12
2001,220756,1,1,18,18,18,18,18,18,18,18,18,18
2001,220756,2,1,0,0,0,0,0,0,0,0,0,0
2001,220757,1,1,0,0,0,0,0,0,0,0,0,0
2001,220758,0,1,13,48,0,12,27,21,0,0,16,17
2001,220758,1,1,0,0,0,0,0,0,0,0,0,0
2001,220759,1,1,0,19,11,7,0,9,0,27,17,0
2001,220759,2,1,0,0,0,0,0,0,0,0,0,0
2001,220760,1,1,0,0,0,0,0,0,0,0,0,0
2001,220761,1,1,27,27,22,23,42,20,45,52,25,50
2001,220762,1,1,8,8,8,8,8,8,8,8,8,8
2001,220762,2,1,0,0,0,0,0,0,0,0,0,0
2001,220762,3,1,0,0,0,0,0,0,0,0,0,0
2001,220763,0,1,27,21,7,0,0,0,17,0,10,0
2001,220763,1,1,14,10,3,9,11,9,0,11,0,0
2001,220764,1,1,6,6,6,6,6,6,6,6,6,6
2001,220765,1,1,0,0,0,0,0,0,0,0,0,0
2001,220765,2,1,0,0,0,0,0,0,0,0,0,0
2001,220766,1,1,6,33,14,13,22,0,0,23,0,0
2001,220766,2,1,0,0,0,0,0,0,0,0,0,0
2001,220767,1,1,0,0,0,0,0,0,0,0,0,0
2001,220767,2,1,0,0,0,0,0,0,0,0,0,0
2001,220768,1,1,34,16,19,6,27,22,13,7,0,27
2001,220769,0,1,0,23,20,0,11,20,13,17,25,12
2001,220769,1,1,0,0,0,0,0,0,0,0,0,0
2001,220770,0,1,0,0,0,0,0,0,0,0,0,0
2001,220770,1,1,0,0,0,0,0,0,0,0,0,0
2001,220771,1,1,0,0,0,0,0,0,0,0,0,0
2001,220771,2,1,0,0,0,0,0,0,0,0,0,0
2001,220772,1,1,0,0,0,0,0,0,0,0,0,0
2001,220772,2,1,0,0,0,0,0,0,0,0,0,0
2001,220773,1,1,15,15,15,15,15,15,15,15,15,15
2001,220774,1,1,0,0,0,0,0,0,0,0,0,0
2001,220775,1,1,31,13,0,32,31,0,0,0,21,2
2001,220776,1,1,0,0,0,0,0,0,0,0,0,0
2001,220776,2,1,0,0,0,0,0,0,0,0,0,0
2001,220777,1,1,16,16,16,16,16,16,16,16,16,16
2001,220778,1,1,10,10,10,10,10,10,10,10,10,10
2001,220779,1,1,0,0,0,0,0,0,0,0,0,0
2001,220779,2,1,0,0,0,0,0,0,0,0,0,0
2001,220780,1,1,0,0,0,0,0,0,0,0,0,0
2001,220780,2,1,0,0,0,0,0,0,0,0,0,0
2001,220780,3,1,0,0,0,0,0,0,0,0,0,0
2001,220780,4,1,0,0,0,0,0,6,0,0,0,8
2001,220780,5,1,0,0,0,0,0,0,0,0,0,0