YEAR,st_case,veh_no,per_no,P1,P2,P3,P4,P5,P6,P7,P8,P9,P10
2001,240288,2,1,0,0,0,0,0,0,0,0,0,0
2001,240289,1,1,33,7,0,0,0,20,52,0,12,25
2001,240290,1,1,17,17,17,17,17,17,17,17,17,17
2001,240290,2,1,0,0,0,0,0,0,0,0,0,0
2001,240291,1,1,0,0,0,20,18,0,0,0,8,0
2001,240291,2,1,0,0,0,0,0,0,0,0,0,0
2001,240291,3,1,0,0,0,0,0,0,0,0,0,0
2001,240292,1,1,0,0,0,0,0,0,0,0,0,0
2001,240292,2,1,0,17,0,0,0,0,0,0,0,0
2001,240293,0,1,0,0,0,0,0,0,0,0,0,0
2001,240293,1,1,0,0,0,0,0,0,0,0,0,0
2001,240294,1,1,12,12,12,12,12,12,12,12,12,12
2001,240295,1,1,0,0,0,0,0,0,0,0,0,0
2001,240295,2,1,0,0,0,0,0,0,0,0,0,0
2001,240296,1,1,8,8,8,8,8,8,8,8,8,8
2001,240297,1,1,8,8,8,8,8,8,8,8,8,8
2001,240298,0,1,8,8,8,8,8,8,8,8,8,8
2001,240298,1,1,4,4,4,4,4,4,4,4,4,4
2001,240299,1,1,18,18,18,18,18,18,18,18,18,18
2001,240299,2,1,0,0,0,0,0,0,0,0,0,0
2001,240300,1,1,0,0,0,0,0,0,0,0,0,0
2001,240300,2,1,0,0,0,0,0,0,0,0,0,0
2001,240301,1,1,13,13,13,13,13,13,13,13,13,13
2001,240302,1,1,2,2,2,2,2,2,2,2,2,2
2001,240303,1,1,20,20,20,20,20,20,20,20,20,20
2001,240304,1,1,0,0,0,0,0,0,0,0,0,0
2001,240304,2,1,0,0,0,0,0,0,0,0,0,0
2001,240305,1,1,0,0,0,0,0,0,0,0,0,0
2001,240305,2,1,0,0,0,0,0,0,0,0,0,0
2001,240306,1,1,0,0,0,0,0,0,0,0,0,0
2001,240306,2,1,0,0,0,0,0,0,0,0,0,0
2001,240307,1,1,24,24,24,24,24,24,24,24,24,24
2001,240307,2,1,3,3,3,3,3,3,3,3,3,3
2001,240308,1,1,0,0,0,0,0,0,0,0,0,0
2001,240308,2,1,0,0,0,0,0,0,0,0,0,0
2001,240309,0,1,0,0,0,0,0,0,0,0,0,0
2001,240309,1,1,0,0,0,0,0,0,0,0,0,0
2001,240310,1,1,0,0,0,0,0,0,0,0,0,0
2001,240311,0,1,0,0,0,0,0,0,0,0,0,0
2001,240311,1,1,0,0,0,0,0,0,0,0,0,0
2001,240312,0,1,4,0,0,0,0,0,0,0,0,0
2001,240312,1,1,0,0,0,0,0,0,0,0,0,0
2001,240313,1,1,5,5,5,5,5,5,5,5,5,5
2001,240313,2,1,0,0,0,0,0,0,0,0,0,0
2001,240314,1,1,0,0,0,0,0,0,0,0,0,0
2001,240314,2,1,0,0,0,0,0,0,0,0,0,0
2001,240315,1,1,0,0,0,0,0,0,0,0,0,0
2001,240315,2,1,0,0,0,0,0,0,0,0,0,0
2001,240315,3,1,0,0,0,0,0,0,0,0,0,0
2001,240316,1,1,22,22,22,22,22,22,22,22,22,22
2001,240317,0,1,21,21,21,21,21,21,21,21,21,21
2001,240317,1,1,0,0,0,0,0,0,0,0,0,0
2001,240318,1,1,0,0,0,0,0,0,0,0,0,0
2001,240318,2,1,0,0,0,0,0,0,0,0,0,0
2001,240319,1,1,0,4,0,0,0,0,0,0,0,0
2001,240319,2,1,0,0,0,0,0,0,0,0,0,0
2001,240320,0,1,0,0,0,0,0,0,0,0,0,0
2001,240320,1,1,0,0,0,0,0,0,0,0,0,0
2001,240321,1,1,0,0,0,0,0,0,0,0,0,0
2001,240321,2,1,0,0,0,0,0,0,24,0,0,0
2001,240322,1,1,0,0,0,0,0,0,0,0,0,0
2001,240323,0,1,0,0,0,0,0,0,0,0,0,0
2001,240323,1,1,0,0,0,0,0,0,0,0,0,0
2001,240323,2,1,0,0,0,0,0,0,0,15,0,0
2001,240324,1,1,0,0,0,0,0,0,0,0,0,0
2001,240324,2,1,0,0,0,0,0,0,0,0,0,0
2001,240325,0,1,10,10,10,10,10,10,10,10,10,10
2001,240325,1,1,0,0,0,8,15,24,0,7,0,0
2001,240326,0,1,20,20,20,20,20,20,20,20,20,20
2001,240326,1,1,0,14,0,0,0,0,0,0,0,0
2001,240327,1,1,0,0,0,0,0,0,0,0,0,0
2001,240327,2,1,0,0,0,0,0,0,0,0,0,0
2001,240327,3,1,0,0,0,0,0,0,0,0,0,0
2001,240328,1,1,0,0,0,0,0,0,0,0,0,0
2001,240328,2,1,0,0,0,0,0,0,0,0,0,0
2001,240329,1,1,15,15,15,15,15,15,15,15,15,15
2001,240329,2,1,0,0,0,0,0,0,0,26,0,0
2001,240330,1,1,0,11,0,0,0,0,0,0,0,0
2001,240330,2,1,0,0,0,0,0,0,0,0,0,0
2001,240331,1,1,11,11,11,11,11,11,11,11,11,11
2001,240332,1,1,0,0,0,0,0,0,0,0,0,0
2001,240332,2,1,0,0,0,0,0,0,0,0,0,0
2001,240333,1,1,0,0,0,0,0,0,0,0,0,0
2001,240333,2,1,0,0,0,0,0,0,0,0,0,0
2001,240334,1,1,0,7,3,0,0,0,0,0,0,0
2001,240334,2,1,0,0,0,0,0,0,0,0,0,0
2001,240335,1,1,0,7,12,0,15,14,0,0,0,10
2001,240336,1,1,12,19,0,0,0,0,0,0,0,14
2001,240336,2,1,0,0,0,0,0,0,11,0,0,0
2001,240337,1,1,0,0,0,0,0,0,0,0,0,0
2001,240338,1,1,18,18,18,18,18,18,18,18,18,18
2001,240339,1,1,0,0,0,0,0,0,0,0,0,0
2001,240340,0,1,0,0,0,0,0,0,0,0,0,0
2001,240340,1,1,0,0,0,0,0,0,0,0,0,0
2001,240340,2,1,0,10,0,0,0,0,0,0,0,0
2001,240341,1,1,7,0,0,0,0,15,0,0,0,11
2001,240341,2,1,0,0,0,0,0,0,0,0,0,0
2001,240342,1,1,0,0,0,0,0,0,6,0,0,0
2001,240343,1,1,0,0,0,0,0,0,0,0,0,0
2001,240343,2,1,0,6,0,0,0,0,0,0,0,0
2001,240343,3,1,0,0,0,0,0,0,0,0,0,0
2001,240344,1,1,0,0,0,0,0,0,0,0,0,0
2001,240344,2,1,0,0,0,0,0,0,0,18,0,0
2001,240345,0,1,0,0,0,0,0,0,0,0,0,0
2001,240345,1,1,0,0,0,0,0,0,0,0,0,0
2001,240346,1,1,0,0,0,0,0,0,0,0,0,0
2001,240346,2,1,0,0,0,0,0,0,0,0,0,0
2001,240347,1,1,10,10,10,10,10,10,10,10,10,10
2001,240348,1,1,20,20,20,20,20,20,20,20,20,20
2001,240349,1,1,20,20,20,20,20,20,20,20,20,20
2001,240350,1,1,0,0,0,0,0,0,0,0,0,0
2001,240350,2,1,0,0,0,0,0,0,0,0,0,0
2001,240351,1,1,19,19,19,19,19,19,19,19,19,19
2001,240352,1,1,11,11,11,11,11,11,11,11,11,11
2001,240353,1,1,20,0,12,0,14,11,0,0,0,0
2001,240353,2,1,0,0,0,0,0,0,0,0,0,0
2001,240354,0,1,0,0,0,0,0,0,0,0,0,0
2001,240354,1,1,0,0,0,0,0,0,0,0,0,0
2001,240355,1,1,0,14,19,0,26,13,24,0,22,9
2001,240356,1,1,18,18,18,18,18,18,18,18,18,18
2001,240357,1,1,13,13,13,13,13,13,13,13,13,13
2001,240358,1,1,0,0,0,0,0,0,0,0,0,0
2001,240359,1,1,1,1,1,1,1,1,1,1,1,1
2001,240360,0,1,0,0,0,0,0,0,0,0,0,0
2001,240360,1,1,0,0,0,0,0,0,0,0,0,0
2001,240361,1,1,8,8,8,8,8,8,8,8,8,8
2001,240362,1,1,14,14,14,14,14,14,14,14,14,14
2001,240362,2,1,0,0,0,0,0,3,0,0,0,0
2001,240363,1,1,11,11,11,11,11,11,11,11,11,11
2001,240364,1,1,0,0,0,0,0,0,0,0,0,0
2001,240364,2,1,0,0,0,0,0,0,0,0,0,0
2001,240365,1,1,5,5,5,5,5,5,5,5,5,5
2001,240365,2,1,0,0,0,0,0,0,0,0,0,0
2001,240365,3,1,0,0,0,0,0,0,22,0,0,0
2001,240365,4,1,0,0,0,0,0,0,0,0,0,0
2001,240366,1,1,0,0,0,0,0,0,0,0,0,0
2001,240367,1,1,0,0,0,0,0,0,0,0,0,0
2001,240367,2,1,0,0,0,0,0,0,0,0,0,0
2001,240368,1,1,0,0,0,0,0,0,0,0,0,0
2001,240368,2,1,0,0,0,0,0,0,0,0,0,0
2001,240369,0,1,0,0,0,0,0,0,0,0,0,0
2001,240369,0,2,12,0,0,13,0,16,6,0,18,37
2001,240369,1,1,0,0,0,0,0,0,0,0,0,0
2001,240370,1,1,2,2,2,2,2,2,2,2,2,2
2001,240371,1,1,0,0,0,0,6,0,0,0,0,0
2001,240371,2,1,0,0,0,0,0,0,0,0,0,0
2001,240371,3,1,0,0,0,0,0,0,0,0,0,0
2001,240372,1,1,2,2,2,2,2,2,2,2,2,2
2001,240373,1,1,0,0,0,0,0,0,0,0,0,0
2001,240373,2,1,0,0,0,0,0,0,0,0,0,0
2001,240373,3,1,0,0,0,0,5,0,0,0,0,0
2001,240374,1,1,7,7,7,7,7,7,7,7,7,7
2001,240375,0,1,0,0,0,0,0,0,0,0,0,0
2001,240375,1,1,14,14,14,14,14,14,14,14,14,14
2001,240376,1,1,0,0,0,0,0,0,0,0,0,0
2001,240376,2,1,0,0,0,0,0,0,0,0,0,0
2001,240376,3,1,0,0,0,0,0,0,0,0,0,0
2001,240376,4,1,0,0,0,0,0,0,0,0,0,0
2001,240377,1,1,0,0,0,0,0,0,0,0,0,0
2001,240377,2,1,6,6,6,6,6,6,6,6,6,6
2001,240378,1,1,0,0,0,0,0,0,0,0,0,0
2001,240379,1,1,0,0,0,0,0,0,0,0,0,0
2001,240379,2,1,0,0,0,0,0,0,0,0,0,0
2001,240380,1,1,0,0,0,0,0,0,0,0,0,0
2001,240380,2,1,8,8,8,8,8,8,8,8,8,8
2001,240381,0,1,17,17,17,17,17,17,17,17,17,17
2001,240381,0,2,15,40,20,20,25,15,11,13,23,25
2001,240381,1,1,0,0,0,0,0,0,0,0,0,0
2001,240382,1,1,0,0,0,0,0,0,0,0,0,0
2001,240382,2,1,0,0,0,0,0,0,0,0,0,0
2001,240383,1,1,0,0,0,0,0,0,0,0,0,0
2001,240383,2,1,0,0,0,0,0,0,0,0,0,0
2001,240384,1,1,13,13,13,13,13,13,13,13,13,13
2001,240385,1,1,8,14,20,14,14,11,8,11,16,4
2001,240386,1,1,0,0,0,0,0,0,0,0,0,0
2001,240387,1,1,0,0,0,0,0,0,0,0,0,0
2001,240387,2,1,0,0,0,0,0,0,0,0,0,0
2001,240388,1,1,0,0,0,0,0,0,0,0,0,0
2001,240389,1,1,0,0,0,0,0,0,0,0,0,0
2001,240390,1,1,0,0,0,0,0,0,0,0,0,0
2001,240390,2,1,0,0,0,0,0,0,0,0,0,0
2001,240391,1,1,20,20,20,20,20,20,20,20,20,20
2001,240392,1,1,14,14,14,14,14,14,14,14,14,14
2001,240392,2,1,0,0,0,0,0,0,0,0,0,0
2001,240393,1,1,0,0,0,0,0,0,0,0,0,0
2001,240394,1,1,0,0,0,0,0,0,0,0,0,0
2001,240394,2,1,0,0,0,0,0,0,0,0,0,0
2001,240395,0,1,0,0,0,0,0,0,0,0,0,0
2001,240395,1,1,0,0,0,0,0,0,0,0,0,0
2001,240396,1,1,0,0,0,0,0,0,0,0,0,0
2001,240396,2,1,0,0,0,0,0,0,0,0,0,0
2001,240397,1,1,21,21,21,21,21,21,21,21,21,21
2001,240398,1,1,16,16,16,16,16,16,16,16,16,16
2001,240398,2,1,0,0,0,0,0,0,0,0,0,0
2001,240399,1,1,16,16,16,16,16,16,16,16,16,16
2001,240399,2,1,0,0,0,0,0,0,0,0,0,0
2001,240399,3,1,0,0,0,0,0,0,0,0,0,0
2001,240400,1,1,10,24,9,2,12,8,14,11,24,0
2001,240401,1,1,14,14,14,14,14,14,14,14,14,14
2001,240402,1,1,0,0,0,0,0,0,0,0,0,0
2001,240403,0,1,4,4,4,4,4,4,4,4,4,4
2001,240403,1,1,0,0,0,0,0,0,0,0,0,0
2001,240404,1,1,0,0,0,0,0,0,0,0,0,0
2001,240405,1,1,0,0,0,0,0,0,0,0,0,0
2001,240405,2,1,0,0,0,0,0,0,0,0,0,0
2001,240405,3,1,0,0,0,0,0,0,0,0,0,0
2001,240406,0,1,18,21,17,34,0,39,16,31,19,16
2001,240406,1,1,0,0,0,0,0,0,0,0,0,0
2001,240407,1,1,7,7,7,7,7,7,7,7,7,7
2001,240407,2,1,0,0,0,0,0,0,0,0,0,0
2001,240408,1,1,0,0,0,0,0,0,0,0,0,0
2001,240408,2,1,0,0,0,0,0,0,0,0,12,0
2001,240409,1,1,14,14,14,14,14,14,14,14,14,14
2001,240410,1,1,0,15,22,0,0,0,0,0,0,0
2001,240411,1,1,10,15,14,16,7,9,0,15,2,19
2001,240411,2,1,0,0,0,0,0,0,0,0,0,0
2001,240412,1,1,0,0,0,0,0,0,0,0,0,0
2001,240412,2,1,0,0,0,0,0,0,0,0,0,0
2001,240413,1,1,0,0,0,0,0,0,0,0,0,0
2001,240413,2,1,0,0,0,0,0,0,0,0,0,0
2001,240414,1,1,0,0,0,0,0,0,0,0,0,0
2001,240414,2,1,0,0,0,0,0,0,0,0,0,0
2001,240415,1,1,34,34,34,34,34,34,34,34,34,34
2001,240416,0,1,20,20,20,20,20,20,20,20,20,20
2001,240416,1,1,18,9,0,5,5,11,0,11,0,0
2001,240417,1,1,15,15,15,15,15,15,15,15,15,15
2001,240417,2,1,0,0,0,0,0,0,0,0,0,0
2001,240418,1,1,0,0,0,0,0,0,0,0,0,0
2001,240418,2,1,0,0,0,0,0,0,0,0,0,0
2001,240419,1,1,0,0,0,0,0,0,0,0,0,0
2001,240419,2,1,0,0,0,0,0,0,0,0,0,0
2001,240420,0,1,0,0,0,0,0,0,0,0,0,0
2001,240420,1,1,0,0,0,0,0,0,0,0,0,0
2001,240420,2,1,0,0,0,0,0,0,0,0,0,0
2001,240421,1,1,0,0,0,0,0,0,0,0,0,0
2001,240421,2,1,0,0,0,0,0,0,0,0,0,0
2001,240422,1,1,20,24,0,16,0,0,0,0,0,0
2001,240422,2,1,0,0,0,0,0,0,0,0,0,0
2001,240422,3,1,0,0,0,0,0,0,0,0,0,0
2001,240423,1,1,0,0,0,0,0,0,0,0,0,0
2001,240423,2,1,0,0,9,0,0,0,0,0,0,9
2001,240424,1,1,15,15,15,15,15,15,15,15,15,15
2001,240425,1,1,15,11,19,3,24,9,21,20,24,8
2001,240426,1,1,0,28,0,0,0,18,0,0,0,0
2001,240426,2,1,0,0,0,0,0,0,0,0,0,0
2001,240426,3,1,0,0,0,0,0,0,0,0,0,0
2001,240426,4,1,0,0,0,0,0,0,0,0,0,0
2001,240427,1,1,0,0,0,0,0,0,0,0,0,0
2001,240427,2,1,0,0,0,0,0,0,0,0,0,0
2001,240428,0,1,0,0,0,0,0,0,0,0,0,0
2001,240428,1,1,0,0,16,0,0,0,0,0,0,0
2001,240429,1,1,18,18,18,18,18,18,18,18,18,18
2001,240429,2,1,0,0,0,0,0,0,0,0,0,0
2001,240430,1,1,0,0,0,0,0,0,0,0,0,0
2001,240430,2,1,0,0,0,0,0,0,0,0,0,0
2001,240430,3,1,0,0,0,0,0,0,0,0,0,0
2001,240430,4,1,0,0,0,0,0,0,0,0,0,0
2001,240431,1,1,0,0,0,0,0,0,0,0,0,0
2001,240432,1,1,3,3,3,3,3,3,3,3,3,3
2001,240433,0,1,9,9,9,9,9,9,9,9,9,9
2001,240433,1,1,0,0,0,0,0,12,0,0,0,0
2001,240434,1,1,22,22,22,22,22,22,22,22,22,22
2001,240434,2,1,0,0,0,0,0,0,0,0,0,0
2001,240434,3,1,0,11,0,0,0,0,9,0,0,0
2001,240435,0,1,24,24,24,24,24,24,24,24,24,24
2001,240435,1,1,0,0,0,0,0,0,0,0,0,0
2001,240436,0,1,0,0,0,0,0,0,0,0,0,0
2001,240436,1,1,0,0,0,0,0,0,8,0,0,0
2001,240437,1,1,16,16,16,16,16,16,16,16,16,16
2001,240437,2,1,0,0,0,0,0,0,0,0,0,0
2001,240438,0,1,0,0,0,0,0,0,0,0,0,0
2001,240438,1,1,0,0,0,0,0,0,0,0,0,0
2001,240439,1,1,14,14,14,14,14,14,14,14,14,14
2001,240440,1,1,0,0,0,0,0,0,0,0,14,0
2001,240440,2,1,0,0,0,0,0,0,0,0,0,0
2001,240441,1,1,0,0,0,0,0,16,0,0,0,0
2001,240442,1,1,15,8,6,17,10,14,16,17,33,10
2001,240443,1,1,22,26,21,17,20,8,0,0,22,0
2001,240444,0,1,12,12,12,12,12,12,12,12,12,12
2001,240444,1,1,0,0,0,0,0,0,0,0,6,0
2001,240445,1,1,17,17,17,17,17,17,17,17,17,17
2001,240446,1,1,14,14,14,14,14,14,14,14,14,14
2001,240447,1,1,3,3,3,3,3,3,3,3,3,3
2001,240448,1,1,0,0,0,0,0,0,0,0,0,0
2001,240449,0,1,0,0,0,0,0,0,0,0,0,0
2001,240449,1,1,0,0,0,0,0,0,0,0,0,7
2001,240450,0,1,0,0,0,0,0,0,0,0,0,0
2001,240450,1,1,0,0,0,0,0,0,0,0,0,0
2001,240451,1,1,16,16,16,16,16,16,16,16,16,16
2001,240452,1,1,0,0,0,0,0,0,0,0,0,0
2001,240452,2,1,0,0,0,0,0,0,0,0,0,0
2001,240452,3,1,0,0,0,0,0,0,0,0,0,0
2001,240453,1,1,0,0,0,0,0,0,0,0,0,0
2001,240453,2,1,0,0,0,0,0,0,0,0,0,0
2001,240454,1,1,14,14,14,14,14,14,14,14,14,14
2001,240454,2,1,0,0,0,0,0,0,0,0,0,0
2001,240455,1,1,17,17,17,17,17,17,17,17,17,17
2001,240456,1,1,31,31,31,31,31,31,31,31,31,31
2001,240456,2,1,0,0,0,0,0,0,0,0,0,0
2001,240457,1,1,0,0,0,0,0,3,0,0,0,0
2001,240458,1,1,23,0,0,0,31,0,17,0,0,0
2001,240459,1,1,27,27,27,27,27,27,27,27,27,27
2001,240460,1,1,0,0,0,0,0,0,0,0,0,0
2001,240461,1,1,0,0,0,0,0,0,0,0,0,0
2001,240461,2,1,0,0,0,0,0,0,0,0,0,0
2001,240462,1,1,0,0,0,0,0,0,0,0,0,0
2001,240463,0,1,8,8,8,8,8,8,8,8,8,8
2001,240463,1,1,0,0,0,17,0,0,0,0,0,0
2001,240464,1,1,10,10,10,10,10,10,10,10,10,10
2001,240465,1,1,0,0,0,0,0,0,0,0,0,0
2001,240466,1,1,20,20,20,20,20,20,20,20,20,20
2001,240467,0,1,35,35,35,35,35,35,35,35,35,35
2001,240467,1,1,0,0,0,0,0,0,0,0,0,0
2001,240468,1,1,19,19,19,19,19,19,19,19,19,19
2001,240468,2,1,0,0,0,0,0,0,0,0,0,0
2001,240469,1,1,0,0,0,0,0,0,0,0,0,0
2001,240470,1,1,0,0,0,0,0,0,0,0,0,0
2001,240471,0,1,0,26,0,0,19,11,0,17,0,0
2001,240471,1,1,0,0,0,0,0,0,0,0,0,0
2001,240472,1,1,0,0,0,0,0,0,0,0,0,0
2001,240472,2,1,11,11,11,11,11,11,11,11,11,11
2001,240473,1,1,0,0,0,0,0,10,3,6,0,0
2001,240473,2,1,0,0,0,0,0,0,0,0,0,0
2001,240474,1,1,4,4,4,4,4,4,4,4,4,4
2001,240475,0,1,0,0,0,0,0,0,0,0,0,0
2001,240475,1,1,0,0,0,0,0,0,0,0,0,26
2001,240476,1,1,0,0,0,0,0,0,0,0,0,0
2001,240476,2,1,0,0,0,0,0,0,0,0,0,0
2001,240477,0,1,23,23,23,23,23,23,23,23,23,23
2001,240477,1,1,16,0,6,4,5,11,27,24,6,11
2001,240478,1,1,9,21,16,20,0,0,0,0,27,0
2001,240479,1,1,17,17,17,17,17,17,17,17,17,17
2001,240480,1,1,0,0,0,0,0,0,0,0,0,0
2001,240480,2,1,0,0,3,0,0,12,0,0,0,0
2001,240481,1,1,6,6,6,6,6,6,6,6,6,6
2001,240481,2,1,0,0,0,0,0,0,0,0,0,0
2001,240482,1,1,7,7,7,7,7,7,7,7,7,7
2001,240483,1,1,22,22,22,22,22,22,22,22,22,22
2001,240483,2,1,3,3,3,3,3,3,3,3,3,3
2001,240484,0,1,0,0,0,0,32,0,0,0,0,0
2001,240484,1,1,0,0,0,0,0,0,0,0,0,0
2001,240485,1,1,0,0,0,0,0,0,0,0,0,0
2001,240486,0,1,0,0,0,0,0,0,0,0,0,0
2001,240486,1,1,15,15,15,15,15,15,15,15,15,15
2001,240487,1,1,0,0,0,0,0,0,0,0,0,0
2001,240488,0,1,0,0,0,0,0,0,0,0,0,0
2001,240488,1,1,0,0,0,0,0,0,0,0,0,0
2001,240488,2,1,0,0,0,0,0,0,0,0,0,0
2001,240489,1,1,10,10,10,10,10,10,10,10,10,10
2001,240489,2,1,0,0,0,0,0,0,0,0,0,0
2001,240490,1,1,0,0,0,0,0,0,0,0,0,0
2001,240491,1,1,0,0,0,0,0,0,0,0,0,0
2001,240492,1,1,0,0,0,0,0,0,0,0,0,0
2001,240492,2,1,0,0,0,0,0,0,0,0,0,0
2001,240493,0,1,44,21,0,0,0,12,0,0,0,25
2001,240493,1,1,24,13,8,0,19,0,9,0,14,0
2001,240494,1,1,0,0,0,0,0,0,0,0,0,0
2001,240494,2,1,22,22,22,22,22,22,22,22,22,22
2001,240495,1,1,0,0,0,0,0,0,0,0,0,0
2001,240495,2,1,0,0,0,0,0,0,0,0,0,0
2001,240496,1,1,0,0,0,0,0,0,0,0,0,0
2001,240496,2,1,0,0,0,0,0,0,0,0,0,0
2001,240496,3,1,0,0,0,0,0,0,0,0,0,0
2001,240497,1,1,8,8,8,8,8,8,8,8,8,8
2001,240497,2,1,0,0,0,0,0,0,0,0,0,0
2001,240497,3,1,7,7,7,7,7,7,7,7,7,7
2001,240497,4,1,0,0,0,0,0,0,0,0,0,0
2001,240498,1,1,0,0,0,0,0,0,0,0,0,0
2001,240499,1,1,23,23,23,23,23,23,23,23,23,23
2001,240500,1,1,0,0,0,0,0,0,0,0,0,0
2001,240501,1,1,22,22,22,22,22,22,22,22,22,22
2001,240502,1,1,20,20,20,20,20,20,20,20,20,20
2001,240503,1,1,0,0,0,0,0,0,0,0,0,0
2001,240503,2,1,0,0,0,0,0,0,0,0,0,0
2001,240504,0,1,0,0,0,0,0,0,0,0,0,0
2001,240504,1,1,0,0,0,0,0,0,0,0,0,0
2001,240505,1,1,0,0,0,0,0,0,0,0,0,0
2001,240505,2,1,0,0,0,0,0,0,0,11,0,0
2001,240506,1,1,0,27,26,0,0,16,17,10,0,0
2001,240507,1,1,0,0,0,0,0,0,0,0,0,0
2001,240508,1,1,0,0,0,0,0,0,0,0,0,0
2001,240508,2,1,0,0,0,0,0,0,0,0,0,0
2001,240509,1,1,20,20,20,20,20,20,20,20,20,20
2001,240510,1,1,25,25,25,25,25,25,25,25,25,25
2001,240511,1,1,0,0,0,0,0,0,0,0,0,0
2001,240512,1,1,0,0,0,0,0,0,0,0,0,0
2001,240512,2,1,15,0,0,0,0,0,0,0,0,0
2001,240513,0,1,0,0,0,0,0,0,0,0,0,0
2001,240513,1,1,0,0,0,0,0,0,0,0,0,0
2001,240514,0,1,20,20,20,20,20,20,20,20,20,20
2001,240514,1,1,0,0,0,0,0,0,0,0,0,0
2001,240515,1,1,0,0,0,0,0,0,0,0,0,0
2001,240515,2,1,0,0,0,0,0,0,0,0,0,0
2001,240516,1,1,0,0,0,0,0,0,0,0,0,0
2001,240517,1,1,17,17,17,17,17,17,17,17,17,17
2001,240518,1,1,0,0,0,0,0,0,0,0,0,0
2001,240518,2,1,0,7,0,0,0,0,0,0,0,0
2001,240519,1,1,0,0,0,0,0,0,0,0,0,0
2001,240520,0,1,0,0,0,0,0,0,0,0,0,0
2001,240520,1,1,0,0,9,0,0,0,19,0,0,0
2001,240521,0,1,5,16,6,43,16,33,8,21,7,29
2001,240521,1,1,15,18,0,0,15,0,25,22,0,25
2001,240522,1,1,0,0,0,0,0,0,0,0,0,0
2001,240522,2,1,0,0,0,0,0,0,0,0,0,0
2001,240523,1,1,0,0,0,0,0,0,0,0,0,0
2001,240523,2,1,0,0,0,0,0,0,0,0,0,0
2001,240523,3,1,0,0,0,0,0,0,0,0,0,0
2001,240524,1,1,0,0,0,0,0,0,0,0,0,0
2001,240524,2,1,0,0,0,0,0,0,0,0,0,0
2001,240524,3,1,0,0,0,0,0,0,0,0,0,0
2001,240525,1,1,0,0,0,0,0,0,0,0,0,0
2001,240526,1,1,0,11,21,4,7,38,0,11,0,9
2001,240527,0,1,0,0,0,0,0,0,0,0,0,0
2001,240527,1,1,0,0,0,0,0,0,0,0,20,0
2001,240528,1,1,0,0,0,0,0,0,0,0,0,0
2001,240528,2,1,0,0,0,0,0,0,0,0,0,0
2001,240529,1,1,0,0,0,0,0,0,0,0,0,0
2001,240529,2,1,0,0,0,0,0,0,0,0,0,0
2001,240530,1,1,0,0,0,0,17,0,0,0,0,0
2001,240530,2,1,0,0,0,0,0,0,0,0,0,0
2001,240530,3,1,0,0,0,0,0,0,0,0,0,0
2001,240531,0,1,0,0,29,0,17,0,0,36,0,0
2001,240531,1,1,0,0,0,0,0,0,0,0,0,0
2001,240532,0,1,0,0,0,0,0,0,0,0,0,0
2001,240532,1,1,13,13,13,13,13,13,13,13,13,13
2001,240533,1,1,14,14,14,14,14,14,14,14,14,14
2001,240534,1,1,0,0,0,0,0,0,0,0,0,0
2001,240534,2,1,0,0,0,0,0,0,0,0,11,0
2001,240535,1,1,0,0,0,0,0,0,0,0,0,0
2001,240535,2,1,0,0,0,0,0,0,0,0,0,0
2001,240536,1,1,0,0,0,0,0,0,0,0,0,0
2001,240536,2,1,0,0,0,0,0,0,0,0,0,0
2001,240537,1,1,0,0,0,0,0,0,0,0,0,0
2001,240537,2,1,0,0,0,0,0,0,0,0,0,0
2001,240538,1,1,0,0,0,0,0,0,0,0,0,0
2001,240538,2,1,0,0,0,0,0,0,0,0,0,0
2001,240538,3,1,0,0,0,0,0,0,0,0,0,0
2001,240539,0,1,0,0,0,0,18,9,8,9,0,0
2001,240539,1,1,0,0,0,0,0,0,0,0,0,0
2001,240540,1,1,22,22,22,22,22,22,22,22,22,22
2001,240541,1,1,3,3,3,3,3,3,3,3,3,3
2001,240542,1,1,0,0,0,0,0,0,0,0,0,0
2001,240542,2,1,0,0,0,0,0,0,0,0,0,0
2001,240542,3,1,0,0,0,0,0,0,0,0,0,0
2001,240543,1,1,14,14,14,14,14,14,14,14,14,14
2001,240544,0,1,0,0,0,0,0,0,0,0,0,0
2001,240544,1,1,0,0,0,0,0,0,0,0,0,0
2001,240545,0,1,9,9,9,9,9,9,9,9,9,9
2001,240545,1,1,0,0,0,0,0,0,0,0,0,0
2001,240546,1,1,0,0,0,0,0,0,0,0,0,0
2001,240546,2,1,0,0,0,0,0,0,0,0,0,0
2001,240547,1,1,14,14,14,14,14,14,14,14,14,14
2001,240547,2,1,0,0,0,0,0,0,0,0,0,0
2001,240548,1,1,25,0,0,0,49,0,18,6,0,0
2001,240549,1,1,16,16,16,16,16,16,16,16,16,16
2001,240550,1,1,0,20,0,0,0,0,0,0,0,0
2001,240550,2,1,0,0,0,0,0,0,0,0,0,0
2001,240551,1,1,0,0,0,0,0,0,0,0,0,0
2001,240552,0,1,0,0,0,0,0,0,0,0,0,0
2001,240552,1,1,0,0,0,0,0,0,0,0,0,0
2001,240553,0,1,22,22,22,22,22,22,22,22,22,22