YEAR,st_case,veh_no,per_no,P1,P2,P3,P4,P5,P6,P7,P8,P9,P10
2001,240553,1,1,0,0,0,0,0,0,0,0,0,0
2001,240554,1,1,0,0,0,0,0,0,0,0,0,0
2001,240554,2,1,0,0,0,0,0,0,0,0,0,0
2001,240554,3,1,0,0,0,0,0,0,0,0,0,0
2001,240555,1,1,20,20,20,20,20,20,20,20,20,20
2001,240555,2,1,0,0,0,0,0,0,0,0,0,0
2001,240556,1,1,0,0,0,0,0,0,0,0,0,0
2001,240557,1,1,0,0,0,0,0,0,0,0,0,0
2001,240558,1,1,0,0,0,0,0,0,0,0,0,0
2001,240559,1,1,24,12,28,28,18,5,6,7,8,22
2001,240559,2,1,0,0,0,0,0,0,0,0,0,0
2001,240560,0,1,0,0,0,0,0,0,0,0,0,0
2001,240560,1,1,0,0,0,0,0,0,0,0,0,0
2001,240561,1,1,17,17,17,17,17,17,17,17,17,17
2001,240561,2,1,0,0,0,0,0,0,0,0,0,0
2001,240562,1,1,0,23,0,0,0,9,0,0,0,0
2001,240563,1,1,0,0,0,0,0,0,0,11,0,0
2001,240563,2,1,8,8,8,8,8,8,8,8,8,8
2001,240564,1,1,0,0,9,15,0,0,27,0,14,0
2001,240564,2,1,0,0,0,0,0,0,0,0,0,0
2001,240565,0,1,0,0,0,0,0,0,0,0,0,0
2001,240565,1,1,0,0,0,0,0,0,0,0,0,0
2001,240566,1,1,0,0,0,0,0,0,0,0,0,0
2001,240566,2,1,0,0,0,0,0,0,0,0,0,0
2001,240567,1,1,0,0,0,0,0,0,0,0,0,0
2001,240567,2,1,0,0,0,0,0,0,19,0,0,0
2001,240568,0,1,0,0,19,13,0,0,8,11,15,15
2001,240568,1,1,0,0,0,0,0,0,0,0,0,0
2001,240569,1,1,0,0,0,0,0,0,0,25,0,0
2001,240569,2,1,0,0,0,0,0,0,0,0,0,0
2001,240569,3,1,0,0,0,0,0,0,0,0,0,0
2001,240570,1,1,14,14,14,14,14,14,14,14,14,14
2001,240570,2,1,0,0,0,0,0,0,0,0,0,0
2001,240571,1,1,0,0,13,3,0,0,0,0,0,0
2001,240572,1,1,0,0,0,0,12,21,0,0,0,27
2001,240573,1,1,0,0,0,0,0,0,0,0,0,0
2001,240573,2,1,0,0,0,0,0,0,0,0,0,0
2001,240574,0,1,0,0,0,0,0,0,0,0,0,0
2001,240574,1,1,0,0,0,0,0,0,0,0,0,0
2001,240575,1,1,21,21,21,21,21,21,21,21,21,21
2001,240576,1,1,0,0,0,0,0,0,0,0,0,0
2001,240577,0,1,21,21,21,21,21,21,21,21,21,21
2001,240577,1,1,0,0,0,0,6,0,0,0,0,0
2001,240578,0,1,24,24,24,24,24,24,24,24,24,24
2001,240578,1,1,0,0,0,0,0,0,0,0,0,0
2001,240579,1,1,0,0,0,0,0,0,0,0,0,0
2001,240579,2,1,0,0,0,0,0,0,0,0,0,0
2001,240580,0,1,0,0,0,0,0,0,0,0,0,0
2001,240580,0,2,0,0,0,0,0,15,0,0,0,0
2001,240580,0,3,0,0,0,0,0,0,0,0,0,0
2001,240580,0,4,0,0,0,0,0,0,0,0,0,0
2001,240580,1,1,27,27,27,27,27,27,27,27,27,27
2001,240581,0,1,0,0,0,0,0,0,0,0,0,0
2001,240581,1,1,0,0,0,0,0,0,0,0,0,0
2001,240581,2,1,0,0,0,0,0,0,0,0,0,0
2001,240582,1,1,0,0,0,0,0,0,0,0,0,0
2001,240582,2,1,0,0,0,0,0,0,0,0,0,0
2001,240583,0,1,21,21,21,21,21,21,21,21,21,21
2001,240583,1,1,0,0,0,0,0,0,0,9,0,0
2001,240584,1,1,0,0,0,0,0,0,0,0,6,0
2001,240584,2,1,0,0,0,0,0,0,0,0,0,0
2001,240584,3,1,0,0,0,0,0,0,0,0,0,0
2001,240585,1,1,30,11,6,14,11,26,17,10,27,24
2001,240586,1,1,0,14,15,13,0,0,0,0,12,18
2001,240587,0,1,0,0,0,0,0,0,0,0,0,0
2001,240587,1,1,0,0,0,0,0,0,0,0,0,0
2001,240588,1,1,0,24,7,8,10,16,12,38,31,17
2001,240588,2,1,0,0,0,0,0,0,0,0,0,0
2001,240588,3,1,0,0,0,0,0,0,0,0,0,0
2001,240589,1,1,0,0,0,0,0,0,0,0,0,0
2001,240590,0,1,15,15,15,15,15,15,15,15,15,15
2001,240590,1,1,23,14,7,5,2,7,0,0,17,5
2001,240591,0,1,0,0,0,0,0,0,0,0,0,0
2001,240591,1,1,19,27,0,0,5,2,23,17,15,8
2001,240592,1,1,0,0,0,0,0,0,0,0,0,0
2001,240593,1,1,0,0,0,0,0,0,0,0,0,0
2001,240595,0,1,20,20,20,20,20,20,20,20,20,20
2001,240595,0,2,38,38,38,38,38,38,38,38,38,38
2001,240595,1,1,0,0,0,24,0,0,0,0,0,0
2001,240595,2,1,0,0,9,0,0,0,0,0,0,0
2001,240596,1,1,0,0,0,0,0,0,0,0,0,0
2001,240597,1,1,0,18,0,0,0,0,0,0,0,0
2001,240597,2,1,0,0,0,0,0,0,0,0,0,0
2001,240597,3,1,0,0,0,0,0,0,0,0,0,0
2001,240598,1,1,19,19,19,19,19,19,19,19,19,19
2001,240598,2,1,0,17,0,10,0,0,0,0,6,8
2001,240599,1,1,16,16,16,16,16,16,16,16,16,16
2001,240599,2,1,0,0,0,0,0,0,0,0,0,0
2001,240600,1,1,0,0,0,0,0,0,0,0,0,0
2001,240601,1,1,0,13,0,0,0,0,0,0,0,0
2001,240601,2,1,0,0,0,0,0,0,0,0,0,0
2001,240602,1,1,27,27,27,27,27,27,27,27,27,27
2001,240603,1,1,0,0,0,0,0,0,0,0,0,0
2001,240603,2,1,0,0,0,0,0,0,0,0,0,0
2001,240604,1,1,4,4,4,4,4,4,4,4,4,4
2001,250001,1,1,9,9,9,9,9,9,9,9,9,9
2001,250002,0,1,0,0,0,0,0,0,0,0,0,0
2001,250002,1,1,0,0,0,0,0,0,0,0,0,0
2001,250003,1,1,0,0,0,0,0,0,0,0,0,0
2001,250003,2,1,0,25,0,9,0,0,0,0,17,0
2001,250004,0,1,34,41,19,6,16,0,0,0,35,0
2001,250004,1,1,0,0,0,0,0,0,0,0,0,0
2001,250005,1,1,15,23,0,0,17,0,0,20,4,0
2001,250006,0,1,28,0,0,0,0,0,0,19,40,0
2001,250006,1,1,17,14,18,19,9,20,3,5,9,15
2001,250006,2,1,0,0,0,0,0,0,0,0,0,0
2001,250008,1,1,21,0,0,0,0,0,0,0,7,0
2001,250008,2,1,0,0,0,0,0,0,0,0,0,0
2001,250010,1,1,0,0,0,0,10,0,0,0,15,0
2001,250010,2,1,0,0,0,0,0,0,0,0,0,0
2001,250011,1,1,13,13,13,13,13,13,13,13,13,13
2001,250011,2,1,0,0,0,0,0,0,0,0,22,12
2001,250012,1,1,0,0,0,0,0,0,0,0,0,0
2001,250013,0,1,20,20,20,20,20,20,20,20,20,20
2001,250013,1,1,22,23,17,0,0,13,0,16,8,20
2001,250014,1,1,0,0,0,0,0,0,0,0,0,0
2001,250014,2,1,0,0,0,0,0,0,0,0,0,0
2001,250015,1,1,16,0,17,0,0,0,23,7,0,0
2001,250015,2,1,0,12,0,0,0,0,0,0,21,0
2001,250016,1,1,0,0,28,14,17,22,14,0,0,31
2001,250017,0,1,48,48,48,48,48,48,48,48,48,48
2001,250017,1,1,0,0,0,0,0,0,0,0,0,0
2001,250018,1,1,0,0,0,0,0,14,12,0,21,14
2001,250019,1,1,0,0,0,0,0,0,0,0,0,0
2001,250020,1,1,20,20,20,20,20,20,20,20,20,20
2001,250021,0,1,0,17,0,0,29,18,30,0,9,0
2001,250021,1,1,7,0,0,0,0,0,0,11,0,0
2001,250022,0,1,0,0,0,0,0,0,0,0,0,0
2001,250022,1,1,0,0,0,0,0,0,0,0,0,0
2001,250023,0,1,0,0,0,0,0,0,0,0,0,0
2001,250023,1,1,0,0,0,9,0,0,0,0,0,0
2001,250024,1,1,0,0,0,0,0,0,0,0,0,0
2001,250024,2,1,0,0,0,0,0,0,0,0,0,0
2001,250025,1,1,0,0,0,0,0,0,27,0,0,14
2001,250026,0,1,20,0,0,39,0,0,0,0,0,20
2001,250026,0,2,19,0,0,0,0,0,0,0,10,0
2001,250026,1,1,0,8,0,0,8,0,0,0,12,0
2001,250027,1,1,12,0,0,0,0,0,16,0,0,0
2001,250028,0,1,0,0,22,16,0,0,0,8,19,0
2001,250028,1,1,0,0,23,0,0,7,0,0,0,0
2001,250029,0,1,0,0,0,0,0,0,0,0,0,0
2001,250029,1,1,0,0,0,0,0,0,0,0,0,0
2001,250030,0,1,0,0,0,0,0,0,0,0,0,0
2001,250030,1,1,16,0,0,0,0,0,0,0,0,0
2001,250031,0,1,0,0,23,0,0,0,34,12,0,0
2001,250031,1,1,0,0,0,0,0,0,0,0,0,0
2001,250032,1,1,28,28,28,28,28,28,28,28,28,28
2001,250033,1,1,2,2,2,2,2,2,2,2,2,2
2001,250035,1,1,10,10,10,10,10,10,10,10,10,10
2001,250036,0,1,24,24,24,24,24,24,24,24,24,24
2001,250036,1,1,13,30,0,0,0,18,15,0,21,12
2001,250037,1,1,9,9,9,9,9,9,9,9,9,9
2001,250038,1,1,0,0,0,0,0,0,0,0,0,0
2001,250038,2,1,0,0,0,0,5,0,0,0,0,0
2001,250039,1,1,0,0,0,0,0,0,0,0,0,0
2001,250040,1,1,0,0,0,0,0,0,0,5,0,0
2001,250040,2,1,0,0,21,0,0,0,0,0,0,0
2001,250041,0,1,0,29,17,37,0,10,31,0,0,4
2001,250041,1,1,0,0,0,0,0,0,0,0,0,0
2001,250042,0,1,27,25,26,20,15,0,0,0,0,0
2001,250042,1,1,16,0,29,15,16,6,10,22,13,14
2001,250043,1,1,0,0,0,0,0,0,0,0,0,0
2001,250045,0,1,0,0,0,0,0,0,0,0,0,0
2001,250045,1,1,31,0,0,20,0,29,0,11,0,0
2001,250046,1,1,13,0,0,0,0,0,21,12,0,21
2001,250046,2,1,8,0,0,0,21,6,17,0,0,9
2001,250047,1,1,0,0,0,0,0,0,0,0,31,0
2001,250047,2,1,0,0,0,0,0,0,0,0,0,0
2001,250048,1,1,0,12,0,0,0,4,0,0,0,0
2001,250048,2,1,0,20,0,0,0,10,32,11,4,9
2001,250048,3,1,0,0,0,0,0,7,0,0,0,0
2001,250049,1,1,0,0,0,0,0,0,0,0,0,0
2001,250049,2,1,0,0,0,0,0,0,0,0,0,0
2001,250050,1,1,0,0,0,0,0,0,0,0,0,0
2001,250051,1,1,38,18,20,28,17,17,19,0,25,16
2001,250052,1,1,0,0,0,0,0,0,0,0,0,0
2001,250053,1,1,8,9,23,15,19,15,9,16,13,28
2001,250053,2,1,34,0,21,25,8,17,12,0,29,0
2001,250053,3,1,0,0,0,0,0,0,6,14,0,0
2001,250054,1,1,15,9,24,22,10,19,28,10,24,7
2001,250055,0,1,30,30,30,30,30,30,30,30,30,30
2001,250055,1,1,0,0,0,0,0,0,0,0,25,0
2001,250056,1,1,0,0,0,14,0,20,0,0,0,0
2001,250057,0,1,0,0,0,0,0,0,0,0,0,0
2001,250057,1,1,22,19,15,0,18,8,5,6,0,0
2001,250058,1,1,5,21,0,15,0,11,8,35,0,0
2001,250060,1,1,23,23,23,23,23,23,23,23,23,23
2001,250061,1,1,15,12,0,11,16,18,18,15,10,32
2001,250062,1,1,11,11,11,11,11,11,11,11,11,11
2001,250063,1,1,0,0,0,23,0,0,9,0,21,0
2001,250064,1,1,0,0,0,0,0,0,0,0,14,12
2001,250065,0,1,0,0,0,18,0,0,0,12,21,0
2001,250065,1,1,10,14,0,0,0,0,0,0,0,0
2001,250066,0,1,0,0,0,0,0,0,0,0,0,0
2001,250066,1,1,0,0,0,0,0,0,0,0,0,0
2001,250067,1,1,0,0,20,0,0,0,0,0,0,0
2001,250067,2,1,20,0,0,0,0,0,0,12,0,0
2001,250068,1,1,0,0,0,0,24,9,13,18,0,0
2001,250069,1,1,0,0,0,0,0,0,0,0,0,0
2001,250070,0,1,14,14,14,14,14,14,14,14,14,14
2001,250070,1,1,0,15,14,8,5,4,10,8,0,14
2001,250071,1,1,11,0,0,10,10,19,0,0,0,0
2001,250071,2,1,0,13,7,26,15,22,12,31,26,20
2001,250072,1,1,0,14,20,0,11,0,2,0,0,24
2001,250072,2,1,0,18,8,0,0,0,0,10,14,0
2001,250073,1,1,0,0,0,0,0,0,0,0,0,0
2001,250073,2,1,0,0,0,0,0,0,0,0,0,0
2001,250073,3,1,0,0,0,0,0,0,0,0,0,0
2001,250074,1,1,19,19,19,19,19,19,19,19,19,19
2001,250075,1,1,0,0,0,0,0,0,0,0,0,0
2001,250075,2,1,0,0,0,0,0,0,0,13,0,0
2001,250076,1,1,0,0,0,0,0,16,0,0,0,0
2001,250077,1,1,0,10,0,0,0,11,10,0,0,13
2001,250077,2,1,23,20,18,0,0,0,19,0,8,0
2001,250078,1,1,1,1,1,1,1,1,1,1,1,1
2001,250079,1,1,0,0,7,0,0,0,0,0,0,0
2001,250079,2,1,0,0,0,19,19,0,0,11,0,0
2001,250080,1,1,30,30,30,30,30,30,30,30,30,30
2001,250081,1,1,24,24,24,24,24,24,24,24,24,24
2001,250082,1,1,10,0,0,0,0,0,0,0,0,0
2001,250083,1,1,35,9,19,0,39,33,11,16,11,26
2001,250083,2,1,0,0,0,10,11,0,0,0,27,30
2001,250084,1,1,0,0,0,0,0,0,0,0,12,0
2001,250084,2,1,0,0,0,0,0,0,0,0,0,0
2001,250085,1,1,10,36,29,25,15,18,22,17,23,18
2001,250086,0,1,15,0,0,0,9,12,0,0,0,16
2001,250086,1,1,0,0,0,24,0,0,0,0,0,0
2001,250087,1,1,0,12,10,0,0,0,0,0,0,17
2001,250087,2,1,0,0,0,0,0,0,0,0,0,0
2001,250088,1,1,0,0,0,0,0,0,0,0,0,0
2001,250089,1,1,14,20,21,4,11,9,12,8,22,18
2001,250090,1,1,0,0,0,0,0,0,0,0,0,0
2001,250090,2,1,0,0,0,0,0,8,0,0,0,0
2001,250091,1,1,0,0,0,0,0,0,0,0,0,0
2001,250091,2,1,0,0,0,0,0,0,0,0,0,0
2001,250092,1,1,0,0,0,0,0,0,0,0,0,0
2001,250092,2,1,12,0,16,0,0,0,0,0,0,0
2001,250093,1,1,0,0,6,20,13,17,12,17,20,20
2001,250094,1,1,12,12,12,12,12,12,12,12,12,12
2001,250095,1,1,0,0,0,0,0,12,31,8,0,0
2001,250095,2,1,0,0,0,0,0,0,0,0,0,0
2001,250096,1,1,0,0,11,0,0,0,0,0,0,0
2001,250097,1,1,37,20,18,18,11,26,11,11,19,23
2001,250098,1,1,19,11,21,12,23,17,14,14,10,17
2001,250098,2,1,0,0,0,0,0,0,0,0,0,0
2001,250099,1,1,0,0,0,0,0,0,0,0,0,0
2001,250100,1,1,9,38,17,21,11,18,11,24,30,38
2001,250101,1,1,0,22,0,12,17,29,0,7,0,12
2001,250102,1,1,0,0,0,0,0,0,0,0,0,0
2001,250103,1,1,0,0,13,0,0,0,0,0,0,0
2001,250103,2,1,0,14,0,0,11,20,0,0,0,0
2001,250104,1,1,0,0,0,0,0,0,0,0,0,0
2001,250105,0,1,0,0,0,0,0,0,0,0,0,0
2001,250105,1,1,12,0,0,9,0,0,0,18,0,0
2001,250106,1,1,17,41,20,24,14,58,27,27,11,14
2001,250107,0,1,0,0,0,0,0,0,0,0,0,0
2001,250107,1,1,0,0,8,0,0,0,0,26,0,0
2001,250108,0,1,0,0,0,9,0,0,0,0,0,0
2001,250108,1,1,0,0,0,0,0,0,0,0,0,0
2001,250109,1,1,19,6,0,8,0,18,0,0,0,0
2001,250110,1,1,0,0,0,0,0,0,0,0,0,0
2001,250111,1,1,0,0,0,0,23,24,21,0,0,16
2001,250112,1,1,0,0,0,0,0,0,0,0,15,0
2001,250113,1,1,0,0,0,0,0,0,0,0,0,0
2001,250114,1,1,0,0,0,0,0,0,0,6,0,0
2001,250114,2,1,17,17,17,17,17,17,17,17,17,17
2001,250115,1,1,0,0,0,0,0,19,0,0,0,0
2001,250116,0,1,2,2,2,2,2,2,2,2,2,2
2001,250116,1,1,0,0,0,0,0,0,0,0,0,0
2001,250117,1,1,24,24,24,24,24,24,24,24,24,24
2001,250118,1,1,40,0,10,22,5,13,19,0,18,0
2001,250119,1,1,12,12,12,12,12,12,12,12,12,12
2001,250120,1,1,0,0,0,0,0,0,0,0,0,0
2001,250120,2,1,0,0,0,12,0,7,14,0,15,19
2001,250120,3,1,0,0,0,0,0,0,0,0,0,0
2001,250121,1,1,0,0,30,20,14,16,0,0,0,11
2001,250122,1,1,0,0,10,0,0,0,0,0,21,0
2001,250122,2,1,0,0,0,0,0,0,0,0,0,0
2001,250123,1,1,3,3,3,3,3,3,3,3,3,3
2001,250123,2,1,0,0,0,0,0,0,0,0,10,9
2001,250124,1,1,9,0,0,0,0,0,0,0,0,0
2001,250126,1,1,11,16,12,15,9,10,16,4,5,18
2001,250127,1,1,7,0,0,0,0,0,0,0,0,0
2001,250127,2,1,0,0,0,0,0,0,0,0,0,0
2001,250128,1,1,17,17,17,17,17,17,17,17,17,17
2001,250129,0,1,21,21,21,21,21,21,21,21,21,21
2001,250129,1,1,0,0,0,0,0,0,0,0,0,5
2001,250130,0,1,9,9,9,9,9,9,9,9,9,9
2001,250130,1,1,0,0,0,0,0,0,0,0,0,0
2001,250131,0,1,0,0,0,0,0,0,0,0,0,0
2001,250131,1,1,0,0,0,0,0,0,0,0,0,0
2001,250132,1,1,0,28,0,0,0,0,0,17,0,0
2001,250132,2,1,10,0,11,8,6,15,15,3,7,11
2001,250133,1,1,0,0,0,0,0,0,0,0,0,0
2001,250134,1,1,3,0,23,23,21,9,0,0,0,10
2001,250135,0,1,0,0,0,0,0,0,0,0,0,0
2001,250135,1,1,0,0,0,0,0,0,0,0,0,0
2001,250136,1,1,0,0,0,0,0,0,0,0,0,0
2001,250137,1,1,0,30,23,0,0,0,10,17,0,41
2001,250138,1,1,0,0,0,0,0,14,0,0,17,0
2001,250139,1,1,0,0,0,0,0,0,0,0,0,0
2001,250139,2,1,0,0,0,0,0,0,0,0,0,0
2001,250140,1,1,0,0,0,0,0,0,0,0,0,0
2001,250140,2,1,0,0,0,0,0,0,0,0,0,0
2001,250141,1,1,17,3,0,27,0,6,0,19,0,0
2001,250142,1,1,0,0,0,0,0,0,0,0,0,0
2001,250143,1,1,0,0,0,0,0,0,0,0,0,0
2001,250143,2,1,8,8,8,8,8,8,8,8,8,8
2001,250144,1,1,17,17,17,17,17,17,17,17,17,17
2001,250145,1,1,0,16,0,5,15,0,0,0,0,0
2001,250145,2,1,0,0,0,0,0,0,0,0,0,0
2001,250146,1,1,5,12,4,9,14,23,14,17,0,5
2001,250147,1,1,0,0,0,0,0,0,0,0,0,0
2001,250148,1,1,0,17,0,0,12,0,0,0,0,0
2001,250148,2,1,0,0,0,0,0,0,0,0,0,0
2001,250148,3,1,0,0,0,0,0,0,0,0,0,0
2001,250149,1,1,15,12,0,0,24,22,19,0,0,34
2001,250150,1,1,2,2,2,2,2,2,2,2,2,2
2001,250151,1,1,0,0,0,0,17,0,0,0,0,0
2001,250151,2,1,0,0,0,0,0,0,0,0,0,0
2001,250152,1,1,0,0,0,0,0,0,0,0,0,0
2001,250153,1,1,0,0,0,0,0,0,0,0,0,0
2001,250153,2,1,0,0,0,0,0,0,0,0,0,0
2001,250154,1,1,0,0,0,0,0,0,0,0,0,0
2001,250155,1,1,0,0,0,0,0,0,0,0,0,0
2001,250156,1,1,56,56,56,56,56,56,56,56,56,56
2001,250157,1,1,0,0,0,0,0,0,0,0,0,0
2001,250158,1,1,0,12,0,0,0,0,11,0,0,0
2001,250159,1,1,7,7,7,7,7,7,7,7,7,7
2001,250160,1,1,7,7,7,7,7,7,7,7,7,7
2001,250161,1,1,3,0,0,11,37,0,0,0,13,0
2001,250161,2,1,13,13,13,13,13,13,13,13,13,13
2001,250162,1,1,0,0,0,0,0,0,0,0,0,0
2001,250162,2,1,0,0,10,0,0,13,0,0,0,0
2001,250163,1,1,0,0,0,0,0,0,0,0,0,0
2001,250163,2,1,0,0,0,0,0,30,0,0,0,0
2001,250164,0,1,0,0,0,0,0,0,0,0,0,0
2001,250164,1,1,2,7,3,0,0,0,0,0,0,4
2001,250165,1,1,23,23,23,23,23,23,23,23,23,23
2001,250166,1,1,19,19,19,19,19,19,19,19,19,19
2001,250167,0,1,0,0,0,0,0,0,0,0,0,0
2001,250167,1,1,0,0,0,0,0,0,0,0,0,0
2001,250168,1,1,0,20,0,0,0,0,0,0,0,0
2001,250169,1,1,0,0,0,0,26,0,0,0,0,0
2001,250170,1,1,0,0,0,0,0,0,0,0,0,0
2001,250171,1,1,21,21,21,21,21,21,21,21,21,21
2001,250172,1,1,0,0,0,0,0,0,0,0,0,0
2001,250172,2,1,0,12,0,18,12,5,0,0,0,19
2001,250173,1,1,0,0,0,0,0,3,0,0,0,0
2001,250173,2,1,0,19,20,6,23,18,0,16,13,30
2001,250174,0,1,0,0,0,0,0,0,14,0,0,0
2001,250174,1,1,19,0,0,0,0,0,0,0,0,0
2001,250175,1,1,0,0,0,0,0,0,0,0,0,0
2001,250176,1,1,14,22,0,0,0,0,4,17,15,0
2001,250176,2,1,14,14,14,14,14,14,14,14,14,14
2001,250177,1,1,0,22,0,0,0,14,14,0,0,16
2001,250178,1,1,0,20,18,0,0,10,11,0,12,0
2001,250178,2,1,0,0,0,0,0,0,0,0,0,0
2001,250179,1,1,0,0,3,0,0,0,0,0,0,0
2001,250179,2,1,0,7,0,8,0,0,0,18,0,5
2001,250180,1,1,19,56,10,10,32,14,9,14,0,7
2001,250181,1,1,0,0,0,0,16,0,0,19,10,0
2001,250182,1,1,0,0,0,0,0,0,0,0,0,0
2001,250182,2,1,6,0,0,0,23,0,0,0,0,0
2001,250184,1,1,0,0,0,0,0,0,0,0,0,0
2001,250184,2,1,8,17,12,18,0,20,16,0,11,28
2001,250185,1,1,0,7,0,0,23,0,0,0,0,0
2001,250185,2,1,0,0,0,0,0,0,0,0,0,0
2001,250186,1,1,20,20,20,20,20,20,20,20,20,20
2001,250187,0,1,0,0,0,0,0,0,24,0,0,0
2001,250187,1,1,0,0,0,0,0,0,0,0,0,0
2001,250188,0,1,0,0,0,25,0,0,0,0,0,0
2001,250188,1,1,0,0,0,0,0,0,0,0,0,0
2001,250189,1,1,0,0,0,0,0,0,0,0,0,0
2001,250190,1,1,0,0,0,11,6,10,33,0,0,12
2001,250191,1,1,0,0,0,0,0,0,0,12,0,0
2001,250191,2,1,0,0,0,0,0,0,0,0,0,0
2001,250192,1,1,0,0,0,0,0,0,8,0,0,0
2001,250192,2,1,0,0,0,0,0,0,0,0,0,0
2001,250193,1,1,0,0,0,0,0,0,0,0,0,0
2001,250193,2,1,0,0,0,0,0,0,0,0,0,0
2001,250194,1,1,0,0,0,0,0,0,0,0,0,0
2001,250195,1,1,17,17,17,17,17,17,17,17,17,17
2001,250196,1,1,30,0,26,0,12,23,0,29,0,0
2001,250198,0,1,20,29,24,28,22,30,36,0,27,12
2001,250198,1,1,0,7,0,0,0,0,0,0,0,0
2001,250199,1,1,3,3,3,3,3,3,3,3,3,3
2001,250200,1,1,0,0,0,0,27,15,0,0,40,16
2001,250200,2,1,19,0,0,0,0,0,0,0,0,0
2001,250200,3,1,0,0,0,0,0,0,0,0,0,0
2001,250200,4,1,5,0,4,0,0,0,11,37,22,11
2001,250201,1,1,18,9,24,0,0,0,13,0,0,14
2001,250202,0,1,0,0,0,0,0,0,0,0,0,0
2001,250202,1,1,16,26,0,0,0,0,12,0,0,0
2001,250203,0,1,0,0,0,0,0,0,0,0,0,0
2001,250203,1,1,0,0,0,11,0,0,0,0,0,0
2001,250204,1,1,20,20,20,20,20,20,20,20,20,20
2001,250205,1,1,0,0,0,0,0,0,0,0,0,0
2001,250205,2,1,0,0,0,0,0,0,0,0,0,0
2001,250205,3,1,0,0,0,0,0,0,0,0,0,0
2001,250206,0,1,0,0,0,0,0,0,0,0,0,0
2001,250206,1,1,13,26,40,0,0,0,0,0,0,0
2001,250207,1,1,37,37,37,37,37,37,37,37,37,37
2001,250208,1,1,0,0,0,0,0,0,0,0,0,0
2001,250208,2,1,0,0,0,2,0,0,0,0,0,0
2001,250209,1,1,7,0,0,0,0,0,16,0,0,0
2001,250209,2,1,0,0,0,11,0,0,5,0,0,0
2001,250210,1,1,0,0,0,0,0,0,0,0,0,0
2001,250210,2,1,0,0,0,0,0,0,0,0,0,0
2001,250211,1,1,0,0,0,0,0,0,0,0,0,0
2001,250211,2,1,0,0,0,0,0,0,0,0,0,0
2001,250212,1,1,0,0,0,0,0,0,0,0,0,0
2001,250212,2,1,0,0,0,0,0,0,0,0,0,0
2001,250213,1,1,0,19,0,0,0,0,0,0,0,0
2001,250213,2,1,0,0,0,0,0,0,0,0,0,0
2001,250214,1,1,27,0,0,0,0,24,0,0,0,0
2001,250215,1,1,0,0,0,0,0,0,0,0,0,0
2001,250215,2,1,0,0,11,0,0,0,0,16,0,0
2001,250216,1,1,20,20,20,20,20,20,20,20,20,20
2001,250216,2,1,0,0,0,0,0,0,0,0,0,0
2001,250217,0,1,7,7,7,7,7,7,7,7,7,7
2001,250217,1,1,15,7,5,14,6,0,21,18,13,13
2001,250217,2,1,0,0,0,19,15,15,0,18,0,0
2001,250217,3,1,0,0,0,18,0,7,0,7,12,12
2001,250218,1,1,0,0,0,0,0,0,0,0,0,0
2001,250219,1,1,15,0,33,22,21,0,0,19,0,0
2001,250220,1,1,0,0,5,0,0,14,0,0,15,19
2001,250221,1,1,0,0,0,0,0,0,0,17,0,12
2001,250221,2,1,0,0,0,0,0,0,0,0,13,0
2001,250222,1,1,0,0,0,0,0,0,0,0,0,0
2001,250223,1,1,0,0,0,0,0,0,0,0,0,0
2001,250224,1,1,0,0,0,0,0,0,0,0,0,0
2001,250224,2,1,0,0,0,0,5,0,0,2,11,0
2001,250224,3,1,0,0,0,0,0,0,0,18,0,0
2001,250225,1,1,12,12,12,12,12,12,12,12,12,12
2001,250226,1,1,0,0,0,0,0,0,0,0,0,0
2001,250227,1,1,0,0,0,0,12,0,0,0,0,0
2001,250228,1,1,15,0,0,17,0,11,0,0,0,0
2001,250229,1,1,13,28,0,0,13,19,0,0,20,26
2001,250230,1,1,0,0,0,0,0,0,0,0,0,0
2001,250231,1,1,19,19,19,19,19,19,19,19,19,19
2001,250232,1,1,30,0,15,23,0,16,40,0,18,14
2001,250232,2,1,8,0,7,0,0,0,0,28,0,0
2001,250233,1,1,19,8,17,0,6,0,15,7,8,15
2001,250233,2,1,0,0,0,0,0,14,0,0,0,0
2001,250233,3,1,0,0,0,0,0,15,0,0,0,0
2001,250234,1,1,0,5,0,10,0,0,18,0,0,0
2001,250234,2,1,0,0,0,6,0,0,0,0,0,0
2001,250235,1,1,0,0,0,0,0,0,0,0,0,0
2001,250236,1,1,0,0,0,0,0,0,0,0,0,0
2001,250237,0,1,0,0,0,0,0,0,0,0,0,0
2001,250237,1,1,0,0,0,0,0,0,0,0,0,0
2001,250238,0,2,0,0,0,0,7,10,0,0,0,0
2001,250238,1,1,0,8,0,22,15,18,21,0,0,0
2001,250239,1,1,0,14,4,0,0,16,0,0,0,0
2001,250239,2,1,7,17,17,0,7,6,18,15,21,10