YEAR,st_case,veh_no,per_no,P1,P2,P3,P4,P5,P6,P7,P8,P9,P10
2001,250240,1,1,0,0,0,0,11,8,17,19,0,27
2001,250241,1,1,41,41,41,41,41,41,41,41,41,41
2001,250242,1,1,0,0,19,0,0,16,21,9,14,0
2001,250243,1,1,0,0,0,0,0,0,0,0,0,0
2001,250244,1,1,4,9,21,25,8,29,29,11,19,15
2001,250245,1,1,0,0,0,0,0,0,0,0,0,0
2001,250245,2,1,0,8,0,0,0,0,0,0,0,0
2001,250246,0,1,0,0,0,0,0,0,0,0,0,0
2001,250246,1,1,0,12,21,10,19,16,3,18,16,17
2001,250247,1,1,0,0,0,0,0,0,0,0,0,0
2001,250247,2,1,0,0,0,0,0,0,0,0,0,0
2001,250248,1,1,0,0,0,0,0,0,0,0,0,0
2001,250249,1,1,0,0,0,0,0,0,0,0,0,0
2001,250249,2,1,0,0,0,0,0,0,0,0,0,0
2001,250250,1,1,5,4,8,8,18,16,12,20,10,6
2001,250250,2,1,31,0,0,0,0,0,0,0,26,0
2001,250251,1,1,0,0,0,0,0,0,0,0,0,0
2001,250251,2,1,0,0,0,18,0,0,0,0,0,27
2001,250252,1,1,4,15,18,18,27,9,37,25,16,17
2001,250253,1,1,17,17,17,17,17,17,17,17,17,17
2001,250254,0,1,13,13,13,13,13,13,13,13,13,13
2001,250254,1,1,0,0,0,0,0,0,0,0,0,0
2001,250255,1,1,21,14,17,19,7,7,0,16,11,15
2001,250256,1,1,0,0,0,0,0,0,0,0,0,0
2001,250256,2,1,14,0,0,0,0,0,0,0,0,0
2001,250257,1,1,0,9,18,15,7,14,17,22,18,17
2001,250258,0,1,0,0,0,0,0,0,0,0,0,0
2001,250258,1,1,0,0,0,0,0,0,0,0,0,0
2001,250259,1,1,0,0,0,0,0,0,0,0,0,0
2001,250260,1,1,0,0,0,0,0,0,16,0,0,0
2001,250260,2,1,0,0,0,0,0,0,0,0,0,0
2001,250260,3,1,0,0,0,0,0,0,0,0,0,0
2001,250261,1,1,0,0,0,0,13,0,0,0,0,0
2001,250261,2,1,0,0,0,0,0,0,0,0,0,0
2001,250262,1,1,0,0,0,0,0,0,0,0,4,0
2001,250262,2,1,0,10,13,4,6,19,13,0,7,8
2001,250263,1,1,14,0,11,32,0,0,0,4,11,17
2001,250264,1,1,11,8,18,30,7,13,19,13,9,15
2001,250264,2,1,0,0,0,0,0,0,0,0,0,0
2001,250265,1,1,0,0,0,0,0,0,0,0,0,0
2001,250265,2,1,0,0,0,0,0,0,0,0,0,0
2001,250266,1,1,0,0,0,0,0,0,0,0,0,0
2001,250267,1,1,0,0,0,0,0,0,0,0,24,0
2001,250267,2,1,0,0,0,0,0,0,0,0,0,0
2001,250268,1,1,0,16,14,0,0,0,0,16,11,0
2001,250269,1,1,0,0,0,0,0,0,0,0,0,0
2001,250269,2,1,0,0,0,0,0,0,0,0,0,0
2001,250270,1,1,9,28,9,34,13,15,25,15,14,14
2001,250271,1,1,11,11,11,11,11,11,11,11,11,11
2001,250271,2,1,0,14,15,0,4,0,0,16,0,1
2001,250272,1,1,0,0,0,0,0,0,0,0,0,0
2001,250272,2,1,0,0,0,0,0,0,0,0,0,0
2001,250273,0,1,0,0,0,0,0,0,0,0,0,0
2001,250274,1,1,0,0,0,0,0,0,0,0,0,0
2001,250275,1,1,0,0,0,0,0,0,0,0,0,0
2001,250276,1,1,24,24,24,24,24,24,24,24,24,24
2001,250277,1,1,0,0,0,0,0,0,0,0,0,0
2001,250277,2,1,0,0,0,2,0,0,0,0,0,0
2001,250278,1,1,0,0,0,0,0,0,0,0,0,0
2001,250278,2,1,0,0,0,0,0,0,0,0,0,0
2001,250279,1,1,0,0,0,0,0,7,0,0,0,0
2001,250279,2,1,8,15,0,0,0,0,0,21,0,0
2001,250280,1,1,0,0,0,0,0,0,0,0,0,0
2001,250280,2,1,0,0,0,0,0,0,0,0,4,0
2001,250281,1,1,0,0,0,0,0,0,3,0,0,0
2001,250282,0,1,19,0,0,36,0,0,0,0,26,0
2001,250282,0,2,0,0,0,0,0,0,0,0,0,0
2001,250282,1,1,0,0,0,0,0,0,0,12,0,29
2001,250283,1,1,0,0,0,0,0,0,0,0,0,0
2001,250284,1,1,11,11,11,11,11,11,11,11,11,11
2001,250285,0,1,0,0,0,0,0,0,0,0,0,0
2001,250285,1,1,0,0,0,0,0,0,0,0,0,0
2001,250286,1,1,5,21,7,15,21,17,8,0,14,11
2001,250287,1,1,26,2,23,12,13,4,27,10,7,6
2001,250288,1,1,0,0,0,0,0,0,0,0,0,0
2001,250288,2,1,32,0,0,0,20,0,0,0,0,0
2001,250289,1,1,0,0,13,16,10,0,24,25,13,23
2001,250290,1,1,0,0,0,0,0,0,0,0,0,0
2001,250291,1,1,17,37,14,13,9,16,11,20,28,27
2001,250292,1,1,0,0,0,0,0,0,0,0,0,12
2001,250292,2,1,0,6,0,0,0,0,0,0,0,0
2001,250293,1,1,15,15,21,22,9,15,6,31,16,22
2001,250293,2,1,0,0,17,0,0,0,14,28,18,9
2001,250293,3,1,0,0,18,34,10,0,0,0,0,0
2001,250293,4,1,0,0,0,11,0,0,14,0,0,0
2001,250294,1,1,21,17,28,14,9,12,7,30,16,6
2001,250295,1,1,0,8,14,19,16,16,30,0,0,30
2001,250296,1,1,0,0,0,0,0,0,0,0,0,0
2001,250296,2,1,12,0,0,0,0,0,0,0,0,17
2001,250297,1,1,0,0,0,0,0,0,0,18,0,0
2001,250298,1,1,19,19,19,19,19,19,19,19,19,19
2001,250299,1,1,0,0,0,0,0,34,0,0,0,0
2001,250300,1,1,0,15,14,0,0,0,0,13,14,0
2001,250301,1,1,25,18,9,30,13,19,15,12,5,6
2001,250301,2,1,8,8,8,8,8,8,8,8,8,8
2001,250302,1,1,3,3,3,3,3,3,3,3,3,3
2001,250303,1,1,0,0,0,0,0,0,0,0,0,0
2001,250304,1,1,0,0,0,9,26,0,0,0,0,19
2001,250305,0,1,0,0,0,0,0,0,0,0,0,0
2001,250305,1,1,0,0,0,0,0,6,0,0,34,0
2001,250306,1,1,0,0,0,0,0,0,0,0,0,0
2001,250307,1,1,29,0,9,0,23,21,16,24,7,24
2001,250307,2,1,0,0,0,0,0,0,0,0,0,0
2001,250308,1,1,0,0,0,0,0,0,0,0,0,13
2001,250309,1,1,13,36,27,12,32,12,19,16,24,22
2001,250309,2,1,13,0,0,7,0,0,0,0,5,0
2001,250310,1,1,0,31,0,0,0,20,8,0,0,0
2001,250311,1,1,0,5,0,0,0,0,0,0,0,0
2001,250311,2,1,0,0,0,0,0,0,0,0,0,0
2001,250312,1,1,8,8,8,8,8,8,8,8,8,8
2001,250312,2,1,0,0,0,0,0,0,0,0,0,18
2001,250313,1,1,0,0,4,7,0,0,0,11,18,0
2001,250314,1,1,23,23,0,12,11,27,11,9,15,0
2001,250315,1,1,0,0,0,7,0,0,0,0,0,0
2001,250315,2,1,0,0,0,0,0,0,0,0,0,0
2001,250315,3,1,0,0,0,0,0,0,0,0,0,0
2001,250316,1,1,0,0,0,0,0,0,0,0,0,0
2001,250316,2,1,0,0,0,0,0,0,0,0,0,0
2001,250317,1,1,1,1,1,1,1,1,1,1,1,1
2001,250317,2,1,0,8,0,0,0,9,0,0,0,0
2001,250318,1,1,17,17,17,17,17,17,17,17,17,17
2001,250319,1,1,6,23,0,0,0,33,0,14,12,0
2001,250320,1,1,0,0,0,0,0,0,0,0,0,0
2001,250321,1,1,0,0,0,0,0,0,0,0,0,0
2001,250322,1,1,0,0,0,0,0,0,0,0,0,0
2001,250323,0,1,0,0,0,0,0,0,0,0,0,0
2001,250323,1,1,0,0,0,0,0,0,0,0,0,0
2001,250324,1,1,0,0,0,0,27,0,20,8,0,0
2001,250325,1,1,0,11,15,14,9,0,0,23,19,0
2001,250326,1,1,25,25,25,25,25,25,25,25,25,25
2001,250327,1,1,0,0,0,0,0,25,21,0,0,0
2001,250328,1,1,25,25,25,25,25,25,25,25,25,25
2001,250329,1,1,0,0,0,11,0,9,5,24,9,12
2001,250330,1,1,21,21,21,21,21,21,21,21,21,21
2001,250331,1,1,20,19,25,0,8,25,0,35,21,21
2001,250332,0,1,0,0,0,0,0,0,0,0,0,0
2001,250332,1,1,0,0,0,0,0,0,2,0,0,10
2001,250333,1,1,35,35,35,35,35,35,35,35,35,35
2001,250334,1,1,24,24,24,24,24,24,24,24,24,24
2001,250335,1,1,0,0,0,0,0,0,0,0,11,20
2001,250335,2,1,0,0,0,0,0,0,0,0,0,0
2001,250336,0,1,0,0,0,0,0,0,0,0,0,0
2001,250336,1,2,0,0,0,9,0,0,0,0,0,0
2001,250337,1,1,15,25,0,13,11,41,28,16,23,35
2001,250338,1,1,0,8,26,0,0,13,0,9,0,0
2001,250338,2,1,0,0,0,0,0,0,0,15,0,7
2001,250339,1,1,0,0,0,0,12,0,12,0,0,0
2001,250340,1,1,6,0,12,10,0,13,22,4,8,11
2001,250340,2,1,0,0,0,0,0,0,0,0,0,0
2001,250341,0,1,0,0,18,0,6,0,11,0,0,22
2001,250341,1,1,0,0,0,0,0,0,0,0,0,0
2001,250342,1,1,0,0,0,0,0,0,25,0,0,0
2001,250343,1,1,13,4,18,14,8,23,21,18,4,37
2001,250344,1,1,16,0,0,0,18,15,19,0,13,0
2001,250344,2,1,0,0,0,0,0,0,0,0,0,0
2001,250344,3,1,0,0,0,0,0,0,0,0,0,0
2001,250345,1,1,15,0,0,0,0,0,24,0,18,0
2001,250346,1,1,0,0,0,0,0,0,0,0,0,0
2001,250347,0,1,0,0,0,0,0,0,0,0,0,0
2001,250347,1,1,0,0,0,0,0,0,0,0,0,0
2001,250348,1,1,12,12,12,12,12,12,12,12,12,12
2001,250349,1,1,0,0,0,22,0,0,0,0,0,11
2001,250349,2,1,0,0,0,0,0,0,0,0,0,0
2001,250350,0,1,0,0,0,32,20,0,0,0,0,0
2001,250350,1,1,0,0,0,0,0,6,0,0,0,0
2001,250351,1,1,0,0,0,0,0,0,0,0,0,0
2001,250352,1,1,25,25,25,25,25,25,25,25,25,25
2001,250352,2,1,0,0,0,0,0,0,0,0,0,0
2001,250353,0,1,0,0,0,0,0,0,0,0,0,0
2001,250353,0,2,0,0,0,0,0,0,0,0,0,0
2001,250353,1,1,0,0,0,13,0,0,0,0,0,0
2001,250354,0,1,19,0,0,0,0,0,0,19,0,0
2001,250354,1,1,0,0,20,0,0,0,12,11,0,0
2001,250355,1,1,13,0,0,0,0,0,0,0,0,0
2001,250355,2,1,0,0,0,21,0,0,0,0,0,0
2001,250357,0,1,0,0,0,0,0,0,0,0,0,0
2001,250357,1,1,0,0,0,6,0,12,0,0,0,0
2001,250358,1,1,0,0,0,0,0,0,0,0,0,0
2001,250359,1,1,0,0,0,0,0,0,0,0,0,0
2001,250359,2,1,0,0,0,0,0,0,0,0,0,0
2001,250361,1,1,22,22,22,22,22,22,22,22,22,22
2001,250362,1,1,0,0,11,0,0,0,0,0,0,0
2001,250362,2,1,0,0,0,0,0,0,0,0,0,0
2001,250363,1,1,7,0,0,0,0,0,0,0,0,17
2001,250363,2,1,0,0,0,0,0,0,0,0,0,0
2001,250363,3,1,0,0,0,17,0,0,11,0,0,0
2001,250364,1,1,8,8,8,8,8,8,8,8,8,8
2001,250365,1,1,0,0,0,0,0,0,0,0,0,0
2001,250365,2,1,0,13,0,0,0,0,0,0,0,0
2001,250366,1,1,14,17,0,0,0,0,0,0,0,10
2001,250367,1,1,15,15,15,15,15,15,15,15,15,15
2001,250368,0,1,0,0,0,0,0,0,0,0,0,0
2001,250368,1,1,0,0,0,0,0,0,0,0,0,0
2001,250369,0,1,0,0,0,26,3,11,31,24,0,21
2001,250369,1,1,0,8,0,0,12,0,0,0,0,0
2001,250370,1,1,0,0,9,0,0,0,0,0,0,0
2001,250370,2,1,7,0,0,0,0,0,0,0,0,0
2001,250370,3,1,0,0,0,30,0,0,0,0,0,0
2001,250371,0,1,0,0,0,0,7,0,0,0,0,0
2001,250371,1,1,0,0,0,0,0,0,0,0,0,0
2001,250372,1,1,0,0,0,0,0,0,0,0,0,0
2001,250372,2,1,0,0,0,0,0,0,0,0,0,0
2001,250373,0,1,0,0,0,0,0,0,0,0,0,0
2001,250373,1,1,0,0,0,0,14,0,0,0,0,0
2001,250374,0,1,0,0,0,0,0,0,0,0,21,0
2001,250374,1,1,0,0,0,0,0,0,0,0,0,0
2001,250375,1,1,0,0,0,0,0,0,0,0,0,0
2001,250375,2,1,19,29,3,21,14,21,17,12,46,17
2001,250376,0,1,0,0,0,0,0,0,0,0,0,12
2001,250376,1,1,0,0,0,0,0,0,0,0,0,0
2001,250377,1,1,2,13,0,0,0,0,0,0,0,0
2001,250377,2,1,0,0,0,0,0,0,0,0,0,7
2001,250378,1,1,16,16,16,16,16,16,16,16,16,16
2001,250379,1,1,24,11,14,0,41,31,20,31,26,6
2001,250380,1,1,33,15,0,20,24,34,0,14,0,0
2001,250380,2,1,11,0,0,0,0,0,0,0,0,0
2001,250380,3,1,15,0,0,0,0,13,0,0,0,0
2001,250381,1,1,0,0,6,0,0,0,0,0,0,0
2001,250381,2,1,0,5,0,0,0,0,0,0,0,0
2001,250382,1,1,23,23,0,18,24,8,26,23,30,25
2001,250382,2,1,0,0,0,0,0,0,0,0,0,0
2001,250382,3,1,0,0,0,0,0,0,0,0,12,0
2001,250383,1,1,0,28,0,0,0,0,17,16,0,20
2001,250383,2,1,0,0,0,0,0,0,0,0,0,0
2001,250383,3,1,0,0,0,0,0,0,14,0,0,0
2001,250384,1,1,0,0,0,16,15,8,9,0,0,6
2001,250384,2,1,0,0,0,0,0,0,0,0,0,0
2001,250385,1,1,0,0,0,0,0,0,9,0,7,0
2001,250385,2,1,20,0,13,5,6,5,0,12,17,8
2001,250386,1,1,29,29,29,29,29,29,29,29,29,29
2001,250386,2,1,0,0,10,0,0,0,0,0,16,0
2001,250387,1,1,0,0,0,0,0,0,0,0,0,0
2001,250387,2,1,8,5,12,17,10,15,19,12,0,11
2001,250388,1,4,20,12,19,16,19,0,7,7,0,0
2001,250389,1,1,0,0,0,10,14,7,9,6,0,6
2001,250390,1,1,0,0,0,0,0,0,0,0,0,0
2001,250390,2,1,0,0,19,0,0,0,0,0,0,0
2001,250391,1,1,5,15,16,10,7,24,9,7,22,41
2001,250391,2,1,0,0,0,0,0,0,0,3,0,0
2001,250392,1,1,14,15,12,20,18,35,27,5,22,0
2001,250393,0,1,21,16,0,5,5,21,8,33,25,11
2001,250393,1,1,15,0,34,13,0,0,0,0,0,0
2001,250394,1,1,0,0,0,0,0,0,0,0,0,0
2001,250394,2,1,10,0,21,0,0,0,0,0,0,0
2001,250395,0,1,0,13,0,0,0,0,0,0,0,0
2001,250395,1,1,0,0,0,0,0,0,0,0,7,0
2001,250396,1,1,0,0,0,0,0,0,0,0,0,0
2001,250396,2,1,15,21,27,12,6,13,12,28,10,0
2001,250397,1,1,0,0,0,0,0,0,0,0,0,0
2001,250397,2,1,11,10,6,14,13,12,10,24,12,0
2001,250398,1,1,24,17,13,15,12,12,22,23,18,18
2001,250399,1,1,0,0,0,0,0,0,0,0,0,0
2001,250400,1,1,16,16,16,16,16,16,16,16,16,16
2001,250401,1,1,0,0,0,0,0,7,0,0,0,24
2001,250402,1,1,0,0,0,0,0,0,0,0,0,0
2001,250403,1,1,9,0,0,37,20,30,0,0,40,19
2001,250404,1,1,17,17,17,17,17,17,17,17,17,17
2001,250405,1,1,18,18,18,18,18,18,18,18,18,18
2001,250405,2,1,0,0,0,0,0,0,0,0,0,0
2001,250406,1,1,13,13,13,13,13,13,13,13,13,13
2001,250406,2,1,14,0,0,0,21,0,0,0,0,0
2001,250407,1,1,0,0,0,0,0,0,0,0,0,0
2001,250407,2,1,0,0,0,0,0,0,0,0,0,0
2001,250407,3,1,0,0,0,5,0,0,0,0,0,0
2001,250408,1,1,23,23,23,23,23,23,23,23,23,23
2001,250409,1,1,0,0,0,0,0,0,0,0,0,0
2001,250409,2,1,9,29,5,7,9,18,16,8,0,7
2001,250410,1,1,0,0,0,0,0,0,0,0,0,0
2001,250411,1,1,33,0,13,12,35,20,16,18,0,0
2001,250412,1,1,0,0,0,0,0,0,0,0,0,0
2001,250412,2,1,13,8,0,11,3,0,0,0,14,0
2001,250413,1,1,29,29,29,29,29,29,29,29,29,29
2001,250413,2,1,0,0,0,0,0,0,0,0,0,8
2001,250414,0,1,0,0,0,0,0,0,0,0,0,0
2001,250414,1,1,0,0,0,0,14,0,0,0,0,12
2001,250415,0,1,5,5,5,5,5,5,5,5,5,5
2001,250415,1,1,0,0,0,0,0,0,0,0,0,0
2001,250416,1,1,0,0,4,0,0,0,0,0,0,0
2001,250417,0,1,0,0,0,0,0,0,0,0,0,0
2001,250417,1,1,0,0,0,0,0,0,0,0,0,0
2001,250418,0,1,20,20,20,20,20,20,20,20,20,20
2001,250418,1,1,0,0,0,0,0,0,0,0,0,0
2001,250419,0,1,0,0,0,0,0,0,0,0,0,0
2001,250419,1,1,0,0,0,24,6,0,0,0,0,8
2001,250420,0,1,0,0,0,0,0,0,32,0,0,0
2001,250420,1,1,0,0,0,0,0,0,0,0,0,0
2001,250421,1,1,0,0,0,0,0,0,0,0,0,0
2001,250421,2,1,0,0,0,0,0,0,0,0,0,0
2001,250422,0,1,14,14,14,14,14,14,14,14,14,14
2001,250422,1,1,26,26,26,26,26,26,26,26,26,26
2001,250423,0,1,0,0,0,0,0,0,0,0,0,0
2001,250423,1,1,0,21,0,0,0,8,0,0,0,9
2001,250424,0,1,11,0,0,0,0,0,0,0,0,0
2001,250424,1,1,0,0,0,0,0,0,0,0,0,0
2001,250425,0,1,23,14,22,0,0,0,0,0,0,0
2001,250425,1,1,12,0,0,18,19,0,0,4,0,23
2001,250426,1,1,23,23,23,23,23,23,23,23,23,23
2001,250426,2,1,0,0,6,0,0,0,0,0,15,0
2001,250427,1,1,0,0,0,0,0,0,0,0,0,0
2001,250427,2,1,0,0,0,0,0,0,0,0,0,0
2001,250428,0,1,9,16,19,39,31,0,18,0,26,14
2001,250428,1,1,0,17,0,0,17,13,0,10,19,0
2001,250429,1,1,0,0,0,0,0,0,0,0,0,0
2001,250429,2,1,0,0,0,0,0,0,0,0,0,0
2001,250430,1,1,0,0,0,0,0,0,15,10,10,0
2001,250430,2,1,0,26,0,15,0,0,20,0,0,0
2001,250431,1,1,13,14,11,12,17,9,13,9,4,27
2001,250432,1,1,0,0,0,0,0,0,0,0,0,0
2001,250432,2,1,17,0,0,0,0,0,0,14,0,6
2001,250432,3,1,0,0,27,0,10,0,0,0,19,0
2001,250433,1,1,0,0,4,0,0,0,0,0,0,0
2001,250433,2,1,0,0,32,0,9,0,15,16,0,0
2001,250434,0,1,0,0,0,0,0,0,0,0,0,0
2001,250434,1,1,0,0,10,0,0,0,0,0,0,0
2001,250435,0,1,0,0,0,0,0,0,0,0,0,0
2001,250435,1,1,4,0,0,0,0,0,0,0,0,0
2001,250436,0,1,0,0,28,0,0,5,0,0,0,0
2001,250436,1,1,0,0,0,6,0,0,0,14,18,0
2001,250437,0,1,0,0,0,0,0,0,0,0,4,0
2001,250437,1,1,0,0,0,0,0,0,0,0,0,8
2001,250438,0,1,0,0,0,0,0,0,0,0,0,0
2001,250438,1,1,0,0,0,0,0,0,0,0,0,0
2001,250439,0,1,0,0,0,0,0,0,0,0,0,0
2001,250439,1,1,0,22,10,19,0,6,17,0,27,5
2001,250440,0,1,0,0,0,0,0,0,0,0,0,0
2001,250440,1,1,0,0,7,0,0,0,0,0,0,0
2001,250441,0,1,0,0,0,0,0,0,0,0,0,0
2001,250441,1,1,0,0,21,0,0,16,0,0,13,12
2001,250442,0,1,12,0,0,0,0,8,0,0,20,0
2001,250442,1,1,0,0,0,0,0,0,9,0,9,0
2001,250443,0,1,0,0,0,0,0,0,0,0,0,0
2001,250443,1,1,0,5,0,2,6,0,0,0,0,0
2001,250444,1,1,0,0,0,0,0,0,0,0,0,0
2001,250445,1,1,0,0,0,0,0,0,0,0,0,3
2001,250445,2,1,0,0,0,0,0,0,0,0,0,0
2001,250446,1,1,0,0,0,0,0,0,0,0,0,0
2001,250447,1,1,9,0,0,14,0,0,0,13,0,0
2001,250447,2,1,1,0,0,0,0,0,21,0,0,0
2001,250448,1,1,0,0,0,0,0,0,0,0,0,3
2001,250449,0,1,0,0,0,0,0,0,0,0,0,0
2001,250449,1,1,0,0,0,5,0,0,0,0,0,0
2001,250450,0,1,0,0,0,0,0,0,0,0,0,0
2001,250450,1,1,0,0,0,0,0,0,0,0,0,0
2001,250451,1,1,13,18,9,39,8,17,12,20,0,0
2001,250452,1,1,18,18,18,18,18,18,18,18,18,18
2001,250453,1,1,0,13,0,0,0,0,0,0,0,0
2001,250453,2,1,0,0,0,11,0,0,0,15,21,0
2001,250454,1,1,11,5,9,13,4,14,0,0,21,17
2001,250454,2,1,20,14,0,7,10,0,0,0,0,0
2001,250455,1,1,11,11,11,11,11,11,11,11,11,11
2001,250455,2,1,0,14,0,28,0,0,0,0,6,0
2001,250456,1,1,9,21,4,9,19,20,4,0,23,4
2001,260001,1,1,19,19,19,19,19,19,19,19,19,19
2001,260001,2,1,11,0,0,0,0,0,0,0,4,0
2001,260001,3,1,0,0,0,0,31,0,0,0,0,0
2001,260002,1,1,0,4,0,0,0,0,0,0,0,0
2001,260002,2,1,0,0,0,0,0,0,0,0,0,0
2001,260003,0,3,6,0,0,0,0,0,0,0,0,0
2001,260003,1,1,0,0,0,0,0,0,0,0,0,0
2001,260004,0,1,0,0,0,0,0,0,0,0,0,0
2001,260004,1,1,0,0,0,0,0,0,0,0,0,0
2001,260005,1,1,0,0,0,0,0,0,0,0,0,0
2001,260006,0,1,13,0,0,9,0,0,23,0,0,17
2001,260006,1,1,0,0,0,0,0,0,0,0,0,0
2001,260007,1,1,14,0,0,0,0,0,0,0,0,0
2001,260008,1,1,0,0,0,0,0,0,0,0,0,0
2001,260008,2,1,0,0,0,0,0,0,0,0,0,0
2001,260009,1,1,0,0,0,0,0,0,0,0,0,0
2001,260009,2,1,0,0,0,0,0,0,0,0,0,0
2001,260010,1,1,0,0,0,0,0,0,0,0,0,0
2001,260010,2,1,0,0,0,0,0,0,0,0,0,0
2001,260011,1,1,0,0,0,0,0,0,0,0,0,0
2001,260012,1,1,0,0,0,0,11,0,16,15,13,0
2001,260013,1,1,0,0,0,0,0,0,0,0,0,0
2001,260013,2,1,0,0,0,0,0,0,0,0,0,0
2001,260014,1,1,0,25,0,0,0,0,0,0,0,4
2001,260014,2,1,0,0,0,0,0,0,0,0,13,0
2001,260014,3,1,0,0,0,0,0,0,0,0,0,0
2001,260015,1,1,0,0,0,0,0,0,0,0,0,0
2001,260015,2,1,0,0,0,0,0,0,0,0,0,0
2001,260016,1,1,0,0,0,0,0,0,0,0,0,0
2001,260017,1,1,0,0,0,0,0,0,0,0,0,0
2001,260017,2,1,0,0,0,0,0,0,0,0,0,0
2001,260018,0,1,19,19,19,19,19,19,19,19,19,19
2001,260018,1,1,5,5,5,5,5,5,5,5,5,5
2001,260019,1,1,0,0,0,0,0,0,0,0,0,0
2001,260020,1,1,0,0,0,0,0,0,0,0,0,0
2001,260020,2,1,0,0,0,0,0,0,0,0,0,0
2001,260021,1,1,11,4,15,0,0,19,13,7,23,27
2001,260021,2,1,0,0,17,4,0,0,0,0,0,0
2001,260022,0,1,0,0,0,0,0,0,0,0,0,0
2001,260022,1,1,0,0,0,0,0,0,0,0,0,0
2001,260023,1,1,0,11,0,0,0,0,0,0,0,0
2001,260023,2,1,0,0,0,0,0,0,0,0,0,0
2001,260023,3,1,0,0,0,0,0,0,0,0,0,0
2001,260024,1,1,27,27,27,27,27,27,27,27,27,27
2001,260025,1,1,0,0,0,0,0,0,0,0,0,0
2001,260025,2,1,0,0,0,0,0,0,0,0,0,0
2001,260026,1,1,0,0,0,0,0,0,0,0,0,0
2001,260026,2,1,0,0,0,0,0,0,0,0,0,0
2001,260027,1,1,0,0,0,0,0,0,0,0,0,0
2001,260027,2,1,0,0,0,0,0,0,0,0,0,0
2001,260028,1,1,0,0,0,0,0,0,0,0,0,0
2001,260028,2,1,0,0,0,0,0,0,0,0,0,0
2001,260029,1,1,23,23,23,23,23,23,23,23,23,23
2001,260030,1,1,0,0,0,0,0,0,0,0,0,0
2001,260030,2,1,0,0,0,0,0,0,0,0,0,0
2001,260031,0,1,0,0,0,0,0,0,0,0,0,0
2001,260031,1,1,0,0,0,0,0,0,0,0,0,0
2001,260031,2,1,0,0,0,0,0,0,0,0,0,0
2001,260032,1,1,0,0,0,0,0,0,0,0,0,0
2001,260032,2,1,0,0,0,0,0,0,0,0,0,0
2001,260033,0,1,0,0,0,0,0,0,0,0,0,0
2001,260033,1,1,0,0,0,0,0,0,0,0,0,0
2001,260034,1,1,11,11,11,11,11,11,11,11,11,11
2001,260035,1,1,14,17,5,1,18,16,21,0,14,22
2001,260035,2,1,0,0,6,0,0,0,0,0,0,0
2001,260036,1,1,0,0,0,0,0,0,0,0,0,0
2001,260036,2,1,0,0,0,0,0,0,0,0,0,0
2001,260037,0,1,0,0,0,0,0,0,0,0,0,0
2001,260037,1,1,11,11,11,11,11,11,11,11,11,11
2001,260038,0,1,14,14,14,14,14,14,14,14,14,14
2001,260038,1,1,9,39,0,0,18,0,4,0,0,0
2001,260039,1,1,0,0,0,0,0,0,0,0,0,0
2001,260039,2,1,0,0,0,0,0,0,0,0,0,0
2001,260039,3,1,0,0,0,13,0,0,19,0,0,0
2001,260040,0,1,26,23,17,36,13,11,14,23,25,11
2001,260040,1,1,0,18,0,0,0,14,0,13,0,16
2001,260041,1,1,0,0,0,0,0,0,0,0,0,0
2001,260041,2,1,0,0,0,0,0,0,0,0,0,0
2001,260042,0,1,0,0,0,0,0,0,0,0,0,0
2001,260042,1,1,0,0,0,0,0,0,0,0,0,0
2001,260043,1,1,0,0,0,0,0,0,0,0,0,0
2001,260044,1,1,31,19,0,0,0,0,0,0,0,0
2001,260044,2,1,0,0,0,0,0,0,0,0,0,0
2001,260045,1,1,16,16,16,16,16,16,16,16,16,16
2001,260046,1,1,0,0,0,0,0,0,0,0,0,0
2001,260046,2,1,0,0,0,0,0,0,0,0,0,0
2001,260046,3,1,0,0,0,0,0,0,0,0,0,0
2001,260046,4,1,0,0,0,0,0,0,0,0,0,0
2001,260047,0,1,21,21,21,21,21,21,21,21,21,21
2001,260047,0,2,0,0,0,0,0,0,11,17,0,20
2001,260047,0,3,0,0,11,26,13,0,21,0,0,14
2001,260047,1,1,0,0,0,0,0,0,0,0,0,0
2001,260048,1,1,32,32,32,32,32,32,32,32,32,32
2001,260049,1,1,0,0,0,0,0,0,0,0,0,0
2001,260049,2,1,0,0,0,0,0,0,0,0,0,0
2001,260050,1,1,0,0,0,0,0,0,0,0,0,0
2001,260050,2,1,0,0,0,0,0,0,0,0,0,0
2001,260051,1,1,18,18,18,18,18,18,18,18,18,18
2001,260052,1,1,0,0,0,0,0,0,0,0,0,0
2001,260052,2,1,0,0,0,0,0,0,0,0,0,0
2001,260053,1,1,2,2,2,2,2,2,2,2,2,2
2001,260053,2,1,0,0,0,0,0,0,0,0,0,0
2001,260054,1,1,0,0,0,0,3,0,0,0,0,0
2001,260054,2,1,0,0,0,0,0,0,0,0,0,0
2001,260055,1,1,0,0,0,0,0,0,0,0,0,0
2001,260056,1,1,0,0,0,0,0,0,0,0,0,0