YEAR,st_case,veh_no,per_no,P1,P2,P3,P4,P5,P6,P7,P8,P9,P10
2001,260056,2,1,15,15,15,15,15,15,15,15,15,15
2001,260057,1,1,0,0,0,0,0,0,0,0,0,0
2001,260057,2,1,0,0,0,0,0,0,0,0,0,0
2001,260058,1,1,0,0,0,0,0,0,0,0,0,0
2001,260058,2,1,0,0,0,0,0,0,0,0,0,0
2001,260059,1,1,0,0,0,0,0,0,0,0,0,0
2001,260059,2,1,0,0,0,0,0,0,0,0,0,0
2001,260060,1,1,0,0,0,0,0,0,0,0,0,0
2001,260060,2,1,0,0,0,0,0,0,0,0,0,0
2001,260060,3,1,16,0,0,0,0,0,0,4,0,0
2001,260061,1,1,7,0,27,17,0,0,0,0,0,8
2001,260061,2,1,13,0,0,0,0,0,0,0,0,0
2001,260062,1,1,26,26,26,26,26,26,26,26,26,26
2001,260063,1,1,0,0,0,0,0,0,0,0,3,0
2001,260063,2,1,0,0,0,0,0,0,0,0,0,0
2001,260063,3,1,0,0,0,0,0,0,0,0,0,0
2001,260064,0,1,0,0,0,0,0,0,0,0,0,0
2001,260064,1,1,0,0,0,0,0,0,0,0,0,0
2001,260064,2,1,0,0,0,0,0,0,0,0,0,0
2001,260065,0,1,12,12,12,12,12,12,12,12,12,12
2001,260065,1,1,0,0,0,0,0,0,0,0,0,0
2001,260066,1,1,0,0,0,0,0,0,0,0,0,0
2001,260066,2,1,0,0,0,0,0,0,0,0,0,0
2001,260067,0,1,21,21,21,21,21,21,21,21,21,21
2001,260067,1,1,0,0,0,0,0,0,0,0,0,0
2001,260068,1,1,0,0,0,0,0,0,0,0,0,0
2001,260068,2,1,0,0,0,0,0,0,0,0,0,0
2001,260070,1,1,0,0,0,0,0,0,0,0,0,0
2001,260070,2,1,5,5,5,5,5,5,5,5,5,5
2001,260071,1,1,0,0,0,0,0,0,0,0,0,0
2001,260071,2,1,0,0,0,0,0,0,0,0,0,0
2001,260072,1,1,0,0,0,0,0,0,0,0,0,0
2001,260073,0,1,20,29,31,40,13,38,32,8,31,19
2001,260073,1,1,7,19,8,5,0,7,2,12,29,0
2001,260074,0,1,0,0,12,13,0,0,0,0,0,0
2001,260074,1,1,0,0,33,19,0,0,0,0,0,0
2001,260074,2,1,0,19,0,0,0,0,25,0,0,0
2001,260075,1,1,0,0,0,0,0,0,0,0,0,0
2001,260076,1,1,0,0,0,0,0,0,0,0,0,0
2001,260077,1,1,0,0,0,0,0,0,0,17,0,0
2001,260077,2,1,0,0,0,0,0,0,0,0,17,0
2001,260077,3,1,0,0,0,0,0,0,0,0,0,0
2001,260078,1,1,5,35,17,24,17,23,16,15,15,16
2001,260079,0,1,2,2,2,2,2,2,2,2,2,2
2001,260079,1,1,0,0,0,0,0,0,0,0,0,0
2001,260080,1,1,2,2,2,2,2,2,2,2,2,2
2001,260080,2,1,0,0,0,0,0,0,0,0,0,0
2001,260081,1,1,0,0,0,0,0,0,0,0,0,0
2001,260081,2,1,0,0,0,0,0,0,0,0,0,0
2001,260082,1,1,0,0,0,0,0,0,0,0,0,0
2001,260083,1,1,21,21,21,21,21,21,21,21,21,21
2001,260084,1,1,0,0,0,0,0,0,0,0,0,0
2001,260085,1,1,0,0,0,0,0,0,0,0,0,0
2001,260085,2,1,0,0,0,0,0,0,0,0,0,0
2001,260086,1,1,18,18,18,18,18,18,18,18,18,18
2001,260087,1,1,14,14,14,14,14,14,14,14,14,14
2001,260087,2,1,24,24,24,24,24,24,24,24,24,24
2001,260088,0,1,0,0,0,0,0,0,0,0,0,0
2001,260088,1,1,0,0,0,0,0,0,0,0,0,0
2001,260089,0,1,0,0,31,30,0,28,0,9,0,0
2001,260089,1,1,0,0,0,0,0,0,0,0,0,0
2001,260090,1,1,0,0,0,0,0,0,0,0,0,0
2001,260090,2,1,0,0,0,0,0,0,0,0,0,0
2001,260091,1,1,0,0,0,0,0,0,0,0,0,0
2001,260091,2,1,0,0,0,0,0,0,0,26,0,0
2001,260092,1,1,0,0,0,0,0,0,0,0,0,0
2001,260092,2,1,0,0,0,0,0,0,0,0,0,0
2001,260093,1,1,0,0,0,0,0,0,0,0,0,0
2001,260093,2,1,16,16,16,16,16,16,16,16,16,16
2001,260094,1,1,0,0,0,0,0,0,0,0,0,0
2001,260095,0,1,15,15,15,15,15,15,15,15,15,15
2001,260095,1,1,0,0,0,0,0,0,0,0,0,0
2001,260096,1,1,28,28,28,28,28,28,28,28,28,28
2001,260097,0,1,0,0,0,0,0,0,0,0,0,0
2001,260097,1,1,0,0,0,0,0,0,0,0,0,0
2001,260098,1,1,0,0,0,0,0,0,0,0,0,0
2001,260098,2,1,0,8,0,0,12,0,0,0,0,0
2001,260099,1,1,0,0,0,0,0,0,0,0,0,0
2001,260100,1,1,25,25,25,25,25,25,25,25,25,25
2001,260101,1,1,26,26,26,26,26,26,26,26,26,26
2001,260102,1,1,10,10,10,10,10,10,10,10,10,10
2001,260103,1,1,0,0,0,0,0,0,0,0,0,0
2001,260103,2,1,0,0,0,0,0,0,0,0,0,0
2001,260103,3,1,0,0,0,0,0,0,0,0,0,0
2001,260104,0,1,16,16,16,16,16,16,16,16,16,16
2001,260104,1,1,0,0,0,0,0,0,0,0,0,0
2001,260105,1,1,5,5,5,5,5,5,5,5,5,5
2001,260106,0,1,0,0,0,0,0,0,0,0,0,0
2001,260106,1,1,0,0,0,0,0,0,0,0,0,0
2001,260107,1,1,26,9,19,5,19,23,21,9,17,21
2001,260107,2,1,0,0,0,0,0,0,0,0,0,0
2001,260108,1,1,0,0,0,0,0,0,0,0,0,0
2001,260109,1,1,0,6,14,24,11,0,8,4,0,17
2001,260109,2,1,0,0,0,0,0,0,0,0,0,0
2001,260110,1,1,0,11,29,23,0,0,0,7,22,16
2001,260111,1,1,0,10,0,0,0,0,0,22,0,0
2001,260112,1,1,0,0,0,0,0,0,0,0,0,0
2001,260112,2,1,0,0,0,0,5,0,0,0,0,0
2001,260113,1,1,0,0,0,0,0,0,0,0,0,0
2001,260113,2,1,0,0,0,0,0,0,0,0,0,0
2001,260113,3,1,0,0,0,0,0,0,0,0,0,0
2001,260114,1,1,0,0,0,0,0,0,0,0,0,0
2001,260114,2,1,0,0,0,0,0,0,0,0,0,0
2001,260115,1,1,0,0,0,0,0,0,0,0,0,0
2001,260116,1,1,23,0,0,0,18,0,0,0,0,0
2001,260116,2,1,0,0,0,0,0,0,0,0,0,0
2001,260116,3,1,0,0,0,0,0,0,0,0,0,0
2001,260117,1,1,6,6,6,6,6,6,6,6,6,6
2001,260118,1,1,0,0,15,21,25,14,0,0,10,0
2001,260118,2,1,14,14,14,14,14,14,14,14,14,14
2001,260119,1,1,0,11,23,0,30,19,0,0,18,10
2001,260119,2,1,0,0,0,0,0,0,0,0,0,0
2001,260120,0,1,0,0,0,0,0,0,0,0,0,0
2001,260120,1,1,0,0,0,0,0,0,0,0,0,0
2001,260121,1,1,0,0,0,0,0,0,0,0,0,0
2001,260121,2,1,0,0,0,0,0,0,0,0,0,0
2001,260122,1,1,0,0,0,0,0,21,0,0,0,0
2001,260123,1,1,0,0,0,0,0,0,0,0,0,0
2001,260123,2,1,0,0,0,0,0,0,0,0,0,0
2001,260123,3,1,0,0,0,0,0,0,0,0,0,0
2001,260124,1,1,19,19,19,19,19,19,19,19,19,19
2001,260125,0,1,37,37,37,37,37,37,37,37,37,37
2001,260125,1,1,0,0,0,0,0,0,0,0,0,0
2001,260126,1,1,10,10,10,10,10,10,10,10,10,10
2001,260126,2,1,0,0,0,0,0,0,0,0,0,0
2001,260127,1,1,13,10,2,6,6,11,6,7,15,8
2001,260128,0,1,0,0,0,0,0,0,0,0,0,0
2001,260128,1,1,0,0,0,0,0,0,0,0,0,0
2001,260129,1,1,14,13,0,15,8,16,16,20,5,7
2001,260129,2,1,0,0,0,0,0,0,0,0,0,0
2001,260130,1,1,0,0,0,0,0,0,0,0,0,0
2001,260130,2,1,0,0,0,0,0,0,0,0,0,0
2001,260131,1,1,0,0,0,0,0,0,0,0,0,0
2001,260131,2,1,0,0,0,0,0,0,0,0,0,0
2001,260132,1,1,29,29,29,29,29,29,29,29,29,29
2001,260133,1,1,28,28,28,28,28,28,28,28,28,28
2001,260134,1,1,0,0,0,0,0,0,0,0,0,0
2001,260135,1,1,0,0,0,0,0,0,0,0,0,0
2001,260135,2,1,0,0,0,0,0,0,0,0,0,0
2001,260136,1,1,0,0,0,0,0,0,0,0,0,0
2001,260136,2,1,0,0,0,0,0,0,0,0,0,0
2001,260137,1,1,0,0,0,0,0,0,0,0,0,0
2001,260138,0,1,0,0,0,0,0,0,0,0,0,0
2001,260138,1,1,0,0,0,0,0,0,0,0,0,0
2001,260139,1,1,28,28,28,28,28,28,28,28,28,28
2001,260140,1,1,21,21,21,21,21,21,21,21,21,21
2001,260140,2,1,11,11,11,11,11,11,11,11,11,11
2001,260141,1,1,0,0,0,0,0,0,0,0,0,0
2001,260141,2,1,0,0,0,0,0,0,0,0,0,0
2001,260142,1,1,11,11,11,11,11,11,11,11,11,11
2001,260143,1,1,0,0,0,0,0,0,0,0,0,0
2001,260143,2,1,0,0,0,0,0,0,0,0,0,0
2001,260144,1,1,0,0,0,0,0,0,0,0,0,0
2001,260145,1,1,27,27,27,27,27,27,27,27,27,27
2001,260146,1,1,0,0,0,0,0,0,0,0,0,0
2001,260146,2,1,24,0,0,20,0,0,0,0,0,0
2001,260147,1,1,1,1,1,1,1,1,1,1,1,1
2001,260147,2,1,0,0,0,0,0,0,0,0,11,0
2001,260148,1,1,0,0,0,0,0,0,0,0,0,0
2001,260148,2,1,0,0,0,0,0,0,0,0,0,0
2001,260149,0,1,9,9,9,9,9,9,9,9,9,9
2001,260149,1,1,0,14,10,0,0,0,0,0,19,0
2001,260150,1,1,0,0,0,0,0,0,0,0,0,0
2001,260150,2,1,0,0,0,0,0,0,0,0,0,0
2001,260151,1,1,23,23,23,23,23,23,23,23,23,23
2001,260152,1,1,6,29,19,10,18,24,20,12,15,19
2001,260153,0,1,36,0,12,24,0,13,25,6,15,14
2001,260153,1,1,0,0,0,0,0,0,4,0,0,0
2001,260154,0,1,0,0,0,0,0,0,0,0,0,0
2001,260154,1,1,0,0,0,0,0,0,0,0,0,0
2001,260155,1,1,12,19,0,0,0,0,10,0,0,0
2001,260156,1,1,0,0,0,0,14,0,0,0,0,0
2001,260156,2,1,0,0,0,0,0,0,0,0,0,0
2001,260157,1,1,0,0,0,0,0,0,0,0,0,0
2001,260157,2,1,0,0,0,0,0,0,0,0,0,0
2001,260158,1,1,0,0,0,0,0,0,0,0,0,0
2001,260159,1,1,24,24,24,24,24,24,24,24,24,24
2001,260160,1,1,0,0,0,0,0,0,0,0,0,0
2001,260160,2,1,0,0,0,0,0,0,0,0,0,0
2001,260160,3,1,0,0,0,0,9,0,0,0,0,0
2001,260161,1,1,0,0,0,0,0,0,0,0,0,0
2001,260162,1,1,12,12,12,12,12,12,12,12,12,12
2001,260162,2,1,0,0,0,0,0,0,0,0,0,0
2001,260163,0,1,0,0,0,0,0,0,0,0,0,0
2001,260163,0,2,0,0,0,0,0,0,0,0,3,10
2001,260163,1,1,0,0,0,0,0,0,0,0,0,0
2001,260164,1,1,0,0,0,0,0,0,0,0,0,0
2001,260164,2,1,0,0,0,0,0,0,0,0,0,0
2001,260165,0,2,0,0,0,30,0,0,0,0,0,0
2001,260165,0,3,0,12,0,20,0,0,0,0,0,8
2001,260165,1,1,0,0,0,0,0,0,0,0,0,0
2001,260166,1,1,0,0,0,0,0,0,0,0,0,0
2001,260166,2,1,0,0,0,0,0,0,0,0,0,0
2001,260167,1,1,0,0,0,0,0,0,0,0,0,0
2001,260167,2,1,0,0,0,0,0,0,0,0,0,0
2001,260168,1,1,0,0,0,0,0,0,0,0,0,0
2001,260169,1,1,0,0,0,0,0,0,0,0,0,0
2001,260170,1,1,26,26,26,26,26,26,26,26,26,26
2001,260171,1,1,0,0,0,0,0,0,0,0,0,0
2001,260171,2,1,0,0,0,0,0,0,0,0,0,0
2001,260172,1,1,0,6,0,7,0,11,0,15,0,0
2001,260172,2,1,0,0,0,0,0,0,0,0,0,0
2001,260173,1,1,0,0,0,0,0,28,0,0,0,0
2001,260174,1,1,0,0,0,0,0,4,0,0,13,0
2001,260174,2,1,13,13,13,13,13,13,13,13,13,13
2001,260175,1,1,21,0,0,0,0,13,0,0,0,24
2001,260176,0,1,0,0,0,0,0,0,0,0,0,0
2001,260176,1,1,0,0,0,0,0,0,0,0,0,0
2001,260177,0,1,18,0,0,0,8,0,0,0,0,0
2001,260177,1,1,0,0,0,0,0,0,0,0,0,0
2001,260178,1,1,0,0,0,0,0,0,0,0,0,0
2001,260179,1,1,0,0,0,0,0,0,0,0,0,0
2001,260179,2,1,0,0,0,0,0,0,0,0,0,0
2001,260180,1,1,38,38,38,38,38,38,38,38,38,38
2001,260181,0,1,23,39,22,7,25,35,20,3,22,47
2001,260181,1,1,11,0,0,0,0,0,14,9,28,9
2001,260182,1,1,27,27,27,27,27,27,27,27,27,27
2001,260182,2,1,0,0,0,0,0,0,0,0,0,0
2001,260183,1,1,0,0,0,0,0,0,0,0,0,0
2001,260183,2,1,0,0,0,0,0,0,0,0,0,0
2001,260183,3,1,0,0,0,0,0,0,0,3,0,0
2001,260184,0,1,0,0,0,0,0,0,0,0,0,0
2001,260184,1,1,0,0,0,0,0,0,0,0,0,0
2001,260185,1,1,0,0,0,0,0,0,0,0,0,0
2001,260185,2,1,0,0,0,0,0,0,0,0,0,0
2001,260186,1,1,7,26,13,21,0,19,33,9,12,14
2001,260187,1,1,20,20,20,20,20,20,20,20,20,20
2001,260187,2,1,0,0,0,0,0,0,0,0,0,0
2001,260188,1,1,0,0,0,0,0,0,0,0,0,0
2001,260189,1,1,22,22,22,22,22,22,22,22,22,22
2001,260190,0,1,0,0,0,0,0,0,0,0,0,0
2001,260190,1,1,0,0,0,0,0,0,0,0,0,0
2001,260191,1,1,0,0,0,0,0,0,0,0,0,0
2001,260191,2,1,22,0,0,0,0,0,0,0,0,7
2001,260192,1,1,0,0,0,0,0,0,0,0,0,0
2001,260193,1,1,0,0,0,0,0,0,0,0,0,0
2001,260194,1,1,31,31,31,31,31,31,31,31,31,31
2001,260195,1,1,0,0,0,0,0,0,0,0,0,0
2001,260195,2,1,0,0,0,0,0,0,0,0,0,0
2001,260196,1,1,0,0,0,0,0,0,0,0,0,0
2001,260196,2,1,0,0,0,0,0,0,0,0,0,0
2001,260197,0,1,4,4,4,4,4,4,4,4,4,4
2001,260197,1,1,0,0,0,0,0,0,0,0,0,0
2001,260198,1,1,0,0,0,0,0,0,0,0,0,0
2001,260198,2,1,0,0,0,0,0,0,0,0,0,0
2001,260199,0,1,0,0,0,0,0,0,0,0,19,0
2001,260199,1,1,0,0,0,0,0,0,0,0,0,0
2001,260200,1,1,0,0,0,0,0,0,0,0,0,0
2001,260200,2,1,0,0,0,0,0,0,0,0,0,0
2001,260201,1,1,0,0,0,0,0,0,0,6,0,0
2001,260201,2,1,0,0,0,0,0,0,0,0,0,0
2001,260202,1,1,15,15,15,15,15,15,15,15,15,15
2001,260203,1,1,0,0,0,0,0,0,0,0,0,0
2001,260203,2,1,0,0,0,0,0,0,0,0,0,0
2001,260204,1,1,17,17,17,17,17,17,17,17,17,17
2001,260205,1,1,0,0,0,0,0,0,0,0,0,0
2001,260206,0,1,0,0,0,0,0,0,0,0,0,0
2001,260206,1,1,0,0,0,0,0,0,0,0,0,0
2001,260207,1,1,0,0,0,0,0,8,0,0,0,0
2001,260207,2,1,0,0,0,0,0,0,0,0,0,0
2001,260208,1,1,0,0,0,0,32,0,0,0,0,0
2001,260209,1,1,0,0,0,0,0,0,0,0,0,0
2001,260210,1,1,0,0,0,0,0,0,0,0,0,0
2001,260210,2,1,0,0,0,0,0,0,0,0,0,0
2001,260211,1,1,0,0,0,0,0,0,0,0,0,0
2001,260211,2,1,0,0,0,0,0,0,0,0,0,0
2001,260212,1,1,17,17,17,17,17,17,17,17,17,17
2001,260213,1,1,7,7,7,7,7,7,7,7,7,7
2001,260214,1,1,0,0,0,0,0,0,0,0,0,0
2001,260214,2,1,0,0,0,0,0,0,0,0,0,0
2001,260215,1,1,0,0,0,0,0,0,0,0,0,0
2001,260215,2,1,0,0,0,0,0,0,0,0,0,0
2001,260216,1,1,0,0,0,0,0,0,0,0,0,0
2001,260216,2,1,0,0,0,0,0,0,0,0,0,0
2001,260217,1,1,0,0,0,0,0,0,0,0,0,0
2001,260218,0,1,33,33,33,33,33,33,33,33,33,33
2001,260218,1,1,0,0,0,0,0,0,0,0,0,0
2001,260219,1,1,16,16,16,16,16,16,16,16,16,16
2001,260220,1,1,24,24,24,24,24,24,24,24,24,24
2001,260221,1,1,38,38,38,38,38,38,38,38,38,38
2001,260222,1,1,16,16,16,16,16,16,16,16,16,16
2001,260223,1,1,25,25,25,25,25,25,25,25,25,25
2001,260224,1,1,0,0,0,0,0,0,0,0,0,0
2001,260225,0,1,37,37,37,37,37,37,37,37,37,37
2001,260225,1,1,0,0,0,0,0,0,0,0,0,0
2001,260225,2,1,0,0,0,0,0,0,0,0,0,6
2001,260225,3,1,0,0,0,0,0,0,0,0,0,0
2001,260226,1,1,24,24,24,24,24,24,24,24,24,24
2001,260227,1,1,8,8,8,8,8,8,8,8,8,8
2001,260228,1,1,23,23,23,23,23,23,23,23,23,23
2001,260229,1,1,0,0,0,0,0,0,0,0,0,0
2001,260229,2,1,0,0,0,0,0,0,0,0,0,0
2001,260230,1,1,0,0,0,0,0,0,0,0,0,0
2001,260230,2,1,0,0,0,0,0,0,0,0,0,0
2001,260231,1,1,18,18,18,18,18,18,18,18,18,18
2001,260232,1,1,0,0,0,0,0,0,0,0,0,0
2001,260232,2,1,0,0,0,0,0,0,0,0,0,0
2001,260233,1,1,0,0,0,0,0,0,0,0,0,0
2001,260234,1,1,25,25,25,25,25,25,25,25,25,25
2001,260235,1,1,0,0,0,0,0,0,0,0,0,0
2001,260235,2,1,0,0,0,0,0,0,0,0,0,0
2001,260236,1,1,0,0,0,0,0,0,0,0,0,0
2001,260236,2,1,0,0,0,0,0,0,0,0,0,0
2001,260237,1,1,0,0,0,0,0,0,0,0,0,0
2001,260237,2,1,0,0,0,0,0,0,0,0,0,0
2001,260238,1,1,0,0,0,0,0,0,0,0,0,0
2001,260238,2,1,0,0,0,0,0,0,0,0,0,0
2001,260239,1,1,0,0,0,0,0,0,0,0,0,0
2001,260240,1,1,0,0,11,0,11,0,0,0,0,0
2001,260240,2,1,0,0,0,0,0,0,0,0,0,0
2001,260241,1,1,0,0,0,0,0,0,0,0,0,0
2001,260242,1,1,0,0,0,0,0,0,0,0,0,0
2001,260242,2,1,0,0,0,0,0,0,0,0,0,0
2001,260243,1,1,0,0,0,0,0,0,0,0,0,0
2001,260243,2,1,0,0,0,0,0,0,0,0,0,0
2001,260244,1,1,0,0,0,0,0,0,0,0,0,0
2001,260245,1,1,0,0,0,0,0,0,0,0,0,0
2001,260246,1,1,6,6,6,6,6,6,6,6,6,6
2001,260246,2,1,0,0,0,0,0,0,0,0,0,0
2001,260247,0,1,0,0,0,0,0,0,0,0,0,0
2001,260247,1,1,0,0,18,13,0,15,0,30,0,12
2001,260248,1,1,0,0,0,0,21,20,0,0,0,17
2001,260248,2,1,15,15,15,15,15,15,15,15,15,15
2001,260249,1,1,0,0,0,0,0,0,0,0,0,0
2001,260249,2,1,0,0,0,0,0,0,0,0,0,0
2001,260249,3,1,0,0,0,0,0,10,0,0,5,0
2001,260249,4,1,0,0,0,0,0,0,0,0,0,0
2001,260250,1,1,0,0,0,0,0,0,0,0,0,0
2001,260250,2,1,0,0,0,0,0,0,0,0,0,0
2001,260251,1,1,1,1,1,1,1,1,1,1,1,1
2001,260251,2,1,0,0,0,0,0,0,0,0,0,0
2001,260252,0,1,28,28,28,28,28,28,28,28,28,28
2001,260252,1,1,0,0,0,0,0,0,0,0,0,0
2001,260253,0,1,0,0,0,0,0,0,0,0,0,0
2001,260253,1,1,0,14,0,0,0,0,0,0,0,0
2001,260254,1,1,0,12,9,22,17,10,0,21,0,18
2001,260255,1,1,12,0,0,0,0,0,0,0,0,0
2001,260255,2,1,0,0,0,0,0,0,0,0,0,0
2001,260256,1,1,0,0,0,0,0,0,0,0,0,0
2001,260256,2,1,0,0,0,0,0,0,0,0,0,0
2001,260256,3,1,0,0,0,0,0,0,0,0,0,0
2001,260257,1,1,0,5,0,15,0,0,4,29,0,0
2001,260257,2,1,6,6,6,6,6,6,6,6,6,6
2001,260258,1,1,26,26,26,26,26,26,26,26,26,26
2001,260259,1,1,0,0,0,33,0,0,9,0,0,0
2001,260259,2,1,0,0,0,0,0,0,0,0,0,0
2001,260260,1,1,1,1,1,1,1,1,1,1,1,1
2001,260260,2,1,0,0,0,0,0,0,0,2,0,0
2001,260261,1,1,0,0,0,0,0,0,0,0,0,0
2001,260262,1,1,0,0,0,0,0,0,0,0,0,0
2001,260263,1,1,0,0,0,0,0,0,0,0,0,0
2001,260263,2,1,0,0,0,0,0,0,0,0,0,0
2001,260264,1,1,27,27,27,27,27,27,27,27,27,27
2001,260265,1,1,0,0,0,0,0,0,0,0,0,0
2001,260265,2,1,0,0,0,0,0,0,0,0,0,0
2001,260266,1,1,0,14,0,23,0,0,0,0,0,0
2001,260267,1,1,0,0,0,0,0,0,0,0,0,0
2001,260268,1,1,11,11,11,11,11,11,11,11,11,11
2001,260268,2,1,0,0,0,0,0,15,0,0,0,0
2001,260269,1,1,0,0,0,0,0,0,0,0,0,0
2001,260270,1,1,0,0,16,0,16,0,0,0,0,0
2001,260270,2,1,13,0,15,0,10,0,0,0,0,6
2001,260270,3,1,12,12,12,12,12,12,12,12,12,12
2001,260270,4,1,0,0,0,0,0,0,0,0,0,0
2001,260271,1,1,0,0,0,0,0,0,0,0,0,0
2001,260271,2,1,0,0,0,0,0,0,0,0,0,0
2001,260271,3,1,4,4,4,4,4,4,4,4,4,4
2001,260272,1,1,0,0,0,0,0,0,0,0,0,0
2001,260272,2,1,0,0,11,0,0,0,0,0,0,0
2001,260273,1,1,0,0,0,0,0,0,0,0,0,0
2001,260273,2,1,0,0,0,0,0,0,0,0,0,0
2001,260274,1,1,42,42,42,42,42,42,42,42,42,42
2001,260275,1,1,22,22,22,22,22,22,22,22,22,22
2001,260275,2,1,0,0,0,0,0,0,0,0,0,0
2001,260276,1,1,18,18,18,18,18,18,18,18,18,18
2001,260277,0,1,0,0,0,0,0,0,0,0,0,0
2001,260277,1,1,12,0,0,3,0,0,0,0,0,0
2001,260278,1,1,26,26,26,26,26,26,26,26,26,26
2001,260278,2,1,0,0,0,0,0,0,0,0,0,0
2001,260279,1,1,20,20,20,20,20,20,20,20,20,20
2001,260280,1,1,0,0,0,0,0,0,0,0,0,0
2001,260281,0,1,26,26,26,26,26,26,26,26,26,26
2001,260281,1,1,9,7,6,0,17,0,0,35,2,0
2001,260282,1,1,0,0,0,0,0,0,0,0,0,0
2001,260282,2,1,0,0,0,0,0,0,0,0,0,0
2001,260282,3,1,0,0,0,0,0,0,0,0,0,0
2001,260283,1,1,0,0,20,0,0,0,0,0,0,18
2001,260284,0,1,15,15,15,15,15,15,15,15,15,15
2001,260284,1,1,0,0,0,0,0,0,0,0,0,0
2001,260285,1,1,0,0,0,0,0,0,0,0,0,0
2001,260285,2,1,0,0,0,0,0,0,0,0,0,0
2001,260286,1,1,22,22,22,22,22,22,22,22,22,22
2001,260287,1,1,0,0,0,0,0,0,0,0,0,0
2001,260287,2,1,0,0,0,0,0,0,0,0,0,0
2001,260288,1,1,24,24,24,24,24,24,24,24,24,24
2001,260289,1,1,22,22,22,22,22,22,22,22,22,22
2001,260289,2,1,0,0,0,0,0,0,0,0,0,0
2001,260290,1,1,0,0,0,0,0,0,0,0,0,0
2001,260290,2,1,0,0,0,0,0,0,0,0,0,0
2001,260291,1,1,17,17,17,17,17,17,17,17,17,17
2001,260292,1,1,0,0,0,0,0,0,0,0,0,0
2001,260292,2,1,0,0,0,0,0,0,0,0,0,0
2001,260292,3,1,0,0,0,0,0,0,0,0,0,0
2001,260293,1,1,17,17,17,17,17,17,17,17,17,17
2001,260294,1,1,0,0,0,0,0,0,0,0,0,0
2001,260294,2,1,0,0,0,0,0,0,0,0,0,0
2001,260295,1,1,0,0,0,0,0,0,0,0,0,0
2001,260296,1,1,0,0,0,0,0,0,0,0,0,0
2001,260296,2,1,0,0,0,0,0,0,0,0,0,0
2001,260297,1,1,0,0,0,0,0,0,0,0,0,0
2001,260297,2,1,0,0,0,0,0,0,0,0,0,0
2001,260298,1,1,0,0,0,0,0,0,0,0,0,0
2001,260299,0,1,0,0,0,0,0,0,0,0,0,0
2001,260299,1,1,0,4,0,0,0,0,0,0,0,0
2001,260300,1,1,0,0,0,0,0,0,0,0,0,0
2001,260301,1,1,4,4,4,4,4,4,4,4,4,4
2001,260301,2,1,0,0,8,0,0,0,0,0,0,0
2001,260302,1,1,0,0,0,0,0,0,0,0,0,0
2001,260302,2,1,0,0,0,0,0,0,0,0,0,0
2001,260303,0,1,0,0,0,0,0,0,0,0,0,0
2001,260303,1,1,7,3,18,0,0,15,0,10,20,23
2001,260304,1,1,9,9,9,9,9,9,9,9,9,9
2001,260305,1,1,0,0,0,0,0,0,0,0,0,0
2001,260305,2,1,0,0,0,0,0,0,0,0,0,0
2001,260306,1,1,0,0,0,0,0,0,0,0,0,0
2001,260306,2,1,5,0,0,0,0,0,8,0,8,12
2001,260307,1,1,11,11,11,11,11,11,11,11,11,11
2001,260307,2,1,0,0,0,0,0,0,0,0,0,0
2001,260308,1,1,0,0,0,0,0,0,0,0,0,0
2001,260309,1,1,11,11,11,11,11,11,11,11,11,11
2001,260310,1,1,0,0,0,0,0,0,0,0,0,0
2001,260311,0,1,0,0,0,0,0,0,0,0,0,0
2001,260311,1,1,0,0,0,0,0,0,0,0,0,0
2001,260312,0,1,35,35,35,35,35,35,35,35,35,35
2001,260312,1,1,0,0,0,0,0,0,0,0,0,0
2001,260312,2,1,0,0,0,0,0,0,0,0,0,0
2001,260313,1,1,16,16,16,16,16,16,16,16,16,16
2001,260313,2,1,0,0,0,0,0,0,0,0,0,0
2001,260313,3,1,0,0,0,0,0,0,0,0,12,0
2001,260314,1,1,0,0,0,0,0,0,0,0,0,0
2001,260314,2,1,0,0,0,0,0,0,0,0,0,0
2001,260315,1,1,0,0,0,0,0,0,0,0,0,0
2001,260315,2,1,0,0,0,0,0,0,0,0,0,0
2001,260315,3,1,0,0,0,0,0,0,0,0,0,0
2001,260316,0,1,0,0,0,0,0,0,0,0,0,0
2001,260316,1,1,0,0,0,0,0,0,0,0,0,0
2001,260317,0,1,0,0,0,0,0,0,0,0,0,0
2001,260317,1,1,0,0,0,0,0,0,0,0,0,0
2001,260318,1,1,0,0,0,0,0,0,0,0,0,0
2001,260319,1,1,0,0,0,0,0,0,0,0,0,0
2001,260319,2,1,0,0,0,0,0,0,0,0,0,0
2001,260320,1,1,0,0,0,0,0,0,0,0,0,0
2001,260320,2,1,0,0,0,0,0,0,0,0,0,0
2001,260321,1,1,0,0,0,0,16,12,0,18,7,18
2001,260321,2,1,0,0,0,0,0,16,0,0,0,0
2001,260322,1,1,0,14,0,0,0,0,0,0,0,0
2001,260322,2,1,0,0,0,0,0,0,0,0,0,0
2001,260323,0,1,0,21,13,0,0,27,0,0,22,13
2001,260323,1,1,0,0,0,0,0,0,0,0,0,0
2001,260324,1,1,0,0,0,0,0,0,0,0,0,0
2001,260325,1,1,16,16,16,16,16,16,16,16,16,16