YEAR,st_case,veh_no,per_no,P1,P2,P3,P4,P5,P6,P7,P8,P9,P10
2001,260326,1,1,22,22,22,22,22,22,22,22,22,22
2001,260327,1,1,0,0,0,0,13,18,0,0,9,0
2001,260327,2,1,0,0,0,0,0,0,0,0,0,12
2001,260328,1,1,0,0,0,0,0,0,0,0,0,0
2001,260329,0,1,0,0,0,0,0,48,0,0,0,0
2001,260329,1,1,0,0,0,0,0,0,0,0,0,0
2001,260330,1,1,0,0,0,0,0,0,0,0,0,0
2001,260331,1,1,25,0,6,28,31,0,0,0,31,15
2001,260332,1,1,5,5,5,5,5,5,5,5,5,5
2001,260333,1,1,0,0,0,0,0,0,25,24,0,0
2001,260334,0,1,0,3,0,0,0,0,0,0,19,0
2001,260334,1,1,0,0,0,0,0,0,0,0,0,0
2001,260335,1,1,0,0,0,0,0,0,0,0,0,0
2001,260335,2,1,0,0,0,0,0,0,0,0,0,0
2001,260336,1,1,0,0,0,0,0,0,0,0,0,0
2001,260336,2,1,0,0,0,0,0,0,0,0,0,0
2001,260337,1,1,15,15,15,15,15,15,15,15,15,15
2001,260338,1,1,0,0,0,0,0,0,0,0,0,0
2001,260338,2,1,0,0,0,0,0,0,0,0,0,0
2001,260339,1,1,0,0,0,0,0,0,0,0,0,0
2001,260340,1,1,31,31,31,31,31,31,31,31,31,31
2001,260340,2,1,0,0,0,0,0,0,14,0,0,0
2001,260341,1,1,29,29,29,29,29,29,29,29,29,29
2001,260342,1,1,0,0,0,0,0,0,0,0,0,0
2001,260343,0,1,18,18,18,18,18,18,18,18,18,18
2001,260343,1,1,0,0,0,10,13,10,0,0,0,0
2001,260344,0,1,4,4,4,4,4,4,4,4,4,4
2001,260344,1,1,0,0,0,0,0,0,0,0,0,18
2001,260344,2,1,0,0,6,0,0,0,0,0,0,0
2001,260345,1,1,0,0,0,0,0,0,0,0,0,0
2001,260345,2,1,11,0,0,0,17,0,0,0,0,0
2001,260346,1,1,8,8,8,8,8,8,8,8,8,8
2001,260347,1,1,0,0,0,0,0,0,0,0,0,0
2001,260347,2,1,0,0,14,0,0,0,0,0,0,0
2001,260348,0,1,0,0,0,0,0,0,0,0,0,0
2001,260348,1,1,0,0,0,0,0,0,0,0,0,0
2001,260349,1,1,0,0,0,0,0,0,0,0,0,0
2001,260349,2,1,0,0,0,0,0,0,0,0,0,0
2001,260349,3,1,0,6,0,0,0,0,0,0,0,0
2001,260350,1,1,0,0,0,0,0,0,0,0,0,0
2001,260350,2,1,0,0,0,0,0,0,0,0,0,0
2001,260351,1,1,0,0,0,0,0,0,0,0,0,0
2001,260351,2,1,0,0,0,0,0,0,0,0,0,0
2001,260352,1,1,0,0,0,0,0,0,0,0,0,0
2001,260353,1,1,0,0,0,0,0,0,0,0,0,0
2001,260353,2,1,0,0,0,0,0,0,0,0,0,0
2001,260353,3,1,0,0,0,0,0,0,0,0,0,0
2001,260354,1,1,0,0,0,0,0,0,0,0,0,0
2001,260354,2,1,0,0,0,0,0,0,0,0,0,0
2001,260355,1,1,0,0,0,0,0,0,0,0,0,0
2001,260355,2,1,0,0,0,0,0,0,0,0,0,0
2001,260356,1,1,11,11,11,11,11,11,11,11,11,11
2001,260357,1,1,0,0,16,0,0,19,0,12,0,14
2001,260358,1,1,0,0,0,0,0,0,0,0,0,0
2001,260359,1,1,1,1,1,1,1,1,1,1,1,1
2001,260359,2,1,0,0,0,0,0,0,0,0,0,0
2001,260360,0,1,0,0,0,0,0,0,0,0,0,0
2001,260360,1,1,0,0,0,0,0,0,0,0,0,0
2001,260361,1,1,5,5,5,5,5,5,5,5,5,5
2001,260362,1,1,0,0,0,0,0,0,0,0,0,0
2001,260362,2,1,0,0,0,0,0,0,0,0,0,0
2001,260363,1,1,0,0,0,0,0,0,0,0,0,0
2001,260364,1,1,0,0,0,0,10,0,0,0,0,0
2001,260364,2,1,0,0,0,0,0,0,0,0,0,0
2001,260365,1,1,8,8,8,8,8,8,8,8,8,8
2001,260366,1,1,24,24,24,24,24,24,24,24,24,24
2001,260367,1,1,13,13,13,13,13,13,13,13,13,13
2001,260368,1,1,4,0,0,0,0,0,0,0,14,5
2001,260368,2,1,0,0,0,0,0,0,0,0,0,0
2001,260369,0,1,0,0,0,0,0,0,0,0,0,0
2001,260369,0,2,0,19,20,0,0,10,11,22,0,0
2001,260369,1,1,0,0,0,0,0,0,0,0,0,0
2001,260370,1,1,0,0,0,0,0,0,0,0,0,0
2001,260370,2,1,0,0,0,0,0,0,0,0,0,0
2001,260371,1,1,0,20,10,16,18,10,13,6,11,13
2001,260371,2,1,15,11,22,12,16,13,10,21,14,13
2001,260372,1,1,0,0,0,0,0,0,0,0,0,0
2001,260372,2,1,0,0,0,0,0,0,0,0,0,0
2001,260372,3,1,0,0,0,0,0,0,0,0,0,0
2001,260373,1,1,21,21,21,21,21,21,21,21,21,21
2001,260373,2,1,0,0,0,0,0,0,0,0,0,0
2001,260373,3,1,0,0,0,0,0,0,16,0,0,0
2001,260374,1,1,0,0,0,0,0,0,0,0,0,0
2001,260375,1,1,9,9,9,9,9,9,9,9,9,9
2001,260376,1,1,13,13,13,13,13,13,13,13,13,13
2001,260377,1,1,8,8,8,8,8,8,8,8,8,8
2001,260378,1,1,16,16,16,16,16,16,16,16,16,16
2001,260379,0,1,0,0,0,0,0,0,0,0,0,0
2001,260379,0,2,0,0,0,0,0,0,0,0,0,0
2001,260379,1,1,0,0,0,0,0,0,0,0,0,0
2001,260380,1,1,30,0,21,6,0,0,0,12,0,0
2001,260380,2,1,0,0,0,0,0,0,0,0,0,0
2001,260381,1,1,0,0,0,0,0,0,0,0,0,0
2001,260381,2,1,0,0,0,0,0,0,0,0,0,0
2001,260382,1,1,3,15,15,18,24,5,22,24,14,10
2001,260383,0,1,0,0,0,0,0,0,0,0,0,0
2001,260383,1,1,0,0,0,0,0,0,0,0,0,0
2001,260384,0,1,0,0,0,0,0,0,0,0,0,0
2001,260384,1,1,0,0,0,0,0,0,0,0,0,0
2001,260385,1,1,6,6,6,6,6,6,6,6,6,6
2001,260386,0,1,0,0,0,0,0,0,0,0,0,0
2001,260386,1,1,0,0,0,0,0,0,0,0,0,0
2001,260387,1,1,4,4,4,4,4,4,4,4,4,4
2001,260387,2,1,0,0,0,0,0,0,0,0,0,0
2001,260387,3,1,0,0,0,0,0,0,0,0,0,3
2001,260388,1,1,0,0,0,0,0,0,0,0,0,0
2001,260389,1,1,0,0,0,0,0,0,0,0,0,0
2001,260389,2,1,0,0,0,0,0,0,0,0,0,0
2001,260390,1,1,0,0,0,0,0,0,0,0,0,0
2001,260390,2,1,0,0,0,0,0,0,0,0,0,0
2001,260391,1,1,0,0,0,0,0,0,0,0,0,0
2001,260391,2,1,0,0,0,0,0,0,11,0,0,0
2001,260392,1,1,24,24,24,24,24,24,24,24,24,24
2001,260392,2,1,0,9,0,0,0,0,10,0,0,0
2001,260393,1,1,0,0,0,0,0,0,0,0,0,0
2001,260393,2,1,20,20,20,20,20,20,20,20,20,20
2001,260394,1,1,0,0,0,0,0,0,0,0,0,0
2001,260395,1,1,0,0,0,0,0,0,0,0,0,0
2001,260395,2,1,0,0,0,0,0,0,0,0,0,0
2001,260396,1,1,14,18,9,17,27,9,31,6,7,16
2001,260397,0,1,0,0,0,0,0,0,0,0,0,0
2001,260397,1,1,0,0,0,0,0,0,0,0,0,0
2001,260398,1,1,10,10,10,10,10,10,10,10,10,10
2001,260398,2,1,0,0,0,0,0,0,0,0,0,0
2001,260399,1,1,0,0,0,0,0,0,0,0,0,0
2001,260399,2,1,0,0,0,0,0,0,0,0,0,0
2001,260400,1,1,25,25,25,25,25,25,25,25,25,25
2001,260401,1,1,0,0,0,0,0,0,0,0,0,0
2001,260401,2,1,0,0,0,0,0,0,0,0,0,0
2001,260402,1,1,10,10,10,10,10,10,10,10,10,10
2001,260402,2,1,0,0,0,0,0,0,0,0,0,0
2001,260403,1,1,0,0,0,0,0,0,0,0,0,0
2001,260403,2,1,0,0,0,0,0,0,0,0,0,0
2001,260403,3,1,0,0,0,0,0,0,0,0,0,0
2001,260404,0,1,0,0,0,0,0,0,0,0,0,0
2001,260404,1,1,0,0,0,0,0,0,0,0,0,0
2001,260405,1,1,0,0,0,0,0,0,0,0,0,0
2001,260405,2,1,0,0,0,0,0,0,0,0,0,0
2001,260406,1,1,12,12,12,12,12,12,12,12,12,12
2001,260406,2,1,0,0,0,0,0,0,0,0,0,0
2001,260406,3,1,0,0,0,0,0,0,0,0,0,0
2001,260407,1,1,0,0,0,0,0,0,0,0,0,0
2001,260408,0,1,0,0,0,0,0,0,0,0,0,0
2001,260408,1,1,0,0,0,0,0,0,0,0,0,0
2001,260409,1,1,0,0,0,0,0,0,0,0,0,0
2001,260409,2,1,0,0,0,0,0,0,0,0,0,0
2001,260410,0,1,0,0,0,0,0,0,0,0,0,0
2001,260410,1,1,0,0,14,0,0,0,0,0,0,0
2001,260411,1,1,0,0,0,0,0,0,0,0,0,0
2001,260411,2,1,0,0,0,0,0,0,0,0,0,0
2001,260412,1,1,3,18,24,4,9,18,18,30,23,23
2001,260412,2,1,0,0,14,0,0,0,0,0,0,0
2001,260413,0,1,9,36,0,15,21,0,13,0,0,0
2001,260413,0,2,0,30,27,0,0,0,0,0,0,0
2001,260413,1,1,13,9,0,7,0,9,21,0,3,23
2001,260414,1,1,17,17,17,17,17,17,17,17,17,17
2001,260415,1,1,0,0,0,0,0,16,0,0,0,0
2001,260416,1,1,0,0,0,0,0,0,0,0,0,0
2001,260416,2,1,0,0,0,0,0,0,0,0,0,0
2001,260416,3,1,0,0,0,0,0,0,0,0,0,0
2001,260416,4,1,0,0,0,0,0,0,0,0,0,0
2001,260417,1,1,0,0,0,0,0,0,0,0,0,0
2001,260417,2,1,0,0,0,0,0,0,0,0,0,0
2001,260418,1,1,3,3,3,3,3,3,3,3,3,3
2001,260419,1,1,25,25,25,25,25,25,25,25,25,25
2001,260420,1,1,0,0,0,0,0,0,0,0,0,0
2001,260420,2,1,0,0,0,0,0,0,0,0,0,0
2001,260421,1,1,18,18,18,18,18,18,18,18,18,18
2001,260422,1,1,0,0,0,0,0,0,0,0,0,0
2001,260422,2,1,0,0,0,0,0,0,0,0,0,0
2001,260423,1,1,0,0,0,0,0,0,0,0,0,0
2001,260423,2,1,0,0,0,0,0,0,0,0,0,0
2001,260424,1,1,15,15,15,15,15,15,15,15,15,15
2001,260424,2,1,0,0,9,0,0,0,0,10,0,6
2001,260425,1,1,0,0,0,0,0,0,0,0,0,0
2001,260425,2,1,0,0,0,0,0,0,0,0,0,0
2001,260426,0,1,17,17,17,17,17,17,17,17,17,17
2001,260426,1,1,0,0,0,0,0,0,0,0,0,0
2001,260427,1,1,0,0,0,0,0,0,0,0,0,0
2001,260428,1,1,0,0,0,0,0,0,0,0,0,0
2001,260428,2,1,0,0,0,0,0,0,0,0,0,0
2001,260429,1,1,0,0,0,0,0,0,0,0,0,0
2001,260429,2,1,0,0,0,0,0,0,0,0,0,0
2001,260430,1,1,0,0,0,0,0,0,0,0,0,0
2001,260430,2,1,0,0,0,0,0,0,0,0,0,0
2001,260430,3,1,0,0,0,0,0,0,0,0,0,0
2001,260430,4,1,0,0,0,0,0,0,0,0,0,0
2001,260431,1,1,24,9,5,12,3,0,12,3,3,12
2001,260431,2,1,7,0,0,9,12,5,12,12,14,20
2001,260432,0,1,0,0,0,0,0,0,0,0,0,0
2001,260432,1,1,0,0,0,0,0,0,0,0,0,0
2001,260433,1,1,0,0,0,0,0,0,0,0,0,0
2001,260433,2,1,0,0,0,0,0,0,0,0,0,0
2001,260433,3,1,0,0,0,0,0,0,0,0,0,0
2001,260433,4,1,0,0,0,0,0,0,0,0,0,0
2001,260433,5,1,0,0,0,0,0,0,0,0,0,0
2001,260434,1,1,0,0,0,0,0,0,0,0,0,0
2001,260434,2,1,0,0,0,0,0,0,0,0,0,0
2001,260434,3,1,0,0,0,0,0,0,0,0,14,0
2001,260435,1,1,0,0,0,0,0,0,0,0,0,0
2001,260435,2,1,0,0,0,0,0,0,0,0,0,0
2001,260436,1,1,12,19,13,19,15,22,32,13,16,17
2001,260437,1,1,0,0,0,0,0,0,4,0,0,0
2001,260438,1,1,0,0,0,0,0,0,0,0,0,0
2001,260438,2,1,0,0,0,0,0,0,0,0,0,0
2001,260439,1,1,0,0,0,0,0,0,0,0,0,0
2001,260440,1,1,0,0,0,0,0,0,0,0,0,0
2001,260440,2,1,0,0,0,0,0,0,0,0,0,0
2001,260441,1,1,12,12,12,12,12,12,12,12,12,12
2001,260442,1,1,0,0,0,0,0,0,0,0,0,15
2001,260442,2,1,0,0,0,0,0,0,0,0,0,0
2001,260442,3,1,18,0,0,0,0,0,0,0,0,0
2001,260443,1,1,0,0,0,0,0,0,0,0,0,0
2001,260444,1,1,0,0,17,0,4,0,0,0,0,14
2001,260445,1,1,0,0,0,0,0,0,0,0,0,0
2001,260446,0,1,7,7,7,7,7,7,7,7,7,7
2001,260446,1,1,3,3,3,3,3,3,3,3,3,3
2001,260447,1,1,0,0,0,0,0,0,0,0,0,0
2001,260447,2,1,0,0,0,0,0,0,0,0,0,0
2001,260448,1,1,22,22,22,22,22,22,22,22,22,22
2001,260449,1,1,0,0,0,0,0,0,0,0,0,0
2001,260449,2,1,0,0,0,0,0,0,0,0,0,0
2001,260450,1,1,23,23,23,23,23,23,23,23,23,23
2001,260450,2,1,0,0,0,0,0,0,0,0,0,0
2001,260451,1,1,0,0,0,0,0,0,0,0,0,0
2001,260451,2,1,0,0,0,0,0,0,0,0,0,0
2001,260452,1,1,0,0,0,0,0,0,0,0,0,0
2001,260453,1,1,19,19,19,19,19,19,19,19,19,19
2001,260454,1,1,0,0,0,0,0,0,0,0,0,0
2001,260455,1,1,0,0,0,0,0,0,0,0,0,0
2001,260455,2,1,0,0,0,0,0,0,0,0,0,0
2001,260456,0,1,0,0,0,0,0,0,0,0,0,0
2001,260456,1,1,0,0,0,0,0,0,0,0,0,0
2001,260457,0,1,0,9,0,0,0,26,0,0,0,0
2001,260457,1,1,0,0,0,0,0,0,0,0,0,0
2001,260458,1,1,14,14,14,14,14,14,14,14,14,14
2001,260459,1,1,15,15,15,15,15,15,15,15,15,15
2001,260460,1,1,0,0,0,0,0,0,0,0,0,0
2001,260461,1,1,0,0,0,0,0,0,0,0,0,0
2001,260461,2,1,0,0,0,0,0,0,0,0,0,0
2001,260462,0,1,19,19,19,19,19,19,19,19,19,19
2001,260462,2,1,0,0,0,0,0,0,0,0,0,0
2001,260463,1,1,0,0,0,0,0,0,0,0,0,0
2001,260463,2,1,0,0,0,0,0,0,0,0,0,0
2001,260464,1,1,0,0,0,0,0,0,0,0,0,0
2001,260464,2,1,0,0,0,0,0,0,0,0,0,0
2001,260465,1,1,0,0,0,0,0,0,0,0,0,0
2001,260465,2,1,0,0,0,0,0,0,0,0,13,0
2001,260466,0,1,0,0,0,0,0,0,0,0,0,0
2001,260466,1,1,6,6,6,6,6,6,6,6,6,6
2001,260467,1,1,0,12,0,0,0,0,0,0,0,0
2001,260467,2,1,0,0,0,0,0,0,0,0,0,0
2001,260468,1,1,0,0,0,0,0,0,0,0,0,0
2001,260468,2,1,0,0,0,0,0,0,0,0,0,0
2001,260469,1,1,0,0,0,0,0,0,0,0,0,0
2001,260469,2,1,0,0,0,0,0,0,0,0,0,0
2001,260470,1,1,17,17,17,17,17,17,17,17,17,17
2001,260471,1,1,31,31,31,31,31,31,31,31,31,31
2001,260471,2,1,0,0,0,0,0,0,0,0,0,0
2001,260472,1,1,0,0,0,0,0,0,0,0,0,0
2001,260472,2,1,0,0,0,0,0,0,0,0,0,0
2001,260472,3,1,0,0,0,0,0,0,0,0,0,0
2001,260472,4,1,0,0,0,0,0,0,0,0,0,0
2001,260473,1,1,0,0,0,0,0,0,0,0,0,0
2001,260473,2,1,0,0,0,0,0,0,0,0,0,0
2001,260474,1,1,0,0,0,0,0,0,0,0,0,0
2001,260475,1,1,0,0,0,0,0,0,0,0,0,0
2001,260475,2,1,0,0,0,0,0,0,0,0,0,0
2001,260475,3,1,0,0,0,0,0,0,18,0,0,0
2001,260476,0,1,0,0,0,0,0,0,0,0,0,0
2001,260476,1,1,0,0,0,0,0,0,0,0,0,0
2001,260477,1,1,0,0,0,0,0,0,0,0,0,0
2001,260477,2,1,0,0,0,0,0,0,0,0,0,0
2001,260478,1,1,0,0,0,0,0,0,0,0,0,0
2001,260478,2,1,0,0,0,0,0,0,0,0,0,0
2001,260478,3,1,0,0,0,0,0,0,0,0,0,0
2001,260479,1,1,0,0,0,0,0,0,0,0,0,0
2001,260479,2,1,0,0,0,0,0,0,0,0,0,0
2001,260479,3,1,0,0,0,0,0,0,0,0,0,0
2001,260479,4,1,0,0,0,0,0,0,0,0,0,0
2001,260479,5,1,0,0,0,0,0,0,0,0,0,0
2001,260480,1,1,30,30,30,30,30,30,30,30,30,30
2001,260481,1,1,0,0,0,0,0,0,0,0,0,0
2001,260481,2,1,0,0,0,0,0,0,0,0,0,0
2001,260482,1,1,1,1,1,1,1,1,1,1,1,1
2001,260483,1,1,0,0,0,0,0,0,0,0,0,0
2001,260484,1,1,0,0,0,0,0,0,0,0,0,0
2001,260484,2,1,0,0,0,0,0,0,30,0,0,0
2001,260485,1,1,11,10,13,15,21,25,26,14,0,18
2001,260486,1,1,0,0,0,0,0,0,0,0,0,0
2001,260486,2,1,2,2,2,2,2,2,2,2,2,2
2001,260487,1,1,0,0,0,0,0,5,0,0,0,0
2001,260487,2,1,0,0,0,0,0,0,0,0,0,0
2001,260489,1,1,10,10,10,10,10,10,10,10,10,10
2001,260490,1,1,9,9,9,9,9,9,9,9,9,9
2001,260491,1,1,0,0,0,0,0,0,0,0,0,0
2001,260492,1,1,31,31,31,31,31,31,31,31,31,31
2001,260493,1,1,0,0,0,0,0,0,0,0,0,0
2001,260494,1,1,18,18,18,18,18,18,18,18,18,18
2001,260495,1,1,0,0,14,0,0,14,0,0,0,0
2001,260495,2,1,24,24,24,24,24,24,24,24,24,24
2001,260496,1,1,10,10,10,10,10,10,10,10,10,10
2001,260497,1,1,0,0,0,0,0,0,0,0,0,0
2001,260498,1,1,31,31,31,31,31,31,31,31,31,31
2001,260499,1,1,22,22,22,22,22,22,22,22,22,22
2001,260500,1,1,0,0,0,0,0,0,0,0,0,0
2001,260500,2,1,0,0,0,0,0,0,0,0,0,0
2001,260501,1,1,14,14,14,14,14,14,14,14,14,14
2001,260501,2,1,0,0,0,0,0,0,0,0,0,0
2001,260502,1,1,0,0,0,0,0,0,0,0,0,0
2001,260502,2,1,4,4,4,4,4,4,4,4,4,4
2001,260503,1,1,14,14,14,14,14,14,14,14,14,14
2001,260504,1,1,0,0,0,0,0,0,0,0,0,0
2001,260504,2,1,0,0,0,0,0,0,0,0,0,0
2001,260504,3,1,0,0,0,0,0,0,0,0,0,0
2001,260504,4,1,0,0,0,0,0,0,0,0,0,0
2001,260505,1,1,16,16,16,16,16,16,16,16,16,16
2001,260505,2,1,0,0,0,0,0,0,6,0,0,0
2001,260506,1,1,0,0,0,0,0,0,0,0,0,0
2001,260506,2,1,0,0,0,0,0,0,0,0,0,0
2001,260507,1,1,0,0,0,0,0,0,0,0,0,0
2001,260507,2,1,0,0,0,0,0,0,0,0,0,0
2001,260508,1,1,0,0,0,0,0,0,0,0,0,0
2001,260509,1,1,0,7,0,0,0,0,0,0,0,0
2001,260510,1,1,0,0,0,0,0,0,0,0,0,0
2001,260510,2,1,0,0,0,0,0,0,0,0,0,0
2001,260511,1,1,0,0,0,0,0,0,0,0,0,0
2001,260511,2,1,0,0,0,0,0,0,0,0,0,0
2001,260512,1,1,0,0,0,0,0,0,0,0,0,0
2001,260512,2,1,0,0,0,0,0,0,23,0,0,0
2001,260513,1,1,10,10,10,10,10,10,10,10,10,10
2001,260514,1,1,0,0,0,0,0,0,0,0,0,0
2001,260514,2,1,0,0,0,0,0,0,0,0,0,0
2001,260515,1,1,15,5,23,14,12,26,24,15,32,14
2001,260516,1,1,0,0,0,0,0,0,0,0,0,0
2001,260516,2,1,0,0,0,0,0,0,0,0,0,0
2001,260517,1,1,0,0,0,0,0,0,0,0,0,0
2001,260518,1,1,0,0,0,0,0,0,0,0,0,0
2001,260518,2,1,0,0,0,0,0,0,0,0,0,0
2001,260519,1,1,0,0,0,0,0,0,0,0,0,0
2001,260519,2,1,0,0,0,0,0,0,0,0,0,0
2001,260520,1,1,0,0,0,0,13,0,15,0,10,20
2001,260521,1,1,13,0,10,15,14,13,14,0,11,26
2001,260522,1,1,0,0,0,0,0,0,0,0,0,0
2001,260522,2,1,0,0,0,0,0,0,18,5,0,0
2001,260523,1,1,0,0,0,0,0,0,0,0,0,0
2001,260523,2,1,0,0,0,0,0,0,0,0,0,0
2001,260524,1,1,0,0,0,0,0,0,0,0,0,0
2001,260524,2,1,0,0,0,0,0,0,0,0,0,0
2001,260525,1,1,0,0,0,0,0,0,0,0,0,0
2001,260526,1,1,0,0,0,0,0,0,0,0,0,0
2001,260526,2,1,0,0,0,0,0,0,0,0,0,0
2001,260527,1,1,5,5,5,5,5,5,5,5,5,5
2001,260527,2,1,0,0,0,0,0,0,0,0,0,0
2001,260528,1,1,0,0,0,7,0,0,0,0,4,0
2001,260529,1,1,27,27,27,27,27,27,27,27,27,27
2001,260530,1,1,0,0,0,0,0,0,0,0,0,0
2001,260530,2,1,0,0,0,0,0,0,0,0,0,0
2001,260531,1,1,0,0,0,0,0,0,0,0,0,0
2001,260532,1,1,0,0,0,0,0,0,0,0,0,0
2001,260533,1,1,35,35,35,35,35,35,35,35,35,35
2001,260534,1,1,0,0,0,0,0,0,0,0,0,0
2001,260534,2,1,0,0,0,0,0,0,0,0,0,0
2001,260535,1,1,13,13,13,13,13,13,13,13,13,13
2001,260536,1,1,0,0,0,0,0,0,0,0,0,0
2001,260537,1,1,0,16,0,30,14,9,16,0,16,0
2001,260537,2,1,0,0,0,0,0,0,0,0,0,16
2001,260538,1,1,0,8,8,0,26,19,0,11,15,0
2001,260538,2,1,0,0,0,0,0,0,0,0,0,0
2001,260539,1,1,9,9,9,9,9,9,9,9,9,9
2001,260541,1,1,15,15,15,15,15,15,15,15,15,15
2001,260541,2,1,0,0,0,0,0,0,0,0,0,0
2001,260541,3,1,4,4,4,4,4,4,4,4,4,4
2001,260542,1,1,0,0,0,0,0,0,0,0,11,0
2001,260542,2,1,0,0,0,0,0,0,0,0,0,0
2001,260542,3,1,0,0,0,0,0,0,0,0,0,0
2001,260543,1,1,0,0,0,0,0,0,0,0,0,0
2001,260543,2,1,0,0,0,0,0,0,0,0,0,0
2001,260544,1,1,0,0,0,0,14,0,0,0,0,0
2001,260544,2,1,0,0,0,0,0,0,0,0,0,0
2001,260545,1,1,0,0,0,0,0,0,0,0,0,0
2001,260545,2,1,0,0,0,0,0,0,0,0,0,0
2001,260546,1,1,0,0,0,0,0,0,0,0,0,0
2001,260546,2,1,0,0,0,0,0,0,0,0,0,0
2001,260547,1,1,0,0,0,0,0,0,0,0,13,0
2001,260548,1,1,0,0,0,0,0,0,0,0,0,0
2001,260548,2,1,0,0,0,0,0,0,0,0,0,0
2001,260549,1,1,0,0,0,0,0,0,0,0,0,0
2001,260550,1,1,1,1,1,1,1,1,1,1,1,1
2001,260550,2,1,0,0,0,0,0,0,0,0,0,0
2001,260551,1,1,0,0,0,0,0,0,0,0,0,0
2001,260551,2,1,0,0,0,0,0,0,0,0,0,0
2001,260552,1,1,12,12,12,12,12,12,12,12,12,12
2001,260553,1,1,0,0,0,0,0,0,0,0,0,0
2001,260553,2,1,0,0,0,0,0,0,0,0,0,0
2001,260553,3,1,0,0,0,0,0,0,0,0,0,0
2001,260554,1,1,0,0,0,0,0,0,0,0,0,0
2001,260555,1,1,0,0,0,0,0,0,0,0,0,0
2001,260555,2,1,0,0,0,0,0,0,0,0,0,0
2001,260556,1,1,0,0,0,0,0,0,0,0,0,0
2001,260556,2,1,0,0,0,0,0,0,0,0,0,0
2001,260557,1,1,0,0,0,0,0,0,0,0,0,0
2001,260558,1,1,0,0,0,0,0,0,0,0,0,0
2001,260559,1,1,8,16,10,8,16,8,7,9,13,25
2001,260560,1,1,18,0,16,11,10,0,4,11,0,8
2001,260561,1,1,0,0,0,0,0,0,0,0,0,0
2001,260562,1,1,0,0,0,0,0,0,0,0,0,0
2001,260562,2,1,5,0,0,2,0,0,0,0,0,0
2001,260563,1,1,0,0,0,0,0,0,0,0,0,0
2001,260563,2,1,0,0,0,0,0,0,0,0,0,0
2001,260564,1,1,19,19,19,19,19,19,19,19,19,19
2001,260565,1,1,0,0,0,0,0,0,0,0,0,0
2001,260566,1,1,0,0,0,0,0,0,0,0,0,0
2001,260567,1,1,0,0,0,0,0,0,0,0,0,0
2001,260567,2,1,0,12,0,0,0,0,0,0,0,0
2001,260568,1,1,0,0,0,0,0,0,0,0,0,0
2001,260568,2,1,0,0,0,0,0,0,0,0,0,0
2001,260569,0,1,0,0,0,0,0,0,0,0,0,0
2001,260569,1,1,0,0,0,0,0,0,0,0,0,0
2001,260570,1,1,13,13,13,13,13,13,13,13,13,13
2001,260571,1,1,0,0,0,0,0,0,0,0,0,0
2001,260572,1,1,0,0,0,0,0,0,0,0,0,0
2001,260572,2,1,0,0,0,0,0,0,0,0,0,0
2001,260573,1,1,0,0,0,0,0,0,0,0,0,0
2001,260573,2,1,0,0,0,0,0,0,0,0,0,0
2001,260573,3,1,0,0,0,0,2,0,0,0,0,0
2001,260573,4,1,0,0,0,0,0,0,0,0,0,0
2001,260574,1,1,0,0,0,0,0,0,0,0,10,0
2001,260575,1,1,25,25,25,25,25,25,25,25,25,25
2001,260576,1,1,0,0,0,0,0,0,23,0,0,26
2001,260577,1,1,21,21,21,21,21,21,21,21,21,21
2001,260577,2,1,0,0,0,0,0,0,0,0,8,0
2001,260578,0,1,0,0,0,0,0,0,0,0,0,0
2001,260578,1,1,0,0,0,0,0,0,0,0,0,0
2001,260579,1,1,0,0,0,0,0,0,0,0,0,0
2001,260580,1,1,0,0,0,0,0,0,0,0,0,0
2001,260581,1,1,0,0,0,0,0,0,0,0,0,0
2001,260581,2,1,0,0,0,0,0,0,0,0,0,0
2001,260582,1,1,0,10,35,0,0,17,21,0,0,0
2001,260582,2,1,0,11,0,14,0,8,14,0,0,0
2001,260583,0,1,33,33,33,33,33,33,33,33,33,33
2001,260583,1,1,0,0,0,0,0,0,0,0,0,0
2001,260584,1,1,0,0,0,0,0,0,0,0,0,0
2001,260584,2,1,0,0,0,0,0,0,18,0,0,0
2001,260585,1,1,13,13,13,13,13,13,13,13,13,13
2001,260586,1,1,24,24,24,24,24,24,24,24,24,24
2001,260587,0,1,11,11,11,11,11,11,11,11,11,11
2001,260587,1,1,0,0,0,0,0,0,0,0,0,0
2001,260588,1,1,11,11,11,11,11,11,11,11,11,11
2001,260589,1,1,0,0,0,0,0,0,0,0,0,0
2001,260590,1,1,0,0,18,0,0,0,0,0,0,0
2001,260590,2,1,0,0,0,31,0,0,0,0,0,0
2001,260591,1,1,15,15,15,15,15,15,15,15,15,15
2001,260592,0,1,0,16,0,21,28,0,7,0,0,0
2001,260592,0,2,0,0,0,0,0,0,0,0,0,0
2001,260592,1,1,0,0,0,0,0,0,0,0,0,0
2001,260593,1,1,0,0,0,0,0,0,0,0,0,0
2001,260594,1,1,4,4,4,4,4,4,4,4,4,4
2001,260594,2,1,0,0,0,0,0,0,0,0,0,0
2001,260594,3,1,0,0,0,0,0,0,0,0,0,0
2001,260595,1,1,0,0,0,0,0,0,0,0,0,0
2001,260595,2,1,0,0,0,0,0,0,0,0,0,0
2001,260595,3,1,0,0,0,0,0,0,0,0,0,0
2001,260596,1,1,6,6,6,6,6,6,6,6,6,6
2001,260596,2,1,0,0,0,0,0,0,0,0,0,0