YEAR,st_case,veh_no,per_no,P1,P2,P3,P4,P5,P6,P7,P8,P9,P10
2001,261105,2,1,0,0,0,0,0,0,0,0,0,0
2001,261106,1,1,0,9,0,0,0,0,0,0,0,0
2001,261106,2,1,0,0,0,0,0,0,0,0,0,0
2001,261107,1,1,0,0,0,0,0,0,0,0,0,0
2001,261107,2,1,0,0,0,0,0,0,0,0,0,0
2001,261107,3,1,0,0,0,0,0,0,0,0,0,0
2001,261108,1,1,0,0,0,0,0,0,0,0,0,0
2001,261109,1,1,0,0,0,0,0,0,0,0,0,0
2001,261109,2,1,0,0,0,0,0,0,0,0,0,0
2001,261110,1,1,11,11,11,11,11,11,11,11,11,11
2001,261111,1,1,13,0,0,0,0,0,0,0,0,0
2001,261112,1,1,22,22,22,22,22,22,22,22,22,22
2001,261112,2,1,0,0,0,0,0,0,0,12,0,0
2001,261113,1,1,0,0,0,0,0,0,0,0,0,0
2001,261113,2,1,0,0,0,0,31,0,0,0,0,0
2001,261114,1,1,15,15,15,15,15,15,15,15,15,15
2001,261114,2,1,0,0,0,0,0,0,0,0,0,0
2001,261115,1,1,0,0,0,0,0,0,0,0,0,0
2001,261115,2,1,0,0,0,0,0,0,0,0,0,0
2001,261115,3,1,0,0,0,13,0,0,0,0,0,0
2001,261116,1,1,0,0,0,0,0,0,0,0,0,18
2001,261116,2,1,0,0,0,0,0,0,0,0,0,0
2001,261116,3,1,0,0,0,0,0,0,0,0,0,0
2001,261117,1,1,0,0,0,0,0,0,0,0,0,0
2001,261117,2,1,0,0,0,0,3,0,0,0,0,0
2001,261118,0,1,0,25,8,0,0,37,9,26,26,0
2001,261118,2,1,0,0,0,0,0,0,0,0,0,0
2001,261119,1,1,0,0,0,0,3,0,0,0,0,0
2001,261120,0,1,20,20,20,20,20,20,20,20,20,20
2001,261120,1,1,13,13,13,13,13,13,13,13,13,13
2001,261121,1,1,0,0,0,0,0,0,0,0,0,0
2001,261121,2,1,0,0,0,0,0,0,0,0,0,0
2001,261122,0,1,0,0,0,0,0,0,0,0,0,0
2001,261122,1,1,0,0,0,0,0,0,0,0,0,0
2001,261123,0,1,12,12,12,12,12,12,12,12,12,12
2001,261123,1,1,3,7,21,13,14,30,20,11,4,11
2001,261123,2,1,22,10,22,18,15,19,19,15,27,17
2001,261124,1,1,0,0,0,0,0,0,0,0,0,0
2001,261124,2,1,38,25,0,26,0,18,18,15,24,28
2001,261124,3,1,0,0,0,0,0,0,0,0,0,0
2001,261125,0,1,0,0,0,0,0,0,0,0,8,0
2001,261125,1,1,0,0,0,0,0,0,0,0,0,0
2001,261126,1,1,0,0,0,0,0,0,0,0,0,0
2001,261126,2,1,1,1,1,1,1,1,1,1,1,1
2001,261127,1,1,0,0,0,0,0,0,0,0,0,0
2001,261127,2,1,0,0,0,0,0,0,0,0,0,0
2001,261128,1,1,0,0,0,0,0,0,0,0,0,0
2001,261128,2,1,27,27,27,27,27,27,27,27,27,27
2001,261129,1,1,0,0,0,0,0,0,0,0,0,0
2001,261130,1,1,0,0,0,0,0,0,0,0,0,0
2001,261131,1,1,16,16,16,16,16,16,16,16,16,16
2001,261131,2,1,0,0,0,0,0,0,0,0,0,0
2001,261132,0,1,0,0,0,0,0,0,0,0,0,0
2001,261132,1,1,0,0,0,0,0,0,0,0,0,14
2001,261133,1,1,29,29,29,29,29,29,29,29,29,29
2001,261134,1,1,0,0,0,0,0,0,0,0,0,0
2001,261134,2,1,0,0,0,0,0,0,0,0,0,0
2001,261135,0,1,0,0,23,0,26,0,20,26,0,0
2001,261135,1,1,20,0,0,13,0,0,18,0,0,0
2001,261136,1,1,0,0,0,0,13,0,0,0,0,0
2001,261137,1,1,27,27,27,27,27,27,27,27,27,27
2001,261138,1,1,0,0,0,0,0,0,0,0,0,0
2001,261138,2,1,0,0,0,0,0,0,0,0,0,0
2001,261139,1,1,0,0,0,0,0,0,0,0,0,0
2001,261140,1,1,0,0,0,0,0,0,11,0,0,0
2001,261141,1,1,0,0,2,0,0,0,0,0,0,0
2001,261142,1,1,0,0,0,0,0,0,0,0,0,0
2001,261142,2,1,0,0,0,0,0,0,0,13,0,0
2001,261143,1,1,0,0,0,0,19,0,0,0,0,0
2001,261143,2,1,17,0,0,0,0,0,0,31,0,0
2001,261143,3,1,0,0,0,0,0,0,0,0,0,0
2001,261144,1,1,11,0,0,0,0,0,0,0,0,0
2001,261145,1,1,0,0,0,0,0,0,0,0,0,0
2001,261145,2,1,0,0,0,0,0,5,0,0,0,0
2001,261145,3,1,0,0,0,0,0,0,0,0,0,0
2001,261146,1,1,0,0,0,0,0,0,0,0,0,0
2001,261146,2,1,0,0,0,0,0,0,0,0,0,0
2001,261147,1,1,16,16,16,16,16,16,16,16,16,16
2001,261148,1,1,0,0,0,0,0,0,0,0,0,0
2001,261148,2,1,24,0,0,23,0,0,0,0,0,0
2001,261149,1,1,0,0,0,0,0,0,0,0,0,0
2001,261149,2,1,0,0,0,0,0,0,0,0,0,0
2001,261150,1,1,0,0,0,0,0,0,0,0,0,0
2001,261151,1,1,0,0,0,0,0,0,0,0,0,0
2001,261151,2,1,0,12,0,0,4,0,0,0,0,0
2001,261152,1,1,15,23,14,23,25,0,7,13,11,19
2001,261152,2,1,0,0,0,0,0,0,0,0,0,0
2001,261153,1,1,0,0,0,15,0,0,0,0,0,0
2001,261153,2,1,0,0,0,0,0,0,0,0,0,0
2001,261154,1,1,0,0,0,0,0,0,0,0,0,0
2001,261154,2,1,0,0,0,0,0,0,0,0,0,0
2001,261155,1,1,32,32,32,32,32,32,32,32,32,32
2001,261156,1,1,0,0,0,0,0,0,0,0,0,0
2001,261157,0,1,0,0,0,0,0,0,0,0,0,0
2001,261157,0,2,0,0,0,0,0,0,0,0,0,0
2001,261157,1,1,0,0,0,0,0,0,0,0,0,0
2001,261158,1,1,0,0,0,0,0,0,0,0,0,0
2001,261158,2,1,0,0,0,0,0,0,0,0,0,0
2001,261159,1,1,23,23,23,23,23,23,23,23,23,23
2001,261160,0,1,0,0,0,0,0,0,0,0,0,0
2001,261160,1,1,0,0,0,0,0,0,0,0,0,0
2001,261161,1,1,0,0,0,0,0,0,0,0,0,0
2001,261161,2,1,0,0,0,0,0,0,0,0,0,0
2001,261162,1,1,13,13,13,13,13,13,13,13,13,13
2001,261163,1,1,0,0,0,0,0,0,0,0,0,0
2001,261164,1,1,0,0,0,0,0,0,0,0,0,0
2001,261165,1,1,0,0,0,0,0,0,0,0,0,0
2001,261166,1,1,21,21,21,21,21,21,21,21,21,21
2001,261166,2,1,0,0,0,0,0,0,0,0,0,0
2001,261167,1,1,0,0,0,0,0,0,0,0,0,0
2001,261167,2,1,0,0,0,6,0,0,0,0,0,0
2001,261168,1,1,0,0,0,0,0,0,0,0,3,0
2001,261169,1,1,0,0,0,0,0,0,0,0,0,0
2001,261169,2,1,0,0,0,0,0,0,0,0,0,0
2001,261170,1,1,0,0,0,0,0,0,0,0,0,0
2001,261170,2,1,0,0,0,0,0,0,0,0,0,0
2001,261171,1,1,0,0,0,0,0,0,0,0,0,0
2001,261172,1,1,14,14,14,14,14,14,14,14,14,14
2001,261172,2,1,15,0,21,0,0,0,14,21,0,7
2001,261173,1,1,0,0,0,0,0,0,0,0,0,0
2001,261173,2,1,0,0,0,0,0,0,0,0,0,0
2001,261174,0,1,0,0,0,0,0,0,0,0,0,0
2001,261174,1,1,0,0,0,0,0,0,0,0,0,0
2001,261175,0,1,0,0,0,0,0,2,0,0,0,0
2001,261175,1,1,0,0,0,0,0,0,0,11,0,0
2001,261176,1,1,0,0,0,0,20,0,0,21,0,0
2001,261176,2,1,0,0,0,0,0,0,0,0,0,0
2001,261177,1,1,0,0,0,0,0,0,0,0,0,0
2001,261177,2,1,11,0,0,0,0,0,0,0,0,0
2001,261178,0,1,24,24,24,24,24,24,24,24,24,24
2001,261178,1,1,6,11,10,10,0,10,16,5,0,0
2001,261179,1,1,0,0,0,0,0,0,0,0,0,0
2001,261179,2,1,5,5,5,5,5,5,5,5,5,5
2001,261179,3,1,10,14,0,0,0,0,0,0,0,0
2001,261180,1,1,0,0,0,0,0,0,0,0,0,0
2001,261180,2,1,0,0,0,0,0,0,0,0,0,0
2001,261180,3,1,0,0,0,0,0,0,0,0,0,0
2001,261181,1,1,0,0,0,11,0,0,0,0,0,0
2001,261181,2,1,0,0,0,0,0,0,0,0,0,0
2001,261182,1,1,0,0,0,0,0,0,0,0,0,0
2001,261182,2,1,0,0,0,0,0,0,0,0,0,0
2001,261183,0,1,19,24,23,0,0,52,0,27,0,0
2001,261183,1,1,0,0,15,0,0,0,0,0,0,23
2001,261184,1,1,0,0,0,0,0,0,0,0,0,0
2001,261184,2,1,7,7,0,0,0,0,25,0,0,0
2001,261185,0,1,20,4,50,0,20,30,0,0,0,0
2001,261185,1,1,49,0,10,0,21,5,14,4,3,16
2001,261186,0,1,19,19,19,19,19,19,19,19,19,19
2001,261186,1,1,0,0,0,0,0,0,0,0,0,0
2001,261187,1,1,0,0,0,0,0,0,0,0,0,0
2001,261187,2,1,0,0,0,0,0,0,0,0,0,0
2001,261188,0,1,12,0,0,0,0,0,2,0,0,0
2001,261188,1,1,0,0,0,0,0,0,0,0,0,0
2001,261189,0,1,12,0,0,16,2,0,0,17,0,0
2001,261189,1,1,0,0,0,4,24,12,9,19,20,13
2001,261190,0,1,0,0,12,13,34,20,24,0,29,0
2001,261190,1,1,0,0,0,0,0,0,0,0,0,0
2001,261190,2,1,0,0,0,0,0,0,0,0,0,0
2001,261190,4,1,0,0,0,0,0,0,0,0,0,0
2001,261190,5,1,0,0,0,0,0,0,0,0,0,0
2001,261191,1,1,0,0,0,0,0,0,0,0,0,0
2001,261191,2,1,12,12,12,12,12,12,12,12,12,12
2001,261192,1,1,0,0,0,0,0,0,0,0,0,0
2001,261193,1,1,36,36,36,36,36,36,36,36,36,36
2001,261194,1,1,0,11,14,16,0,0,0,12,9,7
2001,261195,0,1,0,0,0,0,0,0,0,0,0,0
2001,261195,1,1,0,0,0,0,0,0,0,3,0,0
2001,261196,1,1,0,0,15,0,0,0,0,0,0,0
2001,261196,2,1,0,0,0,0,0,0,0,0,0,0
2001,261197,1,1,25,25,42,17,29,6,26,22,8,36
2001,261198,1,1,0,0,0,13,0,18,10,0,0,0
2001,261199,0,1,0,0,0,0,0,0,0,0,0,0
2001,261199,1,1,0,0,0,0,0,15,0,6,0,0
2001,261200,1,1,0,11,0,22,27,31,23,18,18,24
2001,261201,1,1,4,18,11,23,8,11,11,20,31,9
2001,261202,1,1,0,0,0,0,0,0,0,0,0,0
2001,261203,0,1,3,3,3,3,3,3,3,3,3,3
2001,261203,1,1,0,0,20,0,0,0,23,25,0,0
2001,261204,1,1,0,0,0,0,0,0,0,0,0,0
2001,261204,2,1,0,0,0,0,0,0,0,0,0,0
2001,261205,1,1,27,27,27,27,27,27,27,27,27,27
2001,261206,1,1,7,7,7,7,7,7,7,7,7,7
2001,261207,1,1,0,0,0,0,0,0,0,0,0,0
2001,261207,2,1,0,0,0,0,0,0,0,0,0,0
2001,261208,1,1,0,0,0,0,0,0,29,17,0,0
2001,261208,2,1,0,0,0,0,0,0,0,0,0,4
2001,261209,1,1,32,6,0,0,27,12,18,27,4,21
2001,270001,1,1,0,0,0,0,0,0,0,0,0,0
2001,270002,1,1,0,0,0,0,0,0,0,0,0,0
2001,270002,2,1,0,0,0,0,0,0,0,0,0,0
2001,270003,1,1,11,11,11,11,11,11,11,11,11,11
2001,270004,1,1,0,0,0,0,0,0,0,0,0,0
2001,270005,1,1,0,0,0,0,0,0,0,0,0,0
2001,270006,1,1,19,19,19,19,19,19,19,19,19,19
2001,270007,1,1,0,0,0,0,0,0,0,0,0,0
2001,270007,2,1,0,0,0,0,0,0,0,0,0,0
2001,270008,1,1,0,0,0,0,0,0,0,0,0,0
2001,270008,2,1,0,0,0,0,0,0,0,0,0,0
2001,270009,1,1,0,0,0,0,0,0,0,0,0,0
2001,270010,0,1,0,0,0,0,0,0,0,0,0,0
2001,270010,1,1,0,0,0,0,0,0,0,0,0,0
2001,270011,1,1,0,0,0,0,0,0,0,0,0,0
2001,270011,2,1,0,0,0,0,0,0,0,0,0,0
2001,270012,1,1,0,0,0,0,0,0,0,0,0,0
2001,270012,2,1,0,0,0,0,0,0,0,0,0,0
2001,270012,3,1,11,0,0,0,0,0,0,0,0,0
2001,270013,1,1,0,0,0,0,0,0,0,0,0,0
2001,270013,2,1,0,0,23,0,0,0,0,0,0,0
2001,270014,1,1,0,0,0,0,0,0,0,0,0,0
2001,270015,1,1,31,31,31,31,31,31,31,31,31,31
2001,270016,1,1,16,16,16,16,16,16,16,16,16,16
2001,270016,2,1,0,0,0,0,0,0,0,0,0,0
2001,270017,1,1,0,0,0,0,0,0,0,0,34,0
2001,270017,2,1,0,0,0,0,0,0,20,0,0,0
2001,270018,1,1,0,0,0,0,0,0,0,0,0,0
2001,270018,2,1,0,0,0,0,0,0,0,0,0,0
2001,270019,1,1,0,0,0,0,0,0,0,0,0,0
2001,270020,1,1,23,23,23,23,23,23,23,23,23,23
2001,270021,1,1,7,7,7,7,7,7,7,7,7,7
2001,270021,2,1,0,0,0,0,0,0,0,0,0,0
2001,270022,1,1,0,0,0,0,0,0,0,0,0,0
2001,270022,2,1,0,0,0,0,0,0,0,0,0,0
2001,270023,1,1,0,0,0,0,0,0,0,0,0,0
2001,270023,2,1,0,0,0,0,0,0,0,0,0,0
2001,270024,1,1,0,0,33,10,0,0,0,10,0,0
2001,270025,1,1,0,0,0,0,0,0,0,0,0,0
2001,270026,1,1,0,0,0,0,0,0,0,0,0,0
2001,270026,2,1,0,0,0,0,0,0,0,0,0,0
2001,270027,1,1,7,7,7,7,7,7,7,7,7,7
2001,270027,2,1,0,0,0,0,0,0,0,0,0,0
2001,270028,1,1,38,38,38,38,38,38,38,38,38,38
2001,270028,2,1,0,0,0,0,0,0,0,0,0,0
2001,270029,1,1,0,0,0,0,0,0,0,0,0,0
2001,270030,1,1,0,0,0,0,0,0,0,0,0,0
2001,270030,2,1,1,1,1,1,1,1,1,1,1,1
2001,270031,1,1,0,0,0,0,0,0,0,0,0,0
2001,270031,2,1,0,0,0,0,0,0,0,0,0,0
2001,270032,1,1,0,0,0,0,0,0,0,0,0,0
2001,270032,2,1,0,0,0,0,0,0,0,0,0,0
2001,270033,1,1,0,0,0,0,0,0,0,0,0,0
2001,270033,2,1,0,0,0,0,0,0,0,0,0,0
2001,270034,1,1,0,0,0,0,0,0,0,0,0,0
2001,270035,1,1,1,1,1,1,1,1,1,1,1,1
2001,270035,2,1,0,0,0,0,0,0,0,0,0,0
2001,270035,3,1,0,0,0,0,0,0,0,0,0,0
2001,270036,1,1,0,0,0,0,0,0,0,0,0,0
2001,270036,2,1,0,0,0,0,0,0,0,0,0,0
2001,270036,3,1,0,0,0,0,0,0,0,0,0,0
2001,270037,0,1,24,24,24,24,24,24,24,24,24,24
2001,270037,1,1,0,0,0,0,0,0,0,0,0,0
2001,270038,1,1,0,0,0,0,0,0,0,0,0,0
2001,270038,2,1,0,0,0,0,0,0,0,0,0,0
2001,270039,1,1,0,0,0,0,0,0,0,0,0,0
2001,270039,2,1,6,6,6,6,6,6,6,6,6,6
2001,270040,1,1,0,0,0,0,0,0,0,0,0,0
2001,270041,1,1,0,0,0,0,0,0,0,0,0,0
2001,270042,1,1,0,0,0,0,0,0,0,0,0,0
2001,270043,1,1,0,0,0,0,0,0,0,0,0,0
2001,270043,2,1,19,0,0,0,0,0,0,0,0,19
2001,270043,3,1,0,0,0,0,0,0,0,0,0,15
2001,270044,1,1,0,0,0,0,0,0,0,0,0,0
2001,270044,2,1,0,0,0,0,0,0,0,0,0,0
2001,270044,3,1,0,0,0,0,0,0,0,0,0,0
2001,270045,1,1,0,0,0,0,0,0,0,0,0,0
2001,270045,2,1,0,0,0,0,0,0,0,0,0,0
2001,270045,3,1,0,0,0,0,0,0,0,16,0,0
2001,270046,1,1,0,0,0,0,0,0,0,0,0,0
2001,270046,2,1,0,0,0,0,0,0,0,0,0,0
2001,270047,1,1,0,0,0,0,0,0,0,0,0,0
2001,270047,2,1,0,0,0,0,0,0,0,0,0,0
2001,270048,1,1,0,0,0,0,0,0,0,0,0,0
2001,270048,2,1,0,0,0,0,0,0,0,0,0,0
2001,270049,1,1,0,0,0,0,0,0,0,0,0,0
2001,270050,1,1,0,0,0,0,0,0,0,0,0,0
2001,270050,2,1,0,0,0,0,0,0,0,0,0,0
2001,270051,1,1,0,0,0,0,0,0,0,0,0,0
2001,270051,2,1,0,0,0,0,0,0,0,0,0,0
2001,270052,0,1,7,0,21,0,0,12,16,21,17,35
2001,270052,1,1,10,9,4,5,0,7,0,7,0,0
2001,270052,3,1,5,5,5,5,5,5,5,5,5,5
2001,270053,1,1,26,26,26,26,26,26,26,26,26,26
2001,270054,1,1,0,0,0,0,0,0,0,0,0,0
2001,270054,2,1,0,0,0,0,0,0,0,0,0,0
2001,270055,1,1,0,0,0,0,0,0,0,0,0,0
2001,270055,2,1,0,0,0,0,0,0,0,0,0,0
2001,270056,1,1,0,0,0,0,0,0,0,0,0,0
2001,270056,2,1,0,0,0,0,0,0,0,0,0,0
2001,270056,3,1,0,0,0,0,0,0,0,0,0,0
2001,270057,1,1,0,0,0,0,0,0,0,0,0,0
2001,270058,1,1,16,16,16,16,16,16,16,16,16,16
2001,270059,1,1,0,0,0,0,0,0,0,0,0,0
2001,270059,2,1,0,21,0,0,0,0,0,0,0,0
2001,270060,0,1,24,24,24,24,24,24,24,24,24,24
2001,270060,1,1,0,0,0,0,0,0,0,0,0,0
2001,270061,1,1,17,17,17,17,17,17,17,17,17,17
2001,270062,1,1,15,15,15,15,15,15,15,15,15,15
2001,270063,1,1,14,7,18,5,12,21,10,10,10,16
2001,270063,2,1,2,2,2,2,2,2,2,2,2,2
2001,270064,1,1,0,0,0,0,0,0,0,0,0,0
2001,270064,2,1,0,12,0,0,0,0,0,0,0,0
2001,270065,1,1,0,0,0,0,0,0,0,0,0,0
2001,270065,2,1,0,0,0,0,0,0,0,0,0,0
2001,270066,1,1,0,0,0,0,0,0,0,0,0,0
2001,270067,1,1,0,0,0,0,0,0,0,0,0,0
2001,270068,1,1,0,0,0,14,0,0,0,0,0,0
2001,270068,2,1,0,0,0,10,0,0,0,0,0,0
2001,270069,1,1,0,0,0,0,0,0,0,0,0,0
2001,270069,2,1,0,7,0,0,0,0,0,0,0,0
2001,270070,0,1,0,0,0,0,0,0,0,0,0,0
2001,270070,0,2,0,0,9,0,0,15,0,0,0,0
2001,270070,1,1,0,0,0,0,0,0,0,0,0,0
2001,270071,0,1,28,28,28,28,28,28,28,28,28,28
2001,270071,1,1,0,0,0,0,0,0,0,0,0,0
2001,270072,1,1,0,0,0,0,0,0,0,0,0,0
2001,270072,2,1,0,0,0,0,0,0,0,0,0,0
2001,270073,1,1,0,0,0,0,0,0,0,0,0,0
2001,270073,2,1,0,0,0,0,0,0,0,0,0,0
2001,270074,0,1,0,0,0,0,0,0,0,0,0,0
2001,270074,1,1,0,0,0,0,0,0,0,0,0,0
2001,270075,1,1,32,12,9,28,12,13,0,4,6,31
2001,270075,2,1,0,0,0,0,0,0,0,0,0,0
2001,270076,1,1,18,18,18,18,18,18,18,18,18,18
2001,270076,2,1,0,0,0,0,0,0,0,0,0,0
2001,270076,3,1,0,0,0,0,0,0,0,0,0,0
2001,270077,1,1,15,15,15,15,15,15,15,15,15,15
2001,270078,1,1,24,24,24,24,24,24,24,24,24,24
2001,270079,1,1,30,30,30,30,30,30,30,30,30,30
2001,270079,2,1,0,0,0,0,0,0,0,0,0,0
2001,270080,1,1,0,0,0,0,0,0,0,0,0,0
2001,270081,1,1,0,0,0,0,0,0,0,0,0,0
2001,270081,2,1,0,0,0,0,0,0,0,0,0,0
2001,270081,3,1,0,0,0,0,0,0,0,0,0,0
2001,270081,4,1,0,0,0,0,0,0,0,0,0,0
2001,270082,1,1,27,27,27,27,27,27,27,27,27,27
2001,270082,2,1,6,6,6,6,6,6,6,6,6,6
2001,270082,3,1,0,0,0,0,0,0,0,0,0,0
2001,270083,1,1,10,10,10,10,10,10,10,10,10,10
2001,270083,2,1,0,0,0,0,0,0,0,0,0,0
2001,270084,1,1,19,19,19,19,19,19,19,19,19,19
2001,270085,1,1,0,0,0,0,0,0,0,0,0,0
2001,270085,2,1,0,0,0,0,0,0,0,0,0,0
2001,270086,1,1,0,0,0,0,0,0,0,0,0,0
2001,270087,1,1,0,0,0,0,0,0,0,0,0,0
2001,270087,2,1,0,0,0,0,0,0,0,0,0,0
2001,270088,1,1,0,0,0,0,0,0,0,0,0,0
2001,270088,2,1,0,0,0,0,0,0,0,0,0,0
2001,270089,1,1,0,0,0,0,0,0,0,0,0,0
2001,270089,2,1,0,0,0,0,0,0,0,0,0,0
2001,270090,1,1,0,0,0,0,0,0,0,0,0,0
2001,270091,0,1,0,0,0,0,0,0,0,0,0,0
2001,270091,1,1,24,8,10,8,0,33,0,0,0,8
2001,270092,1,1,0,0,0,0,0,0,0,0,0,0
2001,270092,2,1,0,0,0,0,0,0,14,0,0,0
2001,270093,1,1,20,20,20,20,20,20,20,20,20,20
2001,270093,2,1,0,0,0,0,0,0,0,0,0,0
2001,270094,1,1,0,0,0,0,0,0,0,0,0,0
2001,270094,2,1,0,0,0,0,0,0,0,0,0,0
2001,270095,0,1,0,0,0,0,0,0,0,0,0,0
2001,270095,1,1,0,0,0,0,0,0,0,0,0,0
2001,270096,1,1,0,0,0,0,0,0,0,0,0,0
2001,270096,2,1,0,0,0,0,0,0,11,0,0,0
2001,270097,1,1,0,0,0,0,0,0,0,0,0,0
2001,270097,2,1,0,0,0,0,0,0,0,0,0,0
2001,270098,0,1,0,0,0,0,0,0,0,0,0,0
2001,270098,1,1,0,0,0,0,0,0,0,0,0,0
2001,270099,1,1,0,0,0,0,0,0,0,0,0,0
2001,270099,2,1,0,0,0,0,0,0,0,0,0,0
2001,270100,1,1,0,0,0,0,0,0,0,0,0,0
2001,270100,2,1,0,0,0,0,0,0,0,0,0,0
2001,270100,3,1,0,0,0,0,0,0,0,0,0,0
2001,270101,0,1,0,0,0,0,0,0,0,0,0,0
2001,270101,1,1,0,0,0,0,0,0,0,0,0,0
2001,270102,1,1,0,0,0,0,0,0,0,0,0,0
2001,270103,1,1,0,0,0,0,0,0,0,0,0,0
2001,270103,2,1,0,0,0,0,0,0,0,0,0,0
2001,270104,1,1,0,0,0,0,0,0,0,0,0,0
2001,270104,2,1,0,0,0,0,0,0,0,0,0,0
2001,270105,1,1,19,19,19,19,19,19,19,19,19,19
2001,270105,2,1,0,0,0,0,0,0,0,0,0,0
2001,270106,1,1,0,0,0,0,0,0,0,0,0,0
2001,270106,2,1,0,0,0,0,0,0,0,0,0,0
2001,270107,1,1,0,0,0,0,0,0,0,0,0,0
2001,270108,1,1,0,0,0,0,0,0,0,0,0,0
2001,270108,2,1,0,0,0,0,0,0,0,0,0,0
2001,270109,1,1,20,20,20,20,20,20,20,20,20,20
2001,270110,1,1,0,0,0,0,0,0,0,0,0,0
2001,270111,1,1,0,0,0,0,0,0,0,0,0,0
2001,270111,2,1,0,0,0,0,0,0,0,0,0,0
2001,270112,1,1,10,10,10,10,10,10,10,10,10,10
2001,270112,2,1,0,0,0,0,0,0,0,0,0,0
2001,270113,1,1,0,0,0,0,0,0,0,0,0,0
2001,270114,1,1,0,0,0,0,0,0,0,0,0,0
2001,270114,2,1,0,0,0,0,0,0,0,0,0,0
2001,270115,0,1,36,36,36,36,36,36,36,36,36,36
2001,270115,1,1,13,3,0,7,0,0,6,8,0,3
2001,270116,1,1,0,0,0,0,0,0,0,16,0,0
2001,270116,2,1,0,0,0,0,0,0,0,0,0,0
2001,270117,1,1,33,33,33,33,33,33,33,33,33,33
2001,270118,1,1,18,18,18,18,18,18,18,18,18,18
2001,270118,2,1,7,7,7,7,7,7,7,7,7,7
2001,270119,1,1,0,0,0,0,0,0,0,0,0,0
2001,270120,1,1,30,30,30,30,30,30,30,30,30,30
2001,270121,1,1,0,0,0,0,0,0,0,0,0,0
2001,270121,2,1,0,0,0,0,0,0,0,0,0,0
2001,270122,1,1,0,0,0,0,0,0,0,0,0,0
2001,270123,1,1,22,22,22,22,22,22,22,22,22,22
2001,270124,1,1,19,19,19,19,19,19,19,19,19,19
2001,270125,1,1,29,29,29,29,29,29,29,29,29,29
2001,270126,1,1,0,0,0,0,0,0,0,0,0,0
2001,270126,2,1,0,0,0,0,0,0,0,0,0,0
2001,270127,1,1,0,0,0,0,0,0,0,0,0,0
2001,270127,2,1,0,0,0,0,0,0,0,0,0,0
2001,270127,3,1,0,0,0,0,0,0,0,0,0,0
2001,270127,4,1,0,0,0,0,0,0,0,0,0,0
2001,270128,1,1,0,0,0,0,0,0,0,0,0,0
2001,270128,2,1,0,0,0,0,0,0,0,0,0,0
2001,270128,3,1,0,0,0,0,0,0,0,0,0,0
2001,270129,1,1,13,13,13,13,13,13,13,13,13,13
2001,270130,1,1,20,20,20,20,20,20,20,20,20,20
2001,270130,2,1,0,0,0,0,0,0,0,0,0,0
2001,270131,1,1,0,0,0,0,0,0,0,0,0,0
2001,270131,2,1,7,7,7,7,7,7,7,7,7,7
2001,270132,1,1,0,0,0,0,0,0,0,0,0,0
2001,270133,1,1,0,0,0,0,0,0,0,0,0,0
2001,270133,2,1,0,0,0,0,0,0,0,0,0,0
2001,270134,1,1,0,0,0,0,0,0,0,0,0,0
2001,270134,2,1,0,0,0,0,0,0,0,0,0,0
2001,270135,1,1,0,0,0,0,0,0,0,0,0,0
2001,270135,2,1,0,0,0,0,0,0,0,0,0,0
2001,270136,1,1,0,0,0,0,0,0,0,0,0,0
2001,270136,2,1,0,0,0,0,0,0,0,0,0,0
2001,270137,1,1,11,11,11,11,11,11,11,11,11,11
2001,270138,1,1,0,0,0,0,0,0,0,0,0,0
2001,270139,1,1,19,19,19,19,19,19,19,19,19,19
2001,270140,1,1,0,0,0,0,0,0,0,0,0,0
2001,270140,2,1,0,0,0,0,0,0,0,0,0,0
2001,270141,0,1,0,0,0,0,0,0,0,0,0,0
2001,270141,1,1,0,0,0,0,0,0,0,0,0,0
2001,270142,1,1,0,5,0,0,0,0,16,0,0,6
2001,270142,2,1,0,0,0,0,0,0,0,0,0,0
2001,270143,0,1,0,0,0,0,0,0,0,0,0,0
2001,270143,0,2,0,0,0,0,0,0,0,0,0,0
2001,270143,1,1,0,0,0,0,0,0,0,0,0,0
2001,270144,1,1,11,0,0,0,0,0,0,0,0,16
2001,270144,2,1,0,0,0,0,0,0,0,0,0,0
2001,270144,3,1,0,0,0,0,0,0,0,0,0,0
2001,270145,1,1,9,9,9,9,9,9,9,9,9,9
2001,270146,1,1,0,0,0,0,0,0,0,0,0,0
2001,270147,1,1,14,14,14,14,14,14,14,14,14,14
2001,270148,1,1,0,0,0,0,0,0,0,0,0,0
2001,270148,2,1,0,0,7,0,0,0,0,0,0,0
2001,270149,1,1,28,28,28,28,28,28,28,28,28,28
2001,270150,1,1,19,19,19,19,19,19,19,19,19,19
2001,270151,1,1,0,0,0,0,0,0,0,0,0,0
2001,270152,1,1,0,0,0,0,0,16,0,0,0,0
2001,270152,2,1,0,0,0,0,0,0,0,0,0,0
2001,270152,3,1,0,0,0,0,0,0,0,0,0,0
2001,270152,4,1,0,0,0,0,0,0,0,0,0,0
2001,270153,1,1,0,0,18,0,0,0,0,0,0,0
2001,270154,1,1,0,0,0,0,0,0,0,0,0,0
2001,270154,2,1,0,0,0,0,0,0,0,0,0,0
2001,270155,1,1,0,0,0,0,0,0,0,0,0,0
2001,270155,2,1,0,0,0,0,0,0,0,0,0,0
2001,270156,1,1,13,13,13,13,13,13,13,13,13,13