YEAR,st_case,veh_no,per_no,P1,P2,P3,P4,P5,P6,P7,P8,P9,P10
2001,270156,2,1,0,0,0,0,0,0,0,0,0,0
2001,270157,1,1,0,0,0,0,0,0,0,0,0,0
2001,270157,2,1,0,0,0,0,0,0,0,0,0,0
2001,270157,3,1,0,0,0,0,0,0,0,0,0,0
2001,270158,1,1,0,0,0,0,0,0,0,0,0,0
2001,270158,2,1,0,18,25,26,0,13,0,14,0,0
2001,270159,1,1,0,0,0,0,0,0,0,0,0,0
2001,270159,2,1,0,0,0,0,0,0,0,0,0,0
2001,270160,1,1,0,0,0,0,0,0,0,0,0,0
2001,270160,2,1,0,0,0,0,0,0,0,0,0,0
2001,270161,1,1,10,10,10,10,10,10,10,10,10,10
2001,270162,1,1,0,0,0,0,0,0,0,0,0,0
2001,270163,1,1,0,0,0,0,0,0,0,0,0,0
2001,270164,1,1,0,0,0,0,0,0,0,0,3,0
2001,270165,1,1,0,0,0,0,0,0,0,0,0,0
2001,270165,2,1,18,18,18,18,18,18,18,18,18,18
2001,270166,0,1,0,0,0,0,0,0,0,17,0,0
2001,270166,1,1,0,0,0,0,0,0,0,0,0,0
2001,270167,1,1,25,25,25,25,25,25,25,25,25,25
2001,270168,1,1,3,3,3,3,3,3,3,3,3,3
2001,270169,1,1,27,27,27,27,27,27,27,27,27,27
2001,270170,1,1,0,0,0,0,0,0,0,0,0,0
2001,270170,2,1,0,0,0,0,0,0,0,0,0,0
2001,270171,0,1,0,0,0,0,0,0,0,0,0,0
2001,270171,1,1,0,10,0,13,0,13,0,0,0,0
2001,270172,1,1,0,0,0,0,0,0,0,0,0,0
2001,270172,2,1,0,0,22,0,0,0,0,0,0,0
2001,270173,0,1,13,13,13,13,13,13,13,13,13,13
2001,270173,1,1,14,0,0,25,25,27,25,24,4,9
2001,270174,1,1,0,0,0,0,0,0,0,0,0,0
2001,270175,1,1,0,0,0,0,0,0,0,0,0,0
2001,270175,2,1,0,0,0,0,0,0,0,0,0,0
2001,270176,1,1,0,0,0,0,0,0,0,0,0,0
2001,270176,2,1,0,0,0,0,0,0,0,0,0,0
2001,270177,1,1,20,20,20,20,20,20,20,20,20,20
2001,270178,1,1,27,27,27,27,27,27,27,27,27,27
2001,270179,1,1,0,0,0,0,0,0,0,0,0,0
2001,270179,2,1,0,0,0,0,0,0,0,0,0,0
2001,270180,1,1,12,12,12,12,12,12,12,12,12,12
2001,270181,1,1,0,0,0,0,0,0,0,0,0,0
2001,270181,2,1,0,0,0,0,0,0,0,0,0,0
2001,270182,1,1,0,0,0,0,0,0,0,0,0,0
2001,270182,2,1,0,0,0,0,0,0,0,0,0,0
2001,270183,1,1,0,0,0,0,0,0,0,0,0,0
2001,270183,2,1,0,0,0,0,0,0,0,0,0,0
2001,270184,1,1,9,9,9,9,9,9,9,9,9,9
2001,270185,1,1,0,0,0,0,0,0,0,0,0,0
2001,270185,2,1,0,0,0,0,0,0,0,0,0,0
2001,270186,1,1,0,0,0,0,0,0,0,0,0,0
2001,270186,2,1,0,0,0,0,0,0,0,0,0,0
2001,270187,1,1,0,0,0,0,0,0,0,0,0,0
2001,270188,1,1,0,0,0,0,0,0,0,0,0,0
2001,270189,1,1,0,0,0,0,0,0,0,0,0,0
2001,270189,2,1,0,0,0,0,0,0,0,0,0,0
2001,270190,1,1,8,0,0,20,21,0,17,18,22,13
2001,270191,1,1,0,0,0,0,0,0,0,0,0,0
2001,270191,2,1,0,0,0,0,0,0,0,0,0,0
2001,270192,1,1,0,0,0,0,0,0,0,0,0,0
2001,270192,2,1,0,0,0,0,0,0,0,0,0,0
2001,270193,1,1,17,17,17,17,17,17,17,17,17,17
2001,270194,1,1,0,0,0,0,0,0,0,0,0,0
2001,270195,1,1,13,28,17,15,0,13,11,17,0,0
2001,270196,1,1,0,0,0,0,0,0,0,0,0,0
2001,270196,2,1,0,0,0,0,0,0,0,0,0,0
2001,270197,1,1,16,16,16,16,16,16,16,16,16,16
2001,270198,1,1,24,24,24,24,24,24,24,24,24,24
2001,270199,1,1,0,0,0,0,0,0,0,0,0,0
2001,270200,0,1,0,0,0,0,0,28,0,20,9,0
2001,270200,1,1,0,0,0,0,0,0,0,0,0,0
2001,270201,1,1,0,0,0,0,0,0,0,0,0,0
2001,270201,2,1,0,0,0,0,0,0,0,0,0,0
2001,270202,1,1,26,9,0,0,0,0,0,16,0,0
2001,270203,0,1,8,8,8,8,8,8,8,8,8,8
2001,270203,1,1,0,0,0,0,0,0,0,0,0,0
2001,270204,1,1,0,0,0,0,0,0,0,0,0,0
2001,270205,0,1,12,12,12,12,12,12,12,12,12,12
2001,270205,1,1,4,4,4,4,4,4,4,4,4,4
2001,270206,1,1,18,18,18,18,18,18,18,18,18,18
2001,270207,1,1,13,13,13,13,13,13,13,13,13,13
2001,270208,1,1,0,0,0,0,0,0,0,0,0,0
2001,270208,2,1,0,0,0,0,0,0,0,0,0,0
2001,270209,1,1,17,17,17,17,17,17,17,17,17,17
2001,270210,1,1,12,12,12,12,12,12,12,12,12,12
2001,270210,2,1,23,23,23,23,23,23,23,23,23,23
2001,270211,1,1,16,16,16,16,16,16,16,16,16,16
2001,270212,1,1,0,0,0,0,0,0,0,0,0,0
2001,270212,2,1,0,0,0,0,0,0,0,0,0,0
2001,270213,1,1,19,19,19,19,19,19,19,19,19,19
2001,270214,1,1,0,0,0,0,0,0,0,0,0,0
2001,270215,1,1,0,0,0,0,0,0,0,0,0,0
2001,270215,2,1,0,0,0,0,0,0,0,0,0,0
2001,270216,1,1,0,0,0,0,0,0,0,0,0,0
2001,270216,2,1,0,0,0,0,0,0,0,0,0,0
2001,270217,1,1,0,0,0,0,0,0,0,0,0,0
2001,270218,1,1,1,1,1,1,1,1,1,1,1,1
2001,270219,0,1,28,0,0,0,0,0,0,0,0,10
2001,270219,1,1,19,19,19,19,19,19,19,19,19,19
2001,270220,1,1,2,2,2,2,2,2,2,2,2,2
2001,270220,2,1,0,0,0,24,0,0,0,15,21,20
2001,270221,1,1,33,33,33,33,33,33,33,33,33,33
2001,270222,1,1,5,5,5,5,5,5,5,5,5,5
2001,270223,1,1,4,4,4,4,4,4,4,4,4,4
2001,270224,1,1,19,19,19,19,19,19,19,19,19,19
2001,270225,1,1,14,14,14,14,14,14,14,14,14,14
2001,270226,1,1,22,22,22,22,22,22,22,22,22,22
2001,270227,1,1,16,16,16,16,16,16,16,16,16,16
2001,270227,2,1,18,18,18,18,18,18,18,18,18,18
2001,270228,1,1,0,0,0,0,0,0,0,0,0,0
2001,270228,2,1,0,0,0,0,0,0,0,0,0,0
2001,270229,1,1,0,0,0,0,0,0,0,0,0,0
2001,270229,2,1,0,0,0,3,9,0,12,0,0,0
2001,270230,1,1,0,0,0,0,0,0,0,13,0,0
2001,270230,2,1,0,0,0,0,0,0,0,0,0,0
2001,270231,1,1,30,30,30,30,30,30,30,30,30,30
2001,270232,1,1,0,0,0,0,0,0,0,0,0,0
2001,270232,2,1,0,0,0,0,0,0,0,0,0,0
2001,270233,1,1,0,0,0,0,0,0,0,0,0,0
2001,270233,2,1,0,0,0,0,0,0,0,0,0,0
2001,270234,1,1,4,4,4,4,4,4,4,4,4,4
2001,270234,2,1,0,0,0,0,0,0,0,0,0,0
2001,270235,1,1,11,11,11,11,11,11,11,11,11,11
2001,270236,1,1,0,0,0,0,0,0,0,0,0,0
2001,270236,2,1,0,0,0,0,0,0,0,0,0,0
2001,270237,1,1,0,0,0,0,0,0,0,0,0,0
2001,270237,2,1,0,0,0,0,0,0,0,0,0,0
2001,270238,1,1,0,0,0,0,0,0,0,0,0,0
2001,270238,2,1,0,0,0,0,0,0,0,0,0,0
2001,270239,1,1,0,0,0,0,0,0,0,0,0,0
2001,270239,2,1,0,0,0,28,0,0,0,0,0,0
2001,270240,1,1,0,0,0,0,0,15,13,0,0,0
2001,270241,1,1,0,0,0,0,0,0,0,0,0,0
2001,270241,2,1,0,0,0,0,0,0,0,0,0,0
2001,270242,0,1,0,0,0,0,0,0,0,0,0,0
2001,270242,1,1,0,0,0,0,0,0,0,0,0,0
2001,270243,1,1,25,25,25,25,25,25,25,25,25,25
2001,270244,1,1,28,28,28,28,28,28,28,28,28,28
2001,270245,1,1,0,0,0,0,0,0,0,0,0,0
2001,270245,2,1,0,0,0,0,26,0,0,0,0,0
2001,270245,3,1,0,0,0,0,0,0,0,0,0,0
2001,270246,1,1,15,15,15,15,15,15,15,15,15,15
2001,270247,1,1,0,0,0,0,0,0,0,0,0,0
2001,270247,2,1,0,0,0,0,0,0,0,0,0,0
2001,270248,1,1,0,0,0,0,0,0,0,0,0,0
2001,270249,1,1,0,0,0,0,0,0,0,0,0,0
2001,270249,2,1,0,0,0,0,0,0,0,0,0,0
2001,270250,1,1,12,12,12,12,12,12,12,12,12,12
2001,270251,1,1,23,23,23,23,23,23,23,23,23,23
2001,270252,1,1,0,0,0,0,0,0,0,0,0,0
2001,270252,2,1,0,0,0,0,0,0,0,0,0,0
2001,270253,0,1,0,0,0,0,0,0,0,0,0,0
2001,270253,0,2,0,0,0,0,0,0,0,0,0,0
2001,270253,1,1,0,0,0,0,0,0,0,0,0,0
2001,270254,1,1,11,11,11,11,11,11,11,11,11,11
2001,270255,1,1,12,12,12,12,12,12,12,12,12,12
2001,270256,1,1,30,30,30,30,30,30,30,30,30,30
2001,270257,1,1,0,0,0,0,0,0,0,0,0,0
2001,270258,1,1,0,0,0,0,0,0,0,0,0,0
2001,270258,2,1,0,0,0,0,0,0,0,0,0,0
2001,270259,1,1,0,0,0,0,0,0,0,0,0,0
2001,270259,2,1,0,0,0,0,0,0,0,0,0,0
2001,270260,1,1,28,28,28,28,28,28,28,28,28,28
2001,270261,1,1,0,0,0,0,0,0,0,0,0,0
2001,270261,2,1,0,0,0,0,0,0,0,0,0,0
2001,270262,1,1,0,0,0,0,0,0,0,0,0,0
2001,270263,1,1,0,0,0,0,0,0,0,0,0,0
2001,270263,2,1,5,5,5,5,5,5,5,5,5,5
2001,270264,1,1,28,28,28,28,28,28,28,28,28,28
2001,270265,1,1,16,16,16,16,16,16,16,16,16,16
2001,270266,1,1,16,16,16,16,16,16,16,16,16,16
2001,270267,1,1,20,20,20,20,20,20,20,20,20,20
2001,270268,1,1,21,21,21,21,21,21,21,21,21,21
2001,270268,2,1,0,0,0,0,0,0,0,0,0,0
2001,270268,3,1,0,0,0,0,0,0,0,0,0,0
2001,270269,1,1,0,0,0,0,0,0,0,0,0,0
2001,270269,2,1,0,0,0,0,0,0,0,0,0,0
2001,270270,1,1,12,0,0,0,0,0,0,0,0,0
2001,270271,0,1,37,37,37,37,37,37,37,37,37,37
2001,270271,1,1,0,0,0,0,0,0,0,0,0,0
2001,270272,1,1,0,0,0,0,0,0,0,0,0,0
2001,270272,2,1,0,0,0,0,0,0,0,0,0,0
2001,270273,1,1,0,0,0,0,0,0,0,0,0,0
2001,270273,2,1,0,0,0,0,0,0,0,0,0,0
2001,270273,3,1,0,0,0,0,0,0,0,0,0,0
2001,270274,1,1,0,0,0,0,0,0,0,0,0,0
2001,270274,2,1,21,21,21,21,21,21,21,21,21,21
2001,270275,1,1,0,0,0,0,0,0,0,0,0,0
2001,270276,1,1,24,24,24,24,24,24,24,24,24,24
2001,270277,1,1,0,0,0,0,0,0,0,0,0,0
2001,270277,2,1,0,0,0,0,0,0,0,0,0,0
2001,270278,1,1,0,0,0,0,0,0,0,0,0,0
2001,270278,2,1,0,0,0,0,0,0,0,0,0,0
2001,270279,1,1,0,0,0,0,0,0,0,0,0,0
2001,270279,2,1,0,0,0,0,0,0,0,0,0,0
2001,270280,1,1,12,12,12,12,12,12,12,12,12,12
2001,270280,2,1,0,0,0,0,0,0,0,0,0,6
2001,270281,0,1,0,0,0,0,0,0,0,0,0,0
2001,270281,1,1,0,0,0,0,0,0,0,0,0,0
2001,270282,1,1,0,0,0,0,0,0,0,0,0,0
2001,270282,2,1,0,0,0,0,0,0,0,0,0,0
2001,270283,1,1,0,0,0,0,0,0,0,0,0,0
2001,270284,0,1,31,31,31,31,31,31,31,31,31,31
2001,270284,1,1,0,0,0,0,0,0,0,0,0,0
2001,270285,1,1,0,29,0,13,27,20,13,6,12,8
2001,270286,1,1,0,0,0,0,0,0,0,0,0,0
2001,270286,2,1,0,0,0,0,0,0,0,0,0,0
2001,270287,1,1,6,6,6,6,6,6,6,6,6,6
2001,270288,0,1,0,0,0,0,0,0,0,0,0,0
2001,270288,1,1,0,0,0,0,0,0,0,0,0,0
2001,270288,2,1,0,0,0,0,0,0,0,0,0,0
2001,270289,1,1,0,0,0,0,0,0,0,0,0,0
2001,270289,2,1,0,0,0,0,0,0,0,0,0,0
2001,270290,0,1,0,0,0,0,0,0,0,0,0,0
2001,270290,1,1,0,0,0,0,0,0,0,0,0,0
2001,270291,1,1,0,0,0,0,0,0,0,0,0,0
2001,270291,2,1,0,0,0,0,0,0,0,0,0,0
2001,270292,1,1,21,21,21,21,21,21,21,21,21,21
2001,270292,2,1,0,0,0,0,0,0,0,0,0,0
2001,270293,1,1,0,0,0,0,0,0,0,0,0,0
2001,270293,2,1,0,0,0,0,0,0,0,0,0,0
2001,270294,1,1,0,0,0,0,0,0,0,0,0,0
2001,270294,2,1,14,14,14,14,14,14,14,14,14,14
2001,270295,1,1,0,0,0,0,0,0,0,0,0,0
2001,270296,1,1,0,0,0,0,0,0,0,0,0,0
2001,270296,2,1,0,6,0,0,0,0,0,0,0,0
2001,270297,1,1,0,0,0,0,0,0,0,0,0,0
2001,270297,2,1,0,0,0,0,0,0,0,0,0,0
2001,270297,3,1,0,0,0,0,0,0,0,0,0,0
2001,270297,4,1,0,0,0,0,0,0,0,0,0,0
2001,270298,1,1,0,0,0,0,0,0,0,0,0,0
2001,270298,2,1,0,0,0,0,0,0,0,0,0,0
2001,270299,1,1,0,0,0,0,0,0,0,0,0,0
2001,270300,1,1,0,0,0,0,0,0,0,0,0,0
2001,270300,2,1,0,0,0,0,0,0,0,0,0,0
2001,270301,1,1,0,0,0,0,0,0,0,0,0,0
2001,270302,1,1,0,0,0,0,0,0,0,0,0,0
2001,270302,2,1,1,1,1,1,1,1,1,1,1,1
2001,270303,0,1,0,0,0,0,0,0,0,0,0,0
2001,270303,1,1,0,0,0,0,0,0,0,0,0,0
2001,270304,1,1,0,0,0,0,0,0,0,0,0,0
2001,270304,2,1,0,0,0,0,0,0,0,0,0,0
2001,270305,1,1,0,0,0,0,0,0,0,0,0,0
2001,270305,2,1,14,0,0,0,0,0,0,0,0,0
2001,270305,3,1,0,0,0,0,0,0,0,0,0,0
2001,270306,1,1,32,32,32,32,32,32,32,32,32,32
2001,270307,1,1,0,0,0,0,0,0,0,0,0,0
2001,270307,2,1,0,0,0,0,0,0,0,0,0,0
2001,270307,3,1,0,0,0,0,0,0,0,0,17,0
2001,270308,1,1,0,0,0,0,0,0,0,0,0,0
2001,270309,1,1,0,0,0,0,0,7,0,0,0,0
2001,270309,2,1,0,0,0,0,0,0,0,0,0,0
2001,270309,3,1,0,0,0,0,0,0,0,0,0,0
2001,270310,1,1,13,13,13,13,13,13,13,13,13,13
2001,270311,1,1,0,0,0,0,0,0,0,0,0,0
2001,270311,2,1,0,0,0,0,0,0,0,0,0,0
2001,270312,1,1,0,0,0,0,0,0,0,0,0,0
2001,270312,2,1,0,0,0,0,0,0,0,0,0,0
2001,270313,1,1,0,0,0,0,0,0,0,0,0,0
2001,270313,2,1,0,0,0,0,0,0,0,0,0,0
2001,270314,1,1,0,0,0,0,0,0,0,0,0,0
2001,270315,1,1,0,0,0,0,0,0,0,0,0,0
2001,270315,2,1,0,0,0,0,0,0,0,0,0,0
2001,270316,1,1,24,24,24,24,24,24,24,24,24,24
2001,270317,0,1,0,0,0,0,0,0,0,0,0,0
2001,270317,1,1,0,0,0,0,0,0,0,0,0,0
2001,270318,1,1,10,10,10,10,10,10,10,10,10,10
2001,270319,1,1,11,11,11,11,11,11,11,11,11,11
2001,270320,1,1,0,0,0,0,0,0,0,0,0,0
2001,270320,2,1,0,0,0,0,0,0,0,0,0,0
2001,270321,1,1,24,24,24,24,24,24,24,24,24,24
2001,270322,0,1,0,0,0,0,0,0,0,0,0,0
2001,270322,1,1,0,0,0,0,0,0,0,0,0,0
2001,270323,1,1,0,0,0,0,0,0,0,0,0,0
2001,270323,2,1,0,0,0,0,0,0,0,0,0,0
2001,270324,1,1,0,0,0,0,0,0,0,0,0,0
2001,270324,2,1,21,21,21,21,21,21,21,21,21,21
2001,270325,1,1,19,19,19,19,19,19,19,19,19,19
2001,270326,1,1,0,0,0,0,0,0,0,0,0,0
2001,270327,1,1,0,0,0,0,0,0,0,0,0,0
2001,270327,2,1,0,0,0,0,0,0,0,0,0,0
2001,270329,1,1,0,0,0,0,0,0,0,0,0,0
2001,270329,2,1,0,0,0,0,0,0,0,0,0,0
2001,270330,1,1,0,12,13,9,21,3,18,6,32,31
2001,270331,1,1,0,0,0,0,0,0,0,0,0,0
2001,270331,2,1,0,0,0,0,0,0,0,6,0,0
2001,270332,1,1,0,0,0,0,0,0,0,0,0,0
2001,270332,2,1,0,0,0,0,0,0,0,0,0,0
2001,270333,1,1,8,0,8,7,20,6,3,13,17,0
2001,270334,1,1,0,0,0,0,0,0,0,0,0,0
2001,270334,2,1,0,0,0,0,0,0,0,0,0,0
2001,270335,1,1,0,0,0,0,0,0,0,0,0,0
2001,270336,1,1,20,31,0,0,0,0,0,0,0,0
2001,270337,0,1,0,0,0,0,0,0,0,0,0,0
2001,270337,1,1,0,0,0,0,0,0,0,0,0,0
2001,270338,1,1,0,0,0,0,0,0,0,0,0,0
2001,270338,2,1,0,0,0,0,0,0,0,0,0,0
2001,270339,1,1,0,0,0,0,0,0,0,0,0,0
2001,270339,2,1,4,4,4,4,4,4,4,4,4,4
2001,270340,1,1,19,19,19,19,19,19,19,19,19,19
2001,270341,1,1,8,8,8,8,8,8,8,8,8,8
2001,270342,0,1,0,0,0,0,0,0,11,6,0,0
2001,270342,1,1,0,0,0,0,0,0,0,0,0,0
2001,270343,1,1,0,0,0,0,0,0,0,0,0,0
2001,270343,2,1,0,0,0,0,0,0,0,0,0,0
2001,270344,0,1,24,24,24,24,24,24,24,24,24,24
2001,270344,1,1,0,0,0,0,0,0,17,0,0,0
2001,270345,1,1,0,0,0,0,0,0,0,0,0,0
2001,270346,1,1,22,22,22,22,22,22,22,22,22,22
2001,270347,1,1,0,0,0,0,0,0,0,0,0,0
2001,270347,2,1,0,0,0,0,0,0,0,0,0,0
2001,270348,1,1,0,0,0,0,0,0,0,0,0,0
2001,270348,2,1,0,0,0,0,0,0,0,0,0,0
2001,270349,1,1,10,10,10,10,10,10,10,10,10,10
2001,270350,1,1,15,17,0,13,8,18,14,9,44,9
2001,270351,1,1,0,0,0,0,0,0,0,0,0,0
2001,270352,1,1,31,31,31,31,31,31,31,31,31,31
2001,270353,1,1,0,27,0,0,0,0,0,0,17,0
2001,270353,2,1,0,0,0,0,0,0,0,0,0,0
2001,270354,1,1,0,0,0,0,0,0,0,0,0,0
2001,270355,1,1,0,0,0,0,0,0,0,0,0,0
2001,270356,1,1,0,0,0,0,0,0,0,0,0,0
2001,270357,1,1,0,0,0,0,0,0,0,0,0,0
2001,270357,2,1,0,0,0,0,0,0,0,0,0,0
2001,270358,1,1,0,0,0,0,0,0,0,0,0,0
2001,270358,2,1,0,0,0,0,0,0,0,0,0,0
2001,270358,3,1,0,0,0,0,0,0,0,0,0,0
2001,270359,1,1,0,0,0,0,0,0,0,0,0,0
2001,270360,1,1,0,0,0,0,0,0,0,0,0,0
2001,270360,2,1,0,0,0,0,0,0,0,0,0,0
2001,270361,1,1,0,0,0,0,0,0,0,0,0,0
2001,270361,2,1,0,0,0,0,0,0,0,0,0,0
2001,270362,1,1,19,19,19,19,19,19,19,19,19,19
2001,270363,1,1,0,0,0,0,0,0,0,0,0,0
2001,270363,2,1,0,0,0,0,0,0,0,0,0,0
2001,270364,1,1,0,0,0,0,0,0,0,0,0,0
2001,270364,2,1,0,0,0,0,0,0,0,0,0,0
2001,270364,3,1,0,0,0,0,0,0,0,0,0,0
2001,270365,1,1,0,0,0,0,0,0,0,0,0,0
2001,270365,2,1,0,0,0,0,0,0,0,0,0,0
2001,270366,1,1,0,0,0,0,0,0,0,0,0,0
2001,270366,2,1,0,0,0,0,0,0,0,0,0,0
2001,270367,1,1,0,0,0,0,0,0,0,0,0,0
2001,270367,2,1,0,0,0,0,0,0,0,0,0,0
2001,270368,1,1,0,0,0,0,0,0,0,0,0,0
2001,270368,2,1,0,0,0,0,0,0,0,0,0,0
2001,270369,1,1,14,14,14,14,14,14,14,14,14,14
2001,270370,1,1,0,0,0,0,0,0,0,0,0,0
2001,270370,2,1,0,0,0,0,0,0,0,0,0,0
2001,270371,1,1,22,22,22,22,22,22,22,22,22,22
2001,270372,1,1,24,24,24,24,24,24,24,24,24,24
2001,270373,0,1,24,0,0,0,0,0,0,0,6,0
2001,270373,1,1,0,0,0,0,0,0,0,0,0,0
2001,270374,1,1,0,0,0,0,0,0,0,0,0,0
2001,270375,0,1,0,0,0,0,0,0,0,0,0,0
2001,270375,1,1,0,0,0,0,0,0,0,0,0,0
2001,270376,1,1,0,0,0,0,0,0,0,0,0,0
2001,270377,1,1,0,0,0,0,0,0,0,0,0,0
2001,270378,1,1,0,0,0,0,0,0,0,0,0,0
2001,270378,2,1,0,0,0,0,0,0,0,0,0,0
2001,270379,1,1,21,28,11,16,29,34,0,23,24,9
2001,270380,1,1,0,0,0,0,0,0,0,0,0,0
2001,270380,2,1,0,0,0,0,0,0,0,0,0,0
2001,270381,1,1,16,16,16,16,16,16,16,16,16,16
2001,270382,0,1,0,0,0,0,0,0,0,0,0,0
2001,270382,1,1,0,0,0,0,0,0,0,0,0,0
2001,270383,1,1,13,13,13,13,13,13,13,13,13,13
2001,270384,1,1,0,0,0,0,0,0,0,0,0,0
2001,270385,1,1,0,0,0,0,0,0,0,0,0,0
2001,270385,2,1,0,0,0,0,0,0,0,0,0,0
2001,270386,1,1,0,0,0,0,0,0,0,0,0,0
2001,270387,1,1,21,21,21,21,21,21,21,21,21,21
2001,270388,1,1,16,16,16,16,16,16,16,16,16,16
2001,270389,0,1,0,0,0,0,0,0,0,0,0,0
2001,270389,1,1,0,0,0,0,0,0,0,0,0,0
2001,270390,1,1,20,20,20,20,20,20,20,20,20,20
2001,270391,1,1,0,0,0,0,0,0,0,0,0,0
2001,270391,2,1,0,0,0,0,0,0,0,0,0,0
2001,270392,1,1,0,0,0,0,0,0,0,0,0,0
2001,270392,2,1,0,0,0,0,0,0,0,0,0,0
2001,270392,3,1,0,0,0,0,0,0,0,0,0,0
2001,270393,1,1,26,26,26,26,26,26,26,26,26,26
2001,270394,1,1,19,19,19,19,19,19,19,19,19,19
2001,270395,1,1,0,0,0,0,0,0,0,0,0,0
2001,270396,1,1,0,0,0,0,0,0,0,0,13,0
2001,270396,2,1,27,27,27,27,27,27,27,27,27,27
2001,270397,1,1,0,0,0,0,0,0,0,0,0,0
2001,270398,1,1,8,8,8,8,8,8,8,8,8,8
2001,270399,0,1,0,0,0,0,0,0,0,0,0,0
2001,270399,1,1,0,0,0,0,0,0,0,0,0,0
2001,270400,1,1,13,13,13,13,13,13,13,13,13,13
2001,270400,2,1,0,0,0,0,0,0,0,0,0,0
2001,270401,1,1,0,0,0,0,0,0,0,0,0,0
2001,270401,2,1,8,8,8,8,8,8,8,8,8,8
2001,270402,1,1,9,9,9,9,9,9,9,9,9,9
2001,270403,1,1,12,12,12,12,12,12,12,12,12,12
2001,270404,1,1,27,27,27,27,27,27,27,27,27,27
2001,270405,1,1,0,0,0,0,0,0,0,0,0,0
2001,270405,2,1,0,0,0,0,0,0,0,0,0,0
2001,270406,1,1,0,0,0,0,0,0,0,0,0,0
2001,270406,2,1,0,0,0,0,0,0,0,0,0,0
2001,270407,1,1,0,0,0,0,0,0,0,0,0,0
2001,270407,2,1,0,0,0,0,0,0,0,0,0,0
2001,270408,1,1,25,25,25,25,25,25,25,25,25,25
2001,270409,1,1,20,20,20,20,20,20,20,20,20,20
2001,270410,1,1,0,0,0,0,0,0,0,0,0,0
2001,270411,0,1,0,0,0,0,0,0,0,0,0,0
2001,270411,1,1,0,0,0,0,0,0,0,0,0,0
2001,270412,1,1,14,14,14,14,14,14,14,14,14,14
2001,270413,1,1,0,0,0,0,0,0,0,0,0,0
2001,270413,2,1,0,0,0,0,0,0,0,0,0,0
2001,270413,3,1,0,0,0,0,0,0,0,0,0,0
2001,270414,1,1,0,0,0,0,0,0,0,0,12,0
2001,270415,1,1,0,0,0,0,0,0,0,0,0,0
2001,270416,0,1,0,0,0,0,0,0,0,0,0,0
2001,270416,1,1,0,0,0,0,0,0,0,0,0,0
2001,270417,1,1,10,10,10,10,10,10,10,10,10,10
2001,270418,1,1,0,0,0,0,0,0,0,0,0,0
2001,270418,2,1,0,0,0,0,0,0,0,0,0,0
2001,270419,1,1,0,0,0,0,0,0,0,0,0,0
2001,270419,2,1,0,0,0,0,0,0,0,0,0,0
2001,270420,0,1,0,0,0,0,0,0,0,0,0,0
2001,270420,1,1,9,9,9,9,9,9,9,9,9,9
2001,270421,1,1,24,24,24,24,24,24,24,24,24,24
2001,270422,1,1,27,27,27,27,27,27,27,27,27,27
2001,270423,1,1,0,0,5,0,21,0,0,0,0,0
2001,270423,2,1,0,0,0,0,0,0,0,0,0,0
2001,270424,1,1,0,0,0,0,0,0,0,0,0,0
2001,270425,1,1,0,0,0,0,0,0,0,0,0,0
2001,270425,2,1,0,0,0,0,0,0,0,0,0,0
2001,270426,1,1,22,22,22,22,22,22,22,22,22,22
2001,270427,1,1,25,25,25,25,25,25,25,25,25,25
2001,270428,1,1,0,0,0,0,0,0,0,0,0,0
2001,270429,0,1,2,2,2,2,2,2,2,2,2,2
2001,270429,1,1,0,0,0,0,0,0,0,0,0,0
2001,270430,1,1,12,12,12,12,12,12,12,12,12,12
2001,270430,2,1,0,0,0,0,0,0,0,0,0,0
2001,270431,1,1,0,0,0,0,0,0,0,0,0,0
2001,270431,2,1,0,0,0,0,0,0,0,0,0,0
2001,270432,1,1,0,0,0,0,0,0,0,0,0,0
2001,270432,2,1,0,0,0,0,0,0,0,0,0,0
2001,270433,1,1,0,0,0,0,0,0,0,0,0,0
2001,270433,2,1,0,0,0,0,0,0,0,0,0,0
2001,270434,1,1,0,0,0,0,0,0,0,0,0,0
2001,270435,1,1,4,4,4,4,4,4,4,4,4,4
2001,270436,1,1,26,26,26,26,26,26,26,26,26,26
2001,270436,2,1,0,0,0,0,0,0,0,0,0,0
2001,270437,1,1,0,0,0,0,0,0,0,0,0,0
2001,270437,2,1,0,0,0,0,0,0,0,0,0,0
2001,270438,1,1,0,0,0,0,0,0,0,0,0,0
2001,270438,2,1,0,0,0,0,0,0,0,0,0,0
2001,270439,1,1,16,16,16,16,16,16,16,16,16,16
2001,270440,1,1,0,0,0,0,0,0,0,0,0,0
2001,270441,1,1,0,0,0,0,0,0,0,0,0,0
2001,270441,2,1,0,0,0,0,0,0,0,0,0,0
2001,270442,1,1,0,0,0,0,0,0,0,0,0,0
2001,270442,2,1,0,0,0,0,0,0,0,0,0,0
2001,270443,1,1,8,8,8,8,8,8,8,8,8,8
2001,270444,1,1,0,0,0,0,0,0,0,0,0,0
2001,270445,0,1,0,9,0,0,0,0,0,0,0,19
2001,270445,1,1,0,25,0,0,0,0,0,0,0,0