YEAR,st_case,veh_no,per_no,P1,P2,P3,P4,P5,P6,P7,P8,P9,P10
2001,270446,1,1,0,0,0,0,0,0,0,0,0,0
2001,270446,2,1,0,0,0,0,0,0,0,0,0,0
2001,270447,1,1,8,8,8,8,8,8,8,8,8,8
2001,270448,1,1,20,20,20,20,20,20,20,20,20,20
2001,270449,1,1,6,6,6,6,6,6,6,6,6,6
2001,270449,2,1,0,0,0,0,0,0,0,0,0,0
2001,270450,0,1,0,0,0,0,0,0,0,0,0,0
2001,270450,1,1,0,0,0,0,0,0,0,0,0,0
2001,270450,2,1,0,0,0,0,0,0,0,0,0,0
2001,270451,1,1,1,1,1,1,1,1,1,1,1,1
2001,270451,2,1,0,0,0,0,0,0,0,0,0,0
2001,270452,1,1,9,9,9,9,9,9,9,9,9,9
2001,270453,1,1,0,0,0,0,0,0,0,0,0,0
2001,270453,2,1,1,1,1,1,1,1,1,1,1,1
2001,270454,1,1,0,0,0,0,0,0,0,0,0,0
2001,270454,2,1,0,0,0,0,0,0,0,0,0,0
2001,270455,1,1,0,0,0,0,0,0,0,0,0,0
2001,270456,1,1,0,0,0,0,0,0,0,0,0,0
2001,270457,1,1,25,25,25,25,25,25,25,25,25,25
2001,270457,2,1,0,0,0,0,0,0,0,0,0,0
2001,270458,1,1,0,0,0,0,0,0,0,0,0,0
2001,270458,2,1,0,0,0,0,0,0,0,0,0,0
2001,270459,1,1,0,0,0,0,0,0,0,0,0,0
2001,270460,1,1,0,0,0,0,0,0,0,0,0,20
2001,270460,2,1,0,0,0,0,0,0,0,0,0,0
2001,270460,3,1,0,0,0,0,0,0,0,0,0,0
2001,270461,0,1,0,0,0,0,0,0,0,0,0,0
2001,270461,1,1,0,0,0,0,0,0,0,0,0,0
2001,270462,1,1,0,0,0,0,0,0,0,0,0,0
2001,270463,1,1,0,0,0,0,0,0,0,0,0,0
2001,270463,2,1,3,3,3,3,3,3,3,3,3,3
2001,270464,1,1,0,0,0,0,0,0,0,0,0,0
2001,270464,2,1,0,0,0,0,0,0,0,0,0,0
2001,270465,1,1,0,0,0,0,0,0,0,0,0,0
2001,270465,2,1,0,0,0,0,0,0,0,14,0,7
2001,270466,1,1,25,25,25,25,25,25,25,25,25,25
2001,270466,2,1,0,0,0,0,0,0,0,0,0,0
2001,270467,1,1,0,0,0,0,0,0,0,0,0,0
2001,270469,1,1,0,0,0,0,0,0,0,0,0,0
2001,270470,1,1,0,0,0,0,0,0,0,0,0,0
2001,270470,2,1,0,0,0,0,0,0,0,0,0,0
2001,270471,0,1,0,0,0,0,0,0,0,0,0,0
2001,270471,1,1,11,18,0,11,0,0,17,0,15,0
2001,270472,0,1,0,0,0,0,0,0,0,0,0,0
2001,270472,1,1,0,0,0,0,0,0,0,0,0,0
2001,270473,1,1,17,17,17,17,17,17,17,17,17,17
2001,270474,1,1,0,0,0,0,0,0,0,0,0,0
2001,270475,1,1,0,0,0,0,0,0,0,0,0,0
2001,270475,2,1,0,0,0,0,0,0,0,0,0,0
2001,270476,0,1,0,0,0,0,0,0,0,0,0,0
2001,270476,1,1,0,0,0,0,0,0,0,0,0,0
2001,270477,1,1,17,17,17,17,17,17,17,17,17,17
2001,270477,2,1,0,0,0,0,0,0,0,22,0,0
2001,270478,1,1,0,0,0,0,0,0,0,0,0,0
2001,270478,2,1,0,0,0,0,0,0,0,0,0,0
2001,270479,1,1,0,0,0,0,0,0,0,0,0,0
2001,270479,2,1,0,0,0,0,0,0,0,0,0,0
2001,270480,1,1,0,0,0,0,0,0,0,0,0,0
2001,270480,2,1,0,0,0,0,0,0,0,0,0,0
2001,270480,3,1,0,0,0,0,0,0,0,0,0,0
2001,270481,1,1,18,18,18,18,18,18,18,18,18,18
2001,270481,2,1,0,0,0,0,0,0,0,0,0,0
2001,270482,1,1,15,15,15,15,15,15,15,15,15,15
2001,270482,2,1,0,0,0,0,0,0,0,0,0,0
2001,270483,1,1,0,0,0,0,0,0,0,0,0,0
2001,270484,1,1,0,0,0,0,0,0,0,0,0,0
2001,270485,0,1,0,0,0,0,0,0,0,0,0,0
2001,270485,1,1,0,0,0,0,0,0,0,0,0,0
2001,270486,1,1,15,15,15,15,15,15,15,15,15,15
2001,270487,1,1,0,0,0,0,0,0,0,0,0,0
2001,270487,2,1,0,0,0,0,0,0,0,0,0,0
2001,270487,3,1,0,0,0,0,0,0,0,0,0,0
2001,270488,1,1,15,15,15,15,15,15,15,15,15,15
2001,270489,1,1,0,0,0,0,0,0,0,0,0,0
2001,270490,1,1,17,17,17,17,17,17,17,17,17,17
2001,270491,1,1,0,0,0,0,0,0,0,0,0,0
2001,270491,2,1,0,0,0,0,0,0,0,0,0,0
2001,270492,1,1,14,14,14,14,14,14,14,14,14,14
2001,270493,1,1,0,0,0,0,0,0,0,0,0,0
2001,270493,2,1,0,0,0,0,0,0,0,0,0,0
2001,270494,1,1,0,0,0,0,0,0,0,0,0,0
2001,270495,0,1,32,25,25,23,20,14,19,15,11,24
2001,270495,1,1,0,0,0,0,0,0,0,0,0,0
2001,270496,1,1,0,0,0,0,0,0,0,0,0,0
2001,270496,2,1,0,0,0,0,0,0,0,0,0,0
2001,270497,1,1,0,0,0,0,0,0,0,0,0,0
2001,270498,1,1,0,0,6,2,0,5,0,15,15,0
2001,270498,2,1,27,27,27,27,27,27,27,27,27,27
2001,270499,1,1,25,25,25,25,25,25,25,25,25,25
2001,270499,2,1,0,0,0,0,0,0,0,0,0,0
2001,270500,0,1,0,30,38,20,23,12,16,17,28,14
2001,270500,1,1,0,0,0,0,0,0,0,0,0,0
2001,270501,0,1,0,0,0,0,0,0,0,0,0,0
2001,270501,1,1,0,0,0,0,0,0,0,0,0,0
2001,270502,1,1,0,0,0,0,0,0,0,0,0,0
2001,270503,1,1,0,0,0,0,0,0,0,0,0,0
2001,270503,2,1,0,0,0,0,0,0,0,0,0,0
2001,270504,1,1,0,0,0,0,0,0,0,0,0,0
2001,270504,2,1,0,0,0,0,0,0,0,0,0,0
2001,270505,1,1,0,0,0,0,0,0,0,0,0,0
2001,270505,2,1,0,0,0,0,0,0,0,0,0,0
2001,270506,1,1,0,10,0,0,0,0,0,0,0,0
2001,270506,2,1,0,0,0,0,0,0,0,0,0,0
2001,270507,1,1,0,0,0,0,0,0,0,0,0,0
2001,270508,1,1,0,0,0,0,0,0,0,0,0,0
2001,270508,2,1,8,8,8,8,8,8,8,8,8,8
2001,270509,1,1,7,7,7,7,7,7,7,7,7,7
2001,270510,1,1,0,0,0,0,0,0,0,0,0,0
2001,270510,2,1,0,0,0,0,0,0,0,0,0,0
2001,280001,1,1,15,17,4,0,11,0,0,17,0,7
2001,280002,1,1,0,0,0,0,0,0,0,0,0,0
2001,280002,2,1,14,14,14,14,14,14,14,14,14,14
2001,280003,1,1,0,10,8,11,16,31,27,22,0,19
2001,280004,1,1,0,0,0,0,0,0,0,0,0,0
2001,280005,1,1,0,0,0,0,0,0,0,0,0,0
2001,280005,2,1,0,0,0,0,0,0,0,0,0,0
2001,280006,1,1,29,16,12,0,0,23,0,0,0,0
2001,280007,1,1,19,22,19,9,27,16,12,13,26,25
2001,280008,0,1,0,0,0,0,0,0,0,0,0,0
2001,280008,1,1,0,0,0,0,0,0,0,0,0,0
2001,280009,1,1,0,0,0,0,0,0,0,0,0,0
2001,280010,1,1,22,22,22,22,22,22,22,22,22,22
2001,280010,2,1,0,0,0,0,0,0,0,0,0,0
2001,280011,1,1,0,0,0,0,0,0,0,0,0,0
2001,280012,1,1,39,39,39,39,39,39,39,39,39,39
2001,280013,1,1,0,0,0,0,0,0,0,0,0,0
2001,280013,2,1,0,0,0,0,0,0,0,0,0,0
2001,280014,1,1,0,0,0,0,0,0,0,0,0,0
2001,280015,1,1,0,0,0,0,0,0,0,0,0,0
2001,280015,2,1,0,0,0,0,0,0,0,0,0,0
2001,280016,1,1,19,19,19,19,19,19,19,19,19,19
2001,280016,2,1,0,0,0,0,0,0,0,0,0,0
2001,280017,1,1,27,18,0,0,0,12,0,0,14,18
2001,280018,1,1,14,15,16,0,0,0,0,0,0,0
2001,280019,1,1,0,0,0,0,0,0,0,0,0,0
2001,280019,2,1,26,26,26,26,26,26,26,26,26,26
2001,280020,1,1,0,0,0,0,0,0,0,0,0,0
2001,280020,2,1,0,0,0,0,0,0,0,0,0,0
2001,280021,1,1,12,0,17,9,18,15,3,9,0,18
2001,280022,1,1,22,22,22,22,22,22,22,22,22,22
2001,280023,1,1,11,11,11,11,11,11,11,11,11,11
2001,280025,1,1,0,0,0,0,0,0,0,0,0,0
2001,280025,2,1,18,18,18,18,18,18,18,18,18,18
2001,280026,1,1,0,0,0,0,0,0,0,0,0,0
2001,280026,2,1,0,0,0,0,0,0,0,0,0,0
2001,280026,3,1,0,0,0,0,0,0,0,0,0,0
2001,280027,1,1,0,0,0,0,0,0,11,0,0,0
2001,280028,1,1,0,0,0,0,0,0,0,0,0,0
2001,280029,1,1,19,19,19,19,19,19,19,19,19,19
2001,280030,1,1,16,16,16,16,16,16,16,16,16,16
2001,280031,1,1,0,0,0,0,0,0,0,0,0,13
2001,280031,2,1,0,0,10,0,0,0,0,0,0,0
2001,280032,1,1,0,0,0,0,0,0,0,0,0,0
2001,280032,2,1,0,0,0,0,0,0,0,0,0,0
2001,280033,1,1,0,0,11,0,16,0,0,15,30,0
2001,280034,1,1,0,0,0,0,0,0,0,0,0,0
2001,280035,1,1,0,0,0,0,0,0,0,0,0,0
2001,280035,2,1,0,0,0,0,0,0,0,0,0,0
2001,280036,1,1,0,0,0,0,0,0,0,0,0,0
2001,280037,1,1,0,0,0,0,0,0,0,0,0,0
2001,280038,1,1,11,11,11,11,11,11,11,11,11,11
2001,280039,1,1,0,0,0,0,0,0,0,0,29,0
2001,280039,2,1,0,0,0,0,0,0,0,0,0,0
2001,280040,1,1,0,11,0,11,0,0,18,15,0,0
2001,280041,1,1,19,0,0,0,0,0,0,0,0,0
2001,280042,1,1,0,0,0,0,0,0,0,0,0,0
2001,280043,1,1,14,14,14,14,14,14,14,14,14,14
2001,280044,1,1,0,16,15,25,35,0,0,7,21,13
2001,280045,1,1,0,0,0,0,0,0,0,0,0,0
2001,280045,2,1,14,14,14,14,14,14,14,14,14,14
2001,280046,1,1,0,0,0,0,0,0,0,0,0,0
2001,280046,2,1,0,0,0,0,0,0,0,0,0,0
2001,280047,1,1,0,0,0,0,0,0,0,0,0,0
2001,280048,1,1,0,0,0,0,0,0,0,0,0,0
2001,280048,2,1,11,0,19,0,8,0,0,7,0,0
2001,280049,1,1,0,0,0,0,0,0,0,0,0,0
2001,280049,2,1,0,0,0,0,0,0,0,0,0,0
2001,280049,3,1,0,0,0,0,0,0,0,0,0,0
2001,280050,1,1,0,0,0,0,0,0,0,0,0,0
2001,280050,2,1,0,0,0,0,0,0,0,0,0,0
2001,280050,3,1,0,0,0,0,0,0,0,0,0,0
2001,280051,1,1,15,15,15,15,15,15,15,15,15,15
2001,280052,1,1,0,0,0,0,0,0,0,0,0,0
2001,280052,2,1,0,0,0,0,0,0,0,0,0,0
2001,280053,1,1,0,0,0,0,0,0,0,0,0,0
2001,280053,2,1,0,0,0,0,0,0,0,0,0,0
2001,280054,1,1,5,5,5,5,5,5,5,5,5,5
2001,280054,2,1,0,0,0,0,0,0,0,0,0,0
2001,280055,1,1,0,0,0,0,0,0,0,0,0,0
2001,280055,2,1,0,0,0,0,0,0,0,0,0,0
2001,280056,1,1,0,0,0,0,0,0,0,0,0,0
2001,280057,1,1,19,19,19,19,19,19,19,19,19,19
2001,280058,1,1,0,0,0,0,0,0,0,0,0,0
2001,280059,1,1,14,14,14,14,14,14,14,14,14,14
2001,280060,1,1,0,22,0,0,0,24,0,0,7,0
2001,280061,0,1,0,0,36,14,0,10,27,0,0,34
2001,280061,1,1,0,0,0,0,0,0,0,0,0,0
2001,280062,1,1,0,0,0,0,0,0,0,0,0,0
2001,280063,1,1,0,0,0,0,0,10,0,0,0,0
2001,280063,2,1,0,0,0,0,0,0,0,0,0,0
2001,280064,1,1,0,0,0,0,0,0,0,0,0,0
2001,280064,2,1,0,0,0,0,0,0,0,0,0,0
2001,280065,1,1,0,0,0,0,0,0,0,0,0,0
2001,280065,2,1,0,0,0,0,0,0,0,0,0,0
2001,280065,3,1,0,0,0,0,0,0,0,0,0,0
2001,280066,1,1,10,10,10,10,10,10,10,10,10,10
2001,280066,2,1,0,0,0,0,0,0,0,0,0,0
2001,280067,1,1,0,0,0,0,0,0,0,0,0,0
2001,280068,1,1,16,16,16,16,16,16,16,16,16,16
2001,280069,1,1,6,6,6,6,6,6,6,6,6,6
2001,280070,1,1,0,0,0,0,0,0,0,0,0,0
2001,280070,2,1,0,0,0,0,0,0,0,0,0,0
2001,280071,1,1,27,27,27,27,27,27,27,27,27,27
2001,280072,1,1,0,0,0,0,0,0,0,0,0,0
2001,280073,1,1,19,0,21,0,0,0,0,0,11,0
2001,280073,2,1,0,0,20,0,0,0,0,0,0,0
2001,280074,1,1,0,0,0,0,0,0,0,0,0,0
2001,280075,1,1,0,0,0,0,0,0,0,0,0,0
2001,280075,2,1,0,0,0,0,0,0,0,0,0,0
2001,280076,1,1,0,0,14,0,0,0,0,0,0,0
2001,280077,0,1,0,0,14,18,0,20,0,0,0,0
2001,280077,1,1,0,0,0,22,0,17,0,0,12,0
2001,280078,1,1,0,0,0,0,0,0,0,0,0,0
2001,280078,2,1,0,0,0,0,0,0,0,0,0,0
2001,280079,1,1,10,0,0,0,9,0,21,19,0,0
2001,280080,1,1,17,17,17,17,17,17,17,17,17,17
2001,280081,1,1,0,0,0,0,0,0,0,0,0,0
2001,280082,1,1,22,22,22,22,22,22,22,22,22,22
2001,280083,1,1,0,0,0,0,0,0,0,0,0,0
2001,280083,2,1,0,0,0,0,0,0,0,0,0,0
2001,280084,1,1,0,0,0,0,0,0,0,0,0,0
2001,280084,2,1,0,0,0,0,0,0,0,0,0,0
2001,280085,1,1,20,0,0,20,12,21,9,16,26,10
2001,280086,1,1,0,0,0,0,0,0,0,0,0,0
2001,280086,2,1,0,0,0,0,0,0,0,0,0,0
2001,280087,0,1,0,0,0,0,0,0,0,0,0,0
2001,280087,1,1,0,0,0,0,0,0,8,0,0,0
2001,280088,1,1,0,0,0,0,0,0,0,0,0,0
2001,280088,2,1,0,0,0,0,0,0,0,0,0,0
2001,280089,1,1,0,0,0,0,0,0,0,0,0,0
2001,280089,2,1,0,0,0,0,0,0,0,0,0,0
2001,280090,0,1,0,0,0,0,0,0,0,0,0,33
2001,280090,1,1,16,0,10,0,0,0,0,0,0,0
2001,280091,1,1,0,0,0,0,0,0,0,0,0,0
2001,280091,2,1,0,0,0,0,0,0,0,0,18,0
2001,280092,1,1,25,25,25,25,25,25,25,25,25,25
2001,280092,2,1,0,0,0,0,0,0,0,0,0,0
2001,280093,1,1,0,0,0,0,0,0,0,0,0,15
2001,280093,2,1,0,0,12,17,0,15,16,0,0,0
2001,280094,1,1,0,0,0,0,0,0,0,0,0,0
2001,280094,2,1,0,0,0,0,0,0,0,9,0,12
2001,280095,0,1,0,0,0,8,0,0,0,0,0,0
2001,280095,1,1,0,0,0,0,0,0,15,0,0,0
2001,280096,0,1,16,16,16,16,16,16,16,16,16,16
2001,280096,1,1,0,11,8,23,0,0,0,0,0,0
2001,280097,1,1,0,0,0,0,0,0,0,0,0,8
2001,280097,2,1,0,8,7,0,0,0,7,0,19,33
2001,280098,0,1,16,16,16,16,16,16,16,16,16,16
2001,280098,1,1,0,0,0,0,0,0,0,0,0,0
2001,280099,1,1,19,19,19,19,19,19,19,19,19,19
2001,280100,1,1,0,0,0,0,0,0,0,0,3,0
2001,280100,2,1,0,0,0,0,10,0,0,0,0,12
2001,280101,1,1,15,15,15,15,15,15,15,15,15,15
2001,280102,1,1,0,0,0,0,0,0,0,0,0,0
2001,280103,1,1,0,0,0,0,0,0,0,0,23,0
2001,280103,2,1,0,0,0,0,0,0,0,0,0,0
2001,280104,1,1,0,0,0,0,0,0,0,0,0,0
2001,280104,2,1,0,0,0,0,0,0,0,0,0,0
2001,280105,1,1,0,0,0,0,0,0,0,4,0,0
2001,280106,1,1,0,0,0,0,0,0,0,0,0,0
2001,280106,2,1,0,0,0,0,0,0,0,0,0,0
2001,280107,1,1,0,0,0,0,0,0,0,0,0,0
2001,280107,2,1,0,0,0,0,27,0,0,0,0,0
2001,280108,1,1,0,0,0,0,0,0,0,0,0,0
2001,280109,1,1,0,0,0,0,0,0,0,0,0,0
2001,280109,2,1,7,7,7,7,7,7,7,7,7,7
2001,280110,1,1,15,0,0,0,0,0,0,0,0,0
2001,280111,1,1,0,15,12,7,0,5,13,0,0,28
2001,280112,1,1,0,0,0,0,0,0,0,0,0,0
2001,280112,2,1,0,0,0,0,0,0,0,0,0,0
2001,280113,1,1,0,0,0,0,0,0,0,0,0,0
2001,280114,1,1,24,24,24,24,24,24,24,24,24,24
2001,280115,1,1,0,0,0,0,0,0,0,0,0,0
2001,280116,1,1,14,14,14,14,14,14,14,14,14,14
2001,280117,1,1,0,0,0,0,0,0,0,0,0,0
2001,280117,2,1,0,0,0,0,0,0,0,0,0,0
2001,280118,1,1,0,0,0,0,0,0,0,0,0,0
2001,280118,2,1,0,0,0,0,0,0,0,0,0,0
2001,280118,3,1,0,0,0,0,0,0,0,0,0,0
2001,280118,4,1,0,0,0,0,0,0,0,0,0,0
2001,280119,1,1,0,0,9,0,0,0,9,10,0,0
2001,280119,2,1,0,0,0,0,0,0,0,0,0,0
2001,280120,1,1,0,0,0,0,0,0,0,0,0,0
2001,280121,1,1,0,0,0,0,0,0,18,0,12,0
2001,280122,1,1,0,0,0,0,0,0,0,0,0,0
2001,280122,2,1,0,0,0,0,0,0,0,0,0,0
2001,280123,1,1,0,0,0,0,0,0,0,0,0,0
2001,280124,1,1,0,0,0,0,0,0,0,0,0,0
2001,280125,1,1,0,0,0,0,0,0,0,0,0,0
2001,280126,1,1,0,12,22,0,0,0,0,0,0,0
2001,280127,1,1,19,19,19,19,19,19,19,19,19,19
2001,280128,1,1,0,10,0,0,0,0,0,0,0,0
2001,280129,1,1,0,0,0,0,0,0,0,0,0,0
2001,280129,2,1,0,0,0,0,0,0,0,0,0,0
2001,280130,1,1,0,0,0,0,0,0,0,0,0,0
2001,280131,0,1,0,0,0,0,0,0,0,0,0,0
2001,280131,1,1,0,0,0,0,0,0,0,0,0,0
2001,280132,1,1,0,0,0,0,0,0,0,0,0,0
2001,280132,2,1,2,2,2,2,2,2,2,2,2,2
2001,280133,1,1,10,10,10,10,10,10,10,10,10,10
2001,280134,1,1,0,0,0,0,0,0,15,11,0,0
2001,280134,2,1,20,0,0,0,0,0,0,38,0,0
2001,280135,1,1,0,0,0,0,0,0,0,0,0,0
2001,280135,2,1,19,25,0,15,12,25,14,0,0,20
2001,280136,1,1,0,39,0,21,24,0,0,0,0,27
2001,280137,1,1,0,0,0,0,0,0,0,0,0,0
2001,280137,2,1,0,0,0,0,0,0,0,0,0,0
2001,280138,1,1,0,0,0,0,0,0,0,0,0,0
2001,280138,2,1,0,0,0,0,0,0,0,0,0,0
2001,280139,1,1,9,0,0,0,0,0,0,0,10,0
2001,280139,2,1,6,0,11,0,0,0,0,0,0,0
2001,280140,1,1,0,0,0,0,0,0,0,0,0,0
2001,280141,1,1,2,2,2,2,2,2,2,2,2,2
2001,280142,1,1,0,0,0,0,0,0,0,0,0,0
2001,280142,2,1,0,0,0,0,0,0,0,0,0,0
2001,280143,1,1,0,0,0,0,0,0,0,0,0,0
2001,280144,1,1,9,7,11,12,0,13,5,0,29,27
2001,280145,1,1,11,11,11,11,11,11,11,11,11,11
2001,280146,1,1,0,0,0,0,0,0,0,0,0,0
2001,280147,1,1,0,0,32,20,0,0,0,23,0,22
2001,280148,1,1,20,0,0,0,0,0,0,19,12,18
2001,280149,1,1,21,21,21,21,21,21,21,21,21,21
2001,280149,2,1,2,2,2,2,2,2,2,2,2,2
2001,280150,1,1,12,12,12,12,12,12,12,12,12,12
2001,280151,1,1,11,11,11,11,11,11,11,11,11,11
2001,280152,1,1,0,0,0,0,0,0,0,0,0,0
2001,280153,1,1,0,0,0,0,0,0,0,0,0,0
2001,280154,1,1,0,0,0,0,0,0,0,0,20,0
2001,280154,2,1,0,0,0,0,0,0,0,0,0,0
2001,280155,1,1,0,0,0,0,0,0,0,0,0,0
2001,280155,2,1,0,0,0,0,0,0,0,0,0,0
2001,280155,3,1,0,0,0,0,0,0,0,0,0,0
2001,280156,1,1,0,0,0,0,0,0,0,0,0,0
2001,280156,2,1,0,0,0,0,0,0,0,0,0,0
2001,280156,3,1,0,0,0,0,0,0,0,0,0,0
2001,280157,1,1,0,0,0,0,0,0,0,0,0,0
2001,280158,1,1,28,36,12,3,0,11,0,0,26,23
2001,280159,1,1,14,7,27,0,7,0,11,15,17,16
2001,280160,0,1,25,25,25,25,25,25,25,25,25,25
2001,280160,1,1,0,0,0,0,0,0,0,0,0,0
2001,280161,0,1,0,0,0,0,0,0,0,0,0,0
2001,280161,1,1,3,3,3,3,3,3,3,3,3,3
2001,280162,1,1,0,0,0,0,0,0,0,0,0,0
2001,280162,2,1,0,0,0,0,0,0,0,0,0,0
2001,280163,1,1,12,12,12,12,12,12,12,12,12,12
2001,280164,1,1,0,0,0,0,0,0,0,0,0,0
2001,280164,2,1,0,0,0,0,0,0,0,0,0,0
2001,280165,1,1,15,15,15,15,15,15,15,15,15,15
2001,280166,1,1,11,11,11,11,11,11,11,11,11,11
2001,280167,0,1,0,0,0,0,0,0,0,0,0,0
2001,280167,1,1,0,0,0,0,0,0,0,0,0,0
2001,280168,1,1,17,0,0,0,10,17,0,0,28,29
2001,280169,0,1,17,17,17,17,17,17,17,17,17,17
2001,280169,1,1,14,14,14,14,14,14,14,14,14,14
2001,280170,1,1,0,0,0,0,0,0,0,0,0,0
2001,280171,1,1,21,5,25,0,0,20,6,7,0,0
2001,280172,1,1,0,0,0,0,0,0,0,0,0,0
2001,280173,1,1,0,0,0,0,0,0,0,0,0,0
2001,280174,0,1,27,27,27,27,27,27,27,27,27,27
2001,280174,1,1,13,13,13,13,13,13,13,13,13,13
2001,280175,1,1,0,0,0,0,0,0,0,0,0,0
2001,280176,1,1,0,0,39,0,0,0,0,0,0,0
2001,280177,1,1,0,0,0,0,21,0,0,0,0,0
2001,280178,1,1,0,0,0,0,0,0,0,0,0,0
2001,280179,1,1,12,0,0,9,0,13,20,21,0,13
2001,280180,1,1,0,0,0,0,0,0,0,0,0,0
2001,280180,2,1,0,0,0,0,0,0,0,0,0,0
2001,280181,1,1,0,0,0,0,0,0,0,0,0,0
2001,280182,1,1,0,0,8,0,0,0,0,22,0,0
2001,280183,1,1,0,0,0,0,0,0,0,0,0,0
2001,280183,2,1,0,0,0,0,0,0,0,0,0,0
2001,280184,1,1,0,0,0,0,0,0,0,0,0,0
2001,280184,2,1,0,0,0,0,0,0,0,0,0,0
2001,280184,3,1,0,0,0,0,0,0,0,0,0,0
2001,280185,1,1,0,0,0,0,0,0,0,0,0,0
2001,280185,2,1,16,16,16,16,16,16,16,16,16,16
2001,280186,1,1,0,0,0,0,0,0,0,0,0,0
2001,280187,1,1,0,0,0,0,0,0,0,0,0,0
2001,280188,1,1,0,0,0,22,0,20,3,18,0,29
2001,280189,1,1,0,0,0,0,0,24,0,0,0,0
2001,280189,2,1,0,0,0,0,0,0,0,0,0,0
2001,280190,1,1,0,0,0,0,0,0,0,0,0,0
2001,280190,2,1,0,0,0,0,0,0,0,0,0,0
2001,280191,1,1,0,0,0,0,0,0,0,0,0,0
2001,280191,2,1,0,0,0,0,0,0,0,0,0,0
2001,280192,1,1,0,0,0,0,0,0,0,0,0,0
2001,280193,0,1,15,15,15,15,15,15,15,15,15,15
2001,280193,1,1,0,0,0,0,0,0,0,0,0,0
2001,280194,1,1,0,0,0,0,0,0,0,0,0,0
2001,280194,2,1,0,0,0,0,0,0,0,0,0,0
2001,280194,3,1,0,0,0,0,0,0,0,0,0,0
2001,280195,1,1,8,8,8,8,8,8,8,8,8,8
2001,280195,2,1,0,0,0,0,0,0,0,0,0,0
2001,280195,3,1,0,0,0,0,0,0,0,0,0,0
2001,280196,1,1,0,0,0,0,0,0,0,0,0,0
2001,280196,2,1,10,10,10,10,10,10,10,10,10,10
2001,280197,1,1,0,0,0,0,0,0,0,0,0,0
2001,280197,2,1,0,0,0,0,0,0,0,0,0,0
2001,280198,1,1,0,0,0,0,0,16,0,0,0,0
2001,280199,1,1,0,0,0,0,0,0,0,0,0,0
2001,280199,2,1,0,0,0,0,0,0,0,0,0,0
2001,280200,0,1,18,18,18,18,18,18,18,18,18,18
2001,280200,1,1,0,0,0,0,0,0,0,0,0,0
2001,280201,1,1,0,0,0,0,0,0,0,0,0,0
2001,280202,1,1,0,0,0,3,0,0,0,0,0,0
2001,280202,2,1,18,0,0,0,0,0,14,0,0,0
2001,280203,1,1,0,0,0,0,0,0,0,0,0,0
2001,280203,2,1,0,0,9,0,0,0,0,0,0,0
2001,280204,1,1,12,12,12,12,12,12,12,12,12,12
2001,280205,1,1,0,0,0,0,0,0,0,0,0,0
2001,280206,1,1,10,24,3,38,37,0,16,22,22,24
2001,280207,1,1,0,0,0,0,0,0,0,0,0,0
2001,280208,1,1,0,0,0,0,0,0,0,0,0,0
2001,280209,1,1,0,0,10,0,31,16,8,0,26,14
2001,280209,2,1,0,12,0,0,4,0,0,0,0,0
2001,280210,1,1,0,0,0,0,0,0,0,0,0,0
2001,280210,2,1,0,0,0,0,0,0,0,0,0,0
2001,280211,1,1,0,0,0,0,0,0,0,0,0,0
2001,280212,1,1,0,0,0,0,0,0,0,0,0,0
2001,280212,2,1,11,11,11,11,11,11,11,11,11,11
2001,280213,1,1,0,0,0,0,0,0,0,0,0,0
2001,280214,0,1,21,23,16,0,35,0,0,0,11,5
2001,280214,1,1,0,0,0,0,0,0,0,0,0,0
2001,280215,0,1,0,0,0,0,0,0,0,0,0,0
2001,280215,1,1,0,0,0,0,0,0,0,0,0,0
2001,280216,1,1,14,0,18,7,0,0,0,13,11,21
2001,280217,1,1,17,17,17,17,17,17,17,17,17,17
2001,280218,1,1,0,0,0,0,0,0,0,0,0,0
2001,280219,1,1,0,0,0,0,0,0,0,0,0,0
2001,280219,2,1,0,0,0,0,0,0,0,0,0,0
2001,280220,1,1,23,23,23,23,23,23,23,23,23,23
2001,280221,1,1,0,0,0,0,0,0,0,0,0,0
2001,280222,0,1,14,4,11,33,21,22,20,11,21,15
2001,280222,1,1,0,0,0,0,0,0,0,0,20,25
2001,280223,1,1,0,0,0,0,0,0,0,0,0,0
2001,280224,1,1,10,10,10,10,10,10,10,10,10,10
2001,280225,1,1,0,0,0,0,0,0,0,0,0,0
2001,280226,1,1,0,4,0,9,0,0,0,0,0,5
2001,280226,2,1,0,0,0,0,0,0,0,0,15,0
2001,280227,1,1,0,0,0,0,9,0,0,23,0,0
2001,280227,2,1,11,11,11,11,11,11,11,11,11,11
2001,280228,1,1,0,0,0,0,0,0,0,0,0,0
2001,280229,1,1,0,0,0,0,0,0,0,0,0,0
2001,280230,1,1,20,20,20,20,20,20,20,20,20,20
2001,280231,1,1,13,0,22,0,11,2,0,0,0,20
2001,280232,1,1,0,0,0,0,0,0,0,0,0,0
2001,280232,2,1,0,0,0,0,0,0,0,0,0,0
2001,280233,1,1,15,15,15,15,15,15,15,15,15,15
2001,280233,2,1,0,0,0,0,0,0,0,0,0,0
2001,280234,1,1,17,17,17,17,17,17,17,17,17,17
2001,280235,1,1,27,27,27,27,27,27,27,27,27,27