YEAR,st_case,veh_no,per_no,P1,P2,P3,P4,P5,P6,P7,P8,P9,P10
2001,280236,1,1,0,0,0,0,0,0,0,0,0,0
2001,280236,2,1,0,0,0,0,0,0,0,0,0,0
2001,280237,1,1,0,0,0,24,0,0,0,0,0,12
2001,280237,2,1,0,0,0,0,0,0,0,0,0,0
2001,280238,1,1,0,16,0,0,0,0,0,0,14,0
2001,280239,1,1,0,0,0,0,0,0,3,0,0,0
2001,280239,2,1,9,0,23,0,0,9,0,0,0,0
2001,280240,1,1,0,0,0,0,0,0,0,0,0,0
2001,280240,2,1,0,0,0,0,0,0,0,0,0,0
2001,280240,3,1,0,0,0,0,0,0,0,0,0,0
2001,280241,1,1,19,19,19,19,19,19,19,19,19,19
2001,280242,1,1,0,8,21,0,0,0,13,21,0,19
2001,280243,1,1,0,0,0,0,9,0,4,0,0,0
2001,280243,2,1,0,0,0,0,25,17,21,0,0,0
2001,280244,1,1,0,0,0,0,0,0,0,0,0,0
2001,280244,2,1,0,0,0,0,0,0,0,0,0,0
2001,280245,1,1,0,0,0,0,0,0,0,0,0,0
2001,280245,2,1,0,0,0,0,0,0,0,0,0,0
2001,280246,1,1,2,0,0,37,0,32,29,14,0,20
2001,280247,1,1,0,0,0,0,0,0,0,0,0,0
2001,280248,0,1,0,0,0,0,0,0,0,0,0,0
2001,280248,1,1,0,0,9,17,20,14,6,0,0,8
2001,280249,1,1,12,0,0,0,0,0,0,0,0,0
2001,280250,1,1,0,3,0,0,0,0,0,0,0,0
2001,280250,2,1,0,0,0,18,0,0,0,0,0,0
2001,280251,1,1,0,0,0,0,0,0,0,0,0,0
2001,280251,2,1,0,0,0,0,0,0,0,0,0,0
2001,280252,1,1,0,0,0,0,0,0,0,0,0,0
2001,280253,1,1,0,0,0,0,0,0,0,0,0,0
2001,280254,1,1,0,0,0,20,0,0,7,0,0,7
2001,280254,2,1,0,19,0,26,20,17,23,36,18,14
2001,280255,0,1,0,4,26,9,17,22,17,10,30,15
2001,280255,1,1,4,0,10,0,0,0,0,0,0,0
2001,280256,1,1,17,18,22,18,0,16,21,15,9,12
2001,280257,1,1,0,0,0,0,0,0,0,0,0,0
2001,280258,1,1,0,0,0,0,0,0,35,0,0,19
2001,280259,1,1,17,0,0,0,8,5,0,11,11,10
2001,280260,1,1,0,0,0,0,0,0,0,0,0,0
2001,280261,1,1,0,0,0,0,0,0,0,0,0,0
2001,280261,2,1,0,0,0,0,0,0,0,0,0,0
2001,280262,1,1,13,13,13,13,13,13,13,13,13,13
2001,280263,1,1,0,0,0,0,0,0,0,0,0,0
2001,280264,1,1,0,0,0,0,0,0,0,0,0,0
2001,280265,1,1,0,0,0,0,0,0,0,0,0,0
2001,280265,2,1,0,0,0,0,0,0,0,0,0,0
2001,280266,1,1,0,0,0,0,0,32,0,15,0,0
2001,280267,1,1,0,0,0,0,0,0,0,0,2,0
2001,280267,2,1,16,0,0,0,0,0,0,0,0,0
2001,280268,0,1,0,0,0,0,0,0,0,0,0,0
2001,280268,1,1,0,0,0,0,0,0,0,0,0,0
2001,280269,1,1,3,3,3,3,3,3,3,3,3,3
2001,280270,1,1,23,12,36,0,0,0,0,26,9,0
2001,280271,1,1,0,0,0,0,0,0,0,0,0,0
2001,280271,2,1,0,10,0,0,11,0,0,0,5,13
2001,280272,1,1,0,0,0,0,0,0,0,0,0,0
2001,280272,2,1,0,0,0,0,0,0,0,0,0,0
2001,280273,1,1,16,16,16,16,16,16,16,16,16,16
2001,280274,1,1,0,0,0,0,0,0,0,0,0,0
2001,280274,2,1,0,0,0,0,0,0,0,0,0,0
2001,280275,1,1,0,0,0,0,0,0,0,0,0,0
2001,280275,2,1,0,0,0,0,0,0,0,0,0,0
2001,280276,1,1,0,0,0,0,0,0,0,0,0,0
2001,280277,1,1,0,0,0,0,0,0,0,0,0,0
2001,280278,1,1,0,21,16,0,11,0,35,10,23,30
2001,280279,1,1,18,18,18,18,18,18,18,18,18,18
2001,280280,1,1,0,7,0,36,0,18,0,0,19,0
2001,280280,2,1,0,0,0,0,0,0,0,0,21,0
2001,280281,1,1,13,0,5,22,0,6,17,7,0,5
2001,280282,1,1,0,0,0,0,0,0,0,0,0,0
2001,280283,1,1,0,0,0,0,0,0,0,0,0,0
2001,280283,2,1,0,0,0,0,0,0,0,0,0,0
2001,280284,1,1,0,0,0,0,0,0,0,0,0,0
2001,280285,1,1,0,0,0,0,0,25,24,0,0,0
2001,280286,1,1,0,0,0,0,0,0,0,0,0,0
2001,280287,1,1,0,0,0,0,0,0,0,0,0,0
2001,280288,1,1,0,0,29,0,0,16,11,0,0,0
2001,280289,1,1,13,0,16,5,15,0,0,0,0,14
2001,280289,2,1,0,7,0,0,0,19,0,0,11,3
2001,280290,1,1,0,0,0,0,0,0,0,0,0,0
2001,280291,1,1,0,0,0,0,0,0,0,0,0,0
2001,280292,1,1,0,0,0,0,0,0,0,0,0,0
2001,280293,1,1,0,0,0,0,0,0,0,0,0,0
2001,280294,1,1,0,0,0,0,0,0,0,0,0,0
2001,280294,2,1,0,0,0,0,0,0,0,0,0,0
2001,280295,1,1,0,0,0,0,0,0,0,0,0,0
2001,280296,1,1,0,0,0,0,0,0,0,0,0,0
2001,280296,2,1,10,10,10,10,10,10,10,10,10,10
2001,280297,1,1,9,9,9,9,9,9,9,9,9,9
2001,280298,1,1,16,16,16,16,16,16,16,16,16,16
2001,280299,1,1,0,0,0,0,0,0,0,0,0,0
2001,280299,2,1,25,25,25,25,25,25,25,25,25,25
2001,280300,0,1,0,0,0,0,0,0,0,0,0,0
2001,280300,1,1,0,0,0,0,0,0,0,0,0,0
2001,280301,1,1,26,26,26,26,26,26,26,26,26,26
2001,280302,1,1,0,0,0,0,0,0,0,0,0,0
2001,280302,2,1,0,0,0,0,0,0,0,0,0,0
2001,280303,1,1,14,14,14,14,14,14,14,14,14,14
2001,280304,1,1,1,1,1,1,1,1,1,1,1,1
2001,280304,2,1,0,0,0,0,0,0,0,0,0,0
2001,280305,1,1,0,0,0,0,0,0,0,0,0,0
2001,280305,2,1,0,0,0,0,0,0,0,0,0,0
2001,280306,1,1,0,0,0,0,0,0,0,0,0,0
2001,280307,1,1,0,0,0,0,0,0,0,0,0,0
2001,280307,2,1,0,0,0,0,0,0,0,0,0,0
2001,280308,1,1,0,0,0,15,0,0,0,0,0,0
2001,280308,2,1,24,24,24,24,24,24,24,24,24,24
2001,280309,1,1,0,0,0,0,0,0,0,0,0,0
2001,280309,2,1,0,11,31,0,23,0,21,0,0,32
2001,280310,1,1,0,0,0,0,0,0,0,0,0,0
2001,280310,2,1,0,0,0,0,0,0,0,0,0,0
2001,280311,0,1,27,12,0,31,13,25,26,15,10,14
2001,280311,1,1,0,0,0,0,0,0,0,0,0,0
2001,280312,1,1,0,0,0,0,0,0,0,0,0,0
2001,280313,1,1,21,15,25,17,12,20,19,18,19,30
2001,280314,1,1,0,0,0,25,6,8,0,0,0,27
2001,280315,1,1,0,0,0,0,0,0,0,0,0,0
2001,280316,1,1,0,0,0,0,0,0,0,0,0,0
2001,280316,2,1,0,0,0,0,0,0,0,0,0,0
2001,280317,1,1,0,0,0,0,0,0,0,0,0,0
2001,280317,2,1,27,27,27,27,27,27,27,27,27,27
2001,280318,1,1,0,0,12,0,0,0,0,0,0,0
2001,280318,2,1,10,0,0,0,0,9,0,0,0,4
2001,280319,1,1,21,21,21,21,21,21,21,21,21,21
2001,280320,1,1,0,0,0,0,0,0,0,0,0,0
2001,280321,1,1,10,0,0,0,0,0,0,0,0,0
2001,280321,2,1,11,0,0,0,13,29,0,24,0,12
2001,280322,1,1,0,0,0,0,0,0,0,0,0,0
2001,280323,1,1,21,21,21,21,21,21,21,21,21,21
2001,280324,1,1,0,0,0,0,0,0,0,0,0,0
2001,280324,2,1,0,0,0,0,0,0,0,0,0,0
2001,280325,1,1,15,15,15,15,15,15,15,15,15,15
2001,280326,0,1,8,0,6,0,31,9,0,0,18,0
2001,280326,1,1,0,0,0,0,0,0,0,0,0,0
2001,280327,1,1,16,40,13,6,0,30,19,15,19,16
2001,280328,1,1,0,0,0,0,0,0,0,0,0,0
2001,280328,2,1,0,0,0,0,0,0,0,0,0,0
2001,280329,1,1,0,0,0,0,0,0,0,0,0,0
2001,280329,2,1,0,0,0,0,0,0,0,0,0,0
2001,280330,1,1,0,0,0,0,0,0,0,0,0,0
2001,280330,2,1,0,0,0,0,0,0,0,0,0,0
2001,280331,1,1,0,0,0,0,0,0,0,0,0,0
2001,280331,2,1,0,0,0,0,0,0,0,0,0,0
2001,280332,1,1,14,14,14,14,14,14,14,14,14,14
2001,280333,1,1,0,0,0,0,0,0,0,0,0,0
2001,280333,2,1,0,0,0,0,0,0,0,0,0,0
2001,280333,3,1,0,0,0,0,0,0,0,0,0,0
2001,280333,4,1,0,0,0,0,0,0,0,0,0,0
2001,280334,1,1,0,0,0,0,0,0,0,21,2,19
2001,280335,1,1,16,16,16,16,16,16,16,16,16,16
2001,280336,1,1,0,0,0,0,11,0,20,9,0,0
2001,280336,2,1,0,0,0,0,0,0,0,0,0,0
2001,280337,1,1,0,0,0,0,0,0,0,0,0,0
2001,280338,1,1,19,19,19,19,19,19,19,19,19,19
2001,280339,1,1,0,0,0,0,0,0,0,0,0,0
2001,280339,2,1,0,0,0,0,0,0,0,0,0,0
2001,280339,3,1,0,0,0,0,0,0,0,0,0,0
2001,280340,1,1,19,19,19,19,19,19,19,19,19,19
2001,280341,1,1,0,0,0,0,0,0,0,0,0,0
2001,280342,1,1,16,16,16,16,16,16,16,16,16,16
2001,280343,1,1,0,0,0,0,0,0,0,0,0,0
2001,280344,1,1,30,30,30,30,30,30,30,30,30,30
2001,280345,1,1,26,26,26,26,26,26,26,26,26,26
2001,280346,1,1,19,19,19,19,19,19,19,19,19,19
2001,280347,1,1,0,0,0,0,0,0,0,0,0,0
2001,280348,1,1,0,0,4,7,0,0,0,0,0,0
2001,280348,2,1,0,0,0,21,0,0,0,0,11,0
2001,280349,1,1,0,0,0,0,0,0,0,0,0,0
2001,280349,2,1,0,0,0,0,0,0,0,0,0,0
2001,280350,1,1,0,11,18,0,0,2,17,25,18,0
2001,280350,2,1,0,7,0,0,0,0,11,0,8,0
2001,280351,1,1,30,30,30,30,30,30,30,30,30,30
2001,280352,1,1,0,0,0,15,0,19,17,0,0,3
2001,280353,1,1,0,0,0,0,0,0,0,0,0,0
2001,280353,2,1,0,0,0,0,0,0,0,0,0,0
2001,280354,1,1,0,0,0,0,0,0,0,0,0,0
2001,280354,2,1,0,0,0,0,0,0,0,0,0,0
2001,280355,1,1,0,0,24,13,18,0,0,0,0,0
2001,280356,1,1,0,0,0,0,0,0,0,0,0,0
2001,280357,1,1,0,0,0,0,0,0,0,0,0,0
2001,280357,2,1,0,0,0,0,0,0,0,0,0,0
2001,280358,0,1,16,6,0,13,27,0,9,0,0,0
2001,280358,1,1,20,20,20,20,20,20,20,20,20,20
2001,280359,1,1,5,0,0,0,1,0,0,11,0,19
2001,280359,2,1,3,0,0,0,0,0,0,0,0,0
2001,280360,1,1,0,0,0,0,0,0,0,0,0,0
2001,280361,0,1,0,0,0,0,0,0,0,0,0,0
2001,280361,1,1,0,32,0,0,0,6,0,0,0,0
2001,280362,1,1,0,0,0,0,0,0,0,0,0,0
2001,280362,2,1,0,0,0,0,0,0,0,0,0,0
2001,280363,1,1,0,7,0,0,0,0,0,0,0,0
2001,280363,2,1,19,0,6,0,0,0,19,0,0,0
2001,280364,1,1,0,0,19,0,27,28,25,20,18,0
2001,280365,0,1,20,20,0,14,0,0,0,16,9,2
2001,280365,1,1,0,0,0,0,0,0,0,0,0,0
2001,280366,1,1,0,0,0,0,0,0,0,0,8,0
2001,280367,1,1,0,0,0,0,27,0,0,0,0,0
2001,280368,1,1,5,0,0,0,14,44,0,0,0,0
2001,280369,1,1,16,0,0,27,0,0,0,16,13,21
2001,280370,1,1,21,21,21,21,21,21,21,21,21,21
2001,280371,1,1,15,15,15,15,15,15,15,15,15,15
2001,280371,2,1,0,0,0,0,0,0,0,0,0,0
2001,280372,0,1,0,0,0,0,0,0,0,0,0,0
2001,280372,1,1,0,0,0,0,0,0,0,0,0,0
2001,280373,1,1,12,12,12,12,12,12,12,12,12,12
2001,280374,1,1,0,26,13,0,0,0,0,20,0,0
2001,280375,1,1,0,0,0,0,0,0,0,0,0,0
2001,280375,2,1,0,0,0,0,0,0,0,0,0,0
2001,280376,0,1,0,0,0,0,0,0,0,0,0,0
2001,280376,1,1,0,0,0,0,0,0,0,0,0,0
2001,280377,1,1,0,0,0,0,0,0,0,0,0,0
2001,280378,1,1,0,0,0,0,0,0,0,0,0,0
2001,280378,2,1,0,0,0,0,0,0,0,0,0,0
2001,280378,3,1,0,0,0,0,0,0,0,0,0,0
2001,280378,4,1,0,0,0,0,0,0,0,0,0,0
2001,280379,1,1,0,0,0,0,0,0,0,0,0,0
2001,280379,2,1,0,0,0,0,0,0,0,0,0,0
2001,280380,1,1,12,12,12,12,12,12,12,12,12,12
2001,280381,1,1,0,0,0,0,0,0,0,0,0,0
2001,280381,2,1,30,0,8,0,0,4,0,11,0,0
2001,280382,1,1,0,0,0,0,0,0,0,0,0,0
2001,280382,2,1,0,0,0,0,0,0,0,0,0,0
2001,280383,1,1,0,0,0,0,23,19,0,0,0,11
2001,280384,1,1,0,0,0,0,0,0,0,0,0,0
2001,280385,1,1,0,0,0,0,0,0,0,0,0,0
2001,280385,2,1,0,0,0,7,0,0,0,0,0,0
2001,280386,1,1,20,20,20,20,20,20,20,20,20,20
2001,280387,1,1,4,4,4,4,4,4,4,4,4,4
2001,280388,1,1,0,0,0,0,0,0,0,0,0,0
2001,280389,1,1,0,0,0,0,0,0,0,0,0,0
2001,280389,2,1,0,0,0,0,0,0,0,0,0,0
2001,280390,1,1,6,6,6,6,6,6,6,6,6,6
2001,280391,1,1,0,0,0,0,0,0,0,0,0,0
2001,280391,2,1,0,0,0,0,0,0,0,0,0,0
2001,280391,3,1,0,0,0,0,0,0,0,0,0,0
2001,280392,1,1,0,0,0,0,0,0,0,0,0,0
2001,280392,2,1,0,0,0,0,0,0,0,0,0,0
2001,280393,1,1,0,0,0,0,0,0,0,0,0,0
2001,280393,2,1,0,0,0,0,0,0,0,0,0,0
2001,280394,1,1,0,0,0,0,0,0,0,0,0,0
2001,280394,2,1,0,0,0,0,0,0,0,0,0,0
2001,280395,1,1,0,0,0,0,0,0,0,0,0,0
2001,280396,1,1,0,0,0,0,0,0,0,0,0,0
2001,280397,1,1,0,0,0,0,0,0,0,0,0,0
2001,280397,2,1,0,0,0,0,0,0,0,0,0,0
2001,280398,1,1,0,0,0,0,0,0,0,0,0,0
2001,280399,1,1,0,0,0,0,0,0,0,0,0,0
2001,280400,1,1,0,0,0,0,0,0,0,0,0,0
2001,280400,2,1,0,0,0,0,0,0,0,0,0,0
2001,280401,1,1,0,0,0,0,0,0,0,0,0,0
2001,280401,2,1,0,0,0,0,0,0,0,0,0,0
2001,280402,1,1,0,0,0,15,0,9,0,0,34,0
2001,280402,2,1,7,0,0,0,0,0,0,6,13,0
2001,280403,1,1,0,0,0,0,0,0,0,0,0,0
2001,280403,2,1,0,0,0,0,0,0,0,0,0,0
2001,280404,1,1,0,0,0,0,0,0,0,0,0,0
2001,280404,2,1,0,0,0,0,0,24,0,0,0,0
2001,280405,1,1,13,0,0,24,0,25,30,12,0,24
2001,280406,1,1,0,0,0,0,0,0,0,0,0,0
2001,280407,1,1,17,29,22,37,12,27,13,8,8,26
2001,280408,1,1,0,0,13,0,0,0,5,0,0,0
2001,280409,1,1,16,16,16,16,16,16,16,16,16,16
2001,280410,0,1,0,0,10,0,20,10,0,0,0,0
2001,280410,1,1,0,24,16,0,0,5,0,0,6,0
2001,280411,1,1,0,0,0,0,0,0,0,0,0,0
2001,280411,2,1,16,16,16,16,16,16,16,16,16,16
2001,280412,1,1,0,0,0,0,0,0,0,0,0,0
2001,280413,1,1,0,12,0,8,0,8,0,11,5,14
2001,280414,1,1,0,0,0,0,0,0,0,0,0,0
2001,280414,2,1,0,0,0,0,0,0,0,0,0,0
2001,280415,1,1,0,0,0,0,0,0,0,0,0,0
2001,280416,1,1,18,18,18,18,18,18,18,18,18,18
2001,280417,1,1,0,0,0,0,0,0,0,0,0,0
2001,280418,1,1,0,0,0,0,0,0,0,0,0,0
2001,280418,2,1,0,0,0,0,0,0,0,0,0,0
2001,280419,1,1,0,0,0,0,0,0,0,0,0,0
2001,280420,1,1,0,0,0,0,0,0,0,0,0,0
2001,280420,2,1,0,0,0,0,0,0,0,0,0,0
2001,280421,1,1,14,14,14,14,14,14,14,14,14,14
2001,280422,1,1,33,33,33,33,33,33,33,33,33,33
2001,280422,2,1,0,0,0,0,0,0,0,0,0,0
2001,280423,1,1,37,37,37,37,37,37,37,37,37,37
2001,280424,1,1,0,0,0,0,0,0,0,0,0,0
2001,280424,2,1,0,0,0,0,0,0,0,0,0,0
2001,280425,1,1,0,0,0,0,0,0,0,0,0,0
2001,280425,2,1,0,0,0,0,0,0,0,0,0,0
2001,280426,1,1,8,8,8,8,8,8,8,8,8,8
2001,280427,1,1,17,17,17,17,17,17,17,17,17,17
2001,280428,1,1,0,0,0,0,0,0,0,0,0,0
2001,280429,1,1,0,0,0,0,0,0,0,0,0,0
2001,280429,2,1,0,0,0,0,0,0,0,0,0,0
2001,280430,1,1,0,0,0,0,0,0,0,0,0,0
2001,280430,2,1,0,0,0,0,0,0,0,0,0,0
2001,280431,1,1,0,0,0,15,0,0,0,0,0,0
2001,280432,1,1,0,0,0,0,0,0,0,0,0,0
2001,280433,1,1,5,5,5,5,5,5,5,5,5,5
2001,280434,1,1,0,0,0,0,0,0,0,0,0,0
2001,280434,2,1,0,0,0,0,0,0,0,0,12,0
2001,280435,0,1,0,0,0,0,0,0,0,0,0,0
2001,280435,1,1,0,18,0,14,11,0,0,0,7,0
2001,280436,1,1,30,30,30,30,30,30,30,30,30,30
2001,280437,1,1,0,0,0,0,0,0,14,8,0,23
2001,280438,1,1,27,0,11,0,0,14,19,12,0,16
2001,280439,1,1,0,0,0,0,0,0,0,0,0,0
2001,280439,2,1,0,0,0,0,0,0,0,0,0,0
2001,280440,0,1,7,18,0,0,7,0,0,27,11,0
2001,280440,1,1,0,0,17,15,0,0,0,0,0,0
2001,280441,1,1,0,10,0,0,0,0,0,13,0,16
2001,280441,2,1,0,0,0,0,0,0,0,0,0,0
2001,280442,0,1,0,0,0,0,0,0,0,0,0,0
2001,280442,1,1,0,0,0,0,0,0,0,0,0,0
2001,280443,1,1,17,17,17,17,17,17,17,17,17,17
2001,280444,1,1,0,0,0,0,0,0,0,0,0,0
2001,280445,0,1,0,0,0,0,0,0,0,0,0,0
2001,280445,1,1,0,0,0,0,0,0,0,7,0,0
2001,280446,0,1,0,0,0,0,0,0,0,0,0,0
2001,280446,1,1,14,11,0,0,11,13,9,0,6,13
2001,280447,1,1,12,12,12,12,12,12,12,12,12,12
2001,280448,1,1,0,0,0,0,0,0,7,0,0,0
2001,280448,2,1,0,0,0,0,0,0,0,0,0,0
2001,280449,1,1,0,0,0,0,0,0,0,0,0,0
2001,280450,1,1,0,0,0,0,0,0,0,0,0,0
2001,280450,2,1,0,0,0,0,0,0,0,0,0,0
2001,280451,1,1,0,0,0,0,0,0,0,0,0,0
2001,280451,2,1,0,0,0,0,0,0,0,0,0,0
2001,280451,3,1,0,0,0,0,0,0,0,0,0,0
2001,280452,1,1,0,0,0,0,0,17,0,11,0,0
2001,280452,2,1,0,0,0,0,0,0,0,0,0,0
2001,280453,1,1,22,22,22,22,22,22,22,22,22,22
2001,280454,1,1,0,0,7,0,0,0,25,17,0,19
2001,280455,1,1,16,16,16,16,16,16,16,16,16,16
2001,280456,1,1,3,3,3,3,3,3,3,3,3,3
2001,280457,0,1,29,0,8,0,0,0,21,19,0,0
2001,280457,1,1,0,8,0,17,0,0,0,0,0,11
2001,280458,1,1,12,12,12,12,12,12,12,12,12,12
2001,280458,2,1,0,0,0,0,0,0,0,0,0,0
2001,280459,1,1,23,23,23,23,23,23,23,23,23,23
2001,280460,1,1,0,0,0,0,0,0,0,0,0,0
2001,280461,1,1,0,0,0,0,0,0,0,0,0,0
2001,280461,2,1,0,0,0,0,0,0,0,0,0,0
2001,280462,1,1,0,0,0,0,0,0,0,0,0,0
2001,280462,2,1,0,0,0,0,0,0,0,0,0,0
2001,280463,1,1,0,23,0,0,0,0,11,10,19,6
2001,280464,1,1,0,0,0,0,0,0,0,0,0,0
2001,280464,2,1,0,0,0,0,0,0,0,0,0,0
2001,280465,1,1,16,16,16,16,16,16,16,16,16,16
2001,280465,2,1,0,0,0,0,0,0,0,0,0,0
2001,280466,1,1,19,19,19,19,19,19,19,19,19,19
2001,280467,1,1,0,21,0,13,16,18,10,0,8,0
2001,280468,1,1,0,0,0,0,0,0,15,0,0,0
2001,280469,1,1,28,28,28,28,28,28,28,28,28,28
2001,280470,1,1,0,0,0,0,0,0,0,0,0,0
2001,280471,0,1,0,0,0,0,0,0,0,0,0,0
2001,280471,1,1,0,0,0,0,0,0,0,0,0,0
2001,280472,1,1,0,0,0,0,0,0,0,0,0,0
2001,280472,2,1,0,0,0,0,0,0,0,0,0,0
2001,280473,1,1,0,0,0,0,0,0,0,0,0,0
2001,280474,1,1,0,0,0,0,0,0,0,0,0,0
2001,280474,2,1,0,0,0,0,0,0,0,0,0,0
2001,280475,1,1,0,0,0,0,0,0,0,0,0,0
2001,280476,1,1,15,0,0,0,0,0,0,8,0,0
2001,280477,0,1,0,0,0,0,0,0,0,0,0,0
2001,280477,1,1,0,0,0,0,0,0,0,0,0,0
2001,280478,0,1,29,0,0,0,27,0,24,23,0,0
2001,280478,1,1,0,0,0,30,0,0,0,0,0,0
2001,280479,1,1,0,0,0,7,18,0,26,0,0,0
2001,280480,1,1,20,20,20,20,20,20,20,20,20,20
2001,280480,2,1,0,0,0,0,0,0,0,0,23,0
2001,280480,3,1,0,0,0,0,0,0,0,0,0,0
2001,280481,1,1,30,30,30,30,30,30,30,30,30,30
2001,280482,1,1,14,14,14,14,14,14,14,14,14,14
2001,280483,1,1,8,0,0,0,14,0,0,12,0,0
2001,280483,2,1,0,0,0,15,0,0,0,0,0,0
2001,280484,1,1,0,0,0,0,0,6,0,5,0,0
2001,280484,2,1,31,24,0,11,0,0,0,0,15,17
2001,280484,3,1,0,0,0,10,0,6,0,0,0,0
2001,280485,1,1,0,10,17,0,0,19,26,13,19,7
2001,280485,2,1,0,0,0,0,0,0,0,0,0,0
2001,280485,3,1,0,0,0,0,0,0,0,0,0,0
2001,280486,0,1,0,0,0,0,0,12,0,0,16,0
2001,280486,1,1,0,0,0,0,0,0,0,0,0,0
2001,280487,1,1,0,0,0,0,0,0,0,0,0,0
2001,280488,1,1,0,0,0,0,0,0,0,0,0,0
2001,280489,1,1,0,0,0,0,0,0,0,0,0,0
2001,280489,2,1,0,0,0,0,0,0,0,0,0,0
2001,280490,1,1,12,12,12,12,12,12,12,12,12,12
2001,280491,1,1,0,0,0,0,0,0,0,0,0,0
2001,280492,1,1,21,21,21,21,21,21,21,21,21,21
2001,280493,1,1,0,0,0,0,0,0,0,0,0,0
2001,280494,1,1,0,0,0,0,0,0,0,0,0,0
2001,280494,2,1,0,0,0,0,0,0,0,0,0,0
2001,280495,1,1,15,0,21,14,17,0,9,33,19,0
2001,280496,1,1,22,22,22,22,22,22,22,22,22,22
2001,280497,0,1,25,25,25,25,25,25,25,25,25,25
2001,280497,1,1,10,10,10,10,10,10,10,10,10,10
2001,280499,1,1,0,0,0,0,0,0,0,0,0,0
2001,280499,2,1,0,0,0,0,0,0,0,0,0,0
2001,280500,1,1,0,0,0,0,0,0,0,0,0,0
2001,280500,2,1,0,0,0,0,0,0,0,0,0,0
2001,280501,1,1,0,0,0,10,0,0,0,0,0,0
2001,280501,2,1,0,0,0,0,0,0,0,0,0,0
2001,280502,1,1,0,0,0,0,0,0,0,0,0,0
2001,280502,2,1,0,0,0,0,0,0,0,0,0,0
2001,280503,1,1,0,23,22,30,25,23,0,0,0,0
2001,280504,1,1,0,0,0,0,0,0,21,0,0,0
2001,280504,2,1,0,0,0,0,9,0,0,0,0,0
2001,280505,1,1,0,0,0,0,0,0,0,0,0,0
2001,280505,2,1,0,0,0,0,0,0,0,0,0,0
2001,280506,1,1,0,0,0,0,0,0,0,0,0,0
2001,280507,1,1,0,0,0,0,0,0,0,0,0,0
2001,280507,2,1,0,0,0,0,0,0,0,0,0,0
2001,280507,3,1,0,0,0,0,0,0,0,0,0,0
2001,280508,0,1,0,0,0,0,0,0,0,0,0,0
2001,280508,1,1,0,0,0,0,0,0,0,0,0,0
2001,280509,1,1,0,0,0,0,0,0,0,0,0,0
2001,280509,2,1,8,8,8,8,8,8,8,8,8,8
2001,280510,1,1,24,24,24,24,24,24,24,24,24,24
2001,280511,0,1,0,0,0,0,0,0,0,0,0,0
2001,280511,1,1,0,0,0,0,0,0,0,0,0,0
2001,280512,1,1,0,0,0,0,0,0,0,0,0,0
2001,280512,2,1,0,0,0,0,0,0,0,0,0,0
2001,280513,1,1,0,0,0,0,0,0,0,0,0,0
2001,280513,2,1,0,20,0,0,0,0,0,0,0,12
2001,280514,1,1,0,0,0,0,0,0,0,0,0,0
2001,280514,2,1,0,0,0,0,0,0,0,0,0,0
2001,280515,0,1,16,16,16,16,16,16,16,16,16,16
2001,280515,1,1,0,0,0,0,0,0,0,0,0,0
2001,280516,1,1,3,3,3,3,3,3,3,3,3,3
2001,280517,1,1,0,0,0,0,0,0,0,0,0,0
2001,280517,2,1,0,0,0,0,0,0,0,0,0,0
2001,280518,1,1,0,0,0,0,0,11,0,0,0,0
2001,280518,2,1,0,0,0,0,0,0,0,0,0,0
2001,280519,1,1,0,0,0,0,0,0,0,0,0,0
2001,280519,2,1,0,0,0,0,0,0,0,0,0,0
2001,280520,1,1,0,0,0,0,0,0,0,0,0,0
2001,280521,1,1,0,0,0,0,0,0,0,0,0,0
2001,280521,2,1,0,0,0,0,0,0,0,0,0,0
2001,280522,1,1,0,9,0,10,0,15,29,0,12,0
2001,280523,1,1,0,0,0,0,0,0,0,0,0,0
2001,280523,2,1,20,20,20,20,20,20,20,20,20,20
2001,280524,1,1,0,0,0,0,0,0,0,0,0,0
2001,280525,1,1,0,16,4,13,13,0,4,0,17,0
2001,280526,1,1,25,25,25,25,25,25,25,25,25,25
2001,280527,1,1,0,0,14,19,0,0,0,0,0,0
2001,280528,1,1,0,0,0,0,0,0,0,0,0,0
2001,280529,0,1,18,18,18,18,18,18,18,18,18,18
2001,280529,1,1,14,14,14,14,14,14,14,14,14,14
2001,280530,1,1,18,0,10,0,0,18,0,11,0,0
2001,280531,1,1,0,0,0,0,0,0,0,0,0,0
2001,280532,1,1,0,0,0,0,0,0,0,0,0,0
2001,280533,1,1,0,0,0,0,0,0,0,0,0,0
2001,280533,2,1,0,0,0,0,0,0,0,0,0,0
2001,280534,1,1,0,0,0,0,0,0,0,0,0,0
2001,280534,2,1,0,0,0,0,0,0,0,0,0,0
2001,280535,1,1,0,0,0,0,0,0,0,0,0,0
2001,280535,2,1,0,0,0,0,0,0,0,0,0,0
2001,280536,1,1,19,19,19,19,19,19,19,19,19,19
2001,280537,1,1,29,29,29,29,29,29,29,29,29,29
2001,280538,1,1,3,3,3,3,3,3,3,3,3,3
2001,280539,1,1,0,0,0,0,0,0,0,0,0,0
2001,280539,2,1,0,0,0,0,0,0,0,0,0,0