YEAR,st_case,veh_no,per_no,P1,P2,P3,P4,P5,P6,P7,P8,P9,P10
2001,280540,1,1,15,15,15,15,15,15,15,15,15,15
2001,280540,2,1,0,0,0,0,0,0,0,0,0,0
2001,280541,1,1,0,0,0,0,0,0,0,0,0,0
2001,280541,2,1,0,0,0,0,0,0,0,0,0,0
2001,280542,1,1,0,0,0,0,0,0,0,0,0,0
2001,280542,2,1,0,0,0,0,0,0,0,0,0,0
2001,280543,1,1,0,0,0,0,0,0,0,0,0,0
2001,280543,2,1,0,0,0,0,0,0,0,0,0,0
2001,280544,1,1,0,8,20,0,26,8,25,0,21,0
2001,280544,2,1,0,10,0,0,0,0,19,0,0,0
2001,280545,1,1,13,13,13,13,13,13,13,13,13,13
2001,280546,1,1,0,0,0,0,0,0,0,0,0,0
2001,280546,2,1,0,0,0,0,0,0,0,0,0,0
2001,280547,1,1,0,0,0,0,0,0,0,24,0,0
2001,280547,2,1,0,0,0,0,0,0,0,0,0,0
2001,280548,1,1,0,0,0,0,0,0,0,0,0,0
2001,280548,2,1,20,20,20,20,20,20,20,20,20,20
2001,280549,1,1,11,11,11,11,11,11,11,11,11,11
2001,280550,1,1,0,0,0,0,0,0,0,0,0,0
2001,280551,1,1,0,0,0,0,0,0,0,0,0,0
2001,280552,1,1,0,5,0,6,0,18,0,10,16,0
2001,280553,1,1,26,26,26,26,26,26,26,26,26,26
2001,280554,1,1,0,0,0,21,0,0,0,0,0,0
2001,280554,2,1,0,0,0,0,0,0,0,0,0,0
2001,280555,1,1,0,0,0,0,0,0,0,0,0,0
2001,280555,2,1,0,0,0,0,0,0,0,0,0,0
2001,280556,1,1,0,0,0,0,0,0,0,0,0,0
2001,280557,1,1,0,0,21,0,0,17,0,0,0,0
2001,280558,1,1,0,0,0,0,0,0,0,0,0,0
2001,280559,1,1,0,0,0,0,0,0,12,0,13,0
2001,280560,1,1,0,17,5,20,0,31,0,6,27,17
2001,280561,0,1,0,0,0,0,0,0,0,0,0,0
2001,280561,1,1,4,0,0,0,0,0,0,0,0,16
2001,280562,1,1,0,0,0,0,0,0,0,0,0,0
2001,280562,2,1,2,0,0,0,0,0,0,0,0,0
2001,280563,1,1,0,0,0,0,0,0,0,0,0,0
2001,280563,2,1,0,0,0,0,0,0,0,0,0,0
2001,280564,1,1,0,0,0,0,0,0,0,0,0,0
2001,280564,2,1,0,0,0,0,0,0,0,0,0,0
2001,280565,0,1,0,10,0,0,0,0,0,0,32,0
2001,280565,1,1,16,0,12,0,0,27,0,13,0,15
2001,280566,1,1,31,31,31,31,31,31,31,31,31,31
2001,280567,1,1,11,11,11,11,11,11,11,11,11,11
2001,280568,1,1,0,0,0,0,0,0,0,0,0,0
2001,280568,2,1,0,0,0,0,0,0,0,0,0,0
2001,280569,0,1,0,0,0,0,0,0,0,0,0,0
2001,280569,1,1,0,0,0,0,0,0,0,0,0,0
2001,280570,1,1,0,18,0,0,0,0,0,0,0,13
2001,280570,2,1,0,0,0,0,0,0,0,0,0,0
2001,280571,1,1,16,16,16,16,16,16,16,16,16,16
2001,280571,2,1,0,0,0,0,0,0,0,0,0,0
2001,280572,1,1,0,0,0,0,0,0,0,8,0,0
2001,280572,2,1,0,25,0,0,0,14,0,16,20,0
2001,280573,1,1,0,0,0,0,0,0,0,0,0,0
2001,280574,1,1,0,0,0,0,0,0,0,0,0,0
2001,280574,2,1,0,0,0,0,0,0,0,0,0,0
2001,280575,1,1,26,26,26,26,26,26,26,26,26,26
2001,280576,1,1,0,0,0,0,0,0,0,0,0,0
2001,280577,1,1,0,0,0,2,0,0,0,0,0,20
2001,280578,1,1,32,32,32,32,32,32,32,32,32,32
2001,280579,1,1,0,0,0,0,0,0,0,0,0,0
2001,280579,2,1,0,0,0,0,0,0,0,0,0,0
2001,280580,1,1,0,0,0,0,0,0,0,0,0,0
2001,280581,1,1,0,0,0,0,0,0,0,0,0,0
2001,280582,1,1,0,0,0,0,0,0,0,0,0,0
2001,280582,2,1,17,17,0,0,0,0,0,10,20,0
2001,280583,1,1,37,0,5,19,0,0,13,0,9,9
2001,280584,1,1,0,0,0,0,7,0,0,0,0,0
2001,280584,2,1,0,0,0,0,0,0,0,0,0,0
2001,280585,0,1,0,0,0,0,0,0,0,0,0,0
2001,280585,1,1,0,0,0,0,0,0,0,0,0,0
2001,280586,1,1,11,7,10,0,0,0,20,0,5,13
2001,280587,1,1,0,0,0,0,0,0,0,0,0,0
2001,280588,1,1,0,0,0,0,0,0,26,0,30,0
2001,280589,1,1,1,1,1,1,1,1,1,1,1,1
2001,280590,1,1,0,0,0,0,0,0,0,0,0,0
2001,280591,1,1,40,40,40,40,40,40,40,40,40,40
2001,280592,1,1,0,0,0,0,0,0,0,0,0,0
2001,280592,2,1,27,0,0,0,9,0,0,37,0,9
2001,280593,1,1,0,0,0,0,0,0,0,0,0,0
2001,280594,1,1,0,0,13,0,0,15,0,0,0,0
2001,280595,1,1,0,0,0,0,0,0,0,0,0,0
2001,280595,2,1,0,0,0,0,0,0,0,0,0,0
2001,280597,1,1,0,0,0,0,0,0,0,0,0,0
2001,280597,2,1,0,0,0,0,0,0,0,0,0,0
2001,280598,1,1,0,0,19,0,0,24,17,0,0,0
2001,280598,2,1,0,0,0,0,0,0,0,0,0,7
2001,280599,0,1,23,23,23,23,23,23,23,23,23,23
2001,280599,1,1,0,0,0,0,0,0,0,0,0,0
2001,280600,0,1,0,0,0,0,0,0,0,0,0,0
2001,280600,1,1,0,0,0,0,0,0,0,0,0,0
2001,280601,1,1,0,0,0,0,0,0,0,0,0,0
2001,280601,2,1,0,0,0,0,0,0,0,0,0,0
2001,280602,1,1,0,0,14,4,0,0,0,0,0,0
2001,280603,1,1,0,0,0,0,0,0,0,0,0,6
2001,280603,2,1,0,0,0,0,0,0,0,0,0,0
2001,280603,3,1,0,0,0,0,0,0,0,0,0,0
2001,280604,1,1,0,0,0,0,0,0,0,0,0,10
2001,280604,2,1,0,0,0,0,0,0,0,0,0,0
2001,280605,1,1,0,0,0,0,0,0,0,0,0,0
2001,280605,2,1,0,10,0,0,0,0,0,0,0,0
2001,280606,0,1,21,20,0,0,0,0,0,0,0,17
2001,280606,1,1,0,0,0,0,0,0,0,0,0,0
2001,280607,1,1,0,32,9,0,0,0,24,0,0,22
2001,280608,1,1,0,0,0,0,0,0,0,0,0,0
2001,280608,2,1,0,0,0,0,0,0,0,0,0,0
2001,280609,1,1,0,0,8,0,31,18,14,27,13,0
2001,280610,0,1,0,0,0,0,0,0,0,0,0,0
2001,280610,1,1,0,0,0,0,0,0,0,0,0,0
2001,280611,1,1,0,0,0,0,0,0,0,0,0,0
2001,280612,1,1,0,0,0,0,0,0,0,0,0,0
2001,280613,1,1,0,0,0,0,0,0,0,0,0,0
2001,280614,1,1,0,0,0,0,0,0,0,0,0,0
2001,280615,1,1,43,18,24,0,14,0,21,21,5,0
2001,280616,0,1,0,0,0,0,0,0,0,0,0,0
2001,280616,1,1,0,0,0,0,0,0,0,0,0,0
2001,280617,1,1,17,17,17,17,17,17,17,17,17,17
2001,280617,2,1,17,15,24,17,37,36,21,0,47,25
2001,280618,1,1,0,0,0,0,0,0,0,0,0,0
2001,280618,2,1,0,0,0,0,0,0,0,0,0,0
2001,280619,1,1,0,0,0,0,0,0,0,0,0,0
2001,280619,2,1,0,0,0,0,0,0,0,10,4,0
2001,280620,1,1,12,12,12,12,12,12,12,12,12,12
2001,280620,2,1,11,11,11,11,11,11,11,11,11,11
2001,280621,1,1,4,0,0,0,0,22,8,5,13,25
2001,280621,2,1,0,15,0,7,0,0,18,0,0,0
2001,280622,1,1,0,0,0,29,16,0,14,0,27,19
2001,280623,1,1,0,0,0,0,0,0,0,0,0,0
2001,280623,2,1,0,15,21,29,0,0,0,0,0,7
2001,280624,1,1,0,0,0,0,0,12,0,0,0,0
2001,280624,2,1,0,0,0,0,0,0,0,0,0,0
2001,280624,3,1,0,0,0,0,0,0,0,7,0,0
2001,280625,1,1,24,29,10,0,0,0,0,0,28,22
2001,280625,2,1,0,0,0,0,0,0,0,0,0,0
2001,280626,1,1,0,0,0,0,0,0,0,0,0,0
2001,280626,2,1,0,0,0,0,0,0,0,0,0,0
2001,280627,1,1,0,17,17,4,27,0,27,10,22,12
2001,280628,1,1,0,0,0,0,0,0,0,0,0,0
2001,280628,2,1,0,0,0,0,0,0,0,0,0,0
2001,280629,1,1,0,0,0,0,0,0,0,0,0,0
2001,280629,2,1,0,0,0,0,0,0,0,0,0,0
2001,280630,1,1,0,0,0,0,0,0,0,0,0,0
2001,280630,2,1,0,0,0,0,0,0,0,0,0,0
2001,280631,1,1,15,15,15,15,15,15,15,15,15,15
2001,280631,2,1,12,12,12,12,12,12,12,12,12,12
2001,280632,1,1,5,34,15,19,13,0,21,25,11,21
2001,280633,0,1,0,0,0,0,0,0,0,0,0,0
2001,280633,1,1,0,0,0,0,0,0,0,0,0,0
2001,280634,1,1,0,15,9,15,16,0,0,25,21,16
2001,280635,1,1,0,0,0,0,0,0,0,0,0,0
2001,280635,2,1,0,0,0,0,0,0,0,0,0,0
2001,280636,1,1,0,49,0,23,0,9,0,26,18,0
2001,280637,1,1,0,0,0,0,0,0,0,0,0,0
2001,280638,1,1,0,0,0,0,0,0,0,0,0,0
2001,280638,2,1,0,0,0,0,0,0,0,0,0,0
2001,280639,1,1,0,0,0,0,0,0,0,0,0,0
2001,280640,1,1,0,0,0,8,0,0,0,34,0,0
2001,280640,2,1,9,0,20,0,0,0,0,0,0,0
2001,280641,1,1,12,12,12,12,12,12,12,12,12,12
2001,280642,1,1,0,0,0,0,0,0,0,0,0,0
2001,280643,1,1,0,0,0,0,0,0,0,0,0,0
2001,280643,2,1,0,0,0,0,0,0,0,0,0,0
2001,280644,1,1,0,0,0,0,0,0,0,0,0,0
2001,280644,2,1,0,0,0,0,0,0,0,0,0,0
2001,280644,3,1,0,0,0,0,0,0,0,0,0,0
2001,280645,1,1,25,25,25,25,25,25,25,25,25,25
2001,280646,0,1,0,0,0,0,0,0,0,0,0,0
2001,280646,1,1,0,0,0,0,0,0,0,0,0,0
2001,280647,1,1,0,20,25,19,22,0,25,9,15,0
2001,280648,1,1,0,0,0,0,0,0,0,0,0,0
2001,280649,1,1,0,0,0,0,0,0,0,0,0,0
2001,280650,1,1,29,20,21,24,16,30,26,12,0,0
2001,280651,1,1,0,0,0,0,0,0,0,0,0,0
2001,280651,2,1,14,14,14,14,14,14,14,14,14,14
2001,280652,1,1,0,0,0,0,0,0,0,0,0,0
2001,280652,2,1,0,0,0,0,0,0,0,0,0,0
2001,280653,1,1,18,18,18,18,18,18,18,18,18,18
2001,280654,1,1,0,0,0,0,0,0,0,0,0,0
2001,280655,1,1,0,0,0,0,0,0,0,0,0,0
2001,280655,2,1,0,0,0,0,0,0,0,0,0,0
2001,280656,1,1,0,0,0,0,0,0,0,0,12,0
2001,280656,2,1,22,0,0,0,14,0,0,0,0,0
2001,280657,1,1,11,11,11,11,11,11,11,11,11,11
2001,280658,1,1,0,0,0,0,0,0,0,0,0,0
2001,280658,2,1,0,0,0,28,0,0,0,0,0,24
2001,280659,1,1,9,6,5,0,0,0,0,0,0,0
2001,280659,2,1,0,0,0,0,0,0,0,0,0,0
2001,280660,1,1,0,0,0,0,0,0,0,0,0,0
2001,280660,2,1,0,0,0,0,0,0,0,0,0,0
2001,280661,1,1,22,0,0,0,21,0,0,0,0,0
2001,280662,1,1,0,0,0,0,0,0,0,0,0,0
2001,280663,1,1,11,18,25,16,0,43,0,11,0,19
2001,280664,0,1,21,19,0,0,0,13,0,0,21,26
2001,280664,1,1,0,0,0,0,0,0,0,0,0,0
2001,280665,1,1,0,0,0,0,0,0,0,0,0,0
2001,280665,2,1,0,0,0,0,15,0,0,7,0,0
2001,280666,1,1,0,0,0,0,0,0,0,0,0,0
2001,280667,1,1,0,0,0,0,0,0,0,0,0,0
2001,280667,2,1,0,0,0,0,0,0,0,0,0,0
2001,280668,1,1,34,0,20,0,0,0,15,0,0,0
2001,280668,2,1,0,15,0,0,27,0,11,0,0,12
2001,280668,3,1,0,0,0,0,0,0,13,0,0,0
2001,280668,4,1,6,0,0,22,0,0,0,17,0,0
2001,280669,0,1,16,32,18,23,15,20,18,22,10,25
2001,280669,1,1,23,0,0,0,0,0,0,0,9,0
2001,280670,1,1,15,15,15,15,15,15,15,15,15,15
2001,280670,2,1,15,15,15,15,15,15,15,15,15,15
2001,280671,1,1,0,0,0,19,0,0,0,0,0,0
2001,280671,2,1,0,0,0,0,0,0,0,0,0,0
2001,280671,3,1,0,0,0,0,0,0,0,0,0,0
2001,280672,0,1,0,0,0,0,0,0,0,0,0,0
2001,280672,1,1,0,0,0,0,0,0,0,0,0,0
2001,280673,0,1,0,0,0,0,0,0,0,0,0,0
2001,280673,1,1,24,0,23,15,0,0,14,12,22,14
2001,280674,1,1,0,0,0,0,0,0,0,0,0,0
2001,280675,0,1,0,0,0,0,0,0,0,0,0,0
2001,280675,1,1,0,0,0,0,0,0,0,0,0,0
2001,280676,1,1,15,15,15,15,15,15,15,15,15,15
2001,280677,1,1,0,0,0,0,0,0,0,0,0,0
2001,280677,2,1,0,0,0,0,0,0,0,0,0,0
2001,280678,1,1,0,0,0,0,0,0,0,18,0,0
2001,280679,0,1,0,0,0,0,0,0,0,0,0,0
2001,280679,1,1,0,0,0,0,0,0,0,0,0,0
2001,280680,1,1,0,0,0,0,0,0,0,0,0,0
2001,280681,1,1,0,17,28,0,0,20,0,0,0,13
2001,280682,1,1,23,0,0,0,0,0,0,0,0,0
2001,280683,1,1,0,0,0,0,0,0,0,0,0,0
2001,280683,2,1,0,29,13,0,2,18,16,12,11,18
2001,280684,1,1,0,0,0,0,0,0,0,0,0,0
2001,280684,2,1,0,0,0,0,0,0,0,0,0,0
2001,280685,1,1,14,11,28,0,10,6,0,0,20,11
2001,280686,1,1,21,17,14,28,14,17,0,11,19,6
2001,280687,0,1,19,0,0,0,0,0,6,11,29,0
2001,280687,1,1,0,0,0,0,0,0,19,0,0,0
2001,280688,0,1,13,0,0,16,0,0,0,28,0,0
2001,280688,1,1,0,0,0,0,0,0,0,0,0,0
2001,280689,1,1,0,0,0,0,0,0,0,0,0,0
2001,280689,2,1,0,0,0,0,0,0,0,0,0,0
2001,280690,0,1,5,19,0,33,0,0,10,0,0,20
2001,280690,1,1,10,24,0,20,14,8,0,0,21,14
2001,280691,1,1,0,0,0,0,0,0,0,0,0,0
2001,280691,2,1,0,0,0,0,0,0,0,0,0,0
2001,280692,1,1,0,21,0,0,10,0,0,0,5,16
2001,280693,1,1,0,0,0,0,0,0,0,0,0,0
2001,280694,1,1,0,0,0,0,0,0,0,0,0,0
2001,280694,2,1,2,0,0,0,0,0,0,0,0,0
2001,280695,1,1,18,18,18,18,18,18,18,18,18,18
2001,280696,1,1,0,0,0,30,0,0,0,0,0,5
2001,280697,1,1,0,0,0,0,21,0,4,0,0,0
2001,280698,1,1,6,0,0,0,0,0,23,0,0,0
2001,280699,1,1,0,0,22,14,17,19,0,11,15,21
2001,280699,2,1,0,0,0,0,0,26,0,0,0,7
2001,280700,1,1,0,0,0,0,0,0,0,0,0,0
2001,280700,2,1,0,0,0,0,0,0,0,0,0,0
2001,280701,0,1,0,0,0,0,0,0,0,0,0,0
2001,280701,1,1,0,0,0,0,0,0,0,0,0,0
2001,280702,1,1,0,0,0,0,0,0,0,0,0,0
2001,280702,2,1,0,0,0,0,0,0,0,0,0,0
2001,280703,1,1,0,0,0,0,0,0,0,0,0,0
2001,280703,2,1,0,0,10,0,0,0,0,0,0,0
2001,280704,1,1,11,11,11,11,11,11,11,11,11,11
2001,280705,1,1,0,0,0,0,0,0,0,0,0,0
2001,280706,1,1,0,0,0,0,3,0,0,0,0,0
2001,280706,2,1,0,0,24,0,0,0,0,0,0,0
2001,280707,1,1,0,0,0,0,0,0,0,0,0,0
2001,290001,1,1,15,15,15,15,15,15,15,15,15,15
2001,290002,1,1,31,31,31,31,31,31,31,31,31,31
2001,290003,1,1,0,0,0,0,0,0,0,0,0,0
2001,290003,2,1,0,0,0,0,0,0,0,0,0,0
2001,290004,1,1,17,17,17,17,17,17,17,17,17,17
2001,290005,1,1,14,14,14,14,14,14,14,14,14,14
2001,290006,1,1,0,0,0,0,0,0,0,0,0,0
2001,290006,2,1,2,2,2,2,2,2,2,2,2,2
2001,290007,1,1,0,0,0,16,0,0,7,0,0,10
2001,290007,2,1,0,0,0,0,4,9,0,0,0,0
2001,290008,1,1,0,0,0,0,24,0,0,0,0,0
2001,290009,1,1,24,24,24,24,24,24,24,24,24,24
2001,290011,1,1,0,0,0,0,0,0,0,0,0,0
2001,290011,2,1,0,0,0,0,0,0,0,0,0,0
2001,290012,1,1,0,0,0,0,0,0,0,0,0,0
2001,290013,1,1,11,0,0,23,13,27,0,27,24,7
2001,290014,1,1,0,0,0,0,0,0,0,0,0,0
2001,290014,2,1,0,0,0,0,0,0,0,11,0,0
2001,290015,1,1,0,0,0,0,0,0,0,0,0,0
2001,290016,1,1,5,5,5,5,5,5,5,5,5,5
2001,290017,1,1,0,0,0,0,0,0,0,0,0,0
2001,290017,2,1,0,0,0,0,0,0,0,0,0,0
2001,290018,1,1,8,4,0,10,12,19,25,11,27,27
2001,290019,1,1,0,0,0,0,0,0,0,0,0,0
2001,290020,1,1,0,0,0,0,0,0,0,0,0,0
2001,290021,1,1,21,0,21,28,13,17,0,31,25,21
2001,290022,0,1,0,0,0,0,0,0,0,0,0,0
2001,290022,1,1,0,0,0,0,0,8,6,29,0,0
2001,290023,1,1,0,0,0,0,0,0,0,0,0,0
2001,290024,1,1,23,23,23,23,23,23,23,23,23,23
2001,290025,0,1,22,0,0,0,0,0,12,10,16,0
2001,290025,1,1,0,0,0,0,0,0,0,8,0,0
2001,290026,1,1,0,0,0,0,0,0,0,0,0,0
2001,290026,2,1,0,0,0,0,0,0,0,0,0,0
2001,290026,3,1,0,0,0,11,0,0,0,0,0,0
2001,290027,1,1,12,12,12,12,12,12,12,12,12,12
2001,290028,0,1,0,0,0,0,0,0,0,0,0,0
2001,290028,1,1,0,0,0,0,0,0,0,0,0,0
2001,290029,1,1,21,21,21,21,21,21,21,21,21,21
2001,290030,1,1,15,15,15,15,15,15,15,15,15,15
2001,290031,1,1,0,0,0,0,0,0,0,0,0,0
2001,290032,1,1,0,0,0,0,0,0,0,0,0,0
2001,290033,1,1,2,2,2,2,2,2,2,2,2,2
2001,290034,1,1,13,13,13,13,13,13,13,13,13,13
2001,290035,1,1,0,0,0,0,0,0,0,0,0,0
2001,290035,2,1,0,0,0,0,0,0,0,0,0,0
2001,290035,3,1,0,0,0,0,0,0,0,0,0,0
2001,290036,1,1,9,16,31,0,0,10,0,0,0,14
2001,290037,1,1,0,0,0,0,0,0,0,0,0,0
2001,290038,1,1,10,0,0,15,40,0,0,23,0,0
2001,290039,1,1,0,0,0,0,0,0,0,0,18,0
2001,290039,2,1,0,0,0,0,30,0,0,0,0,0
2001,290040,1,1,0,0,0,0,0,0,0,0,0,0
2001,290040,2,1,0,0,0,0,0,0,0,0,0,0
2001,290040,3,1,0,0,0,0,0,0,0,0,0,0
2001,290041,1,1,8,8,8,8,8,8,8,8,8,8
2001,290042,1,1,0,0,0,0,0,0,0,0,0,0
2001,290043,1,1,0,0,0,0,0,0,0,0,0,0
2001,290043,2,1,15,7,0,0,0,0,20,0,27,28
2001,290044,1,1,0,15,0,0,0,0,0,0,0,19
2001,290045,1,1,20,20,20,20,20,20,20,20,20,20
2001,290046,1,1,19,19,19,19,19,19,19,19,19,19
2001,290046,2,1,0,0,11,8,0,7,0,0,0,24
2001,290047,0,1,0,0,0,0,0,0,0,0,0,0
2001,290047,1,1,0,0,0,0,0,17,0,0,0,0
2001,290048,0,1,0,0,0,0,0,0,0,0,0,0
2001,290048,1,1,0,0,0,0,0,0,0,0,0,0
2001,290048,2,1,14,0,0,20,14,0,0,24,0,0
2001,290049,1,1,19,19,19,19,19,19,19,19,19,19
2001,290049,2,1,0,34,0,0,11,0,0,0,0,0
2001,290050,1,1,27,27,27,27,27,27,27,27,27,27
2001,290051,1,1,0,0,0,0,0,0,0,0,0,0
2001,290051,2,1,0,0,3,0,0,0,0,0,0,0
2001,290052,1,1,20,20,20,20,20,20,20,20,20,20
2001,290052,2,1,0,0,0,0,0,0,0,0,0,0
2001,290053,1,1,0,0,0,11,0,0,0,0,0,0
2001,290054,1,1,20,0,0,0,8,0,21,0,33,24
2001,290054,2,1,0,0,0,0,0,0,0,0,0,0
2001,290055,1,1,9,9,9,9,9,9,9,9,9,9
2001,290056,1,1,13,13,13,13,13,13,13,13,13,13
2001,290057,1,1,0,0,0,0,0,0,0,0,0,34
2001,290058,1,1,24,24,24,24,24,24,24,24,24,24
2001,290059,1,1,30,30,30,30,30,30,30,30,30,30
2001,290060,1,1,0,0,0,0,0,0,0,0,0,0
2001,290061,1,1,0,0,0,0,0,0,0,0,0,0
2001,290062,0,1,13,13,13,13,13,13,13,13,13,13
2001,290062,1,1,15,0,0,12,0,0,0,0,11,12
2001,290063,1,1,3,3,3,3,3,3,3,3,3,3
2001,290064,1,1,0,0,0,0,0,0,0,0,0,0
2001,290064,2,1,0,23,0,0,0,13,0,16,0,23
2001,290065,1,1,10,0,0,0,0,0,0,0,0,0
2001,290065,2,1,0,0,0,0,0,0,0,0,0,0
2001,290065,3,1,0,0,7,22,0,0,0,0,0,0
2001,290066,1,1,0,0,0,0,0,14,0,0,0,0
2001,290067,1,1,0,0,0,0,0,0,0,0,0,0
2001,290068,1,1,0,0,0,0,0,0,0,0,0,0
2001,290069,1,1,0,0,0,0,0,0,0,0,0,0
2001,290070,1,1,0,0,0,0,0,0,0,0,0,0
2001,290071,1,1,0,0,0,0,0,0,19,0,0,0
2001,290071,2,1,0,0,0,0,0,0,0,0,0,0
2001,290072,1,1,0,0,0,0,0,0,0,0,0,0
2001,290072,2,1,0,0,0,0,0,0,0,0,0,0
2001,290073,0,1,30,30,30,30,30,30,30,30,30,30
2001,290073,1,1,0,22,0,10,0,0,16,0,0,21
2001,290074,1,1,22,0,0,22,0,0,10,18,12,8
2001,290074,2,1,0,0,0,0,0,15,0,0,16,16
2001,290074,3,1,0,0,4,8,0,0,0,6,0,0
2001,290075,1,1,0,0,0,4,0,0,0,0,0,0
2001,290075,2,1,0,0,0,0,0,0,0,0,0,0
2001,290075,3,1,0,0,0,0,0,0,0,12,0,0
2001,290075,4,1,0,0,0,0,0,0,0,0,0,0
2001,290076,0,1,8,8,8,8,8,8,8,8,8,8
2001,290076,1,1,15,0,20,8,0,21,8,0,0,8
2001,290077,1,1,0,0,0,0,0,0,0,0,0,0
2001,290077,2,1,0,2,0,0,0,0,0,0,0,0
2001,290078,1,1,19,19,19,19,19,19,19,19,19,19
2001,290079,1,1,0,0,0,0,0,0,0,0,0,0
2001,290080,0,1,12,12,12,12,12,12,12,12,12,12
2001,290080,1,1,20,0,13,0,0,0,18,32,0,0
2001,290081,1,1,23,23,23,23,23,23,23,23,23,23
2001,290082,1,1,6,18,0,0,16,18,0,0,9,0
2001,290082,2,1,0,0,0,0,0,0,0,0,0,0
2001,290082,3,1,4,0,0,0,0,0,0,0,0,0
2001,290083,0,1,0,0,0,0,0,0,0,0,0,0
2001,290083,1,1,13,8,0,9,0,0,0,0,0,0
2001,290084,1,1,0,0,23,27,19,0,0,0,0,0
2001,290084,2,1,0,0,0,0,0,0,0,0,0,0
2001,290085,1,1,0,0,0,0,0,0,0,0,0,0
2001,290086,1,1,0,0,0,0,0,0,0,0,0,0
2001,290086,2,1,0,0,0,0,0,0,8,0,0,0
2001,290087,1,1,6,6,6,6,6,6,6,6,6,6
2001,290087,2,1,0,0,0,0,0,0,0,0,0,0
2001,290088,1,1,1,1,1,1,1,1,1,1,1,1
2001,290088,2,1,0,0,0,0,0,0,0,0,0,0
2001,290090,1,1,0,0,0,0,0,0,0,0,0,0
2001,290091,1,1,23,0,8,0,11,8,13,2,10,8
2001,290092,1,1,21,21,21,21,21,21,21,21,21,21
2001,290093,1,1,15,15,15,15,15,15,15,15,15,15
2001,290094,1,1,0,0,0,0,0,0,0,0,0,0
2001,290095,1,1,16,16,16,16,16,16,16,16,16,16
2001,290096,1,1,19,12,0,8,32,0,0,22,21,25
2001,290097,1,1,0,4,0,0,0,0,0,0,0,0
2001,290097,2,1,0,0,0,0,0,0,0,0,0,0
2001,290098,1,1,0,0,0,0,0,0,0,0,0,0
2001,290098,2,1,0,0,0,0,0,0,0,0,0,0
2001,290099,1,1,0,0,0,0,0,0,0,0,0,0
2001,290099,2,1,26,26,26,26,26,26,26,26,26,26
2001,290100,1,1,0,0,0,0,0,0,0,0,0,0
2001,290100,2,1,0,13,0,0,0,0,0,0,0,0
2001,290101,1,1,0,0,0,0,0,0,0,19,0,0
2001,290101,2,1,0,0,0,0,0,0,0,25,0,0
2001,290102,1,1,17,17,17,17,17,17,17,17,17,17
2001,290102,2,1,0,0,0,0,0,0,0,0,0,0
2001,290103,1,1,0,0,0,0,0,0,0,0,0,0
2001,290104,1,1,25,25,25,25,25,25,25,25,25,25
2001,290105,1,1,20,20,20,20,20,20,20,20,20,20
2001,290105,2,1,18,9,12,9,0,5,0,13,16,7
2001,290105,3,1,0,0,28,14,0,0,17,17,0,6
2001,290106,1,1,36,36,36,36,36,36,36,36,36,36
2001,290107,0,1,14,14,14,14,14,14,14,14,14,14
2001,290107,1,1,5,0,0,11,0,0,0,0,9,0
2001,290108,1,1,0,0,0,0,0,0,0,0,0,0
2001,290108,2,1,0,0,0,0,0,0,0,0,0,0
2001,290109,1,1,24,24,24,24,24,24,24,24,24,24
2001,290109,2,1,20,0,0,0,15,10,21,0,29,42
2001,290110,1,1,0,0,20,0,0,30,0,0,0,14
2001,290110,2,1,0,0,0,0,0,0,0,0,0,0
2001,290111,1,1,2,2,2,2,2,2,2,2,2,2
2001,290112,1,1,0,0,0,0,0,0,0,0,0,0
2001,290113,1,1,0,0,0,0,0,0,10,22,0,0
2001,290113,2,1,0,0,0,0,0,0,0,0,0,0
2001,290113,3,1,0,0,12,0,0,0,0,7,0,15
2001,290114,1,1,10,0,11,0,0,0,0,0,0,7
2001,290115,1,1,0,0,0,0,0,0,0,0,0,0
2001,290116,1,1,0,0,0,0,0,0,0,0,0,0
2001,290116,2,1,0,0,5,0,0,0,0,8,0,0
2001,290117,0,1,14,14,14,14,14,14,14,14,14,14
2001,290117,1,1,0,0,0,0,0,0,0,0,0,0
2001,290118,1,1,0,6,0,0,10,0,7,0,0,19
2001,290119,0,1,0,23,21,15,0,0,12,0,0,19
2001,290119,0,2,0,0,10,0,0,0,14,0,0,0
2001,290119,1,1,0,17,23,0,0,6,0,17,0,0
2001,290119,2,1,0,0,0,0,0,0,0,0,0,0
2001,290120,1,1,0,0,0,0,0,0,0,0,0,0
2001,290120,2,1,0,0,0,0,0,0,0,0,0,0
2001,290120,3,1,14,0,0,0,0,0,0,0,0,3
2001,290120,4,1,0,0,0,6,0,0,0,0,0,0
2001,290121,1,1,0,0,0,0,31,0,21,0,0,0
2001,290122,1,1,0,0,0,0,0,0,0,0,0,0
2001,290122,2,1,0,0,0,0,0,0,0,0,12,0
2001,290123,1,1,0,0,0,0,0,0,0,0,0,0
2001,290123,2,1,0,0,0,0,0,0,0,0,0,0
2001,290124,1,1,20,20,20,20,20,20,20,20,20,20