YEAR,st_case,veh_no,per_no,P1,P2,P3,P4,P5,P6,P7,P8,P9,P10
2001,290124,2,1,0,0,0,0,0,0,6,0,13,0
2001,290124,3,1,0,0,0,0,0,0,0,0,0,0
2001,290124,4,1,0,0,0,0,0,0,5,0,0,0
2001,290125,0,1,12,12,12,12,12,12,12,12,12,12
2001,290126,1,1,0,0,0,0,0,0,0,0,0,0
2001,290127,0,1,0,0,0,0,0,0,0,0,0,0
2001,290128,1,1,0,0,0,0,0,0,0,0,0,0
2001,290129,1,1,24,24,24,24,24,24,24,24,24,24
2001,290130,1,1,5,5,5,5,5,5,5,5,5,5
2001,290131,1,1,0,0,0,24,0,17,0,0,0,8
2001,290132,1,1,7,7,7,7,7,7,7,7,7,7
2001,290132,2,1,0,0,0,0,0,0,0,0,0,0
2001,290133,1,1,0,0,0,0,0,0,0,0,0,0
2001,290134,0,1,16,16,16,16,16,16,16,16,16,16
2001,290134,1,1,0,4,22,0,20,0,0,18,0,0
2001,290135,1,1,0,0,0,0,0,0,0,0,0,0
2001,290135,2,1,2,2,2,2,2,2,2,2,2,2
2001,290135,3,1,0,0,0,0,0,0,0,0,0,0
2001,290136,1,1,26,26,26,26,26,26,26,26,26,26
2001,290136,2,1,0,0,0,0,0,0,0,0,0,0
2001,290137,0,1,0,0,0,0,0,0,13,0,0,0
2001,290137,1,1,0,0,0,0,0,0,0,0,0,0
2001,290138,1,1,0,0,12,13,21,0,0,22,0,0
2001,290138,2,1,0,0,0,0,0,0,0,0,0,0
2001,290139,1,1,0,0,0,0,0,0,0,0,0,0
2001,290139,2,1,0,0,0,0,0,0,0,0,0,0
2001,290140,1,1,23,23,23,23,23,23,23,23,23,23
2001,290141,1,1,10,10,10,10,10,10,10,10,10,10
2001,290142,1,1,0,0,0,0,22,0,25,12,0,11
2001,290142,2,1,0,0,0,0,0,0,0,0,0,0
2001,290143,1,1,0,0,0,0,0,0,0,0,0,0
2001,290144,0,1,0,0,0,0,0,0,0,0,0,0
2001,290144,1,1,0,0,0,0,0,0,0,0,0,0
2001,290145,1,1,17,17,17,17,17,17,17,17,17,17
2001,290146,1,1,10,10,10,10,10,10,10,10,10,10
2001,290147,1,1,30,30,30,30,30,30,30,30,30,30
2001,290148,0,1,0,0,0,0,0,0,0,0,0,0
2001,290148,1,1,0,8,9,13,6,0,0,30,15,0
2001,290149,1,1,24,24,24,24,24,24,24,24,24,24
2001,290150,1,1,0,14,0,4,0,0,0,4,9,0
2001,290150,2,1,19,19,19,19,19,19,19,19,19,19
2001,290151,1,1,13,0,8,6,10,0,0,7,23,17
2001,290152,1,1,22,22,22,22,22,22,22,22,22,22
2001,290153,1,1,0,13,0,22,0,0,0,0,0,13
2001,290154,1,1,0,0,0,0,0,0,0,0,0,0
2001,290154,2,1,6,0,0,0,0,0,7,0,0,16
2001,290155,1,1,14,0,0,0,0,0,0,0,0,9
2001,290155,2,1,0,0,0,0,0,0,0,0,0,0
2001,290156,1,1,22,22,22,22,22,22,22,22,22,22
2001,290157,1,1,0,0,0,0,0,0,0,0,0,0
2001,290158,1,1,0,0,0,0,0,0,0,0,0,0
2001,290159,1,1,0,0,0,0,0,0,0,0,0,0
2001,290159,2,1,0,0,0,0,0,0,0,0,0,0
2001,290160,1,1,0,21,32,22,20,14,15,26,19,26
2001,290161,0,1,26,26,26,26,26,26,26,26,26,26
2001,290161,1,1,0,0,0,0,0,0,0,0,15,0
2001,290162,0,1,20,20,20,20,20,20,20,20,20,20
2001,290162,1,1,0,0,4,0,7,0,5,5,26,0
2001,290163,1,1,23,23,23,23,23,23,23,23,23,23
2001,290163,2,1,0,0,0,0,0,0,0,0,0,0
2001,290164,1,1,24,24,24,24,24,24,24,24,24,24
2001,290165,1,1,0,0,0,11,0,25,0,0,16,5
2001,290165,2,1,0,0,0,0,0,0,0,0,0,0
2001,290166,1,1,0,0,0,0,0,0,0,0,0,0
2001,290167,0,1,0,0,0,0,0,0,0,0,0,0
2001,290167,1,1,0,5,0,0,0,11,0,19,29,0
2001,290168,1,1,27,27,27,27,27,27,27,27,27,27
2001,290168,2,1,0,0,0,0,0,0,0,0,0,0
2001,290169,1,1,19,19,19,19,19,19,19,19,19,19
2001,290170,1,1,0,0,0,0,0,0,0,0,0,0
2001,290171,1,1,0,0,0,0,0,0,0,0,0,0
2001,290171,2,1,4,0,0,0,0,0,0,0,0,0
2001,290172,1,1,0,0,0,5,0,0,0,0,0,0
2001,290172,2,1,0,0,0,0,0,0,0,0,0,0
2001,290173,1,1,0,0,0,10,9,0,0,0,0,15
2001,290174,1,1,0,0,0,0,0,0,0,0,0,0
2001,290174,2,1,0,0,0,20,21,8,0,0,0,7
2001,290174,3,1,0,0,0,0,0,9,0,0,0,0
2001,290175,1,1,5,5,5,5,5,5,5,5,5,5
2001,290175,2,1,0,0,0,0,0,0,0,0,6,0
2001,290176,1,1,30,30,30,30,30,30,30,30,30,30
2001,290177,1,1,0,0,0,0,0,0,0,0,0,0
2001,290177,2,1,0,0,0,0,0,21,0,0,0,7
2001,290178,1,1,0,0,0,0,0,0,0,0,0,0
2001,290179,1,1,18,18,18,18,18,18,18,18,18,18
2001,290179,2,1,5,5,5,5,5,5,5,5,5,5
2001,290180,1,1,0,0,0,0,0,0,0,0,0,0
2001,290181,1,1,8,8,8,8,8,8,8,8,8,8
2001,290181,2,1,0,0,11,0,0,18,0,0,0,0
2001,290182,1,1,0,0,0,0,20,0,0,0,0,0
2001,290182,2,1,0,0,0,0,0,0,0,0,0,0
2001,290183,1,1,0,0,0,14,0,0,0,0,0,5
2001,290184,1,1,6,6,6,6,6,6,6,6,6,6
2001,290185,1,1,16,16,16,16,16,16,16,16,16,16
2001,290186,1,1,0,0,0,0,0,0,0,12,0,0
2001,290187,1,1,22,22,22,22,22,22,22,22,22,22
2001,290188,1,1,0,0,0,0,0,0,0,0,0,0
2001,290189,1,1,0,0,0,0,0,0,0,0,0,0
2001,290189,2,1,0,0,0,0,0,0,0,0,0,0
2001,290190,0,1,7,7,7,7,7,7,7,7,7,7
2001,290190,1,1,0,0,3,0,0,0,0,18,9,0
2001,290191,1,1,9,9,9,9,9,9,9,9,9,9
2001,290191,2,1,5,0,0,14,19,0,0,0,15,0
2001,290192,1,1,19,19,19,19,19,19,19,19,19,19
2001,290192,2,1,5,0,0,0,0,0,0,0,0,0
2001,290192,3,1,7,0,0,7,0,0,0,0,0,0
2001,290192,4,1,0,0,0,0,0,0,0,0,8,0
2001,290192,5,1,0,0,0,0,0,0,0,0,0,12
2001,290193,0,1,29,29,29,29,29,29,29,29,29,29
2001,290193,1,1,13,0,0,0,0,0,0,12,10,12
2001,290194,1,1,0,0,0,0,0,0,0,11,6,25
2001,290195,1,1,14,12,3,4,9,4,11,16,7,12
2001,290195,2,1,0,0,0,0,0,0,0,0,0,0
2001,290196,1,1,0,0,0,0,0,0,0,0,0,0
2001,290197,1,1,0,0,0,0,0,0,0,0,23,0
2001,290198,0,1,0,0,0,0,0,0,0,0,0,0
2001,290198,0,2,0,0,0,0,0,0,0,0,0,0
2001,290198,1,1,19,0,0,0,0,0,0,26,0,4
2001,290198,2,1,0,0,0,0,19,0,0,4,0,0
2001,290199,1,1,0,0,0,0,0,0,0,0,0,0
2001,290200,1,1,0,0,0,0,0,0,0,0,0,0
2001,290200,2,1,0,0,0,0,0,0,0,0,0,0
2001,290201,1,1,0,0,0,0,0,0,0,0,0,0
2001,290202,1,1,0,0,0,28,0,0,0,0,24,0
2001,290202,2,1,0,0,0,0,0,0,0,0,0,0
2001,290202,3,1,0,0,0,0,12,4,0,0,0,0
2001,290202,4,1,0,0,0,0,0,0,0,0,0,0
2001,290203,1,1,23,21,17,0,0,0,0,13,0,0
2001,290204,1,1,27,27,27,27,27,27,27,27,27,27
2001,290205,1,1,11,23,29,23,31,34,18,10,25,31
2001,290206,1,1,45,45,45,45,45,45,45,45,45,45
2001,290207,1,1,0,19,17,35,28,0,18,14,9,10
2001,290208,1,1,0,0,0,0,0,0,0,0,0,0
2001,290209,1,1,0,0,0,0,0,0,0,0,0,0
2001,290209,2,1,0,0,0,0,0,0,0,17,0,0
2001,290210,1,1,24,24,24,24,24,24,24,24,24,24
2001,290211,1,1,0,0,0,0,0,0,0,0,0,0
2001,290211,2,1,0,0,0,0,0,7,0,0,0,0
2001,290212,1,1,0,0,0,0,0,0,0,0,0,0
2001,290212,2,1,0,0,0,0,0,0,15,0,0,0
2001,290213,1,1,28,20,19,0,22,28,0,13,20,26
2001,290214,1,1,0,0,0,0,10,18,26,0,15,0
2001,290215,1,1,0,0,0,0,0,0,0,0,0,0
2001,290216,0,1,16,16,16,16,16,16,16,16,16,16
2001,290216,1,1,0,0,21,6,0,0,10,0,0,0
2001,290217,1,1,7,7,7,7,7,7,7,7,7,7
2001,290217,2,1,0,0,0,0,0,0,0,0,0,0
2001,290218,1,1,0,0,0,0,0,0,0,0,0,0
2001,290219,1,1,0,0,0,0,0,0,0,0,0,0
2001,290220,0,1,0,0,0,0,0,0,0,0,0,0
2001,290220,1,1,0,0,0,22,0,11,17,0,7,0
2001,290221,1,1,4,4,4,4,4,4,4,4,4,4
2001,290222,1,1,0,0,0,0,0,0,0,4,0,0
2001,290222,2,1,15,0,0,0,0,0,0,0,0,14
2001,290223,1,1,0,0,0,0,0,0,0,0,0,0
2001,290224,1,1,6,6,6,6,6,6,6,6,6,6
2001,290225,1,1,0,0,0,0,0,0,0,0,0,0
2001,290225,2,1,0,0,0,0,0,0,0,0,0,0
2001,290226,1,1,0,0,0,0,0,0,0,0,0,0
2001,290226,2,1,5,5,5,5,5,5,5,5,5,5
2001,290227,1,1,27,20,19,25,26,24,10,40,24,28
2001,290228,1,1,0,0,0,0,0,0,0,0,0,0
2001,290229,1,1,0,0,0,0,0,0,0,0,0,0
2001,290230,1,1,0,0,0,0,0,0,0,0,0,0
2001,290230,2,1,0,0,0,0,0,0,0,0,0,0
2001,290231,1,1,0,0,0,0,0,0,0,0,0,0
2001,290232,1,1,0,0,0,0,0,0,0,0,0,0
2001,290232,2,1,0,0,0,0,0,0,0,0,0,0
2001,290232,3,1,0,0,0,0,0,0,0,0,0,0
2001,290233,1,1,27,11,17,21,0,14,11,0,25,9
2001,290234,1,1,0,0,0,0,0,0,0,0,0,0
2001,290234,2,1,0,0,0,0,0,0,0,0,0,0
2001,290235,1,1,0,17,15,19,4,0,11,15,0,0
2001,290236,1,1,0,0,0,0,0,0,0,0,0,0
2001,290236,2,1,0,0,0,0,0,0,0,0,0,0
2001,290237,1,1,0,0,0,0,0,0,0,0,0,0
2001,290237,2,1,0,0,0,0,0,0,0,0,0,0
2001,290237,3,1,0,0,0,0,0,0,0,0,0,0
2001,290238,1,1,17,33,18,24,17,5,22,23,34,16
2001,290239,1,1,0,0,0,0,0,0,0,0,0,0
2001,290239,2,1,0,7,0,0,0,0,0,0,11,0
2001,290240,1,1,0,0,27,0,0,5,0,0,0,0
2001,290240,2,1,0,0,0,0,0,0,0,0,0,0
2001,290241,1,1,0,0,0,0,0,0,0,0,0,0
2001,290242,1,1,0,0,0,10,0,0,39,0,0,11
2001,290242,2,1,0,0,0,0,0,16,0,0,0,0
2001,290243,1,1,15,15,15,15,15,15,15,15,15,15
2001,290244,1,1,0,0,0,0,0,0,0,0,0,0
2001,290244,2,1,0,0,0,0,0,0,0,0,0,0
2001,290244,3,1,0,0,0,0,0,0,0,0,0,0
2001,290245,1,1,10,10,10,10,10,10,10,10,10,10
2001,290246,1,1,19,19,19,19,19,19,19,19,19,19
2001,290247,1,1,0,0,0,0,0,0,0,0,0,0
2001,290247,2,1,0,0,0,0,0,0,0,0,0,0
2001,290248,1,1,0,0,0,0,0,0,0,0,0,0
2001,290249,1,1,0,0,0,0,0,0,0,0,0,0
2001,290249,2,1,0,0,0,0,0,0,16,0,0,0
2001,290250,1,1,0,0,0,0,0,0,0,0,0,0
2001,290251,1,1,24,24,24,24,24,24,24,24,24,24
2001,290252,1,1,26,0,9,0,0,27,0,6,14,17
2001,290253,1,1,0,0,0,0,0,0,0,0,0,0
2001,290253,2,1,0,0,0,0,0,0,0,0,0,0
2001,290254,1,1,24,24,24,24,24,24,24,24,24,24
2001,290255,1,1,28,20,15,14,18,15,16,29,27,25
2001,290256,1,1,12,13,16,11,0,26,0,0,0,0
2001,290257,1,1,23,23,23,23,23,23,23,23,23,23
2001,290258,1,1,23,0,27,0,16,0,0,0,13,0
2001,290260,1,1,20,20,20,20,20,20,20,20,20,20
2001,290261,1,1,0,0,0,0,0,0,0,0,0,0
2001,290261,2,1,0,0,0,0,9,0,0,0,15,0
2001,290262,1,1,2,2,2,2,2,2,2,2,2,2
2001,290262,2,1,0,0,20,0,0,0,0,0,0,0
2001,290263,0,1,0,0,0,0,0,0,0,0,0,0
2001,290263,1,1,0,0,0,0,0,0,0,0,12,0
2001,290264,1,1,0,0,0,0,5,13,0,0,0,0
2001,290265,1,1,10,10,10,10,10,10,10,10,10,10
2001,290265,2,1,0,0,0,0,0,0,0,0,0,0
2001,290266,1,1,0,0,0,0,0,0,0,0,0,0
2001,290267,1,1,0,0,0,0,0,0,0,0,0,0
2001,290268,1,1,17,12,16,19,17,26,13,23,13,19
2001,290269,0,1,0,0,12,0,0,0,0,0,0,0
2001,290269,1,1,0,0,0,0,0,0,6,0,0,0
2001,290270,1,1,21,21,21,21,21,21,21,21,21,21
2001,290271,1,1,20,20,20,20,20,20,20,20,20,20
2001,290272,1,1,0,0,0,0,0,13,0,0,0,0
2001,290272,2,1,0,0,0,0,0,0,0,0,0,0
2001,290272,3,1,0,0,0,0,0,0,0,0,0,0
2001,290273,0,1,0,0,0,0,0,0,0,0,0,0
2001,290273,1,1,0,0,0,0,0,0,0,0,0,0
2001,290274,1,1,0,0,0,0,0,0,0,0,0,0
2001,290274,2,1,0,0,0,0,0,0,0,0,0,0
2001,290274,3,1,0,0,0,0,0,0,0,0,0,0
2001,290274,4,1,0,0,0,0,0,0,0,0,0,0
2001,290274,5,1,0,0,0,0,0,0,0,0,0,0
2001,290274,6,1,0,0,0,0,0,0,0,0,0,0
2001,290275,1,1,12,12,12,12,12,12,12,12,12,12
2001,290275,2,1,0,0,0,0,0,0,0,0,0,0
2001,290276,1,1,2,2,2,2,2,2,2,2,2,2
2001,290277,1,1,0,0,0,0,0,0,0,0,0,0
2001,290278,1,2,25,10,24,0,14,23,0,0,0,0
2001,290279,1,1,14,14,0,15,0,14,3,0,0,9
2001,290279,2,1,0,0,0,0,4,0,0,0,12,0
2001,290280,1,1,13,13,13,13,13,13,13,13,13,13
2001,290281,1,1,14,14,14,14,14,14,14,14,14,14
2001,290281,2,1,6,6,6,6,6,6,6,6,6,6
2001,290281,3,1,16,0,10,0,0,18,0,0,0,0
2001,290282,1,1,0,0,0,0,0,0,0,0,0,0
2001,290283,1,1,0,0,0,0,0,0,0,0,0,0
2001,290283,2,1,0,0,0,0,0,2,0,0,0,0
2001,290284,1,1,0,0,0,0,0,0,0,0,0,0
2001,290285,1,1,0,0,0,0,0,0,0,0,0,0
2001,290286,1,1,19,19,19,19,19,19,19,19,19,19
2001,290286,2,1,0,0,0,0,0,0,0,0,0,0
2001,290287,1,1,0,0,0,0,0,0,12,0,10,0
2001,290287,2,1,0,0,0,3,0,4,0,0,0,22
2001,290288,1,1,11,11,11,11,11,11,11,11,11,11
2001,290289,1,1,0,0,0,0,0,0,0,0,0,0
2001,290289,2,1,0,0,0,0,0,0,0,0,0,0
2001,290290,0,1,0,0,16,0,0,0,0,32,0,38
2001,290290,1,1,23,0,0,16,0,20,0,0,0,0
2001,290291,1,1,10,0,16,9,19,33,18,20,34,18
2001,290292,1,1,22,22,22,22,22,22,22,22,22,22
2001,290293,1,1,0,0,0,0,0,0,0,0,0,0
2001,290294,1,1,0,0,20,0,0,0,8,0,0,8
2001,290294,2,1,0,0,0,0,0,0,0,0,0,0
2001,290295,1,1,0,0,0,0,0,0,0,0,0,0
2001,290295,2,1,0,0,0,0,0,0,0,0,0,0
2001,290296,1,1,24,24,24,24,24,24,24,24,24,24
2001,290297,0,1,0,0,0,0,0,0,0,0,0,0
2001,290297,1,1,0,0,0,0,0,0,0,0,0,0
2001,290298,0,1,0,0,0,0,0,0,0,0,0,0
2001,290298,1,1,0,0,0,0,0,0,0,0,0,0
2001,290299,1,1,0,0,0,0,0,0,0,0,0,0
2001,290299,2,1,0,0,0,0,0,0,0,0,0,0
2001,290300,1,1,0,0,0,0,0,0,0,0,0,0
2001,290300,2,1,0,0,0,0,0,0,0,0,0,0
2001,290301,1,1,22,22,22,22,22,22,22,22,22,22
2001,290302,1,1,21,21,21,21,21,21,21,21,21,21
2001,290303,0,1,3,3,3,3,3,3,3,3,3,3
2001,290303,1,1,21,0,6,0,0,0,0,15,0,0
2001,290304,1,1,0,0,0,0,0,0,0,0,0,0
2001,290305,1,1,0,0,0,0,0,0,0,0,0,0
2001,290306,1,1,0,0,0,0,0,0,0,0,0,0
2001,290307,1,1,0,0,0,0,0,0,0,0,4,0
2001,290307,2,1,14,14,14,14,14,14,14,14,14,14
2001,290308,1,1,4,4,4,4,4,4,4,4,4,4
2001,290308,2,1,0,0,2,0,0,0,0,0,8,0
2001,290309,1,1,0,0,0,0,0,0,0,0,0,0
2001,290309,2,1,8,8,8,8,8,8,8,8,8,8
2001,290310,1,1,0,14,0,8,0,13,0,0,8,13
2001,290311,1,1,0,0,0,0,2,0,0,0,0,0
2001,290311,2,1,0,0,0,0,0,0,0,0,0,0
2001,290312,1,1,0,0,0,0,0,0,0,14,0,0
2001,290313,1,1,5,5,5,5,5,5,5,5,5,5
2001,290314,1,1,0,0,0,0,0,0,0,0,0,0
2001,290315,1,1,0,0,0,0,0,0,0,0,0,0
2001,290316,1,1,0,0,0,0,0,0,0,0,0,0
2001,290316,2,1,0,0,0,0,0,0,0,0,0,0
2001,290317,1,1,0,31,18,0,0,0,0,0,17,22
2001,290318,1,1,0,0,0,0,0,0,0,0,0,0
2001,290318,2,1,0,0,0,0,0,0,0,0,3,0
2001,290319,1,1,26,17,15,34,16,0,20,9,0,17
2001,290320,1,1,23,23,23,23,23,23,23,23,23,23
2001,290321,1,1,22,22,22,22,22,22,22,22,22,22
2001,290322,0,1,37,37,37,37,37,37,37,37,37,37
2001,290322,1,1,5,5,5,5,5,5,5,5,5,5
2001,290323,1,1,0,0,0,0,0,0,0,0,0,0
2001,290324,1,1,0,0,0,0,0,11,0,20,0,0
2001,290325,1,1,0,22,0,0,10,0,8,5,6,0
2001,290326,1,1,12,25,33,12,0,9,32,33,21,0
2001,290327,1,1,0,0,0,0,0,0,0,0,0,0
2001,290328,0,1,0,0,0,0,0,0,0,0,0,0
2001,290328,1,1,0,0,0,0,0,0,0,0,0,0
2001,290329,1,1,12,12,12,12,12,12,12,12,12,12
2001,290330,1,1,0,0,7,6,0,14,0,17,16,15
2001,290331,1,1,0,0,0,0,0,0,0,0,0,0
2001,290332,1,1,11,0,19,17,12,26,35,20,15,25
2001,290333,1,1,0,0,0,0,0,0,0,0,0,0
2001,290333,2,1,0,0,0,0,0,0,0,0,0,0
2001,290334,1,1,0,0,0,0,0,0,7,0,0,0
2001,290334,2,1,0,0,0,0,0,0,0,0,0,0
2001,290335,1,1,0,0,0,0,0,0,0,0,0,0
2001,290335,2,1,0,0,0,0,0,0,0,0,0,0
2001,290336,1,1,0,0,0,0,0,0,0,0,0,0
2001,290336,2,1,0,0,0,0,0,0,0,0,0,0
2001,290337,1,1,0,24,27,30,20,0,0,0,0,0
2001,290338,1,1,0,0,0,0,0,0,0,0,0,0
2001,290338,2,1,0,0,0,0,0,0,0,0,0,0
2001,290339,1,1,0,0,0,0,0,0,0,0,0,0
2001,290339,2,1,0,0,0,0,0,0,0,0,0,0
2001,290340,1,1,13,13,13,13,13,13,13,13,13,13
2001,290341,1,1,18,16,0,0,11,11,11,0,31,0
2001,290342,1,1,0,0,0,0,0,0,0,0,0,0
2001,290342,2,1,0,0,0,0,0,0,0,0,0,0
2001,290343,1,1,0,0,0,0,0,0,0,0,0,0
2001,290343,2,1,0,0,0,0,0,0,0,0,0,0
2001,290344,1,1,0,0,0,0,0,0,0,0,0,0
2001,290344,2,1,0,0,0,0,0,0,0,0,0,12
2001,290344,3,1,0,0,0,0,0,0,7,0,0,0
2001,290344,4,1,0,0,0,0,0,0,0,0,0,0
2001,290344,5,1,0,0,0,0,0,0,0,0,0,0
2001,290345,1,1,0,0,0,0,0,0,0,0,0,0
2001,290346,1,1,0,0,0,0,0,0,0,0,0,0
2001,290346,2,1,20,20,20,20,20,20,20,20,20,20
2001,290347,1,1,0,0,0,0,0,0,0,0,0,0
2001,290347,2,1,8,0,0,0,0,0,0,0,0,0
2001,290347,3,1,0,0,0,0,0,0,34,0,0,0
2001,290348,1,1,13,13,13,13,13,13,13,13,13,13
2001,290348,2,1,0,0,23,0,25,21,0,8,0,8
2001,290349,1,1,8,17,0,0,0,0,9,0,0,0
2001,290350,0,1,5,0,0,0,27,0,0,0,0,19
2001,290350,0,2,0,0,0,0,0,0,0,0,0,0
2001,290350,1,1,21,21,21,21,21,21,21,21,21,21
2001,290351,1,1,36,13,0,0,0,9,5,0,35,0
2001,290352,1,1,0,0,0,0,0,0,0,0,0,0
2001,290352,2,1,0,0,0,0,0,0,0,0,0,0
2001,290353,1,1,0,0,0,0,0,0,0,0,0,0
2001,290353,2,1,0,0,0,0,17,0,0,22,0,0
2001,290354,1,1,0,0,0,0,0,0,0,0,0,0
2001,290354,2,1,5,0,0,0,0,0,0,0,0,0
2001,290354,3,1,0,0,0,0,0,0,0,0,0,0
2001,290355,1,1,0,0,0,0,0,15,0,0,9,2
2001,290355,2,1,2,2,2,2,2,2,2,2,2,2
2001,290356,1,1,0,0,0,6,11,0,0,0,0,0
2001,290356,2,1,3,3,3,3,3,3,3,3,3,3
2001,290357,1,1,0,0,0,0,0,0,0,0,0,0
2001,290358,1,1,0,0,0,0,0,0,0,0,0,0
2001,290359,1,1,0,0,0,0,0,0,0,0,0,0
2001,290359,2,1,0,0,0,0,0,0,0,0,0,0
2001,290359,3,1,0,0,0,0,0,0,0,11,0,0
2001,290360,1,1,17,17,17,17,17,17,17,17,17,17
2001,290361,1,1,21,21,21,21,21,21,21,21,21,21
2001,290361,2,1,0,0,0,0,0,0,0,0,0,0
2001,290362,1,1,34,34,34,34,34,34,34,34,34,34
2001,290363,1,1,0,0,0,0,0,0,0,0,0,0
2001,290363,2,1,0,0,0,0,0,0,0,0,0,0
2001,290364,1,1,0,0,4,0,0,0,0,0,0,6
2001,290364,2,1,0,0,0,0,0,0,0,0,0,0
2001,290365,1,1,14,0,0,0,0,0,0,0,0,9
2001,290365,2,1,0,0,0,0,0,0,0,0,0,0
2001,290365,3,1,0,0,0,0,0,0,0,0,0,0
2001,290366,0,1,26,26,26,26,26,26,26,26,26,26
2001,290366,1,1,0,0,0,0,0,0,0,0,0,0
2001,290366,2,1,0,0,13,0,0,0,0,0,0,20
2001,290367,1,1,25,25,25,25,25,25,25,25,25,25
2001,290368,1,1,14,14,14,14,14,14,14,14,14,14
2001,290368,2,1,0,0,0,0,0,0,0,0,0,0
2001,290369,1,1,28,28,28,28,28,28,28,28,28,28
2001,290370,0,1,0,0,0,0,0,0,0,0,0,0
2001,290370,0,2,0,0,0,0,0,0,0,0,0,0
2001,290370,1,1,0,0,0,0,0,0,0,0,0,0
2001,290371,1,1,0,0,0,0,0,0,0,0,0,0
2001,290371,2,1,0,0,0,0,0,0,0,0,0,0
2001,290372,1,1,3,3,3,3,3,3,3,3,3,3
2001,290373,1,1,6,6,6,6,6,6,6,6,6,6
2001,290374,1,1,14,15,21,0,23,21,0,0,11,0
2001,290375,1,1,20,20,20,20,20,20,20,20,20,20
2001,290376,1,1,14,14,14,14,14,14,14,14,14,14
2001,290377,1,1,33,33,33,33,33,33,33,33,33,33
2001,290378,1,1,0,0,0,0,0,0,0,0,0,0
2001,290378,2,1,0,0,0,0,0,0,0,0,0,0
2001,290378,3,1,0,0,0,0,0,0,0,0,0,0
2001,290379,1,1,0,0,0,0,0,0,0,0,0,0
2001,290380,1,1,0,0,0,0,0,0,0,0,0,0
2001,290380,2,1,0,0,0,0,0,0,0,0,0,0
2001,290381,1,1,9,9,9,9,9,9,9,9,9,9
2001,290381,2,1,0,0,0,0,19,0,11,13,0,0
2001,290382,1,1,0,0,0,0,0,0,0,0,0,0
2001,290383,1,1,1,1,1,1,1,1,1,1,1,1
2001,290384,1,1,0,0,0,0,0,0,0,0,0,0
2001,290385,1,1,0,0,0,0,0,0,0,0,0,0
2001,290386,1,1,0,0,0,0,0,0,0,0,0,0
2001,290386,2,1,0,0,0,0,0,0,0,6,8,0
2001,290386,3,1,0,0,0,0,0,0,0,0,0,0
2001,290386,4,1,0,0,0,0,0,0,0,0,0,0
2001,290387,1,1,0,0,0,0,0,0,0,0,0,0
2001,290388,1,1,11,11,11,11,11,11,11,11,11,11
2001,290389,1,1,6,6,6,6,6,6,6,6,6,6
2001,290389,2,1,0,0,0,0,0,0,0,0,0,0
2001,290390,1,1,0,0,0,0,5,0,0,0,0,16
2001,290391,1,1,18,18,18,18,18,18,18,18,18,18
2001,290392,1,1,37,0,14,10,11,27,18,26,12,13
2001,290393,1,1,0,0,0,0,0,0,0,0,0,0
2001,290393,2,1,0,0,0,0,0,0,0,0,0,0
2001,290394,1,1,0,0,0,0,0,0,0,0,0,0
2001,290394,2,1,31,0,0,14,0,2,16,0,0,0
2001,290394,3,1,0,0,0,0,0,0,0,0,0,0
2001,290395,1,1,0,7,18,0,0,0,23,0,35,0
2001,290396,1,1,0,24,5,0,0,0,0,0,0,0
2001,290396,2,1,0,13,0,13,0,0,0,0,0,0
2001,290397,1,1,18,18,18,18,18,18,18,18,18,18
2001,290398,1,1,8,0,0,0,0,0,3,0,11,0
2001,290399,1,1,0,0,0,0,0,0,0,0,0,0
2001,290399,2,1,0,0,0,0,0,0,0,0,0,0
2001,290400,0,1,25,25,25,25,25,25,25,25,25,25
2001,290400,1,1,0,11,0,0,0,0,0,0,0,0
2001,290401,1,1,0,0,0,0,0,0,0,0,0,0
2001,290401,2,1,14,0,12,6,23,24,24,13,0,0
2001,290402,1,1,0,0,0,0,0,0,0,0,0,0
2001,290403,1,1,15,36,27,22,13,27,14,0,11,0
2001,290404,1,1,0,0,0,0,0,0,0,0,0,0
2001,290404,2,1,4,4,4,4,4,4,4,4,4,4
2001,290405,1,1,16,20,29,16,10,18,24,32,23,0
2001,290406,1,1,0,0,0,0,0,0,0,0,0,0
2001,290406,2,1,0,0,0,0,0,0,0,0,0,0
2001,290407,1,1,16,16,16,16,16,16,16,16,16,16
2001,290408,1,1,0,11,22,0,0,0,0,0,17,0
2001,290409,1,1,4,5,0,12,0,0,18,8,6,0
2001,290409,2,1,0,1,0,0,0,0,16,0,0,14
2001,290410,1,1,0,0,0,0,0,0,0,0,0,0
2001,290410,2,1,0,0,0,0,0,0,0,0,0,0
2001,290411,1,1,20,20,20,20,20,20,20,20,20,20
2001,290412,1,1,0,0,0,0,0,0,0,0,0,0
2001,290412,2,1,5,5,0,19,0,9,0,0,0,0
2001,290413,1,1,14,14,14,14,14,14,14,14,14,14
2001,290414,1,1,8,8,8,8,8,8,8,8,8,8