YEAR,st_case,veh_no,per_no,P1,P2,P3,P4,P5,P6,P7,P8,P9,P10
2001,290414,2,1,0,0,0,0,0,0,0,0,0,0
2001,290415,1,1,0,0,0,0,0,0,0,0,0,0
2001,290416,1,1,0,0,0,0,0,0,0,0,0,0
2001,290416,2,1,0,0,0,7,0,0,0,0,0,4
2001,290417,1,1,0,0,0,0,0,0,0,0,0,0
2001,290417,2,1,0,0,0,0,0,0,0,0,0,0
2001,290418,1,1,13,13,13,13,13,13,13,13,13,13
2001,290418,2,1,0,0,0,0,37,0,0,0,9,12
2001,290419,1,1,17,17,17,17,17,17,17,17,17,17
2001,290420,1,1,0,0,0,0,0,0,0,0,0,0
2001,290421,1,1,0,0,0,0,0,0,0,0,0,0
2001,290422,1,1,0,0,0,0,0,0,0,0,0,0
2001,290423,1,1,17,17,17,17,17,17,17,17,17,17
2001,290423,2,1,0,0,0,0,0,0,0,0,0,0
2001,290424,1,1,0,0,0,0,0,0,0,0,0,0
2001,290424,2,1,0,0,0,0,0,0,0,0,0,0
2001,290425,1,1,0,0,0,0,0,13,0,13,0,0
2001,290425,2,1,0,0,0,0,0,0,0,0,0,0
2001,290425,3,1,0,0,0,0,0,0,0,0,0,0
2001,290426,1,1,25,0,13,19,19,0,21,0,0,10
2001,290427,1,1,0,0,0,0,0,0,0,0,0,0
2001,290427,2,1,0,9,0,14,0,0,0,8,0,0
2001,290427,3,1,11,11,11,11,11,11,11,11,11,11
2001,290427,4,1,0,0,0,0,0,0,0,0,0,0
2001,290428,1,1,0,0,0,0,0,0,0,0,0,0
2001,290428,2,1,0,0,0,0,0,0,0,0,0,0
2001,290428,3,1,0,0,0,0,0,0,0,0,0,0
2001,290429,1,1,16,16,16,16,16,16,16,16,16,16
2001,290430,0,1,0,0,0,27,20,0,0,0,0,0
2001,290430,0,2,0,0,0,26,0,0,0,0,9,0
2001,290430,1,1,28,23,20,12,4,34,19,33,12,18
2001,290431,1,1,0,0,5,0,0,14,15,0,0,0
2001,290431,2,1,0,26,0,0,0,19,10,0,27,0
2001,290432,1,1,27,27,27,27,27,27,27,27,27,27
2001,290433,1,1,0,0,0,0,0,0,0,0,0,0
2001,290433,2,1,14,14,14,14,14,14,14,14,14,14
2001,290434,1,1,8,8,8,8,8,8,8,8,8,8
2001,290434,2,1,0,0,0,0,0,0,0,0,0,0
2001,290435,1,1,10,17,28,17,15,0,16,39,17,9
2001,290436,1,1,0,0,0,0,0,0,0,0,0,0
2001,290436,2,1,0,0,0,0,0,12,0,0,0,0
2001,290437,1,1,10,10,10,10,10,10,10,10,10,10
2001,290438,1,1,0,0,0,0,0,0,8,0,18,0
2001,290438,2,1,0,0,0,0,0,0,0,0,0,0
2001,290439,1,1,21,0,0,0,0,5,0,13,11,0
2001,290439,2,1,0,0,0,0,0,0,0,0,0,0
2001,290440,1,1,0,0,24,11,30,0,13,4,8,13
2001,290441,1,1,12,23,8,19,8,16,14,13,13,20
2001,290442,1,1,4,4,4,4,4,4,4,4,4,4
2001,290443,1,1,0,0,0,0,0,0,0,0,0,0
2001,290444,1,1,25,25,25,25,25,25,25,25,25,25
2001,290445,1,1,0,0,0,0,0,0,0,0,0,7
2001,290446,1,1,21,21,21,21,21,21,21,21,21,21
2001,290446,2,1,0,18,0,0,16,6,32,0,11,0
2001,290447,1,1,0,20,0,4,0,0,0,13,0,0
2001,290447,2,1,0,0,0,0,0,0,0,0,0,0
2001,290448,1,1,23,23,23,23,23,23,23,23,23,23
2001,290449,1,1,0,0,0,0,0,0,0,0,0,0
2001,290450,1,1,0,0,0,0,0,0,6,0,0,0
2001,290450,2,1,0,0,0,0,0,0,0,0,0,0
2001,290451,1,1,0,0,0,0,0,0,0,0,0,0
2001,290452,1,1,9,9,9,9,9,9,9,9,9,9
2001,290453,1,1,0,0,11,0,0,0,0,0,0,0
2001,290453,2,1,0,0,0,0,0,0,0,0,0,0
2001,290454,1,1,4,4,4,4,4,4,4,4,4,4
2001,290455,1,1,21,21,21,21,21,21,21,21,21,21
2001,290456,1,1,0,30,0,16,0,0,0,13,15,0
2001,290457,1,1,9,9,9,9,9,9,9,9,9,9
2001,290458,1,1,0,0,0,0,0,0,0,0,0,0
2001,290459,1,1,0,0,0,0,0,0,0,0,0,0
2001,290460,1,1,9,9,9,9,9,9,9,9,9,9
2001,290460,2,1,16,16,16,16,16,16,16,16,16,16
2001,290461,0,1,6,6,6,6,6,6,6,6,6,6
2001,290461,1,1,15,0,0,0,0,0,0,0,0,0
2001,290462,1,1,0,0,0,0,0,0,0,0,0,0
2001,290463,1,1,0,0,0,0,0,0,0,0,0,0
2001,290465,1,1,0,0,0,0,0,0,0,0,0,0
2001,290465,2,1,0,0,0,0,17,0,3,0,16,0
2001,290466,0,1,0,0,0,0,0,0,0,0,0,0
2001,290466,1,1,0,0,0,0,0,0,0,0,0,0
2001,290467,1,1,0,0,0,0,0,0,0,0,7,0
2001,290467,2,1,0,0,4,0,17,0,15,0,16,0
2001,290468,1,1,6,6,6,6,6,6,6,6,6,6
2001,290469,1,1,0,0,0,0,0,24,18,0,34,8
2001,290470,1,1,0,0,0,0,0,0,0,0,0,0
2001,290470,2,1,0,0,0,0,0,0,0,0,0,0
2001,290470,3,1,0,0,0,0,0,0,0,0,0,0
2001,290471,1,1,13,13,13,13,13,13,13,13,13,13
2001,290472,1,1,28,28,28,28,28,28,28,28,28,28
2001,290473,1,1,0,0,0,0,0,0,0,0,0,0
2001,290473,2,1,0,0,0,0,0,0,0,0,0,0
2001,290474,0,1,9,0,11,11,0,0,0,0,0,0
2001,290474,1,1,0,0,0,0,0,0,0,0,0,0
2001,290475,1,1,33,33,33,33,33,33,33,33,33,33
2001,290476,1,1,0,0,0,0,0,0,0,0,0,0
2001,290477,1,1,0,0,0,0,0,0,0,0,0,0
2001,290477,2,1,1,1,1,1,1,1,1,1,1,1
2001,290478,1,1,0,0,0,0,0,0,0,0,0,0
2001,290478,2,1,0,0,0,13,0,0,0,0,0,0
2001,290479,1,1,25,25,25,25,25,25,25,25,25,25
2001,290480,1,1,0,0,0,4,0,0,0,0,0,0
2001,290480,2,1,14,15,17,15,15,24,0,19,25,5
2001,290481,0,1,2,2,2,2,2,2,2,2,2,2
2001,290481,1,1,0,0,0,0,0,0,0,0,0,0
2001,290482,1,1,0,0,12,0,7,0,0,9,0,0
2001,290482,2,1,0,0,0,0,0,0,0,0,0,0
2001,290482,3,1,0,0,0,0,0,9,24,0,9,0
2001,290483,1,1,0,0,0,13,0,0,0,15,0,0
2001,290483,2,1,0,0,0,0,0,0,0,0,0,0
2001,290484,1,1,0,0,0,0,0,0,0,0,0,0
2001,290485,1,1,0,0,0,0,0,0,0,0,0,9
2001,290486,1,1,16,16,16,16,16,16,16,16,16,16
2001,290486,2,1,0,0,0,0,0,0,0,9,0,0
2001,290486,3,1,0,0,0,0,0,0,0,0,0,0
2001,290487,0,1,12,12,12,12,12,12,12,12,12,12
2001,290487,1,1,26,25,8,28,30,11,28,0,16,21
2001,290488,1,1,17,17,17,17,17,17,17,17,17,17
2001,290489,1,1,0,0,0,0,0,0,0,0,0,0
2001,290490,1,1,0,0,0,0,0,0,0,0,0,0
2001,290490,2,1,0,0,0,0,0,0,0,0,0,0
2001,290491,1,1,23,23,23,23,23,23,23,23,23,23
2001,290491,2,1,0,0,0,0,0,0,0,5,0,0
2001,290492,1,1,18,18,18,18,18,18,18,18,18,18
2001,290493,1,1,0,0,0,0,0,0,0,0,0,0
2001,290493,2,1,7,0,0,0,12,0,0,0,13,0
2001,290494,1,1,0,0,0,0,0,0,0,0,0,0
2001,290494,2,1,0,0,0,0,0,0,0,0,0,0
2001,290495,1,1,0,0,0,0,0,0,0,0,0,0
2001,290495,2,1,0,0,0,0,0,0,0,0,0,0
2001,290495,3,1,0,0,0,0,27,0,0,0,0,0
2001,290495,4,1,10,0,20,0,0,0,0,0,0,13
2001,290496,1,1,0,5,0,18,0,0,0,0,0,4
2001,290497,1,1,10,12,0,0,0,0,0,19,27,12
2001,290498,1,1,0,0,0,15,0,0,0,0,0,0
2001,290498,2,1,0,0,0,0,0,0,0,0,0,0
2001,290499,1,1,16,13,21,40,0,26,14,18,16,15
2001,290500,1,1,31,31,31,31,31,31,31,31,31,31
2001,290501,1,1,12,20,0,25,6,2,15,23,26,16
2001,290502,1,1,0,0,0,0,0,0,0,0,0,0
2001,290502,2,1,0,0,0,0,0,0,0,0,0,0
2001,290503,0,1,0,0,0,0,0,0,0,0,0,0
2001,290503,1,1,0,0,0,0,0,0,0,11,0,0
2001,290504,1,1,0,0,0,0,0,0,0,0,0,0
2001,290504,2,1,0,0,0,0,0,0,0,0,0,0
2001,290505,1,1,0,0,0,0,0,0,0,0,0,0
2001,290506,1,1,0,0,0,0,0,0,0,0,0,0
2001,290506,2,1,0,0,0,0,0,2,0,0,0,0
2001,290507,0,1,0,0,0,0,0,0,0,0,0,0
2001,290507,1,1,0,0,0,0,0,12,0,0,0,0
2001,290508,1,1,0,0,0,0,0,0,0,0,4,0
2001,290508,2,1,0,0,0,0,0,0,0,0,0,0
2001,290509,1,1,10,0,0,8,29,0,8,24,28,8
2001,290510,1,1,15,15,15,15,15,15,15,15,15,15
2001,290511,1,1,7,0,0,6,0,0,0,11,0,0
2001,290511,2,1,1,1,1,1,1,1,1,1,1,1
2001,290512,1,1,0,0,0,0,0,0,0,0,0,0
2001,290512,2,1,0,0,0,0,0,0,0,0,0,0
2001,290513,1,1,16,16,16,16,16,16,16,16,16,16
2001,290513,2,1,0,0,0,0,0,0,0,0,0,0
2001,290514,1,1,26,20,20,5,18,11,24,26,29,8
2001,290515,1,1,0,0,0,0,0,0,0,0,0,0
2001,290516,1,1,0,0,0,0,0,0,0,0,0,0
2001,290517,1,1,0,0,0,0,0,0,0,0,0,0
2001,290517,2,1,0,0,0,0,0,0,0,0,0,0
2001,290518,1,1,0,0,0,0,0,0,0,0,0,0
2001,290519,1,1,0,0,0,0,0,0,16,0,0,0
2001,290519,2,1,0,0,0,0,0,0,0,0,0,0
2001,290520,1,1,0,0,0,0,0,0,0,0,0,0
2001,290520,2,1,0,0,0,0,0,0,0,0,0,0
2001,290521,1,1,0,0,0,0,0,0,0,0,0,0
2001,290522,0,1,0,0,0,0,0,0,0,0,0,0
2001,290522,1,1,0,0,0,0,0,0,0,19,0,0
2001,290523,1,1,0,0,0,0,0,0,0,0,0,0
2001,290523,2,1,0,0,0,0,0,0,0,0,0,0
2001,290524,1,1,0,0,0,0,0,0,0,0,0,0
2001,290524,2,1,0,0,0,0,0,0,0,0,0,0
2001,290525,1,1,12,12,12,12,12,12,12,12,12,12
2001,290526,1,1,22,0,0,0,2,0,0,0,0,0
2001,290527,1,1,0,0,0,16,0,0,0,0,0,0
2001,290527,2,1,9,5,0,13,14,0,17,0,8,21
2001,290528,1,1,0,0,0,0,0,0,0,0,0,0
2001,290528,2,1,0,0,0,25,0,0,0,0,0,0
2001,290529,1,1,12,18,24,20,18,13,16,22,16,25
2001,290529,2,1,0,0,0,0,0,0,0,0,0,0
2001,290529,3,1,0,0,0,0,0,0,0,0,0,0
2001,290530,1,1,0,0,0,0,0,0,0,0,0,0
2001,290530,2,1,0,0,0,0,0,0,0,0,0,0
2001,290531,1,1,0,0,0,0,0,0,0,0,0,0
2001,290531,2,1,0,0,0,0,0,0,0,0,0,0
2001,290532,1,1,0,0,0,0,26,0,0,0,0,0
2001,290533,1,1,10,10,10,10,10,10,10,10,10,10
2001,290534,1,1,0,0,0,0,0,0,0,0,11,0
2001,290534,2,1,0,0,0,0,0,0,0,0,0,0
2001,290534,3,1,0,10,0,0,0,0,25,11,0,0
2001,290535,1,1,15,15,15,15,15,15,15,15,15,15
2001,290536,1,1,0,0,0,0,0,0,0,0,16,0
2001,290536,2,1,0,0,0,0,0,0,0,0,0,0
2001,290537,0,1,0,0,0,0,0,0,0,0,0,0
2001,290537,1,1,0,0,0,0,0,0,0,0,0,0
2001,290538,1,1,0,0,0,0,0,0,0,0,0,0
2001,290538,2,1,0,0,0,0,0,0,0,0,0,0
2001,290539,1,1,19,19,19,19,19,19,19,19,19,19
2001,290540,1,1,0,0,0,0,0,0,0,0,0,0
2001,290541,1,1,0,0,0,0,0,0,0,0,14,0
2001,290541,2,1,0,0,0,0,0,0,0,0,0,0
2001,290542,1,1,0,0,0,0,0,0,0,0,0,0
2001,290542,2,1,0,0,0,0,0,0,0,0,0,0
2001,290543,1,1,0,0,0,0,0,0,0,0,0,0
2001,290543,2,1,0,0,0,0,0,0,0,0,0,0
2001,290544,1,1,0,0,0,0,0,0,0,0,0,0
2001,290545,1,1,0,0,0,0,0,0,0,0,0,0
2001,290545,2,1,0,0,0,0,0,0,0,0,0,0
2001,290546,1,1,0,0,0,0,0,0,0,0,0,0
2001,290546,2,1,16,0,0,0,0,0,0,0,0,0
2001,290547,1,1,19,19,19,19,19,19,19,19,19,19
2001,290548,1,1,0,15,17,7,26,20,21,19,0,8
2001,290549,1,1,22,22,22,22,22,22,22,22,22,22
2001,290550,0,1,16,16,16,16,16,16,16,16,16,16
2001,290550,1,1,0,0,0,0,0,0,29,0,0,0
2001,290551,1,1,0,0,0,0,0,0,13,0,0,20
2001,290551,2,1,0,0,0,0,0,0,0,0,0,0
2001,290552,1,1,0,0,0,0,0,13,28,0,5,6
2001,290552,2,1,0,0,18,0,0,0,0,0,0,0
2001,290553,1,1,2,2,2,2,2,2,2,2,2,2
2001,290554,1,1,22,22,22,22,22,22,22,22,22,22
2001,290555,0,1,28,28,28,28,28,28,28,28,28,28
2001,290555,1,1,0,0,0,0,0,0,0,0,0,0
2001,290556,1,1,13,13,13,13,13,13,13,13,13,13
2001,290556,2,1,0,8,0,18,0,14,0,0,0,0
2001,290557,1,1,0,0,0,0,0,0,0,0,0,0
2001,290558,1,1,9,0,0,16,18,15,18,22,0,5
2001,290558,2,1,0,8,0,0,0,0,0,0,2,19
2001,290559,1,1,0,0,0,0,0,0,0,0,0,0
2001,290560,1,1,30,30,30,30,30,30,30,30,30,30
2001,290561,1,1,22,22,22,22,22,22,22,22,22,22
2001,290562,1,1,0,0,0,0,0,0,0,0,0,0
2001,290562,2,1,0,0,0,0,0,0,0,0,0,0
2001,290563,1,1,25,25,25,25,25,25,25,25,25,25
2001,290564,1,1,0,0,0,0,0,0,0,0,0,0
2001,290564,2,1,0,0,0,0,0,0,0,0,0,0
2001,290565,1,1,0,0,0,0,13,0,19,0,0,0
2001,290565,2,1,5,5,5,5,5,5,5,5,5,5
2001,290566,1,1,0,0,0,0,0,0,0,0,0,0
2001,290566,2,1,0,0,0,0,0,0,0,0,0,0
2001,290566,3,1,0,0,0,0,0,0,0,0,0,0
2001,290566,4,1,0,0,0,0,0,0,0,0,0,0
2001,290567,1,1,0,0,0,0,0,0,0,0,0,0
2001,290567,2,1,0,0,0,0,4,0,0,3,8,0
2001,290568,1,1,0,0,0,0,0,0,0,0,0,0
2001,290569,1,1,0,0,0,0,0,0,0,0,0,0
2001,290570,1,1,6,6,6,6,6,6,6,6,6,6
2001,290571,1,1,0,0,0,0,0,0,18,0,0,0
2001,290571,2,1,0,0,0,0,0,0,0,0,0,0
2001,290572,1,1,12,12,12,12,12,12,12,12,12,12
2001,290573,1,1,23,23,23,23,23,23,23,23,23,23
2001,290574,1,1,9,9,9,9,9,9,9,9,9,9
2001,290575,1,1,0,0,0,0,0,0,0,0,0,0
2001,290575,2,1,0,0,0,0,0,0,0,0,0,0
2001,290575,3,1,0,0,0,0,0,0,0,0,0,0
2001,290575,4,1,0,0,0,0,0,0,0,0,0,0
2001,290576,1,1,0,0,0,0,0,0,0,0,0,0
2001,290576,2,1,18,18,18,18,18,18,18,18,18,18
2001,290577,1,1,0,16,0,0,0,0,25,28,17,35
2001,290577,2,1,0,0,0,0,0,0,0,0,0,0
2001,290578,1,1,0,0,0,0,0,0,0,0,0,3
2001,290578,2,1,0,0,0,0,0,0,0,0,0,0
2001,290579,1,1,0,0,0,0,0,0,0,0,0,0
2001,290580,1,1,15,15,15,15,15,15,15,15,15,15
2001,290581,1,1,19,19,19,19,19,19,19,19,19,19
2001,290582,1,1,23,23,23,23,23,23,23,23,23,23
2001,290583,1,1,0,0,0,0,5,14,0,0,0,0
2001,290583,2,1,8,8,8,8,8,8,8,8,8,8
2001,290583,3,1,0,0,0,7,0,0,0,0,0,7
2001,290583,4,1,0,0,0,0,0,9,9,5,14,0
2001,290583,5,1,0,0,14,0,9,8,12,0,0,10
2001,290584,1,1,0,0,0,0,0,0,0,0,0,0
2001,290585,1,1,4,4,4,4,4,4,4,4,4,4
2001,290586,1,1,22,22,22,22,22,22,22,22,22,22
2001,290587,1,1,11,11,11,11,11,11,11,11,11,11
2001,290588,1,1,12,0,0,0,0,0,0,0,0,0
2001,290588,2,1,0,0,0,0,0,0,0,0,0,11
2001,290589,1,1,0,0,0,0,0,0,0,0,0,0
2001,290589,2,1,0,0,0,0,0,0,0,0,0,0
2001,290591,1,1,0,0,0,0,0,0,0,0,0,0
2001,290592,1,1,0,0,0,0,0,0,0,7,0,0
2001,290593,0,1,7,0,44,0,0,37,7,6,8,23
2001,290593,1,1,10,0,0,0,0,0,18,33,0,14
2001,290594,1,1,20,20,20,20,20,20,20,20,20,20
2001,290595,1,1,21,21,21,21,21,21,21,21,21,21
2001,290595,2,1,0,0,0,0,0,0,0,0,0,0
2001,290596,1,1,0,0,0,0,0,0,0,0,0,0
2001,290596,2,1,0,0,0,0,0,0,0,0,0,0
2001,290597,1,1,0,0,0,15,0,10,0,0,18,11
2001,290598,1,1,23,23,23,23,23,23,23,23,23,23
2001,290599,1,1,0,0,0,0,0,0,0,0,0,0
2001,290599,2,1,0,5,24,0,0,0,3,0,16,0
2001,290600,1,1,0,0,0,0,0,0,0,0,15,0
2001,290601,1,1,19,19,19,19,19,19,19,19,19,19
2001,290602,1,1,0,0,0,0,0,0,0,0,0,0
2001,290602,2,1,0,0,0,0,0,0,0,0,0,0
2001,290603,1,1,15,15,15,15,15,15,15,15,15,15
2001,290605,1,1,7,7,7,7,7,7,7,7,7,7
2001,290606,1,1,0,0,0,0,0,0,0,0,0,0
2001,290606,2,1,0,0,0,0,0,0,0,0,0,0
2001,290607,1,1,0,0,0,14,0,0,0,0,0,8
2001,290608,1,1,0,0,0,27,0,0,0,0,0,0
2001,290609,0,1,11,11,11,11,11,11,11,11,11,11
2001,290609,0,2,6,6,6,6,6,6,6,6,6,6
2001,290609,1,1,0,0,0,0,0,0,0,0,0,0
2001,290610,1,1,0,0,0,0,0,0,0,0,0,0
2001,290610,2,1,0,0,0,0,0,0,0,0,0,0
2001,290611,1,1,21,21,21,21,21,21,21,21,21,21
2001,290612,1,1,37,37,37,37,37,37,37,37,37,37
2001,290613,1,1,25,25,25,25,25,25,25,25,25,25
2001,290614,1,1,0,0,0,0,0,0,0,0,0,0
2001,290615,1,1,17,17,17,17,17,17,17,17,17,17
2001,290616,1,1,0,0,24,18,0,13,27,0,0,21
2001,290617,1,1,0,0,0,0,0,0,0,0,0,0
2001,290618,0,1,16,16,16,16,16,16,16,16,16,16
2001,290618,0,2,0,15,15,8,24,10,43,0,11,30
2001,290618,1,1,7,7,7,7,7,7,7,7,7,7
2001,290619,1,1,13,13,13,13,13,13,13,13,13,13
2001,290620,0,1,0,0,0,0,0,0,0,0,0,0
2001,290620,1,1,0,0,0,0,0,0,0,0,0,0
2001,290621,1,1,0,0,27,0,0,16,0,0,0,0
2001,290622,1,1,0,0,0,0,0,0,0,0,0,0
2001,290622,2,1,0,0,0,0,0,0,0,0,0,0
2001,290623,1,1,0,14,0,0,0,0,0,0,0,0
2001,290623,2,1,0,0,0,0,0,0,0,0,0,0
2001,290624,1,1,0,0,0,0,0,0,0,0,0,0
2001,290625,1,1,0,0,0,0,0,0,0,0,0,0
2001,290626,1,1,27,27,27,27,27,27,27,27,27,27
2001,290627,1,1,0,0,0,0,0,0,0,0,0,0
2001,290627,2,1,0,0,0,0,0,0,0,0,0,0
2001,290628,1,1,0,7,0,0,23,0,0,5,0,21
2001,290629,1,1,10,12,9,9,13,29,4,7,8,15
2001,290630,1,1,0,0,0,0,0,0,0,0,0,0
2001,290631,1,1,13,13,13,13,13,13,13,13,13,13
2001,290631,2,1,0,13,0,0,0,0,0,0,0,0
2001,290632,1,1,10,0,0,0,10,0,16,0,19,0
2001,290632,2,1,31,19,17,27,26,13,28,20,18,18
2001,290633,1,1,0,0,0,14,0,11,0,0,0,0
2001,290634,1,1,0,0,0,0,25,0,0,0,0,0
2001,290635,1,1,0,16,0,11,0,0,0,0,11,8
2001,290635,2,1,0,0,0,0,0,0,0,0,0,0
2001,290636,1,1,0,0,0,0,0,0,0,0,0,0
2001,290636,2,1,0,0,0,0,0,0,0,0,0,0
2001,290637,1,1,0,0,0,0,0,0,0,0,0,0
2001,290637,2,1,0,0,0,0,0,0,0,0,0,0
2001,290638,1,1,0,0,0,0,0,0,0,0,0,0
2001,290639,1,1,0,0,0,0,0,0,0,0,0,0
2001,290640,1,1,0,0,8,21,0,15,0,12,4,0
2001,290641,1,1,9,9,9,9,9,9,9,9,9,9
2001,290641,2,1,15,15,15,15,15,15,15,15,15,15
2001,290642,0,1,0,0,0,0,0,0,0,0,0,0
2001,290642,1,1,0,0,0,0,0,0,0,5,0,0
2001,290643,1,1,15,18,0,0,22,0,0,0,0,0
2001,290644,1,1,0,0,0,0,0,0,0,0,0,0
2001,290645,1,1,0,0,0,0,0,0,0,0,0,0
2001,290645,2,1,0,0,0,0,0,0,0,0,0,0
2001,290645,3,1,0,0,0,0,0,0,0,0,0,0
2001,290646,1,1,4,0,0,0,0,0,0,11,0,0
2001,290646,2,1,0,0,0,0,0,0,0,0,0,0
2001,290647,1,1,15,15,15,15,15,15,15,15,15,15
2001,290648,1,1,0,0,0,0,6,20,0,8,0,27
2001,290648,2,1,0,0,0,0,0,0,0,0,0,0
2001,290649,1,1,0,0,11,10,0,0,0,0,0,8
2001,290649,2,1,37,37,37,37,37,37,37,37,37,37
2001,290650,1,1,22,22,22,22,22,22,22,22,22,22
2001,290651,0,1,0,0,0,0,0,0,0,0,0,0
2001,290651,1,1,0,0,0,23,0,0,0,0,0,0
2001,290652,0,1,6,6,6,6,6,6,6,6,6,6
2001,290652,1,1,25,26,17,22,25,17,24,8,10,20
2001,290653,1,1,17,17,17,17,17,17,17,17,17,17
2001,290654,1,1,11,31,11,10,17,13,15,0,18,23
2001,290654,2,1,20,5,26,0,0,4,0,17,14,0
2001,290655,1,1,0,0,0,0,0,0,0,0,0,0
2001,290655,2,1,0,0,0,9,0,0,0,0,0,0
2001,290655,3,1,0,0,0,0,0,0,0,0,0,0
2001,290655,4,1,0,0,0,0,33,0,0,0,0,0
2001,290656,1,1,34,34,34,34,34,34,34,34,34,34
2001,290656,2,1,0,0,0,0,0,0,0,0,0,0
2001,290657,1,1,12,12,12,12,12,12,12,12,12,12
2001,290658,1,1,0,0,0,0,0,0,0,0,0,0
2001,290659,1,1,0,36,30,0,18,0,15,9,0,16
2001,290660,1,1,0,0,0,0,0,0,0,0,0,0
2001,290661,1,1,14,20,25,7,0,8,22,12,26,26
2001,290662,1,1,0,0,0,0,0,0,0,0,0,0
2001,290663,1,1,0,0,24,0,0,0,0,0,10,0
2001,290663,2,1,0,0,0,0,0,0,0,0,0,0
2001,290663,3,1,0,0,0,0,0,0,0,0,0,0
2001,290664,1,1,26,0,0,0,0,0,7,0,0,0
2001,290665,1,1,2,2,2,2,2,2,2,2,2,2
2001,290666,1,1,29,24,0,0,0,4,17,8,0,22
2001,290667,1,1,0,0,25,6,0,4,0,0,0,0
2001,290668,1,1,21,21,21,21,21,21,21,21,21,21
2001,290669,1,1,0,0,0,0,0,0,0,0,0,0
2001,290669,2,1,0,0,0,0,0,0,0,0,0,0
2001,290670,1,1,0,0,3,0,28,0,0,11,0,0
2001,290670,2,1,6,6,6,6,6,6,6,6,6,6
2001,290671,1,1,15,15,15,15,15,15,15,15,15,15
2001,290672,1,1,9,0,0,0,0,0,0,0,0,19
2001,290672,2,1,0,0,0,0,0,0,0,0,0,0
2001,290673,1,1,16,16,16,16,16,16,16,16,16,16
2001,290674,1,1,0,0,0,34,0,0,0,0,0,8
2001,290674,2,1,0,0,0,0,0,0,0,0,0,0
2001,290675,1,1,0,0,0,0,18,0,0,0,0,0
2001,290676,1,1,0,0,0,0,12,0,0,0,0,0
2001,290677,1,1,0,0,0,0,0,0,0,0,0,0
2001,290678,1,1,0,0,0,0,0,19,0,0,12,0
2001,290679,1,1,0,0,0,0,0,0,0,0,0,0
2001,290680,1,1,0,0,0,0,0,0,0,0,0,0
2001,290680,2,1,0,0,0,0,0,0,0,0,0,0
2001,290681,1,1,0,0,0,0,0,0,0,0,0,0
2001,290681,2,1,0,0,0,0,0,0,0,0,0,0
2001,290682,0,1,32,32,32,32,32,32,32,32,32,32
2001,290682,1,1,0,0,0,1,0,0,0,0,0,0
2001,290683,1,1,16,0,0,0,0,0,24,0,0,16
2001,290684,1,1,0,0,0,0,0,0,4,0,0,0
2001,290684,2,1,0,0,0,0,0,0,0,0,0,0
2001,290684,3,1,2,0,7,0,8,0,0,0,0,0
2001,290685,1,1,3,3,3,3,3,3,3,3,3,3
2001,290686,1,1,16,16,16,16,16,16,16,16,16,16
2001,290687,0,1,34,34,34,34,34,34,34,34,34,34
2001,290687,1,1,19,2,0,22,0,19,20,12,12,0
2001,290688,1,1,0,0,0,0,0,0,0,0,0,0
2001,290688,2,1,0,0,0,0,0,0,0,0,0,7
2001,290689,0,1,0,0,0,0,0,0,0,0,0,0
2001,290689,1,1,0,0,0,0,0,0,0,0,36,0
2001,290690,1,1,0,0,0,0,0,0,0,0,0,0
2001,290690,2,1,0,15,0,0,0,0,0,0,0,0
2001,290691,1,1,13,13,13,13,13,13,13,13,13,13
2001,290692,1,1,0,0,0,0,0,0,0,0,0,0
2001,290692,2,1,0,0,0,0,0,0,0,0,0,0
2001,290693,1,1,6,6,6,6,6,6,6,6,6,6
2001,290694,1,1,0,0,0,0,0,0,4,0,0,0
2001,290694,2,1,0,0,0,0,0,0,0,0,0,0
2001,290694,3,1,0,4,0,0,0,0,0,0,0,0
2001,290695,1,1,0,0,0,0,0,0,0,0,0,0
2001,290696,0,1,0,0,0,0,0,0,0,0,0,0
2001,290696,1,1,0,0,0,0,0,0,0,0,0,0
2001,290697,1,1,22,22,22,22,22,22,22,22,22,22
2001,290698,1,1,14,14,14,14,14,14,14,14,14,14
2001,290699,1,1,0,0,0,0,0,0,0,0,0,0
2001,290700,1,1,0,0,0,0,0,0,0,0,0,0
2001,290701,1,1,23,23,23,23,23,23,23,23,23,23
2001,290702,1,1,10,10,10,10,10,10,10,10,10,10
2001,290703,1,1,0,0,0,0,20,0,0,0,0,0
2001,290703,2,1,0,0,0,0,0,0,0,0,0,0
2001,290704,1,1,0,0,0,0,0,0,0,0,0,0
2001,290705,1,1,0,0,0,0,0,0,0,0,0,0
2001,290705,2,1,18,0,0,0,0,0,0,0,0,0
2001,290706,1,1,0,0,0,0,0,0,0,0,0,0
2001,290706,2,1,0,0,0,0,0,0,0,0,0,0
2001,290707,1,1,0,0,0,0,0,0,0,0,0,0
2001,290707,2,1,0,0,0,0,0,0,0,16,0,0