YEAR,st_case,veh_no,per_no,P1,P2,P3,P4,P5,P6,P7,P8,P9,P10
2001,320161,2,1,0,0,0,0,0,0,0,0,0,0
2001,320162,1,1,0,0,0,0,0,0,0,0,0,0
2001,320162,2,1,0,0,0,0,0,0,0,0,0,0
2001,320163,1,1,0,0,0,0,0,0,0,0,0,0
2001,320163,2,1,0,0,0,0,0,0,0,0,0,0
2001,320164,1,1,14,14,14,14,14,14,14,14,14,14
2001,320165,1,1,16,16,16,16,16,16,16,16,16,16
2001,320166,1,1,0,0,0,0,0,0,0,0,0,0
2001,320166,2,1,0,0,9,0,0,0,0,0,0,27
2001,320167,0,1,0,0,0,0,0,0,0,0,0,0
2001,320167,1,1,18,18,18,18,18,18,18,18,18,18
2001,320168,1,1,2,2,2,2,2,2,2,2,2,2
2001,320169,1,1,0,0,0,0,0,0,0,0,0,0
2001,320170,1,1,0,0,0,0,0,0,0,0,0,0
2001,320170,2,1,0,0,0,0,0,0,0,0,0,0
2001,320171,1,1,0,0,0,0,0,0,0,0,0,0
2001,320171,2,1,0,0,0,0,0,0,0,0,0,0
2001,320172,1,1,0,0,0,0,0,0,0,0,0,0
2001,320173,1,1,0,0,0,0,0,0,0,0,0,0
2001,320173,2,1,0,0,0,0,0,0,0,0,0,0
2001,320174,0,1,38,38,38,38,38,38,38,38,38,38
2001,320174,1,1,0,0,0,0,0,0,0,0,0,0
2001,320175,0,1,0,0,0,0,0,0,0,0,0,0
2001,320175,0,2,22,18,10,24,20,11,20,0,33,0
2001,320175,1,1,0,0,0,0,0,0,0,0,0,0
2001,320176,1,1,0,0,0,0,0,0,0,0,0,0
2001,320177,1,1,0,0,0,0,0,0,0,0,0,0
2001,320177,2,1,0,17,0,0,0,0,0,0,10,0
2001,320178,1,1,0,0,0,0,0,0,0,0,0,0
2001,320179,1,1,20,20,20,20,20,20,20,20,20,20
2001,320179,2,1,0,0,0,0,0,0,0,0,0,0
2001,320180,1,1,0,0,0,0,0,0,0,0,0,0
2001,320180,2,1,0,0,0,0,0,0,0,0,0,0
2001,320181,1,1,44,44,44,44,44,44,44,44,44,44
2001,320182,1,1,0,0,0,0,0,0,0,0,0,0
2001,320182,2,1,0,0,0,0,0,0,0,0,0,0
2001,320182,3,1,0,0,0,0,0,0,0,0,0,0
2001,320182,4,1,0,0,0,0,0,0,0,0,0,0
2001,320183,1,1,0,0,0,0,0,0,4,0,0,0
2001,320184,1,1,0,0,0,0,0,0,0,0,0,0
2001,320185,1,1,0,0,0,0,0,0,0,0,0,0
2001,320185,2,1,2,2,2,2,2,2,2,2,2,2
2001,320186,1,1,26,26,26,26,26,26,26,26,26,26
2001,320186,2,1,19,0,6,0,0,0,0,7,0,15
2001,320186,3,1,0,0,0,12,0,0,0,0,0,0
2001,320186,4,1,0,0,20,0,0,0,0,0,0,0
2001,320187,1,1,0,0,0,0,0,0,0,0,0,0
2001,320188,1,1,38,0,44,19,16,20,34,18,17,15
2001,320189,1,1,3,17,10,0,0,23,16,0,0,15
2001,320190,1,1,3,3,3,3,3,3,3,3,3,3
2001,320191,1,1,0,0,0,0,0,0,0,0,0,0
2001,320192,1,1,0,0,0,0,0,0,0,0,0,0
2001,320192,2,1,19,0,0,0,0,0,0,0,0,0
2001,320192,3,1,0,20,0,0,0,0,0,0,0,0
2001,320193,0,1,0,0,0,0,0,0,0,0,0,0
2001,320193,0,2,0,0,0,0,0,0,0,0,0,0
2001,320194,0,1,14,14,14,14,14,14,14,14,14,14
2001,320194,1,1,0,0,0,0,0,0,0,0,0,0
2001,320194,2,1,0,0,0,0,0,0,0,0,0,0
2001,320195,1,1,24,24,24,24,24,24,24,24,24,24
2001,320196,1,1,0,0,0,0,0,0,0,0,0,0
2001,320197,1,1,23,23,23,23,23,23,23,23,23,23
2001,320198,1,1,0,0,0,0,0,0,0,0,0,0
2001,320199,1,1,0,0,0,20,0,0,0,0,18,0
2001,320200,1,1,0,0,0,0,0,0,0,0,0,0
2001,320200,2,1,0,0,0,0,0,0,0,0,0,0
2001,320201,1,1,0,0,0,0,0,0,0,0,0,0
2001,320201,2,1,0,0,0,0,0,0,0,0,0,0
2001,320202,1,1,0,0,0,0,0,0,0,0,0,0
2001,320202,2,1,0,0,0,0,0,0,0,0,0,0
2001,320203,1,1,0,0,0,0,0,0,0,0,0,0
2001,320204,1,1,0,0,0,0,0,0,0,0,0,0
2001,320205,1,1,0,0,0,0,0,0,0,0,0,0
2001,320205,2,1,0,0,0,0,0,0,0,0,0,0
2001,320206,0,1,0,0,0,0,0,0,0,0,0,0
2001,320206,0,2,0,0,0,0,0,0,0,0,0,0
2001,320206,0,3,0,0,0,0,0,25,0,0,0,0
2001,320206,1,1,0,0,0,0,0,0,0,0,0,0
2001,320207,1,1,0,0,0,0,0,0,0,0,0,0
2001,320207,2,1,0,0,0,0,0,0,24,0,0,0
2001,320207,3,1,0,0,0,0,0,0,0,0,0,0
2001,320208,1,1,9,9,9,9,9,9,9,9,9,9
2001,320209,1,1,0,0,0,0,0,0,0,0,0,0
2001,320209,2,1,0,0,15,0,0,14,0,0,0,0
2001,320210,1,1,0,21,0,0,16,15,12,16,13,0
2001,320211,1,1,0,0,0,0,0,0,0,0,0,0
2001,320211,2,1,0,0,0,0,0,0,0,0,0,0
2001,320211,3,1,0,0,0,0,0,0,0,0,0,0
2001,320211,4,1,0,0,0,0,0,0,0,0,0,0
2001,320212,1,1,0,0,0,0,28,0,0,27,62,0
2001,320213,1,1,11,0,0,0,0,0,0,0,0,37
2001,320213,2,1,20,20,0,26,0,13,43,25,19,0
2001,320214,1,1,0,0,0,0,0,0,0,0,0,0
2001,320215,0,1,0,0,0,0,0,0,0,7,0,0
2001,320215,1,1,0,0,0,0,0,0,0,0,0,0
2001,320216,1,1,16,16,16,16,16,16,16,16,16,16
2001,320216,2,1,18,18,18,18,18,18,18,18,18,18
2001,320217,1,1,0,0,0,3,0,0,0,0,0,0
2001,320217,2,1,0,0,0,0,0,0,0,0,0,0
2001,320218,1,1,0,0,0,0,0,0,0,0,0,0
2001,320219,1,1,0,0,0,0,0,0,0,0,0,0
2001,320219,2,1,0,0,0,0,0,0,0,0,0,0
2001,320219,3,1,0,0,0,0,0,0,0,0,0,13
2001,320220,1,1,0,0,0,0,0,0,0,0,0,0
2001,320221,0,1,22,22,22,22,22,22,22,22,22,22
2001,320221,1,1,0,0,0,0,0,0,0,0,0,0
2001,320222,1,1,0,0,0,0,0,0,0,0,0,0
2001,320222,2,1,0,0,0,0,0,0,0,0,0,0
2001,320223,1,1,12,12,12,12,12,12,12,12,12,12
2001,320224,0,1,0,0,0,0,0,21,0,15,0,0
2001,320224,0,2,0,0,0,0,0,0,0,0,0,0
2001,320224,0,3,0,0,0,0,0,0,0,0,0,0
2001,320224,1,1,0,0,11,0,0,0,0,0,0,0
2001,320225,1,1,27,0,0,0,0,0,0,0,0,0
2001,320225,2,1,0,0,0,0,0,0,0,0,0,0
2001,320226,1,1,0,0,0,0,0,0,0,0,0,0
2001,320226,2,1,0,0,0,0,0,0,0,15,0,0
2001,320227,1,1,0,0,0,0,0,0,0,0,0,0
2001,320227,2,1,0,0,0,0,0,0,0,0,0,0
2001,320228,1,1,25,10,14,10,0,2,13,32,20,0
2001,320229,1,1,24,24,24,24,24,24,24,24,24,24
2001,320230,1,1,0,0,0,0,0,0,0,0,0,0
2001,320231,1,1,0,0,0,0,0,0,0,0,0,0
2001,320232,1,1,16,16,16,16,16,16,16,16,16,16
2001,320232,2,1,0,0,0,0,0,0,0,0,0,0
2001,320233,1,1,0,0,0,0,0,0,0,0,0,0
2001,320233,2,1,0,0,0,0,0,0,0,0,0,0
2001,320233,3,1,0,0,0,0,0,0,0,0,0,0
2001,320234,1,1,0,0,0,0,0,0,0,0,0,0
2001,320234,2,1,0,0,0,0,0,0,0,0,0,0
2001,320235,1,1,15,15,15,15,15,15,15,15,15,15
2001,320236,1,1,22,22,22,22,22,22,22,22,22,22
2001,320237,1,1,0,0,0,0,0,0,0,0,0,0
2001,320237,2,1,13,0,0,40,10,0,0,0,11,0
2001,320238,1,1,0,0,0,0,0,0,0,0,0,0
2001,320238,2,1,0,0,0,0,0,0,0,0,0,0
2001,320239,1,1,0,0,0,0,0,0,0,0,0,0
2001,320239,2,1,0,0,0,0,0,0,0,0,0,0
2001,320240,1,1,23,0,6,10,13,0,0,0,0,0
2001,320241,0,1,0,0,0,0,0,0,0,0,0,0
2001,320241,0,2,0,0,0,0,0,0,0,0,0,0
2001,320241,1,1,0,0,0,0,0,0,0,0,0,0
2001,320242,1,1,29,29,29,29,29,29,29,29,29,29
2001,320243,1,1,0,0,0,0,27,0,0,0,0,0
2001,320243,2,1,0,0,10,0,0,0,0,0,0,0
2001,320244,0,1,0,0,0,0,0,0,0,0,0,0
2001,320244,1,1,23,0,0,0,0,0,0,0,0,0
2001,320245,1,1,0,0,0,0,0,0,0,0,0,0
2001,320245,2,1,0,0,0,0,0,0,0,0,0,0
2001,320246,1,1,26,21,30,23,4,9,24,19,13,13
2001,320247,1,1,0,0,0,0,0,0,0,0,0,0
2001,320247,2,1,0,0,0,0,0,0,0,0,0,0
2001,320248,1,1,0,0,0,0,0,0,0,0,0,0
2001,320249,1,1,24,24,24,24,24,24,24,24,24,24
2001,320250,1,1,0,0,21,0,0,0,25,0,0,0
2001,320251,1,1,9,9,9,9,9,9,9,9,9,9
2001,320251,2,1,0,0,0,0,0,0,0,0,0,0
2001,320251,3,1,0,0,0,0,0,0,0,0,0,0
2001,320252,1,1,20,20,20,20,20,20,20,20,20,20
2001,320253,1,1,0,0,0,0,0,0,0,0,0,0
2001,320254,1,1,15,15,15,15,15,15,15,15,15,15
2001,320255,1,1,23,6,8,0,32,0,11,0,0,0
2001,320255,2,1,0,0,0,0,0,0,9,0,0,0
2001,320255,3,1,0,0,0,0,0,0,0,0,0,0
2001,320256,1,1,13,2,0,0,15,0,0,5,0,16
2001,320257,1,1,6,6,6,6,6,6,6,6,6,6
2001,320258,1,1,0,0,0,0,0,0,0,0,0,0
2001,320259,0,1,29,29,29,29,29,29,29,29,29,29
2001,320259,1,1,0,5,0,11,0,21,13,0,10,8
2001,320260,1,1,0,0,0,0,0,0,0,0,10,0
2001,320260,2,1,11,2,0,0,0,0,0,0,0,8
2001,320261,1,1,0,0,0,0,0,0,0,0,0,0
2001,320261,2,1,0,0,0,0,10,0,0,0,0,0
2001,320261,3,1,0,0,0,0,0,0,0,0,0,0
2001,320262,1,1,24,24,24,24,24,24,24,24,24,24
2001,320262,2,1,0,0,0,0,0,0,0,0,0,0
2001,320263,1,1,0,0,0,0,0,0,0,0,0,0
2001,320264,0,1,16,16,16,16,16,16,16,16,16,16
2001,320264,1,1,0,0,0,0,0,33,0,0,0,0
2001,320265,1,1,22,22,22,22,22,22,22,22,22,22
2001,320266,0,1,0,0,0,8,35,0,26,0,24,21
2001,320266,1,1,0,0,0,0,0,0,0,0,0,0
2001,320266,2,1,0,0,0,0,0,0,0,0,0,0
2001,320266,3,1,0,7,0,0,0,0,0,0,0,0
2001,320266,4,1,0,0,0,0,0,0,0,0,0,0
2001,320267,0,1,0,0,0,0,0,0,0,0,0,0
2001,320267,1,1,2,2,2,2,2,2,2,2,2,2
2001,320268,1,1,29,14,22,20,0,19,0,0,0,9
2001,320268,2,1,15,36,10,0,0,0,0,0,0,0
2001,320269,1,1,22,22,22,22,22,22,22,22,22,22
2001,320270,1,1,0,0,0,0,0,0,0,0,0,0
2001,320271,1,1,16,16,16,16,16,16,16,16,16,16
2001,320272,1,1,0,0,0,0,0,0,10,0,0,0
2001,320273,0,1,0,0,0,0,0,0,0,0,0,0
2001,320273,1,1,0,0,0,0,5,0,0,0,14,0
2001,320274,0,1,0,0,0,0,0,0,0,0,0,0
2001,320274,1,1,0,0,0,0,0,0,0,0,0,0
2001,320275,1,1,0,0,0,0,0,0,0,0,0,0
2001,320276,0,1,3,3,3,3,3,3,3,3,3,3
2001,320276,1,1,0,0,0,0,0,0,0,0,0,0
2001,320277,1,1,16,16,16,16,16,16,16,16,16,16
2001,320278,1,1,27,27,27,27,27,27,27,27,27,27
2001,320278,2,1,0,0,0,0,0,0,0,0,0,0
2001,320279,1,1,0,0,0,0,0,0,0,0,0,0
2001,320280,1,1,0,0,0,0,0,0,0,0,0,0
2001,320281,1,1,0,0,0,0,0,0,0,0,0,0
2001,320282,1,1,0,0,0,0,0,0,0,0,0,0
2001,320283,1,1,0,0,0,0,0,0,0,0,0,0
2001,320283,2,1,0,0,0,0,0,0,9,0,0,0
2001,320284,0,1,0,0,0,0,0,0,0,0,0,0
2001,320284,1,1,0,0,0,0,0,0,0,0,0,0
2001,320285,1,1,23,23,23,23,23,23,23,23,23,23
2001,320285,2,1,0,0,0,0,0,0,0,0,0,0
2001,330001,1,1,0,0,0,0,0,0,0,0,0,0
2001,330001,2,1,0,0,0,0,0,0,0,0,0,0
2001,330001,3,1,0,0,0,0,0,0,0,0,0,0
2001,330002,1,1,0,0,0,0,0,0,0,0,0,0
2001,330002,2,1,0,0,0,0,0,0,0,0,0,0
2001,330003,1,1,0,0,0,0,0,0,0,0,0,0
2001,330003,2,1,0,0,0,0,0,0,0,0,0,0
2001,330004,1,1,0,0,0,0,0,0,0,0,0,0
2001,330005,1,1,0,0,0,0,0,0,0,0,0,0
2001,330005,2,1,10,0,0,0,0,0,0,0,0,0
2001,330006,1,1,0,0,0,0,0,0,0,0,0,0
2001,330006,2,1,0,0,0,0,0,0,0,0,0,0
2001,330007,1,1,0,12,0,0,0,0,21,0,0,0
2001,330008,1,1,0,0,0,0,0,0,0,0,0,0
2001,330008,2,1,0,0,0,0,0,0,0,0,0,0
2001,330009,1,1,1,1,1,1,1,1,1,1,1,1
2001,330010,1,1,11,11,11,11,11,11,11,11,11,11
2001,330010,2,1,0,0,0,0,0,0,0,0,0,0
2001,330012,1,1,0,0,0,0,0,0,0,0,0,0
2001,330012,2,1,0,0,0,0,0,0,0,0,0,0
2001,330013,1,1,0,0,0,0,0,0,0,0,0,0
2001,330013,2,1,0,0,0,0,0,0,0,0,0,0
2001,330013,3,1,0,0,0,0,0,0,0,0,0,0
2001,330014,1,1,22,22,22,22,22,22,22,22,22,22
2001,330015,1,1,1,1,1,1,1,1,1,1,1,1
2001,330016,1,1,34,34,34,34,34,34,34,34,34,34
2001,330017,1,1,0,0,0,0,0,0,0,0,0,0
2001,330017,2,1,0,0,0,0,0,0,0,0,0,0
2001,330018,0,1,27,0,37,4,0,0,10,0,0,0
2001,330018,1,1,0,0,0,0,0,0,0,0,0,0
2001,330019,1,1,0,0,0,0,0,0,0,0,0,0
2001,330019,2,1,0,0,0,0,0,0,0,0,0,0
2001,330020,1,1,3,3,3,3,3,3,3,3,3,3
2001,330021,1,1,17,17,17,17,17,17,17,17,17,17
2001,330022,1,1,0,0,0,0,0,0,0,0,0,0
2001,330022,2,1,0,0,0,0,0,0,0,0,0,0
2001,330022,3,1,0,0,0,0,0,0,0,0,18,0
2001,330023,1,1,0,0,0,0,0,0,0,0,0,0
2001,330023,2,1,18,18,18,18,18,18,18,18,18,18
2001,330024,1,1,0,0,0,0,0,0,0,0,0,0
2001,330025,1,1,8,8,8,8,8,8,8,8,8,8
2001,330026,1,1,0,0,0,0,0,0,0,0,0,0
2001,330026,2,1,0,0,0,0,0,0,0,0,0,0
2001,330027,1,1,0,0,0,0,0,0,0,0,0,0
2001,330028,1,1,0,0,0,0,0,0,0,0,0,0
2001,330028,2,1,0,0,0,0,0,0,0,0,0,0
2001,330028,3,1,0,0,0,0,0,0,0,0,0,0
2001,330028,4,1,0,0,0,0,0,0,0,0,0,0
2001,330029,0,1,0,0,0,0,0,0,0,0,0,0
2001,330029,1,1,0,0,0,0,0,0,0,0,0,0
2001,330030,1,1,0,0,0,0,0,0,0,0,0,0
2001,330030,2,1,0,0,0,0,0,0,0,0,0,0
2001,330031,1,1,0,0,0,0,0,0,0,0,0,0
2001,330032,1,1,0,0,0,0,0,0,0,0,0,0
2001,330032,2,1,0,0,0,0,0,0,0,0,0,0
2001,330032,3,1,0,0,0,0,0,0,0,0,0,0
2001,330033,0,1,0,0,0,0,0,0,0,0,0,0
2001,330033,1,1,0,0,0,0,0,0,0,0,0,0
2001,330034,1,1,0,0,0,0,0,0,0,0,0,0
2001,330035,1,1,0,0,0,0,0,0,0,0,0,0
2001,330036,1,1,33,33,33,33,33,33,33,33,33,33
2001,330036,2,1,0,0,0,0,0,0,0,0,0,0
2001,330037,1,1,22,22,22,22,22,22,22,22,22,22
2001,330038,1,1,20,20,20,20,20,20,20,20,20,20
2001,330039,1,1,19,19,19,19,19,19,19,19,19,19
2001,330040,1,1,8,8,8,8,8,8,8,8,8,8
2001,330040,2,1,0,0,0,0,0,0,0,0,0,0
2001,330041,1,1,7,7,7,7,7,7,7,7,7,7
2001,330041,2,1,0,0,0,0,0,0,0,0,0,0
2001,330042,1,1,0,0,0,0,0,0,0,0,0,0
2001,330042,2,1,0,0,0,0,0,0,0,0,0,0
2001,330043,1,1,13,13,13,13,13,13,13,13,13,13
2001,330044,1,1,8,8,8,8,8,8,8,8,8,8
2001,330045,1,1,18,18,18,18,18,18,18,18,18,18
2001,330045,2,1,13,0,0,0,20,0,0,0,8,0
2001,330045,3,1,1,1,1,1,1,1,1,1,1,1
2001,330046,1,1,0,0,0,0,0,0,0,0,0,0
2001,330046,2,1,0,0,0,0,0,0,0,0,0,0
2001,330047,1,1,19,19,19,19,19,19,19,19,19,19
2001,330047,2,1,0,0,0,0,0,0,0,0,0,0
2001,330047,3,1,0,0,0,0,0,12,0,0,0,0
2001,330048,1,1,15,15,15,15,15,15,15,15,15,15
2001,330049,1,1,26,26,26,26,26,26,26,26,26,26
2001,330050,1,1,15,15,15,15,15,15,15,15,15,15
2001,330051,1,1,16,16,16,16,16,16,16,16,16,16
2001,330052,1,1,0,0,0,0,0,0,0,0,0,0
2001,330052,2,1,1,1,1,1,1,1,1,1,1,1
2001,330052,3,1,0,0,0,0,0,0,0,0,0,0
2001,330053,1,1,7,7,7,7,7,7,7,7,7,7
2001,330054,1,1,0,0,0,0,0,0,3,10,0,0
2001,330054,2,1,0,0,0,0,0,0,0,0,0,0
2001,330055,1,1,0,0,0,0,0,0,0,0,0,0
2001,330056,1,1,0,0,0,0,0,0,0,0,0,0
2001,330056,2,1,0,0,0,0,0,0,0,0,0,0
2001,330057,1,1,0,0,0,0,0,0,0,0,0,0
2001,330058,1,1,0,0,0,0,0,0,0,0,0,0
2001,330058,2,1,0,0,0,0,0,0,0,0,0,0
2001,330059,1,1,16,16,16,16,16,16,16,16,16,16
2001,330060,0,1,0,0,0,0,0,0,0,0,0,0
2001,330060,1,1,0,0,0,0,0,0,0,0,0,0
2001,330061,1,1,0,26,0,0,0,0,0,29,0,0
2001,330062,1,1,0,0,0,0,0,0,0,0,0,0
2001,330062,2,1,0,0,0,0,0,0,0,0,0,0
2001,330063,1,1,0,0,0,0,0,0,0,0,0,0
2001,330063,2,1,0,0,0,0,0,0,0,0,0,0
2001,330064,1,1,0,0,0,0,0,0,0,0,0,0
2001,330064,2,1,14,14,14,14,14,14,14,14,14,14
2001,330065,1,1,6,6,6,6,6,6,6,6,6,6
2001,330066,1,1,0,0,0,0,0,0,0,0,0,0
2001,330066,2,1,1,1,1,1,1,1,1,1,1,1
2001,330067,1,1,16,16,16,16,16,16,16,16,16,16
2001,330069,1,1,0,0,0,0,0,0,0,0,0,0
2001,330070,1,1,17,17,17,17,17,17,17,17,17,17
2001,330071,1,1,0,0,0,0,0,0,0,0,0,0
2001,330072,1,1,11,11,11,11,11,11,11,11,11,11
2001,330073,1,1,4,4,4,4,4,4,4,4,4,4
2001,330074,1,1,0,0,0,0,0,0,0,0,0,0
2001,330074,2,1,0,0,0,0,0,0,0,0,0,0
2001,330075,1,1,0,0,0,0,0,0,0,0,0,0
2001,330075,2,1,27,27,27,27,27,27,27,27,27,27
2001,330076,1,1,0,0,0,0,0,0,0,0,0,0
2001,330076,2,1,1,1,1,1,1,1,1,1,1,1
2001,330076,3,1,0,0,0,0,0,0,0,0,0,0
2001,330077,1,1,0,0,0,0,0,0,0,14,0,0
2001,330077,2,1,0,0,0,0,0,0,0,0,0,0
2001,330078,1,1,0,0,0,0,0,0,0,0,0,0
2001,330078,2,1,0,0,0,0,0,0,0,0,0,0
2001,330079,1,1,0,0,0,0,0,0,0,0,0,0
2001,330079,2,1,0,0,0,0,0,0,0,0,0,0
2001,330080,1,1,0,0,0,0,0,0,0,0,0,0
2001,330080,2,1,0,0,0,0,0,0,0,0,0,0
2001,330080,3,1,0,0,0,0,0,0,0,0,0,0
2001,330081,1,1,11,11,11,11,11,11,11,11,11,11
2001,330081,2,1,0,0,0,0,0,0,0,0,10,0
2001,330082,1,1,0,0,0,0,0,0,0,0,0,0
2001,330083,1,1,36,0,30,21,12,18,0,0,0,16
2001,330084,1,1,0,0,0,8,0,0,0,0,0,0
2001,330084,2,1,0,0,8,0,0,0,0,0,0,0
2001,330085,1,1,13,13,13,13,13,13,13,13,13,13
2001,330086,1,1,0,0,0,0,0,0,0,0,0,0
2001,330087,1,1,12,12,12,12,12,12,12,12,12,12
2001,330088,1,1,0,0,0,0,0,0,0,0,0,0
2001,330088,2,1,0,0,0,0,0,0,0,0,0,0
2001,330088,3,1,0,0,0,0,0,0,0,0,0,0
2001,330089,1,1,1,1,1,1,1,1,1,1,1,1
2001,330090,0,1,0,0,0,0,0,0,0,0,0,0
2001,330090,1,1,0,0,0,0,0,0,0,0,0,0
2001,330091,1,1,1,1,1,1,1,1,1,1,1,1
2001,330092,0,1,19,19,19,19,19,19,19,19,19,19
2001,330092,1,1,0,0,0,0,0,0,0,0,0,0
2001,330093,0,1,0,0,0,0,0,0,0,0,0,0
2001,330093,1,1,0,33,0,0,0,0,0,0,0,0
2001,330094,1,1,14,14,14,14,14,14,14,14,14,14
2001,330095,1,1,26,26,26,26,26,26,26,26,26,26
2001,330095,2,1,0,0,0,0,0,0,0,0,0,0
2001,330096,0,1,0,0,0,0,0,0,0,0,0,0
2001,330096,1,1,0,0,0,0,0,0,0,0,0,0
2001,330097,1,1,24,24,24,24,24,24,24,24,24,24
2001,330098,1,1,0,0,0,0,0,0,0,0,0,0
2001,330099,1,1,0,0,0,0,0,0,0,0,0,0
2001,330100,1,1,19,19,19,19,19,19,19,19,19,19
2001,330101,1,1,0,0,0,0,0,0,0,0,0,0
2001,330101,2,1,0,0,0,0,0,0,0,0,0,0
2001,330102,1,1,0,0,0,0,0,0,0,0,0,0
2001,330102,2,1,0,0,0,0,0,0,0,0,0,0
2001,330103,1,1,1,1,1,1,1,1,1,1,1,1
2001,330104,1,1,0,0,0,0,0,0,0,0,0,0
2001,330104,2,1,0,0,0,0,0,0,0,0,0,0
2001,330104,3,1,0,0,0,0,0,0,0,0,0,0
2001,330105,1,1,0,0,0,0,0,0,0,0,0,0
2001,330106,0,1,0,0,0,0,0,0,0,0,0,0
2001,330106,1,1,27,27,27,27,27,27,27,27,27,27
2001,330107,1,1,0,0,0,0,0,0,0,0,0,0
2001,330107,2,1,0,0,0,0,0,0,0,0,0,0
2001,330108,1,1,23,23,23,23,23,23,23,23,23,23
2001,330109,1,1,24,24,24,24,24,24,24,24,24,24
2001,330110,1,1,0,0,0,0,0,0,0,0,0,0
2001,330110,2,1,0,0,0,0,0,0,0,0,0,0
2001,330111,1,1,0,0,0,0,0,0,0,0,0,0
2001,330112,1,1,0,0,0,0,0,0,0,0,0,0
2001,330112,2,1,0,0,0,0,0,0,0,0,3,0
2001,330113,1,1,8,8,8,8,8,8,8,8,8,8
2001,330114,1,1,0,0,0,0,0,0,0,0,0,0
2001,330114,2,1,0,0,0,0,0,0,0,0,0,0
2001,330114,3,1,0,0,0,0,0,0,0,0,0,0
2001,330116,1,1,0,0,0,0,0,0,0,0,0,0
2001,330116,2,1,0,0,0,0,0,0,0,0,0,0
2001,330117,1,1,0,0,0,0,0,0,0,0,0,0
2001,330119,0,1,0,0,0,0,0,0,0,0,0,0
2001,330119,1,1,0,0,0,0,0,0,0,0,0,0
2001,330119,2,1,14,14,14,14,14,14,14,14,14,14
2001,330120,1,1,0,0,0,0,0,0,0,0,0,0
2001,330121,1,1,0,0,0,0,0,0,0,0,15,0
2001,330121,2,1,0,0,0,0,0,0,0,0,0,11
2001,330121,3,1,15,0,20,8,0,0,0,0,0,0
2001,330122,1,1,0,0,0,0,0,0,0,0,0,0
2001,330122,2,1,0,0,0,0,0,0,0,0,0,0
2001,330123,1,1,15,15,15,15,15,15,15,15,15,15
2001,330124,1,1,17,17,17,17,17,17,17,17,17,17
2001,330125,1,1,0,0,0,0,0,0,0,0,0,0
2001,330125,2,1,0,0,0,0,0,0,0,0,0,0
2001,330126,1,1,0,0,0,0,0,0,0,0,0,0
2001,330127,0,1,0,0,0,0,0,0,0,0,0,0
2001,330127,1,1,0,0,0,0,0,0,0,0,0,0
2001,330128,1,1,0,0,0,0,0,0,0,0,0,0
2001,330128,2,1,0,0,0,0,0,0,0,14,0,0
2001,340001,1,1,0,0,0,0,0,0,0,0,0,0
2001,340002,0,1,0,0,0,0,30,7,34,0,0,0
2001,340002,1,1,0,0,0,0,0,0,0,0,0,0
2001,340004,1,1,0,0,0,21,0,0,0,0,0,0
2001,340005,1,1,0,0,0,0,0,0,0,0,0,0
2001,340006,0,1,0,0,0,0,0,0,0,0,0,0
2001,340006,1,1,0,0,0,0,0,0,0,0,0,0
2001,340007,1,1,0,0,0,0,0,0,0,0,0,0
2001,340008,1,1,29,8,31,21,18,19,0,24,15,19
2001,340009,1,1,14,14,14,14,14,14,14,14,14,14
2001,340009,2,1,0,0,0,0,0,0,0,0,0,0
2001,340010,1,1,15,15,15,15,15,15,15,15,15,15
2001,340011,1,1,0,0,0,0,0,0,0,0,0,0
2001,340012,1,1,0,0,0,0,0,0,0,0,0,0
2001,340013,1,1,0,0,0,0,0,0,0,0,0,0
2001,340013,2,1,16,11,20,8,0,7,14,0,10,25
2001,340014,1,1,0,0,0,0,0,0,0,0,0,0
2001,340014,2,1,0,0,0,0,0,0,0,0,0,0
2001,340015,1,1,0,0,0,0,0,0,0,0,0,0
2001,340015,2,1,0,0,0,0,0,0,0,0,0,0
2001,340016,1,1,26,26,26,26,26,26,26,26,26,26
2001,340017,1,1,5,5,5,5,5,5,5,5,5,5
2001,340018,1,1,12,12,12,12,12,12,12,12,12,12
2001,340019,1,1,8,7,13,0,0,0,0,0,0,0
2001,340020,0,1,0,0,0,0,0,0,0,0,11,0
2001,340020,1,1,0,0,0,0,0,0,0,0,0,0
2001,340021,1,1,0,0,0,0,0,0,0,0,16,0
2001,340021,2,1,0,0,0,0,5,0,0,0,0,21
2001,340023,1,1,0,0,0,0,0,0,0,0,0,0
2001,340023,2,1,0,0,0,0,0,0,0,0,0,0
2001,340023,3,1,0,0,0,0,0,0,0,0,0,0
2001,340023,4,1,0,0,0,0,0,0,0,0,0,0
2001,340024,1,1,0,0,0,0,0,0,0,20,0,0
2001,340024,2,1,0,0,0,0,0,0,0,0,0,0
2001,340026,1,1,22,22,22,22,22,22,22,22,22,22
2001,340027,1,1,0,0,0,0,0,0,0,0,0,0
2001,340027,2,1,0,0,0,0,0,0,0,0,0,0
2001,340028,1,1,0,0,0,0,0,0,0,0,0,0
2001,340028,2,1,0,0,0,0,0,0,0,0,0,0
2001,340029,1,1,0,0,0,0,0,0,0,0,0,0
2001,340030,0,1,0,0,0,0,0,0,0,0,0,0
2001,340030,1,1,0,0,0,0,0,0,0,0,0,0
2001,340031,1,1,0,0,0,0,0,0,0,0,0,0