YEAR,st_case,veh_no,per_no,P1,P2,P3,P4,P5,P6,P7,P8,P9,P10
2001,340031,2,1,0,0,0,0,0,0,0,0,0,0
2001,340031,3,1,0,0,0,0,7,0,0,0,10,0
2001,340031,4,1,0,0,0,0,0,0,0,0,0,0
2001,340032,1,1,0,10,0,0,0,0,0,0,0,0
2001,340032,2,1,0,0,0,0,0,0,0,0,0,0
2001,340033,1,1,18,18,18,18,18,18,18,18,18,18
2001,340034,1,1,0,0,0,0,0,0,0,0,0,0
2001,340034,2,1,0,0,0,0,0,0,0,0,0,0
2001,340035,1,1,0,0,0,0,0,0,0,0,0,0
2001,340035,2,1,5,0,0,0,0,0,0,0,0,0
2001,340035,3,1,0,0,0,0,0,0,0,0,0,0
2001,340036,1,1,0,0,0,0,0,0,0,0,0,0
2001,340037,1,1,25,25,25,25,25,25,25,25,25,25
2001,340038,0,1,8,0,17,0,20,0,0,0,0,0
2001,340038,1,1,0,0,0,0,0,0,0,0,0,0
2001,340039,0,1,0,0,0,0,0,0,0,0,0,0
2001,340039,1,1,0,9,0,0,0,0,0,3,0,0
2001,340040,1,1,0,0,0,0,0,0,0,0,0,0
2001,340040,2,1,10,0,0,0,24,5,0,0,0,0
2001,340040,3,1,0,0,0,0,0,0,0,0,0,0
2001,340041,1,1,0,0,0,0,0,0,0,0,0,0
2001,340041,2,1,0,0,0,0,0,9,0,0,0,0
2001,340042,1,1,9,9,9,9,9,9,9,9,9,9
2001,340043,1,1,0,0,0,0,0,0,0,0,0,0
2001,340043,2,1,0,0,0,0,0,0,0,0,0,0
2001,340044,1,1,0,0,0,0,0,0,0,0,0,0
2001,340044,2,1,0,0,0,0,0,0,0,0,0,20
2001,340044,3,1,0,0,0,0,0,0,0,0,0,0
2001,340045,1,1,12,12,0,7,0,0,26,0,0,0
2001,340045,2,1,0,0,0,0,0,0,0,0,0,0
2001,340047,0,1,27,27,27,27,27,27,27,27,27,27
2001,340047,1,1,0,0,0,0,0,0,0,0,0,0
2001,340048,1,2,17,0,0,0,0,0,0,0,0,0
2001,340048,2,1,0,0,0,0,0,0,0,0,0,0
2001,340049,1,1,0,0,0,0,0,0,0,0,0,0
2001,340049,2,1,0,0,0,0,0,0,0,0,0,0
2001,340050,1,1,0,0,0,0,0,0,0,0,0,0
2001,340053,1,1,0,0,0,0,0,0,0,0,0,0
2001,340054,0,1,0,0,0,0,0,0,0,0,0,0
2001,340054,1,1,0,0,0,0,0,0,0,0,8,0
2001,340055,1,1,0,10,0,0,0,14,0,0,0,3
2001,340055,2,1,27,27,27,27,27,27,27,27,27,27
2001,340056,1,1,0,0,0,0,0,0,0,0,0,0
2001,340056,2,1,0,0,0,0,0,0,0,0,0,0
2001,340057,1,1,0,0,0,0,0,0,0,0,0,0
2001,340057,2,1,0,0,0,0,0,0,0,0,0,0
2001,340058,0,1,5,5,5,5,5,5,5,5,5,5
2001,340058,1,1,0,0,0,0,0,0,0,0,0,0
2001,340059,1,1,0,0,0,0,0,0,0,0,0,0
2001,340060,0,1,26,26,26,26,26,26,26,26,26,26
2001,340060,1,1,0,0,0,0,0,0,0,0,13,0
2001,340061,1,1,0,9,0,0,0,0,0,0,2,0
2001,340061,2,1,0,18,0,0,0,6,0,0,0,0
2001,340061,3,1,0,0,0,0,0,0,0,0,0,0
2001,340063,1,1,0,0,0,0,0,0,0,0,0,0
2001,340064,0,1,3,3,3,3,3,3,3,3,3,3
2001,340064,1,1,0,0,0,0,0,0,0,0,0,0
2001,340064,2,1,0,0,0,0,16,0,14,0,0,10
2001,340064,3,1,7,4,10,20,0,0,0,8,0,0
2001,340064,4,1,13,11,9,2,8,5,7,7,11,9
2001,340065,0,1,0,0,0,0,0,0,0,0,0,0
2001,340065,1,1,0,0,0,0,0,0,0,0,0,0
2001,340066,1,1,11,11,11,11,11,11,11,11,11,11
2001,340067,1,1,0,0,0,0,0,0,0,0,0,0
2001,340068,0,1,28,28,28,28,28,28,28,28,28,28
2001,340068,1,1,0,0,0,0,0,0,0,0,0,0
2001,340069,1,1,0,0,0,0,0,0,0,0,0,0
2001,340069,2,1,0,0,0,0,0,0,0,0,0,0
2001,340070,1,1,13,13,13,13,13,13,13,13,13,13
2001,340071,0,1,0,0,0,0,0,0,0,0,0,0
2001,340071,1,1,0,0,0,0,0,0,0,0,0,0
2001,340072,0,1,13,13,13,13,13,13,13,13,13,13
2001,340072,1,1,0,0,0,0,12,0,0,0,0,0
2001,340074,1,1,0,0,0,0,0,0,0,0,0,18
2001,340074,2,1,0,13,6,0,0,0,0,0,0,0
2001,340075,1,1,28,28,28,28,28,28,28,28,28,28
2001,340076,1,1,0,0,0,0,0,0,0,0,0,0
2001,340076,2,1,0,0,0,0,0,0,0,0,0,0
2001,340077,1,1,0,0,0,0,0,0,0,0,0,0
2001,340077,2,1,0,0,0,0,0,0,0,0,0,9
2001,340078,1,1,0,0,0,0,0,0,0,0,0,0
2001,340079,1,1,15,15,15,15,15,15,15,15,15,15
2001,340080,1,1,30,30,30,30,30,30,30,30,30,30
2001,340081,1,1,0,0,0,0,0,0,0,0,0,0
2001,340081,2,1,5,5,5,5,5,5,5,5,5,5
2001,340082,1,1,0,0,0,0,0,0,0,0,0,0
2001,340082,2,1,0,0,0,0,0,0,0,0,0,0
2001,340084,0,1,5,13,6,16,25,22,15,27,25,0
2001,340084,1,1,14,0,13,0,20,0,16,0,0,0
2001,340085,1,1,11,11,11,11,11,11,11,11,11,11
2001,340086,0,1,0,0,0,0,0,0,0,0,0,0
2001,340086,1,1,0,0,0,0,0,0,0,0,0,0
2001,340087,1,1,0,0,0,0,0,0,0,0,0,0
2001,340088,1,1,16,16,16,16,16,16,16,16,16,16
2001,340088,2,1,0,0,0,0,0,13,0,6,0,0
2001,340089,1,1,21,0,0,16,0,0,0,15,14,0
2001,340089,2,1,0,13,26,0,0,0,0,0,0,41
2001,340092,1,1,0,0,0,0,0,0,0,0,0,0
2001,340092,2,1,0,0,0,0,0,0,0,0,0,0
2001,340093,1,1,0,0,0,0,0,0,0,0,0,0
2001,340096,0,1,0,0,0,0,0,0,0,0,0,0
2001,340096,1,1,0,0,0,0,0,0,0,0,0,0
2001,340097,1,1,0,5,0,0,0,0,0,0,0,0
2001,340097,2,1,0,0,0,0,0,0,0,0,0,0
2001,340098,0,1,0,0,0,0,0,0,0,0,0,0
2001,340098,1,1,0,21,0,0,0,18,0,0,0,0
2001,340099,0,1,21,21,21,21,21,21,21,21,21,21
2001,340099,1,1,7,17,0,0,4,11,0,11,3,17
2001,340100,1,1,16,0,0,0,0,0,0,0,0,6
2001,340100,2,1,0,0,0,0,0,0,0,0,0,0
2001,340101,0,1,11,11,11,11,11,11,11,11,11,11
2001,340101,1,1,0,0,0,0,0,0,0,0,0,0
2001,340102,0,1,0,0,0,0,0,0,0,0,0,0
2001,340102,1,1,0,0,0,0,0,0,0,0,0,0
2001,340103,0,1,0,0,0,0,0,0,0,0,0,0
2001,340103,1,1,0,0,0,0,0,0,0,0,0,0
2001,340104,1,1,0,0,0,0,0,0,0,0,0,0
2001,340104,2,1,0,0,0,0,0,0,0,0,0,0
2001,340105,0,1,0,0,0,0,0,0,0,0,0,0
2001,340105,1,1,0,0,0,0,0,0,0,0,0,0
2001,340106,1,1,25,25,25,25,25,25,25,25,25,25
2001,340107,1,1,0,0,0,0,13,6,24,0,38,0
2001,340108,0,1,0,0,0,0,0,0,0,0,0,0
2001,340108,1,1,0,0,0,0,0,0,0,0,0,0
2001,340109,1,1,0,0,0,0,0,0,0,0,0,0
2001,340110,0,2,0,0,0,0,0,0,0,0,0,0
2001,340110,1,1,0,0,0,0,0,0,0,0,0,0
2001,340111,0,1,0,0,0,0,0,0,0,0,0,0
2001,340111,1,1,14,0,0,18,15,0,0,24,0,0
2001,340112,1,1,0,0,0,0,0,0,0,0,0,0
2001,340112,2,1,0,0,0,0,0,0,0,0,0,0
2001,340113,1,1,0,36,0,0,10,0,0,0,33,0
2001,340113,2,1,0,0,0,0,0,0,0,0,0,0
2001,340114,0,1,5,5,5,5,5,5,5,5,5,5
2001,340114,1,1,8,8,8,8,8,8,8,8,8,8
2001,340115,0,1,0,0,0,5,0,0,21,0,0,27
2001,340115,1,1,20,20,20,20,20,20,20,20,20,20
2001,340115,2,1,0,0,0,0,0,0,0,0,0,0
2001,340116,1,1,12,0,9,0,0,16,0,0,21,0
2001,340117,0,1,24,24,24,24,24,24,24,24,24,24
2001,340117,1,1,0,0,0,8,18,0,0,13,0,0
2001,340118,1,1,0,0,0,0,0,0,0,0,0,0
2001,340118,2,1,0,0,0,0,0,0,0,0,0,0
2001,340119,1,1,0,0,0,0,0,0,0,0,0,0
2001,340119,2,1,0,0,0,0,0,0,0,0,0,0
2001,340120,1,1,0,0,0,15,0,0,0,0,0,18
2001,340120,2,1,0,0,0,0,0,0,0,0,0,0
2001,340121,1,1,0,0,0,0,16,0,0,0,0,0
2001,340121,2,1,0,0,0,0,0,0,0,0,0,0
2001,340122,1,1,0,0,0,0,0,0,0,0,0,0
2001,340122,2,1,0,0,0,0,0,0,0,0,0,0
2001,340123,1,1,23,23,23,23,23,23,23,23,23,23
2001,340124,0,1,0,0,0,0,0,0,0,0,0,0
2001,340124,1,1,0,0,0,0,0,0,0,0,0,0
2001,340125,1,1,0,0,0,0,0,0,0,0,0,0
2001,340125,2,1,0,0,0,0,0,0,0,0,0,0
2001,340126,1,1,0,0,0,0,21,0,0,0,0,0
2001,340126,2,1,0,0,0,0,0,0,0,0,0,0
2001,340127,1,1,0,0,0,0,0,0,0,0,0,0
2001,340127,2,1,0,0,0,0,0,0,0,0,0,0
2001,340128,0,1,0,0,0,0,0,0,0,0,0,0
2001,340128,1,1,0,0,0,0,0,0,0,0,0,0
2001,340129,1,1,0,0,0,0,0,0,0,0,0,0
2001,340129,2,1,0,0,0,0,0,0,0,0,0,0
2001,340129,3,1,0,0,0,0,0,0,0,0,0,0
2001,340130,1,1,0,0,11,0,0,0,0,0,0,0
2001,340131,1,1,0,0,0,0,0,0,0,0,0,0
2001,340132,0,2,0,0,0,0,0,0,0,0,0,0
2001,340132,1,1,0,0,0,0,0,0,0,0,0,0
2001,340133,1,1,0,0,0,8,15,0,0,0,0,0
2001,340133,2,1,0,0,0,0,0,0,0,18,14,14
2001,340133,3,1,13,0,0,0,0,0,0,0,0,0
2001,340134,1,1,0,0,0,0,0,0,0,0,0,0
2001,340134,2,1,0,0,0,0,0,0,0,0,0,0
2001,340134,3,1,0,0,0,0,0,0,0,0,0,0
2001,340135,1,1,26,26,26,26,26,26,26,26,26,26
2001,340136,1,1,7,7,7,7,7,7,7,7,7,7
2001,340136,2,1,0,0,0,0,0,0,0,0,0,0
2001,340137,1,1,17,8,12,0,6,0,6,0,0,13
2001,340137,2,1,0,0,0,0,0,0,0,0,0,0
2001,340138,1,1,11,11,11,11,11,11,11,11,11,11
2001,340139,1,1,0,0,0,0,0,0,0,0,0,0
2001,340140,1,1,0,0,0,0,0,0,0,0,0,0
2001,340141,1,1,0,0,0,0,0,0,0,0,0,0
2001,340142,1,1,3,3,3,3,3,3,3,3,3,3
2001,340143,1,1,0,20,0,13,0,0,17,0,0,0
2001,340144,1,1,0,0,0,0,0,0,0,0,0,0
2001,340144,2,1,0,0,0,0,0,0,0,0,0,0
2001,340145,1,1,0,0,0,0,0,0,0,0,0,0
2001,340145,2,1,0,0,0,0,0,0,0,0,0,0
2001,340145,3,1,0,0,6,0,0,0,0,13,0,0
2001,340146,1,1,0,0,0,0,0,0,0,0,0,0
2001,340146,2,1,0,0,0,0,0,0,0,0,0,0
2001,340147,1,1,12,12,12,12,12,12,12,12,12,12
2001,340148,1,1,0,0,0,0,0,0,0,0,0,0
2001,340149,1,1,17,17,17,17,17,17,17,17,17,17
2001,340150,0,1,0,0,0,0,0,0,0,0,0,0
2001,340150,1,1,2,2,2,2,2,2,2,2,2,2
2001,340151,1,1,0,0,0,0,0,0,0,0,0,0
2001,340151,2,1,0,0,0,0,0,0,0,0,0,0
2001,340152,1,1,0,0,0,0,0,0,0,0,0,0
2001,340153,1,1,0,0,0,0,0,0,0,0,0,0
2001,340153,2,1,0,0,0,0,0,0,0,0,0,0
2001,340155,1,1,4,4,4,4,4,4,4,4,4,4
2001,340155,2,1,4,4,4,4,4,4,4,4,4,4
2001,340155,3,1,21,22,17,22,0,16,7,10,7,13
2001,340156,1,1,71,71,71,71,71,71,71,71,71,71
2001,340156,2,1,4,0,0,0,0,0,0,0,0,0
2001,340156,3,1,0,14,15,0,7,0,0,6,0,0
2001,340158,1,1,0,0,0,0,0,0,0,0,0,11
2001,340159,1,1,5,5,5,5,5,5,5,5,5,5
2001,340159,2,1,6,16,4,29,8,0,0,19,0,0
2001,340160,1,1,0,0,0,0,0,0,0,0,0,0
2001,340160,2,1,0,0,0,0,0,0,0,0,0,0
2001,340161,0,1,0,0,0,0,0,0,0,0,0,0
2001,340161,1,1,0,0,0,0,0,0,0,0,0,0
2001,340162,1,1,0,0,0,0,0,0,0,0,0,0
2001,340162,2,1,0,0,0,0,0,0,0,0,14,0
2001,340165,1,1,0,0,0,0,0,0,0,0,0,0
2001,340165,2,1,0,0,0,0,0,0,0,0,0,0
2001,340167,1,1,0,0,0,0,0,0,0,0,0,0
2001,340167,2,1,0,0,0,0,0,0,0,0,0,0
2001,340169,1,1,0,0,0,0,9,8,0,0,0,0
2001,340170,0,1,0,0,0,0,0,0,0,0,0,0
2001,340170,1,1,10,0,0,0,0,0,0,9,18,0
2001,340171,1,1,0,0,0,0,0,0,0,0,0,0
2001,340171,2,1,12,12,12,12,12,12,12,12,12,12
2001,340172,1,1,0,18,0,0,0,0,0,0,27,12
2001,340172,2,1,23,23,23,23,23,23,23,23,23,23
2001,340173,0,1,14,14,14,14,14,14,14,14,14,14
2001,340173,1,1,0,0,0,0,0,0,0,0,15,0
2001,340174,0,1,0,0,0,0,0,0,0,0,0,0
2001,340174,1,1,16,0,0,0,0,0,0,3,0,0
2001,340175,1,1,0,0,0,0,0,0,17,0,0,0
2001,340176,1,1,0,0,0,0,0,0,0,0,0,0
2001,340176,2,1,0,0,0,0,0,0,0,0,0,0
2001,340176,3,1,0,0,0,0,0,0,0,0,0,0
2001,340177,1,1,0,0,0,0,0,0,0,0,0,0
2001,340178,1,1,8,7,0,0,0,0,0,0,0,0
2001,340178,2,1,0,0,0,0,0,0,0,0,0,0
2001,340179,1,1,11,11,11,11,11,11,11,11,11,11
2001,340180,1,1,0,0,0,0,0,0,0,0,0,0
2001,340181,1,1,0,0,0,0,0,0,0,0,0,0
2001,340181,2,1,0,0,0,0,0,0,0,0,0,0
2001,340182,1,1,0,0,0,0,0,0,0,0,12,0
2001,340182,2,1,0,0,0,0,0,0,0,0,0,0
2001,340183,1,1,17,17,17,17,17,17,17,17,17,17
2001,340184,1,1,2,11,0,0,13,0,18,0,14,0
2001,340184,2,1,0,0,0,0,0,0,0,0,0,0
2001,340185,1,1,0,0,0,0,0,0,0,0,0,0
2001,340185,2,1,5,5,5,5,5,5,5,5,5,5
2001,340186,1,1,12,0,0,0,0,0,0,0,0,0
2001,340186,2,1,0,0,0,0,0,18,6,0,0,0
2001,340186,3,1,0,0,0,0,0,0,0,0,0,0
2001,340187,1,1,20,20,20,20,20,20,20,20,20,20
2001,340188,1,1,5,0,0,0,0,16,0,0,0,0
2001,340188,2,1,0,0,0,0,0,0,0,0,0,0
2001,340188,3,1,0,0,0,0,0,0,0,0,0,0
2001,340188,4,1,0,0,0,0,0,0,0,0,32,0
2001,340188,5,1,0,0,0,0,0,0,0,0,0,0
2001,340188,6,1,16,0,0,0,0,14,0,0,0,0
2001,340188,7,1,0,0,0,0,0,0,0,0,0,0
2001,340188,8,1,0,0,0,0,0,0,0,0,0,0
2001,340188,9,1,0,0,0,0,0,0,0,0,0,0
2001,340188,10,1,0,0,0,0,0,0,0,0,0,0
2001,340188,11,1,0,0,0,0,0,0,0,0,0,0
2001,340189,1,1,22,22,22,22,22,22,22,22,22,22
2001,340190,0,1,15,23,12,40,22,32,0,19,24,37
2001,340190,1,1,0,0,0,0,0,0,0,0,0,0
2001,340191,1,1,5,5,5,5,5,5,5,5,5,5
2001,340191,2,1,0,0,0,0,0,0,0,0,0,0
2001,340192,1,1,0,0,0,0,0,0,0,0,0,0
2001,340193,1,1,2,2,2,2,2,2,2,2,2,2
2001,340193,2,1,0,0,0,19,0,0,10,0,0,0
2001,340193,3,1,9,9,9,9,9,9,9,9,9,9
2001,340194,0,1,0,0,0,0,0,0,0,0,0,0
2001,340194,1,1,0,0,0,6,0,0,0,0,0,0
2001,340194,2,1,0,0,0,0,0,0,0,0,0,23
2001,340195,1,1,0,0,0,0,0,0,0,0,0,0
2001,340195,2,1,0,0,0,0,0,0,0,0,0,0
2001,340196,0,1,25,25,25,25,25,25,25,25,25,25
2001,340196,1,1,0,0,0,0,0,0,0,0,0,0
2001,340197,0,1,0,0,0,0,0,0,0,0,0,0
2001,340197,1,1,0,0,0,0,0,0,0,0,0,0
2001,340198,1,1,19,19,19,19,19,19,19,19,19,19
2001,340199,1,1,24,24,24,24,24,24,24,24,24,24
2001,340199,2,1,0,0,21,0,16,0,0,0,0,0
2001,340200,1,1,0,0,13,19,0,11,0,0,0,0
2001,340200,2,1,19,0,13,0,0,0,12,15,0,0
2001,340201,1,1,0,0,0,0,0,0,0,0,0,0
2001,340202,1,1,0,0,0,0,0,0,0,0,0,0
2001,340203,1,1,21,21,21,21,21,21,21,21,21,21
2001,340203,2,1,0,0,0,0,0,0,0,0,0,0
2001,340204,1,1,0,0,0,0,0,0,0,0,0,0
2001,340204,2,1,0,12,0,3,0,16,0,0,0,0
2001,340204,3,1,0,0,0,0,0,0,0,0,0,0
2001,340206,1,1,0,0,0,0,0,0,0,0,0,0
2001,340207,1,1,0,0,0,0,0,0,0,0,0,0
2001,340207,2,1,0,0,0,0,0,0,0,0,0,0
2001,340208,1,1,0,0,0,0,0,0,0,0,0,0
2001,340209,1,1,16,16,16,16,16,16,16,16,16,16
2001,340209,2,1,19,18,8,17,7,8,0,0,0,13
2001,340209,3,1,0,23,0,20,0,13,0,11,0,0
2001,340209,4,1,0,0,0,0,0,7,0,0,0,0
2001,340209,5,1,0,0,14,5,0,13,25,11,0,8
2001,340209,6,1,12,9,0,11,38,16,0,22,0,0
2001,340209,7,1,0,0,0,0,0,0,0,11,0,0
2001,340209,8,1,21,12,0,7,19,15,0,5,0,0
2001,340210,1,1,0,15,0,0,0,0,12,0,0,0
2001,340210,2,1,0,0,0,0,0,0,0,15,0,0
2001,340211,0,1,13,13,13,13,13,13,13,13,13,13
2001,340211,1,1,0,0,0,0,0,0,0,0,0,0
2001,340212,0,1,0,0,19,0,25,0,0,17,0,0
2001,340212,1,1,0,0,0,0,0,0,0,0,0,0
2001,340213,1,1,0,0,0,0,0,0,0,0,0,0
2001,340213,2,1,0,0,0,0,0,17,0,0,0,0
2001,340214,1,1,0,0,0,0,0,0,0,0,0,0
2001,340214,2,1,33,33,33,33,33,33,33,33,33,33
2001,340215,1,1,15,15,15,15,15,15,15,15,15,15
2001,340216,0,1,0,0,0,0,0,0,0,0,0,0
2001,340216,1,1,10,10,10,10,10,10,10,10,10,10
2001,340217,1,1,0,22,0,0,19,0,0,0,0,0
2001,340217,2,1,26,26,26,26,26,26,26,26,26,26
2001,340218,1,1,0,0,0,0,0,0,0,0,0,0
2001,340218,2,1,0,0,0,0,0,0,0,0,0,0
2001,340220,1,1,0,0,0,0,0,0,0,0,0,0
2001,340220,2,1,0,0,0,0,0,0,0,0,0,0
2001,340221,1,1,0,0,0,0,0,0,0,0,0,0
2001,340221,2,1,0,0,0,0,0,0,0,0,0,0
2001,340222,1,1,8,8,8,8,8,8,8,8,8,8
2001,340222,2,1,0,0,0,0,0,0,0,0,0,0
2001,340223,1,1,0,0,0,0,0,0,0,0,0,0
2001,340224,1,1,0,0,0,0,0,0,0,0,0,0
2001,340224,2,1,0,0,0,0,0,0,0,0,0,0
2001,340224,3,1,0,0,0,0,0,0,0,0,0,0
2001,340226,1,1,0,0,0,0,0,5,0,0,0,0
2001,340226,2,1,0,0,0,0,0,0,0,0,0,0
2001,340227,1,1,21,21,21,21,21,21,21,21,21,21
2001,340228,1,1,0,0,0,0,5,16,0,0,0,0
2001,340229,1,1,0,0,0,0,0,0,0,0,0,0
2001,340229,2,1,0,0,0,0,0,0,0,0,0,0
2001,340230,0,1,0,0,0,0,0,0,0,0,0,0
2001,340230,1,1,0,0,0,0,0,0,0,0,0,0
2001,340231,0,1,0,0,0,0,0,0,0,0,0,0
2001,340231,1,1,0,0,0,0,0,0,0,0,0,0
2001,340233,0,1,0,0,0,0,0,0,0,0,0,0
2001,340233,1,1,0,0,0,0,0,0,0,0,6,15
2001,340234,1,1,0,0,0,0,0,0,0,0,0,0
2001,340234,2,1,0,0,0,0,0,0,0,20,0,0
2001,340234,3,1,0,0,0,0,0,0,0,0,0,0
2001,340234,4,1,0,0,7,0,0,0,0,0,0,0
2001,340235,1,1,0,0,0,0,0,0,0,0,0,0
2001,340235,2,1,14,0,31,0,0,27,5,0,13,0
2001,340235,3,1,2,2,2,2,2,2,2,2,2,2
2001,340236,1,1,0,0,0,0,0,0,0,0,0,0
2001,340236,2,1,0,0,0,0,0,0,0,0,0,0
2001,340236,3,1,0,0,0,0,0,0,0,0,0,0
2001,340237,1,1,0,0,0,0,0,0,0,0,0,0
2001,340237,2,1,28,28,28,28,28,28,28,28,28,28
2001,340237,3,1,0,0,0,0,0,0,0,0,0,0
2001,340238,0,1,0,0,0,0,0,0,0,0,0,0
2001,340238,1,1,0,0,0,0,0,0,0,0,0,0
2001,340239,0,1,0,0,0,0,0,0,0,0,0,0
2001,340239,1,1,0,0,17,0,0,11,5,0,5,0
2001,340240,1,1,0,0,0,0,0,0,0,0,0,0
2001,340241,1,1,0,0,0,0,0,0,0,0,0,0
2001,340241,2,1,0,0,0,0,0,0,0,0,0,0
2001,340242,1,1,0,0,0,0,0,0,0,0,0,0
2001,340242,2,1,0,0,0,0,0,0,0,0,0,0
2001,340242,3,1,0,0,0,0,0,0,0,0,0,0
2001,340242,4,1,0,0,0,0,0,0,0,0,0,0
2001,340243,1,1,0,0,0,0,0,0,0,0,0,0
2001,340243,2,1,0,0,0,0,0,0,0,0,0,0
2001,340244,1,1,0,0,0,0,0,0,0,0,0,0
2001,340245,1,1,0,0,0,0,0,0,0,0,0,0
2001,340246,1,1,0,0,0,0,0,0,0,0,0,0
2001,340246,2,1,0,0,9,0,0,0,0,0,0,0
2001,340247,1,1,0,0,0,0,0,0,0,0,0,7
2001,340247,2,1,0,0,0,0,5,0,0,0,0,0
2001,340247,3,1,0,0,0,0,10,0,13,0,0,0
2001,340248,1,1,0,0,0,0,0,0,0,0,0,0
2001,340248,2,1,0,0,0,18,15,0,0,0,11,0
2001,340248,3,1,0,0,10,0,0,9,32,12,3,0
2001,340248,4,1,29,15,0,0,0,0,20,0,20,0
2001,340249,0,1,0,0,0,0,0,0,0,0,0,0
2001,340249,1,1,5,5,5,5,5,5,5,5,5,5
2001,340249,2,1,0,0,0,0,0,0,0,14,0,0
2001,340250,1,1,0,17,0,0,5,17,0,0,0,8
2001,340251,1,1,0,0,0,0,0,0,0,0,0,0
2001,340253,1,1,0,0,0,0,0,0,0,0,0,0
2001,340253,2,1,0,0,0,0,0,0,0,0,0,0
2001,340254,1,1,0,0,0,0,0,0,0,0,0,0
2001,340254,2,1,0,0,0,0,0,0,0,0,0,0
2001,340255,1,1,0,0,0,0,0,0,0,5,0,0
2001,340255,2,1,0,0,0,0,0,0,0,0,0,0
2001,340256,1,1,0,0,0,0,0,0,0,0,0,0
2001,340256,2,1,0,0,0,0,0,0,0,0,0,0
2001,340257,1,1,28,28,28,28,28,28,28,28,28,28
2001,340257,2,1,12,0,10,0,11,16,0,0,0,15
2001,340258,1,1,0,0,0,0,0,0,0,0,0,0
2001,340258,2,1,0,0,0,0,0,0,0,0,0,0
2001,340259,1,1,0,0,0,0,0,0,0,0,0,0
2001,340260,1,1,17,0,0,26,0,11,0,18,12,13
2001,340261,1,1,0,0,0,0,0,0,0,0,0,0
2001,340262,1,1,12,12,12,12,12,12,12,12,12,12
2001,340263,1,1,15,15,15,15,15,15,15,15,15,15
2001,340263,2,1,0,0,0,0,0,0,0,0,5,0
2001,340265,1,1,0,0,0,0,0,0,0,0,0,0
2001,340266,0,1,23,0,10,0,0,0,0,0,0,0
2001,340266,1,1,0,16,0,0,0,0,11,0,0,0
2001,340267,1,1,28,28,28,28,28,28,28,28,28,28
2001,340268,1,1,0,0,0,0,0,0,0,0,0,0
2001,340268,2,1,0,0,0,0,0,0,0,0,22,0
2001,340269,1,1,11,0,17,0,20,5,18,24,21,24
2001,340270,1,1,5,5,5,5,5,5,5,5,5,5
2001,340270,2,1,0,0,0,13,0,0,21,0,3,0
2001,340271,1,1,18,18,18,18,18,18,18,18,18,18
2001,340271,2,1,0,0,0,0,0,0,0,0,0,0
2001,340272,1,1,0,0,0,0,3,0,0,27,0,0
2001,340273,1,1,0,0,0,0,0,0,0,0,0,0
2001,340273,2,1,0,0,0,0,0,0,0,0,0,0
2001,340274,0,1,25,25,25,25,25,25,25,25,25,25
2001,340274,1,1,13,0,28,16,17,17,25,0,12,29
2001,340275,1,1,20,20,20,20,20,20,20,20,20,20
2001,340275,2,1,0,0,0,0,0,0,0,0,0,0
2001,340276,1,1,0,9,23,0,0,0,0,0,0,0
2001,340277,0,1,0,0,0,0,0,0,0,0,0,0
2001,340277,1,1,0,0,17,0,0,0,0,0,2,0
2001,340278,0,1,0,0,0,0,0,0,0,0,0,0
2001,340278,1,1,0,0,0,0,0,0,0,0,0,0
2001,340279,0,1,0,17,0,0,6,0,0,0,0,0
2001,340279,1,1,0,0,0,0,0,0,0,0,0,0
2001,340280,1,1,0,0,0,0,0,0,0,0,0,0
2001,340280,2,1,0,0,0,0,0,0,0,0,0,0
2001,340281,0,1,29,29,29,29,29,29,29,29,29,29
2001,340281,1,1,0,0,0,0,0,0,0,0,0,0
2001,340282,0,1,29,29,29,29,29,29,29,29,29,29
2001,340282,1,1,22,11,17,0,3,0,0,0,0,0
2001,340283,0,1,17,17,17,17,17,17,17,17,17,17
2001,340283,1,1,16,0,0,0,0,0,12,0,0,0
2001,340283,2,1,19,23,13,24,0,0,0,21,0,6
2001,340284,0,1,0,0,0,0,0,0,0,0,0,0
2001,340284,1,1,0,0,0,0,0,0,0,0,23,0
2001,340285,0,1,0,0,0,0,0,0,0,0,0,0
2001,340285,1,1,11,0,30,0,11,10,16,0,4,0
2001,340286,1,1,15,18,29,0,0,0,21,9,0,0
2001,340286,2,1,0,0,0,0,0,0,0,0,0,0
2001,340287,1,1,0,0,0,0,0,0,0,0,0,0
2001,340288,0,1,7,7,7,7,7,7,7,7,7,7
2001,340288,1,1,0,0,9,0,18,0,0,0,11,18
2001,340289,0,1,6,6,6,6,6,6,6,6,6,6
2001,340289,1,1,0,0,0,0,0,0,0,0,0,0
2001,340290,1,1,17,17,17,17,17,17,17,17,17,17
2001,340291,0,1,0,0,0,0,0,0,0,0,0,0
2001,340291,1,1,0,0,31,0,0,0,27,0,0,14
2001,340292,1,1,0,0,0,0,0,0,0,0,0,0
2001,340293,1,1,0,0,0,0,0,0,0,0,0,0
2001,340293,2,1,0,0,20,11,0,0,0,0,15,0
2001,340294,1,1,0,0,0,0,0,0,0,0,0,0
2001,340295,1,1,0,0,0,0,0,0,0,0,0,0
2001,340295,2,1,0,0,0,0,0,0,0,0,0,0
2001,340297,1,1,3,3,3,3,3,3,3,3,3,3
2001,340298,1,1,0,0,0,0,0,0,0,0,0,0