YEAR,st_case,veh_no,per_no,P1,P2,P3,P4,P5,P6,P7,P8,P9,P10
2001,340298,2,1,0,0,0,0,0,0,0,0,0,0
2001,340299,1,1,0,0,0,0,0,0,0,23,0,0
2001,340299,2,1,0,0,0,0,0,19,0,8,0,0
2001,340300,1,1,17,17,17,17,17,17,17,17,17,17
2001,340301,1,1,9,9,9,9,9,9,9,9,9,9
2001,340302,1,1,0,0,0,0,0,0,0,0,0,0
2001,340303,1,1,0,0,0,0,0,0,0,0,0,0
2001,340303,2,1,0,0,0,0,0,0,0,0,0,0
2001,340304,0,1,0,0,0,0,0,0,0,0,0,0
2001,340304,1,1,0,0,0,0,0,0,0,0,0,23
2001,340305,1,1,0,0,0,0,0,0,0,0,0,0
2001,340306,1,1,0,0,0,0,0,0,0,0,0,0
2001,340306,2,1,0,0,0,0,0,0,0,0,0,0
2001,340307,1,1,0,15,0,24,0,0,20,31,19,0
2001,340308,1,1,0,0,0,0,0,0,0,0,0,0
2001,340308,2,1,0,0,0,0,0,0,0,0,0,0
2001,340310,1,1,32,32,32,32,32,32,32,32,32,32
2001,340311,1,1,0,0,0,0,0,4,0,0,0,0
2001,340311,2,1,0,0,0,0,0,0,0,0,0,0
2001,340312,1,1,0,0,0,0,0,0,0,0,0,0
2001,340314,1,1,18,0,0,0,14,9,0,0,0,0
2001,340314,2,1,0,0,0,0,0,0,0,0,0,0
2001,340315,2,1,31,31,31,31,31,31,31,31,31,31
2001,340316,1,1,0,0,0,0,0,0,0,0,0,0
2001,340317,1,1,0,0,0,0,0,0,0,0,0,0
2001,340318,1,1,0,0,0,0,0,0,0,0,0,0
2001,340318,2,1,0,0,0,0,0,0,0,0,0,0
2001,340320,1,1,0,0,0,0,0,0,0,0,0,0
2001,340320,2,1,0,11,0,0,0,0,0,0,0,0
2001,340320,3,1,0,0,0,0,3,0,0,0,0,0
2001,340320,4,1,0,0,0,0,0,0,0,0,0,0
2001,340321,1,1,0,0,0,0,0,0,0,0,0,0
2001,340321,2,1,0,0,0,0,3,0,0,0,0,0
2001,340321,3,1,0,0,0,0,0,0,0,0,0,0
2001,340322,1,1,0,0,0,0,0,0,0,0,0,0
2001,340322,2,1,0,0,0,0,0,0,0,0,0,0
2001,340323,0,1,23,23,23,23,23,23,23,23,23,23
2001,340323,1,1,0,0,16,8,0,3,0,11,0,16
2001,340324,0,1,4,0,26,0,26,27,0,0,3,24
2001,340324,1,1,0,0,0,0,0,0,0,0,0,0
2001,340325,1,1,0,0,0,0,0,0,0,0,0,0
2001,340325,2,1,23,23,23,23,23,23,23,23,23,23
2001,340326,1,1,0,0,0,0,0,0,0,0,0,0
2001,340326,2,1,9,9,9,9,9,9,9,9,9,9
2001,340327,0,1,0,0,0,0,0,0,0,0,0,0
2001,340327,1,1,0,0,0,0,0,0,0,0,0,0
2001,340328,0,1,0,0,0,0,0,0,0,0,0,0
2001,340328,1,1,0,0,0,0,0,0,0,0,0,0
2001,340329,1,1,0,0,0,0,0,0,0,19,0,0
2001,340329,2,1,0,0,0,0,0,0,0,0,0,0
2001,340329,3,1,0,0,0,0,0,0,0,0,0,0
2001,340330,0,1,0,23,0,23,0,54,0,30,0,34
2001,340330,1,1,0,0,0,0,0,0,0,0,0,0
2001,340331,0,1,0,0,0,0,0,0,0,0,0,0
2001,340331,1,1,0,0,0,0,0,0,0,0,10,0
2001,340333,1,1,24,0,30,0,24,12,31,17,29,0
2001,340334,1,1,0,0,0,0,0,0,0,0,0,0
2001,340335,0,1,0,0,0,0,0,0,0,0,0,0
2001,340335,1,1,0,0,0,0,0,0,0,0,0,0
2001,340336,0,1,0,0,0,0,0,0,0,0,0,0
2001,340336,1,1,0,0,0,0,0,0,0,0,0,0
2001,340337,1,1,23,23,23,23,23,23,23,23,23,23
2001,340338,1,1,0,0,0,0,0,0,0,0,0,0
2001,340338,2,1,0,0,0,0,0,0,0,0,0,0
2001,340339,1,1,0,0,3,0,0,0,0,0,0,0
2001,340339,2,1,0,0,0,0,0,0,0,0,0,0
2001,340340,1,1,0,0,0,0,0,0,0,0,0,0
2001,340341,1,1,0,0,0,0,0,0,0,0,0,0
2001,340341,2,1,0,0,0,0,0,0,0,0,0,0
2001,340341,3,1,0,0,17,0,0,0,0,0,0,0
2001,340341,4,1,0,0,0,0,0,0,0,0,0,0
2001,340342,1,1,0,0,0,0,0,0,0,0,0,0
2001,340343,1,1,0,0,0,0,0,0,0,0,0,0
2001,340343,2,1,0,0,0,0,10,0,0,0,0,0
2001,340344,1,1,8,8,8,8,8,8,8,8,8,8
2001,340345,0,1,36,36,36,36,36,36,36,36,36,36
2001,340345,1,1,0,0,0,0,0,0,0,2,14,0
2001,340345,2,1,10,0,0,0,0,0,0,0,0,0
2001,340345,3,1,0,0,0,30,0,9,10,0,0,0
2001,340345,4,1,0,13,0,0,10,0,0,0,0,5
2001,340346,1,1,6,6,6,6,6,6,6,6,6,6
2001,340346,2,1,0,0,0,0,0,0,0,0,0,0
2001,340347,1,1,13,13,13,13,13,13,13,13,13,13
2001,340348,1,1,0,0,0,0,0,0,0,0,0,0
2001,340349,1,1,0,0,0,0,0,0,0,0,0,0
2001,340349,2,1,0,0,21,0,0,18,0,19,18,0
2001,340350,1,1,0,0,0,0,0,0,0,0,0,0
2001,340350,2,1,0,0,0,0,0,0,0,0,0,0
2001,340351,1,1,0,0,0,0,0,0,0,0,0,0
2001,340351,2,1,0,0,0,0,0,0,0,0,0,0
2001,340352,1,1,0,0,0,0,0,0,0,0,0,0
2001,340352,2,1,0,0,0,0,0,0,0,0,0,0
2001,340353,1,1,0,0,0,0,0,0,0,0,0,0
2001,340353,2,1,0,0,0,0,0,0,0,0,0,0
2001,340354,1,1,0,0,0,0,0,0,0,0,0,0
2001,340354,2,1,0,0,0,0,0,0,0,0,0,5
2001,340355,1,1,21,21,21,21,21,21,21,21,21,21
2001,340355,2,1,0,0,0,0,0,0,0,0,0,0
2001,340356,1,1,0,0,0,4,0,0,11,0,0,0
2001,340356,2,1,0,0,0,0,0,0,0,0,0,0
2001,340357,1,1,0,0,0,0,0,0,0,0,0,0
2001,340357,2,1,0,0,0,0,0,0,0,0,0,0
2001,340358,1,1,0,0,0,0,0,0,0,0,0,0
2001,340358,2,1,0,0,0,0,0,0,0,0,0,0
2001,340359,0,1,0,0,0,0,0,0,0,0,0,0
2001,340359,1,1,14,8,24,12,13,5,20,9,20,8
2001,340360,1,1,8,8,8,8,8,8,8,8,8,8
2001,340360,2,1,0,0,0,0,0,0,0,0,0,0
2001,340361,1,1,0,0,0,0,0,0,0,0,0,0
2001,340362,1,1,0,0,0,0,0,0,0,0,0,0
2001,340362,2,1,0,0,0,0,0,0,0,0,0,0
2001,340363,1,1,0,0,0,0,0,0,0,0,0,0
2001,340363,2,1,0,0,0,0,0,0,0,0,0,0
2001,340365,1,1,0,0,0,0,0,0,0,0,0,0
2001,340365,2,1,0,0,0,0,0,0,0,0,0,0
2001,340366,0,1,0,13,13,0,10,8,30,32,10,0
2001,340366,1,1,8,8,8,8,8,8,8,8,8,8
2001,340366,2,1,0,0,0,0,0,0,0,0,0,0
2001,340367,1,1,0,0,0,0,0,0,0,0,0,0
2001,340368,0,1,16,16,16,16,16,16,16,16,16,16
2001,340368,1,1,0,0,0,0,0,0,0,0,0,0
2001,340368,2,1,0,21,0,0,0,0,0,16,0,20
2001,340369,1,1,0,0,0,0,0,0,0,0,0,0
2001,340369,2,1,15,15,15,15,15,15,15,15,15,15
2001,340370,3,1,0,0,0,0,0,0,27,0,16,0
2001,340370,4,1,15,13,10,0,19,18,23,0,29,23
2001,340371,1,1,0,0,0,0,0,0,0,0,0,0
2001,340371,2,1,0,0,0,0,0,0,0,0,0,0
2001,340372,1,1,0,0,0,0,0,0,0,0,0,0
2001,340372,2,1,0,0,0,0,0,0,0,0,0,0
2001,340373,1,1,14,14,14,14,14,14,14,14,14,14
2001,340374,1,1,0,0,0,0,0,0,0,0,0,0
2001,340375,1,1,0,0,0,0,0,0,0,0,0,0
2001,340375,2,1,0,0,0,0,0,0,0,0,0,0
2001,340376,1,1,0,0,0,0,0,0,0,0,0,0
2001,340376,2,1,0,0,0,0,0,0,0,0,0,0
2001,340377,1,1,0,0,0,15,0,0,0,0,0,0
2001,340377,2,1,0,0,0,0,0,0,0,0,0,0
2001,340378,1,1,0,0,0,0,0,0,0,0,0,0
2001,340378,2,1,12,15,4,17,13,10,0,0,0,0
2001,340378,3,1,0,0,0,0,0,4,0,0,0,0
2001,340378,4,1,0,0,0,0,0,14,0,0,0,0
2001,340379,1,1,0,0,0,0,0,0,0,0,0,0
2001,340379,2,1,0,0,0,0,0,0,0,0,0,0
2001,340381,1,1,0,0,0,0,0,0,0,0,0,0
2001,340381,2,1,0,0,0,0,0,0,0,0,0,0
2001,340382,1,1,17,17,17,17,17,17,17,17,17,17
2001,340383,0,1,6,6,6,6,6,6,6,6,6,6
2001,340383,1,1,0,0,0,12,0,0,0,21,16,0
2001,340384,1,1,0,0,0,0,0,0,0,0,0,0
2001,340385,0,1,0,0,0,0,0,0,0,0,0,0
2001,340385,1,1,0,0,0,0,0,0,0,0,0,0
2001,340386,1,1,0,0,0,0,0,0,0,0,0,0
2001,340386,2,1,0,0,0,0,0,0,0,0,0,0
2001,340387,1,1,0,0,0,0,0,0,0,0,0,0
2001,340388,1,1,0,0,0,0,0,0,0,0,0,0
2001,340388,2,1,0,0,0,0,0,0,0,0,0,0
2001,340389,1,1,0,0,0,0,0,0,0,0,0,0
2001,340390,0,1,0,0,0,0,0,0,0,0,0,0
2001,340390,1,1,0,0,0,0,0,0,0,0,0,0
2001,340391,1,1,0,0,0,0,0,0,0,0,0,0
2001,340391,2,1,0,0,0,0,0,0,0,0,0,0
2001,340392,1,1,14,14,14,14,14,14,14,14,14,14
2001,340393,1,1,0,0,0,0,0,0,0,0,0,0
2001,340393,2,1,4,0,0,0,0,0,0,0,0,0
2001,340394,1,1,0,0,0,0,0,0,0,0,0,0
2001,340395,0,1,0,0,0,0,0,0,0,0,0,0
2001,340395,1,1,22,22,22,22,22,22,22,22,22,22
2001,340396,0,1,34,34,34,34,34,34,34,34,34,34
2001,340396,1,1,9,15,0,0,0,0,0,0,0,0
2001,340396,2,1,14,0,15,0,0,19,0,0,8,0
2001,340397,0,1,0,0,0,0,0,0,0,0,0,0
2001,340397,1,1,21,0,0,0,0,0,0,0,0,0
2001,340398,1,1,0,0,0,0,0,9,0,6,0,0
2001,340399,1,1,22,22,22,22,22,22,22,22,22,22
2001,340400,1,1,0,0,0,0,0,0,0,0,0,7
2001,340400,2,1,1,1,1,1,1,1,1,1,1,1
2001,340401,1,1,10,10,10,10,10,10,10,10,10,10
2001,340402,1,1,0,0,0,0,0,0,0,0,0,0
2001,340402,2,1,16,16,16,16,16,16,16,16,16,16
2001,340403,1,1,0,0,0,0,0,0,0,0,0,0
2001,340403,2,1,0,0,0,0,0,0,0,0,0,0
2001,340404,1,1,0,0,0,0,0,0,0,0,0,0
2001,340405,1,1,0,0,0,0,0,0,0,0,0,0
2001,340406,1,1,0,0,0,0,0,0,0,0,0,0
2001,340406,2,1,11,0,0,0,6,0,17,0,12,0
2001,340407,1,1,25,25,25,25,25,25,25,25,25,25
2001,340408,0,1,0,0,0,0,0,0,0,0,0,0
2001,340408,1,1,24,0,0,15,0,17,0,0,0,0
2001,340409,1,1,0,0,0,0,0,0,0,0,0,0
2001,340410,1,1,26,26,26,26,26,26,26,26,26,26
2001,340410,2,1,0,0,40,0,0,0,0,0,0,0
2001,340412,1,1,0,0,0,0,0,0,0,0,4,0
2001,340412,2,1,0,0,0,0,0,0,0,0,0,0
2001,340413,1,1,3,3,3,3,3,3,3,3,3,3
2001,340413,2,1,0,0,0,0,0,0,0,0,0,0
2001,340414,1,1,0,0,0,0,0,0,0,0,0,0
2001,340414,2,1,0,0,0,0,0,0,0,0,0,0
2001,340414,3,1,0,0,0,0,0,0,0,0,0,0
2001,340415,1,1,0,0,0,0,0,0,0,0,0,0
2001,340416,1,1,0,0,0,0,0,0,0,0,0,0
2001,340418,0,1,19,19,19,19,19,19,19,19,19,19
2001,340418,1,1,0,0,8,0,0,0,0,0,5,0
2001,340419,1,1,0,0,0,0,0,0,12,0,0,0
2001,340419,2,1,0,0,21,0,0,0,0,0,0,0
2001,340421,1,1,16,16,16,16,16,16,16,16,16,16
2001,340421,2,1,0,0,0,0,18,0,0,0,2,0
2001,340422,1,1,0,0,0,0,0,0,0,0,0,0
2001,340423,1,1,6,14,0,0,17,21,0,0,16,0
2001,340424,0,1,0,0,0,0,0,0,0,0,0,0
2001,340424,1,1,0,0,0,0,3,0,0,0,0,0
2001,340425,1,1,0,0,0,0,0,0,0,0,0,0
2001,340425,2,1,10,9,0,0,0,0,0,0,0,0
2001,340425,3,1,0,0,0,0,0,0,0,0,0,0
2001,340425,4,1,0,0,0,0,0,0,0,0,0,0
2001,340426,1,1,12,12,12,12,12,12,12,12,12,12
2001,340427,1,1,54,54,54,54,54,54,54,54,54,54
2001,340427,2,1,12,0,0,13,0,10,0,0,0,0
2001,340429,1,1,23,23,23,23,23,23,23,23,23,23
2001,340429,2,1,14,0,0,0,21,12,0,17,8,21
2001,340430,0,1,20,20,20,20,20,20,20,20,20,20
2001,340430,1,1,0,0,0,0,0,0,0,0,0,0
2001,340431,1,1,4,4,4,4,4,4,4,4,4,4
2001,340433,1,1,0,0,0,0,0,0,0,0,0,0
2001,340433,2,1,0,0,0,0,0,0,0,0,0,0
2001,340434,1,1,0,0,0,0,0,0,0,0,0,0
2001,340434,2,1,0,3,0,0,0,0,0,0,0,0
2001,340434,3,1,0,0,18,0,0,0,0,0,0,0
2001,340435,1,1,17,17,17,17,17,17,17,17,17,17
2001,340436,0,1,0,0,0,0,0,0,0,0,0,0
2001,340436,1,1,0,0,0,0,0,0,0,0,0,0
2001,340436,2,1,0,0,0,0,0,6,0,0,0,0
2001,340437,0,1,0,0,0,0,0,0,0,0,0,0
2001,340437,1,1,0,0,0,0,7,0,8,7,0,0
2001,340438,1,1,0,0,0,0,0,0,0,0,0,0
2001,340438,2,1,0,0,0,0,0,0,0,0,0,0
2001,340439,1,1,15,15,15,15,15,15,15,15,15,15
2001,340439,2,1,0,13,14,0,0,0,0,0,0,0
2001,340440,1,1,26,26,26,26,26,26,26,26,26,26
2001,340441,1,1,0,0,0,0,0,0,0,0,0,0
2001,340442,0,1,0,0,0,0,0,0,0,0,0,0
2001,340442,1,1,0,0,0,0,0,0,0,0,0,0
2001,340443,0,1,22,22,22,22,22,22,22,22,22,22
2001,340443,1,1,18,18,18,18,18,18,18,18,18,18
2001,340444,1,1,1,1,1,1,1,1,1,1,1,1
2001,340445,1,1,12,12,12,12,12,12,12,12,12,12
2001,340445,2,1,0,10,0,0,0,0,0,0,0,0
2001,340446,1,1,23,0,0,0,0,0,0,0,0,0
2001,340446,2,1,0,0,0,0,0,0,0,0,0,0
2001,340447,0,1,0,38,0,29,13,0,0,24,9,0
2001,340447,1,1,0,0,10,0,0,0,0,9,0,0
2001,340448,0,1,0,0,0,0,0,0,0,0,0,0
2001,340448,1,1,0,0,0,0,0,0,0,0,0,0
2001,340449,1,1,0,0,0,0,0,0,0,0,0,0
2001,340450,1,1,0,0,0,0,0,0,0,0,11,0
2001,340451,1,1,0,0,0,0,0,0,0,0,0,0
2001,340452,1,1,0,32,0,13,0,11,0,26,22,0
2001,340452,2,1,26,26,26,26,26,26,26,26,26,26
2001,340453,1,1,0,0,0,0,0,0,0,16,0,0
2001,340456,1,1,0,0,0,0,0,0,0,0,0,0
2001,340457,1,1,18,18,18,18,18,18,18,18,18,18
2001,340458,1,1,0,0,0,0,0,0,0,0,0,0
2001,340459,1,1,0,0,0,0,0,0,0,0,0,0
2001,340459,2,1,20,0,0,0,0,0,0,0,0,0
2001,340459,3,1,20,20,20,20,20,20,20,20,20,20
2001,340460,1,1,0,6,0,0,0,0,0,0,6,0
2001,340460,2,1,0,0,0,7,0,0,0,0,0,0
2001,340460,3,1,0,0,0,0,0,0,0,0,0,0
2001,340460,4,1,0,0,0,0,0,0,0,0,0,0
2001,340461,0,1,0,0,0,0,0,0,0,0,0,0
2001,340461,1,1,0,0,0,0,0,0,0,0,0,0
2001,340462,0,1,0,0,0,0,0,0,0,0,0,0
2001,340462,1,1,0,0,0,0,0,0,0,10,0,9
2001,340463,1,1,0,0,0,4,0,0,0,0,0,0
2001,340464,0,1,0,0,0,0,0,0,0,0,0,0
2001,340464,1,1,0,0,0,0,9,0,0,0,0,17
2001,340465,1,1,27,27,27,27,27,27,27,27,27,27
2001,340465,2,1,0,0,0,0,0,0,0,0,0,0
2001,340466,0,1,0,0,0,0,0,0,0,0,0,0
2001,340466,1,1,6,0,0,0,0,0,0,25,0,8
2001,340467,0,1,0,0,0,0,0,0,0,0,0,0
2001,340467,0,2,0,0,0,0,0,0,0,0,0,0
2001,340467,1,1,0,0,0,0,0,27,0,0,0,0
2001,340468,1,1,0,0,0,0,16,0,2,13,0,0
2001,340469,1,1,0,0,0,0,0,0,0,0,0,0
2001,340469,2,1,19,19,19,19,19,19,19,19,19,19
2001,340470,1,1,0,0,0,0,0,0,0,0,0,0
2001,340471,1,1,0,0,0,0,0,0,0,0,0,0
2001,340471,2,1,0,0,0,0,0,0,0,0,0,0
2001,340471,3,1,0,0,0,0,0,0,0,0,0,0
2001,340472,1,1,6,6,6,6,6,6,6,6,6,6
2001,340473,1,1,12,12,12,12,12,12,12,12,12,12
2001,340474,1,1,17,17,17,17,17,17,17,17,17,17
2001,340475,0,1,0,0,0,0,0,0,0,0,0,0
2001,340475,1,1,4,0,0,10,0,0,0,13,0,31
2001,340476,1,1,0,0,0,0,0,0,0,0,0,0
2001,340476,2,1,0,0,0,0,0,0,0,0,0,0
2001,340477,1,1,0,0,0,0,0,0,0,0,0,0
2001,340477,2,1,0,0,0,0,0,0,0,0,0,0
2001,340478,0,1,0,0,0,0,0,0,0,0,0,0
2001,340478,1,1,13,25,23,7,28,22,39,38,3,25
2001,340478,2,1,11,11,11,11,11,11,11,11,11,11
2001,340479,1,1,14,14,14,14,14,14,14,14,14,14
2001,340480,1,1,0,0,0,0,0,0,0,0,0,0
2001,340480,2,1,0,0,0,0,0,0,0,0,0,0
2001,340481,0,1,32,32,32,32,32,32,32,32,32,32
2001,340481,1,1,13,0,0,7,5,5,8,0,15,0
2001,340482,1,1,0,0,0,0,0,0,0,0,0,0
2001,340483,1,1,0,0,0,0,0,0,0,0,0,0
2001,340484,1,1,0,7,0,0,7,0,0,0,14,0
2001,340485,1,1,9,21,13,21,19,0,14,12,8,21
2001,340486,1,1,0,0,0,0,0,0,0,0,0,0
2001,340486,2,1,0,0,0,11,0,24,0,24,0,0
2001,340487,1,1,0,0,0,0,0,0,0,0,0,0
2001,340487,2,1,0,0,0,0,0,0,0,0,0,0
2001,340488,0,1,0,0,6,0,20,0,0,0,21,11
2001,340488,0,2,0,0,0,0,0,0,0,0,0,0
2001,340488,0,3,0,0,0,11,0,0,0,0,34,0
2001,340488,0,4,0,0,23,0,16,33,3,26,29,0
2001,340488,1,1,0,0,8,13,0,0,0,0,0,0
2001,340489,1,1,0,0,0,0,0,0,0,0,0,0
2001,340490,1,1,0,0,0,0,0,0,0,0,0,0
2001,340490,2,1,0,0,0,0,0,0,0,0,0,0
2001,340491,1,1,0,0,0,0,0,0,0,0,0,0
2001,340491,2,1,0,0,0,0,0,0,0,0,0,0
2001,340492,0,1,4,4,4,4,4,4,4,4,4,4
2001,340492,1,1,14,0,10,5,3,8,0,4,5,0
2001,340493,1,1,0,0,0,0,0,0,0,0,0,0
2001,340493,2,1,0,0,0,0,0,0,0,0,0,0
2001,340494,1,1,0,0,0,0,0,0,0,0,0,0
2001,340494,2,1,0,0,0,0,0,0,0,0,0,0
2001,340495,1,1,0,0,0,0,0,0,0,0,0,0
2001,340496,1,1,18,17,8,0,10,0,0,0,0,0
2001,340496,2,1,0,0,0,0,0,0,0,0,0,0
2001,340498,0,1,0,0,0,0,0,0,0,0,0,0
2001,340498,1,1,0,0,0,0,0,0,0,0,0,0
2001,340499,1,1,0,0,0,0,0,0,0,0,0,0
2001,340500,1,1,0,0,0,0,0,0,0,0,0,0
2001,340501,1,1,23,33,11,0,9,20,23,12,27,29
2001,340502,1,1,16,16,16,16,16,16,16,16,16,16
2001,340503,1,1,0,0,0,0,0,0,0,0,0,0
2001,340503,2,1,0,0,0,0,0,0,0,0,0,0
2001,340504,0,1,0,0,0,0,0,0,0,0,0,0
2001,340504,1,1,0,0,0,0,0,0,0,0,0,0
2001,340505,1,1,0,0,0,0,0,0,0,0,0,0
2001,340505,2,1,0,0,0,20,0,0,0,0,0,0
2001,340505,3,1,0,0,0,0,0,0,0,0,0,0
2001,340506,1,1,15,15,15,15,15,15,15,15,15,15
2001,340507,0,1,0,0,0,0,0,0,0,0,0,0
2001,340507,1,1,0,0,0,20,0,0,0,0,0,0
2001,340508,1,1,0,0,0,0,0,0,0,0,0,0
2001,340508,2,1,0,0,0,0,0,0,0,0,0,0
2001,340509,1,1,0,0,0,0,0,0,0,0,0,0
2001,340509,2,1,0,5,0,0,0,0,0,0,0,0
2001,340509,3,1,0,0,0,16,0,0,0,9,0,0
2001,340510,0,1,11,11,11,11,11,11,11,11,11,11
2001,340510,1,1,15,15,15,15,15,15,15,15,15,15
2001,340511,1,1,0,0,0,0,0,0,0,0,0,0
2001,340512,1,1,0,0,0,15,0,0,0,0,0,0
2001,340512,2,1,0,0,0,0,0,0,0,0,0,0
2001,340513,1,1,0,0,9,11,0,0,33,0,0,18
2001,340513,2,1,10,0,0,0,8,0,0,11,36,11
2001,340514,1,1,0,0,0,0,0,0,0,0,0,0
2001,340514,2,1,0,0,0,0,13,0,19,0,0,0
2001,340515,1,1,32,0,0,0,0,0,0,0,11,0
2001,340515,2,1,0,0,0,0,0,0,0,0,0,17
2001,340516,1,1,21,21,21,21,21,21,21,21,21,21
2001,340517,1,1,15,15,15,15,15,15,15,15,15,15
2001,340517,2,1,0,0,0,0,0,0,0,0,0,0
2001,340518,0,1,0,0,0,0,0,0,0,0,0,0
2001,340518,1,1,0,0,0,0,0,0,0,0,0,0
2001,340519,1,1,3,3,3,3,3,3,3,3,3,3
2001,340519,2,1,0,0,0,0,0,0,0,0,0,0
2001,340520,1,1,0,0,0,0,0,0,0,0,0,0
2001,340520,2,1,0,0,0,0,0,0,0,0,0,0
2001,340521,1,1,22,22,22,22,22,22,22,22,22,22
2001,340521,2,1,0,0,0,7,0,0,0,21,0,0
2001,340521,3,1,0,2,0,3,0,0,0,0,7,0
2001,340522,0,1,0,0,0,0,0,0,0,0,0,0
2001,340522,1,1,0,0,0,0,0,0,0,0,0,0
2001,340523,0,1,0,0,0,0,0,0,0,0,0,0
2001,340523,1,1,0,0,0,0,0,0,0,0,0,0
2001,340524,0,1,0,0,0,0,0,0,0,0,0,0
2001,340524,1,1,0,8,0,0,0,19,0,0,0,0
2001,340525,1,1,0,12,0,0,3,0,0,0,0,0
2001,340525,2,1,0,4,0,23,0,0,0,7,0,0
2001,340525,3,1,0,0,0,0,0,0,0,0,0,0
2001,340525,4,1,0,0,0,0,0,0,0,0,0,0
2001,340526,1,1,0,0,0,0,0,0,0,7,3,0
2001,340526,2,1,0,0,0,0,0,0,0,0,0,0
2001,340527,1,1,0,0,0,0,0,0,0,0,0,0
2001,340528,0,1,0,0,0,0,0,0,0,0,0,0
2001,340528,1,1,0,0,0,0,0,0,0,0,0,0
2001,340529,0,1,0,0,0,0,0,0,0,0,0,0
2001,340529,1,1,0,0,0,0,0,0,0,0,0,0
2001,340530,1,1,0,0,0,0,0,0,0,0,0,0
2001,340531,1,1,0,0,0,0,0,0,0,0,0,0
2001,340532,1,1,0,0,0,0,0,0,0,0,0,0
2001,340532,2,1,0,0,0,0,0,0,0,0,0,0
2001,340533,0,1,0,0,0,0,0,0,0,0,0,0
2001,340533,1,1,0,0,0,0,0,0,0,0,0,0
2001,340534,1,1,19,19,19,19,19,19,19,19,19,19
2001,340535,1,1,0,0,0,0,0,0,0,0,0,0
2001,340535,2,1,0,0,0,0,0,0,0,0,0,0
2001,340536,1,1,0,0,0,0,0,0,0,0,0,0
2001,340536,2,1,0,0,0,0,0,0,0,0,0,0
2001,340537,1,1,25,25,25,25,25,25,25,25,25,25
2001,340538,0,1,0,0,0,0,0,0,0,0,0,0
2001,340538,1,1,0,0,0,0,0,0,0,0,0,0
2001,340539,1,1,0,0,0,0,0,4,0,9,0,0
2001,340540,1,1,6,6,6,6,6,6,6,6,6,6
2001,340541,1,1,0,0,7,0,15,0,0,0,0,0
2001,340541,2,1,0,0,0,0,0,0,13,0,0,0
2001,340542,1,1,11,11,11,11,11,11,11,11,11,11
2001,340543,1,1,0,6,0,0,0,0,4,0,0,0
2001,340543,2,1,0,0,0,0,0,0,0,0,11,0
2001,340543,3,1,16,0,0,0,0,0,0,0,0,13
2001,340544,1,1,4,5,14,0,0,0,24,18,0,10
2001,340545,1,1,0,0,0,0,0,0,0,0,0,0
2001,340545,2,1,0,0,0,0,0,0,0,0,0,0
2001,340545,3,1,0,0,0,0,0,0,0,0,0,0
2001,340546,1,1,0,0,0,0,0,0,0,0,0,0
2001,340547,1,1,0,0,0,0,0,0,0,0,0,0
2001,340548,0,1,26,26,26,26,26,26,26,26,26,26
2001,340548,1,1,0,0,0,0,0,0,0,0,0,0
2001,340549,1,1,0,0,0,0,0,0,0,0,0,0
2001,340549,2,1,0,0,0,0,0,0,0,0,0,0
2001,340550,1,1,0,0,0,0,0,0,0,0,0,0
2001,340550,2,1,8,8,8,8,8,8,8,8,8,8
2001,340551,0,1,0,32,0,0,0,0,0,0,10,0
2001,340551,1,1,0,0,0,0,0,0,0,0,0,0
2001,340552,1,1,17,17,0,43,8,0,0,43,0,19
2001,340552,2,1,16,15,0,23,11,13,0,0,14,0
2001,340553,1,1,0,0,0,0,0,0,0,0,0,0
2001,340553,2,1,0,0,0,0,0,0,0,0,0,0
2001,340554,0,1,1,1,1,1,1,1,1,1,1,1
2001,340554,1,1,0,14,0,13,0,0,0,0,0,0
2001,340555,0,1,0,0,0,0,0,0,0,0,0,0
2001,340555,1,1,18,0,0,12,0,3,0,15,0,0
2001,340556,1,1,10,10,10,10,10,10,10,10,10,10
2001,340556,2,1,9,9,0,0,0,0,7,0,0,31
2001,340557,1,1,0,0,0,0,0,0,0,0,0,0
2001,340558,1,1,0,0,29,48,16,0,18,0,0,0
2001,340559,1,1,5,5,5,5,5,5,5,5,5,5
2001,340560,0,1,0,0,0,0,21,24,0,0,11,0
2001,340560,1,1,0,0,11,0,0,0,0,0,0,0
2001,340561,0,1,15,15,15,15,15,15,15,15,15,15
2001,340561,1,1,0,0,0,0,0,0,0,0,0,0
2001,340562,1,1,3,3,3,3,3,3,3,3,3,3
2001,340562,2,1,0,0,0,0,0,0,0,0,0,0
2001,340563,1,1,0,6,0,0,0,0,0,0,0,0
2001,340563,2,1,0,0,0,0,0,0,0,0,0,0
2001,340564,1,1,33,33,33,33,33,33,33,33,33,33
2001,340565,1,1,11,0,0,0,0,5,0,0,0,0
2001,340565,2,1,0,0,0,0,0,0,0,0,0,0
2001,340566,1,1,0,0,5,0,0,6,0,0,12,0
2001,340567,0,1,0,0,0,0,0,0,0,0,0,0
2001,340567,0,2,25,0,0,0,0,0,26,0,0,0
2001,340567,0,3,0,0,0,0,0,0,0,0,0,0
2001,340567,0,4,0,0,0,28,0,0,0,0,0,0
2001,340567,1,1,0,0,11,0,5,19,0,31,17,8
2001,340568,0,1,0,25,33,33,0,13,24,0,37,16
2001,340568,1,1,0,8,0,0,4,0,0,0,0,0
2001,340569,1,1,0,0,0,0,0,0,0,0,0,0