YEAR,st_case,veh_no,per_no,P1,P2,P3,P4,P5,P6,P7,P8,P9,P10
2001,340570,0,1,0,0,0,0,0,0,0,0,0,0
2001,340570,1,1,9,0,0,0,22,0,0,0,0,0
2001,340571,1,1,0,0,0,0,0,0,0,0,3,0
2001,340571,2,1,0,0,0,0,0,0,0,0,0,0
2001,340571,3,1,0,0,0,0,0,0,0,0,0,0
2001,340572,1,1,0,0,0,0,0,0,0,0,0,0
2001,340572,2,1,0,0,0,0,0,0,0,0,0,0
2001,340572,3,1,15,0,0,8,19,0,23,0,0,0
2001,340572,4,1,0,0,0,29,0,0,0,0,11,0
2001,340573,1,1,0,0,0,0,0,0,0,19,15,0
2001,340573,2,1,0,9,0,0,15,0,0,0,0,11
2001,340574,1,1,0,0,0,0,0,0,0,0,0,0
2001,340574,2,1,0,0,0,0,0,0,0,0,0,0
2001,340575,1,1,0,0,0,0,0,0,0,0,0,0
2001,340576,1,1,0,0,0,0,0,0,0,0,0,0
2001,340576,2,1,0,0,0,0,0,0,0,0,0,0
2001,340576,3,1,0,0,0,0,0,0,0,0,0,0
2001,340577,1,1,0,0,0,0,0,0,0,0,10,0
2001,340578,1,1,0,0,0,0,0,0,0,0,0,0
2001,340578,2,1,14,0,0,0,0,16,17,12,12,0
2001,340579,1,1,24,24,24,24,24,24,24,24,24,24
2001,340580,1,1,23,17,23,27,22,0,0,0,23,0
2001,340581,1,1,0,0,0,0,0,0,0,0,0,0
2001,340581,2,1,0,0,0,0,0,0,0,0,0,0
2001,340582,1,1,0,0,0,0,0,0,0,0,0,0
2001,340582,2,1,0,0,0,0,0,0,0,0,0,10
2001,340583,1,1,21,17,9,15,0,18,11,5,10,17
2001,340583,2,1,0,0,0,0,0,0,1,0,0,0
2001,340584,1,1,0,0,0,0,0,0,0,0,0,0
2001,340584,2,1,0,0,0,0,0,0,0,0,0,0
2001,340584,3,1,22,0,0,0,0,0,0,0,0,0
2001,340585,1,1,0,0,0,0,20,0,0,0,0,0
2001,340585,2,1,0,0,0,0,0,10,0,0,0,0
2001,340585,3,1,0,0,0,9,0,0,0,0,0,0
2001,340585,4,1,0,0,0,0,0,0,0,0,0,0
2001,340585,5,1,0,0,0,0,0,0,0,0,0,0
2001,340586,1,1,0,0,0,0,0,0,0,0,0,0
2001,340587,0,1,0,0,0,0,0,0,0,0,0,0
2001,340587,1,1,0,6,0,0,0,0,0,13,0,0
2001,340588,1,1,0,0,0,0,0,0,0,0,0,0
2001,340588,2,1,11,11,11,11,11,11,11,11,11,11
2001,340589,1,1,0,0,0,0,0,0,0,0,0,0
2001,340590,1,1,0,0,0,0,0,0,0,0,0,0
2001,340591,1,1,0,0,0,0,0,0,0,0,0,0
2001,340591,2,1,0,0,0,0,0,0,0,0,0,0
2001,340591,3,1,0,0,0,0,0,0,0,0,0,25
2001,340592,1,1,0,0,0,0,0,0,0,0,0,0
2001,340592,2,1,0,0,0,0,0,0,0,0,0,0
2001,340593,1,1,0,0,0,0,0,0,0,0,0,0
2001,340593,2,1,0,0,0,0,0,0,0,0,0,0
2001,340594,0,1,0,0,0,0,0,0,0,0,0,0
2001,340594,1,1,0,0,0,0,0,0,0,0,0,0
2001,340595,1,1,24,25,23,0,25,30,0,0,11,18
2001,340595,2,1,0,11,13,0,0,0,0,11,0,0
2001,340596,1,1,0,0,0,0,0,0,0,0,0,0
2001,340596,2,1,0,0,0,0,0,0,0,0,0,0
2001,340597,1,1,16,26,0,17,48,0,17,24,10,11
2001,340598,1,1,0,0,0,0,0,0,0,0,0,0
2001,340598,2,1,4,4,4,4,4,4,4,4,4,4
2001,340599,1,1,0,0,0,0,0,0,0,0,0,0
2001,340599,2,1,0,0,0,0,0,0,0,0,0,0
2001,340600,1,1,17,26,18,0,0,13,0,0,16,11
2001,340601,1,1,17,17,17,17,17,17,17,17,17,17
2001,340601,2,1,22,10,9,0,0,9,0,0,16,4
2001,340602,1,1,11,11,11,11,11,11,11,11,11,11
2001,340603,0,1,0,0,0,0,0,0,0,0,0,0
2001,340603,0,2,0,0,0,29,0,0,0,0,23,0
2001,340603,1,1,0,0,0,0,0,3,0,0,0,0
2001,340604,1,1,0,0,0,0,0,0,0,0,0,0
2001,340604,2,1,0,0,0,0,0,0,0,0,0,23
2001,340605,1,1,0,0,0,0,0,0,0,0,0,0
2001,340605,2,1,0,0,0,0,0,0,0,0,0,0
2001,340605,3,1,0,0,0,0,0,0,0,0,0,0
2001,340606,0,1,0,0,0,0,0,0,0,0,0,0
2001,340606,1,1,0,0,0,0,5,0,22,0,14,0
2001,340608,1,1,0,14,0,11,0,0,0,0,0,0
2001,340608,2,1,0,0,0,0,0,0,0,0,0,0
2001,340609,0,1,0,0,0,0,0,0,0,0,0,0
2001,340609,1,1,0,0,0,0,0,0,0,0,0,0
2001,340610,1,1,17,0,0,0,0,0,0,0,0,0
2001,340610,2,1,0,0,0,0,0,0,0,4,0,0
2001,340611,1,1,0,0,0,0,0,0,0,0,0,0
2001,340611,2,1,0,0,0,0,0,0,0,0,0,0
2001,340612,0,1,37,37,37,37,37,37,37,37,37,37
2001,340612,1,1,0,0,0,0,0,0,0,0,0,0
2001,340613,1,1,20,20,20,20,20,20,20,20,20,20
2001,340614,0,1,0,0,0,0,0,0,0,0,0,0
2001,340614,1,1,0,0,0,0,0,0,0,0,0,0
2001,340615,1,1,0,0,0,0,0,0,0,0,0,0
2001,340615,2,1,0,0,0,0,0,0,0,0,0,0
2001,340615,3,1,0,0,0,0,0,0,0,0,0,0
2001,340616,1,1,0,0,0,0,0,0,0,0,0,0
2001,340616,2,1,0,0,0,0,0,0,0,0,0,0
2001,340617,0,1,34,34,34,34,34,34,34,34,34,34
2001,340617,0,2,25,32,0,0,15,12,14,0,20,16
2001,340617,1,1,0,0,28,20,32,0,0,0,9,23
2001,340618,0,1,23,23,23,23,23,23,23,23,23,23
2001,340618,1,1,5,11,7,5,0,2,0,3,0,8
2001,340619,1,1,0,0,0,0,0,0,0,0,0,0
2001,340619,2,1,0,0,0,0,0,0,0,0,0,0
2001,340620,1,1,0,0,0,0,0,0,17,38,0,0
2001,340621,1,1,11,11,11,11,11,11,11,11,11,11
2001,340622,1,1,1,1,1,1,1,1,1,1,1,1
2001,340623,1,1,0,0,0,0,0,0,0,0,0,0
2001,340624,1,1,0,0,0,0,0,0,0,0,0,0
2001,340624,2,1,0,0,0,0,4,0,0,0,0,0
2001,340625,1,1,18,18,18,18,18,18,18,18,18,18
2001,340626,1,1,0,0,0,0,0,0,0,0,0,0
2001,340626,2,1,17,20,0,23,11,0,18,30,13,8
2001,340627,1,1,0,0,0,13,0,0,0,0,0,0
2001,340627,2,1,0,0,0,0,0,0,0,0,0,0
2001,340628,1,1,0,0,0,0,0,0,0,0,0,0
2001,340628,2,1,0,0,0,0,0,0,0,0,0,0
2001,340629,1,1,0,0,0,0,0,0,0,0,0,0
2001,340630,0,1,0,0,0,0,0,0,0,0,0,0
2001,340630,0,2,0,0,0,0,0,0,0,0,0,0
2001,340630,1,1,0,0,0,0,0,0,0,0,0,0
2001,340631,1,1,15,15,15,15,15,15,15,15,15,15
2001,340632,1,1,0,0,0,0,0,0,0,0,0,0
2001,340632,2,1,0,0,0,0,0,0,0,0,0,0
2001,340633,1,1,0,0,0,0,0,0,0,0,0,0
2001,340633,2,1,0,0,0,0,0,0,0,0,0,0
2001,340633,3,1,0,0,0,0,0,0,0,0,0,0
2001,340634,0,1,0,0,0,0,0,0,0,0,0,0
2001,340634,1,1,0,0,0,0,0,0,24,0,44,0
2001,340635,1,1,0,0,0,0,0,0,0,0,0,0
2001,340636,0,1,0,0,0,0,0,0,0,0,0,0
2001,340636,1,1,0,0,20,0,0,0,0,0,12,0
2001,340637,1,1,29,29,29,29,29,29,29,29,29,29
2001,340638,1,1,0,0,0,0,0,0,0,0,0,0
2001,340638,2,1,0,21,12,0,0,0,19,0,25,0
2001,340639,1,1,0,0,0,0,0,8,0,0,0,7
2001,340639,2,1,31,31,31,31,31,31,31,31,31,31
2001,340640,1,1,0,0,0,0,0,0,0,0,0,0
2001,340640,2,1,0,0,0,0,0,0,0,0,0,0
2001,340641,1,1,0,0,0,0,0,0,0,0,0,0
2001,340642,1,1,21,21,21,21,21,21,21,21,21,21
2001,340643,1,1,0,0,0,0,0,0,0,0,0,0
2001,340644,1,1,0,0,0,0,0,0,0,0,0,0
2001,340644,2,1,0,0,0,11,0,0,0,0,0,0
2001,340645,1,1,28,28,28,28,28,28,28,28,28,28
2001,340646,1,1,0,0,0,0,6,0,0,0,0,0
2001,340646,2,1,0,0,15,0,0,0,9,0,0,0
2001,340647,0,1,0,0,0,0,0,0,0,0,0,0
2001,340647,1,1,0,0,0,0,0,0,0,0,0,0
2001,340648,1,1,19,19,19,19,19,19,19,19,19,19
2001,340649,1,1,0,0,0,0,0,0,0,0,0,0
2001,340649,2,1,0,0,0,0,0,0,0,0,19,0
2001,340649,3,1,0,0,0,0,0,0,0,0,0,0
2001,340649,4,1,0,0,0,11,0,8,0,0,0,0
2001,340649,5,1,0,5,0,0,0,0,0,0,0,0
2001,340650,0,1,0,0,0,0,0,0,0,0,0,0
2001,340650,1,1,0,0,0,0,0,18,0,5,0,0
2001,340651,0,1,0,0,0,0,0,0,0,0,0,0
2001,340651,1,1,0,0,0,0,0,0,0,0,0,0
2001,340652,1,1,0,0,0,0,0,0,0,0,0,0
2001,340653,1,1,0,0,0,0,0,0,0,0,0,0
2001,340655,0,1,23,23,23,23,23,23,23,23,23,23
2001,340655,1,1,0,0,0,0,0,0,0,35,0,0
2001,340656,1,1,0,0,0,0,0,0,0,0,0,0
2001,340657,1,1,0,0,0,0,0,0,0,0,0,0
2001,340658,1,1,0,0,0,0,0,0,0,0,0,0
2001,340659,1,1,0,0,16,0,0,0,17,20,11,0
2001,340659,2,1,10,10,10,10,10,10,10,10,10,10
2001,340659,3,1,0,0,0,0,0,0,0,0,0,0
2001,340660,1,1,0,0,0,0,0,0,0,0,0,0
2001,340660,2,1,14,7,7,8,0,4,9,17,0,24
2001,340661,1,1,0,0,0,0,0,0,0,0,0,0
2001,340662,1,1,0,0,0,12,0,0,0,34,0,0
2001,340662,2,1,0,0,0,0,0,0,0,0,3,0
2001,340662,3,1,0,0,20,0,0,0,0,0,0,0
2001,340663,1,1,0,0,0,0,0,0,0,0,0,0
2001,340663,2,1,16,16,16,16,16,16,16,16,16,16
2001,340664,0,1,0,0,0,0,0,0,0,0,0,0
2001,340664,1,1,0,0,0,5,0,0,0,0,0,0
2001,340665,1,1,3,3,3,3,3,3,3,3,3,3
2001,340666,1,1,10,10,10,10,10,10,10,10,10,10
2001,340667,0,1,0,0,0,0,0,0,0,0,0,0
2001,340667,1,1,0,0,0,0,0,0,0,0,0,0
2001,340668,0,1,33,33,33,33,33,33,33,33,33,33
2001,340668,1,1,0,0,0,0,0,0,0,0,0,0
2001,340669,1,1,0,0,0,0,0,0,0,0,0,0
2001,340669,2,1,0,0,0,0,0,0,0,0,0,0
2001,340669,3,1,0,0,0,0,0,0,0,0,0,0
2001,340670,1,1,0,0,0,0,0,0,0,0,0,0
2001,340672,0,1,3,3,3,3,3,3,3,3,3,3
2001,340672,1,1,11,11,11,11,11,11,11,11,11,11
2001,340673,1,1,18,18,18,18,18,18,18,18,18,18
2001,340674,0,1,0,0,0,0,0,0,0,0,0,0
2001,340674,1,1,0,0,11,0,0,0,0,0,0,34
2001,340675,0,1,25,25,25,25,25,25,25,25,25,25
2001,340675,1,1,0,0,0,31,0,0,0,0,0,0
2001,340676,1,1,0,0,0,0,0,0,0,0,0,0
2001,340676,2,1,0,0,8,0,0,0,0,0,0,0
2001,340677,1,1,0,0,0,7,0,0,0,0,0,0
2001,340677,2,1,0,0,0,0,0,0,0,0,0,0
2001,340678,1,1,0,0,0,0,0,0,0,0,0,0
2001,340678,2,1,0,0,0,0,0,0,0,0,0,0
2001,340679,0,1,0,0,0,0,0,0,0,0,0,0
2001,340679,1,1,8,8,8,8,8,8,8,8,8,8
2001,340680,1,1,0,0,0,0,0,0,0,0,0,0
2001,340681,1,1,0,0,0,0,0,0,0,0,0,0
2001,340682,1,1,0,0,0,0,0,0,0,0,14,0
2001,340682,2,1,16,16,16,16,16,16,16,16,16,16
2001,340683,0,1,25,25,25,25,25,25,25,25,25,25
2001,340683,1,1,0,0,0,0,0,0,0,0,0,0
2001,340684,1,1,14,27,0,0,23,12,0,0,20,0
2001,340685,1,1,5,5,5,5,5,5,5,5,5,5
2001,340686,1,1,5,5,5,5,5,5,5,5,5,5
2001,340686,2,1,0,0,0,0,0,0,0,0,0,0
2001,340687,1,1,22,0,0,0,0,0,0,0,0,0
2001,340688,1,1,0,0,0,0,0,0,0,0,0,0
2001,340689,1,1,22,0,0,0,0,11,0,3,12,0
2001,340690,1,1,37,37,37,37,37,37,37,37,37,37
2001,340690,2,1,8,0,15,16,6,8,23,0,16,20
2001,340691,1,1,0,0,0,0,0,0,0,0,0,0
2001,340692,1,1,0,0,0,2,0,0,3,0,0,0
2001,340692,2,1,0,0,0,0,0,0,0,0,0,14
2001,340693,0,1,24,23,12,26,18,31,18,0,4,0
2001,340693,1,1,9,19,0,0,19,0,0,0,12,0
2001,340694,1,1,0,11,0,7,0,0,6,0,0,0
2001,340695,1,1,0,0,0,0,0,0,0,0,0,0
2001,340695,2,1,0,19,0,16,0,0,23,0,0,0
2001,340697,1,1,0,0,0,0,0,0,0,0,0,0
2001,340698,1,1,8,0,0,0,0,0,0,0,0,29
2001,340699,0,1,0,0,0,0,0,33,0,0,0,0
2001,340699,1,1,0,0,0,0,0,0,0,0,0,0
2001,340700,0,1,3,3,3,3,3,3,3,3,3,3
2001,340700,1,1,0,0,0,0,0,0,0,0,0,0
2001,340701,1,1,21,8,0,0,5,12,0,18,0,16
2001,340701,2,1,0,0,0,0,0,0,0,0,0,0
2001,340702,1,1,0,0,0,0,0,0,0,0,0,0
2001,340702,2,1,0,0,0,0,0,0,0,0,0,0
2001,340703,1,1,0,0,0,0,0,0,0,0,0,0
2001,340704,1,1,0,0,0,0,0,0,0,0,0,0
2001,340705,1,1,0,0,0,0,0,0,0,0,0,0
2001,340706,0,1,0,0,0,0,0,0,0,0,0,0
2001,340706,1,1,0,0,0,0,0,0,0,0,0,0
2001,340707,1,1,0,0,0,0,0,0,0,0,0,0
2001,340707,2,1,0,0,0,0,0,0,0,0,0,0
2001,340708,0,1,16,16,16,16,16,16,16,16,16,16
2001,340708,1,1,0,0,14,16,0,0,0,0,12,19
2001,340708,2,1,0,11,0,0,0,0,6,0,15,0
2001,340709,1,1,0,0,0,0,0,0,0,0,0,0
2001,340709,2,1,0,0,0,0,0,0,0,0,0,0
2001,340710,1,1,0,0,0,0,0,0,0,0,0,0
2001,340710,2,1,23,23,23,23,23,23,23,23,23,23
2001,340711,1,1,10,10,10,10,10,10,10,10,10,10
2001,340712,1,1,0,0,0,0,0,0,0,0,0,0
2001,340712,2,1,0,0,0,0,0,0,0,0,0,0
2001,340713,1,1,0,0,0,0,0,0,0,0,0,0
2001,340713,2,1,0,0,0,0,0,0,0,0,0,0
2001,340714,1,1,21,21,21,21,21,21,21,21,21,21
2001,340715,1,1,0,0,0,0,0,0,0,0,0,0
2001,340715,2,1,0,0,0,0,0,0,0,0,0,0
2001,340716,1,1,6,6,6,6,6,6,6,6,6,6
2001,340717,1,1,0,16,0,12,0,0,0,21,0,0
2001,340717,2,1,0,0,0,0,0,0,0,0,0,0
2001,340718,0,1,26,26,26,26,26,26,26,26,26,26
2001,340718,1,1,0,0,0,0,0,0,0,0,0,0
2001,340719,1,1,0,0,0,0,0,21,0,0,0,0
2001,340719,2,1,0,0,0,0,0,0,0,0,0,0
2001,340720,0,1,0,0,0,0,0,0,0,0,0,0
2001,340720,1,1,0,0,15,0,0,0,0,0,0,0
2001,340721,0,1,0,0,0,35,0,19,0,0,0,0
2001,340721,0,2,0,0,0,0,0,0,14,0,0,0
2001,340721,1,1,0,0,0,0,18,20,0,15,7,0
2001,340722,1,1,0,0,0,0,0,0,0,0,0,0
2001,340722,2,1,0,0,0,0,0,0,0,0,0,0
2001,340723,0,1,0,0,0,0,0,0,0,0,0,0
2001,340723,1,1,0,0,0,0,0,0,0,0,0,0
2001,340724,0,1,0,0,0,0,0,0,0,0,0,0
2001,340724,1,1,0,0,0,0,7,0,0,0,0,0
2001,340725,0,1,0,0,0,0,0,0,0,0,0,0
2001,340725,1,1,0,0,0,0,22,0,0,0,0,0
2001,350001,0,1,0,0,0,0,0,0,0,0,0,0
2001,350001,1,1,0,28,8,0,10,13,0,18,0,0
2001,350002,1,1,0,0,0,0,0,0,0,0,0,0
2001,350003,0,1,16,16,16,16,16,16,16,16,16,16
2001,350003,1,1,0,0,0,0,0,0,0,0,0,0
2001,350004,1,1,0,0,0,0,0,0,0,0,0,0
2001,350005,1,1,0,0,0,0,0,0,0,0,0,0
2001,350006,1,1,0,0,0,0,0,0,0,0,0,0
2001,350007,1,1,25,25,25,25,25,25,25,25,25,25
2001,350008,1,1,0,0,0,0,0,0,0,0,0,0
2001,350009,1,1,0,30,0,17,0,0,0,0,0,0
2001,350010,0,1,0,0,0,0,0,0,0,0,0,0
2001,350010,1,1,0,0,0,0,0,0,0,0,0,0
2001,350011,1,1,0,0,0,0,0,0,0,0,0,0
2001,350011,2,1,0,0,0,0,0,0,0,0,5,0
2001,350012,1,1,8,0,28,0,18,0,0,0,0,0
2001,350013,0,1,0,0,0,0,0,0,0,0,0,0
2001,350013,1,1,0,0,0,0,0,0,0,0,0,0
2001,350014,1,1,0,28,20,20,6,35,17,19,35,25
2001,350015,1,1,0,0,0,0,0,0,0,0,0,0
2001,350015,2,1,19,19,19,19,19,19,19,19,19,19
2001,350016,1,1,0,0,0,0,0,0,0,0,0,3
2001,350017,0,1,0,0,0,0,0,0,0,0,0,0
2001,350017,1,1,0,0,0,15,0,0,0,0,0,0
2001,350018,1,1,0,0,0,0,0,0,0,0,0,0
2001,350019,1,1,0,0,0,0,0,0,0,0,0,0
2001,350019,2,1,0,0,0,0,0,0,0,0,0,0
2001,350020,1,1,0,0,0,0,0,0,0,0,0,0
2001,350021,1,1,24,24,24,24,24,24,24,24,24,24
2001,350022,1,1,0,0,0,23,0,0,0,0,0,0
2001,350022,2,1,0,0,0,0,0,0,0,0,0,0
2001,350023,1,1,0,0,0,0,0,0,0,0,0,0
2001,350023,2,1,0,0,0,0,0,0,0,0,0,0
2001,350024,1,1,14,14,14,14,14,14,14,14,14,14
2001,350025,0,1,11,11,11,11,11,11,11,11,11,11
2001,350025,1,1,0,0,0,0,0,0,0,0,0,0
2001,350026,0,1,2,2,2,2,2,2,2,2,2,2
2001,350026,1,1,0,0,0,0,0,0,0,0,0,0
2001,350027,1,1,16,0,0,0,0,0,0,0,0,0
2001,350027,2,1,0,0,0,0,0,0,0,0,0,0
2001,350028,1,1,33,33,33,33,33,33,33,33,33,33
2001,350029,1,1,0,0,0,0,0,0,0,0,0,0
2001,350030,1,1,0,0,0,0,17,0,0,0,0,0
2001,350031,1,1,0,0,0,0,0,0,0,0,0,0
2001,350031,2,1,0,0,0,0,0,0,0,0,0,0
2001,350032,1,1,5,11,16,27,13,18,29,14,16,8
2001,350032,2,1,12,0,0,0,0,24,9,0,0,0
2001,350033,1,1,18,18,18,18,18,18,18,18,18,18
2001,350034,1,1,0,0,0,0,0,0,0,0,0,0
2001,350034,2,1,0,0,0,0,0,0,0,0,0,0
2001,350035,1,1,9,11,12,12,11,27,13,18,12,0
2001,350036,1,1,0,0,0,0,0,0,0,0,0,0
2001,350037,0,1,26,26,26,26,26,26,26,26,26,26
2001,350037,1,1,0,0,0,0,0,0,0,0,0,0
2001,350038,1,1,0,0,0,0,0,0,0,0,0,0
2001,350039,1,1,9,27,32,5,27,13,32,5,21,29
2001,350040,1,1,13,13,13,13,13,13,13,13,13,13
2001,350041,0,1,0,0,0,0,0,0,0,0,0,0
2001,350041,1,1,0,7,0,0,0,0,0,0,0,0
2001,350042,1,1,17,24,20,6,21,9,15,9,16,0
2001,350043,0,1,0,0,0,0,0,0,0,0,0,0
2001,350043,1,1,0,0,0,0,0,0,0,0,0,0
2001,350044,0,1,35,35,35,35,35,35,35,35,35,35
2001,350044,1,1,0,0,0,0,0,0,0,0,0,0
2001,350045,1,1,0,0,0,0,0,0,0,0,0,0
2001,350045,2,1,0,0,0,0,0,0,0,0,0,0
2001,350046,1,1,7,0,15,0,0,0,0,0,0,0
2001,350047,1,1,0,0,0,0,0,0,0,0,0,0
2001,350048,1,1,8,7,14,0,0,18,0,12,0,4
2001,350049,1,1,14,12,17,2,27,14,14,12,22,19
2001,350049,2,1,0,0,0,0,0,0,0,21,0,0
2001,350050,1,1,23,23,23,23,23,23,23,23,23,23
2001,350051,1,1,0,0,0,0,0,0,0,0,0,0
2001,350052,1,1,0,6,6,20,10,4,21,29,15,18
2001,350052,2,1,0,0,0,0,0,0,0,0,0,0
2001,350053,1,1,0,0,0,0,0,0,0,0,0,0
2001,350054,1,1,0,5,12,0,8,3,0,10,2,13
2001,350055,1,1,0,0,0,0,0,0,0,0,0,0
2001,350055,2,1,0,0,0,0,0,0,0,0,0,0
2001,350056,1,1,0,0,0,0,0,0,0,0,0,0
2001,350056,2,1,0,0,0,0,0,0,0,0,0,0
2001,350057,1,1,21,21,21,21,21,21,21,21,21,21
2001,350058,1,1,25,25,25,25,25,25,25,25,25,25
2001,350059,1,1,9,9,9,9,9,9,9,9,9,9
2001,350060,1,1,0,0,0,0,0,0,0,0,0,0
2001,350060,2,1,0,0,0,0,0,0,0,0,0,0
2001,350060,3,1,0,0,0,0,0,0,0,0,0,0
2001,350061,0,1,27,27,27,27,27,27,27,27,27,27
2001,350061,1,1,0,4,0,0,12,0,17,0,0,0
2001,350062,1,1,9,9,9,9,9,9,9,9,9,9
2001,350063,1,1,0,0,0,0,0,0,0,0,0,0
2001,350063,2,1,0,0,0,0,0,0,0,0,0,0
2001,350064,0,1,26,26,26,26,26,26,26,26,26,26
2001,350064,1,1,0,0,0,13,0,0,0,0,0,0
2001,350065,1,1,0,0,0,0,0,0,0,0,0,0
2001,350066,1,1,0,0,0,0,0,0,0,0,0,0
2001,350066,2,1,0,0,0,0,0,0,0,0,0,0
2001,350067,1,1,0,0,0,0,0,0,0,0,0,0
2001,350067,2,1,0,0,0,0,0,0,0,0,0,0
2001,350068,1,1,23,23,23,23,23,23,23,23,23,23
2001,350069,1,1,0,0,0,0,0,0,0,0,0,0
2001,350070,1,1,0,0,0,0,0,0,0,0,0,0
2001,350070,2,1,0,0,0,0,0,0,0,0,0,0
2001,350070,3,1,0,0,0,0,0,0,0,0,0,0
2001,350070,4,1,0,0,0,0,0,0,0,0,0,0
2001,350070,5,1,0,0,0,0,0,0,0,0,0,0
2001,350070,6,1,0,0,0,0,0,0,0,0,21,0
2001,350071,1,1,0,0,0,0,0,0,0,0,0,0
2001,350072,1,1,25,25,25,25,25,25,25,25,25,25
2001,350072,2,1,0,0,0,0,0,0,0,0,0,0
2001,350073,0,1,0,0,0,0,0,0,0,0,0,0
2001,350073,1,1,0,0,0,0,0,0,0,0,0,0
2001,350074,1,1,0,0,0,0,0,0,0,0,0,0
2001,350076,1,1,9,19,11,0,29,22,20,18,11,3
2001,350077,1,1,0,13,0,0,0,0,0,8,10,3
2001,350078,1,1,0,0,0,0,0,0,0,0,0,0
2001,350078,2,1,0,0,0,0,0,0,0,0,0,0
2001,350079,0,1,17,17,17,17,17,17,17,17,17,17
2001,350079,1,1,0,0,0,0,0,0,0,0,0,0
2001,350080,1,1,0,0,0,0,0,0,0,0,0,0
2001,350081,1,1,0,0,0,0,0,0,0,0,0,11
2001,350082,1,1,0,0,0,0,0,0,0,0,0,0
2001,350083,1,1,0,0,0,0,0,0,0,0,0,0
2001,350084,1,1,0,0,0,0,0,0,0,0,0,0
2001,350084,2,1,0,0,0,0,0,0,0,0,0,0
2001,350085,0,1,0,0,0,0,0,0,0,0,0,0
2001,350085,1,1,0,0,0,0,0,0,0,0,0,0
2001,350086,1,1,0,0,0,0,0,0,0,0,0,0
2001,350086,2,1,0,0,0,0,0,0,0,0,0,0
2001,350086,3,1,0,0,0,0,0,0,0,0,0,0
2001,350087,1,1,15,15,15,15,15,15,15,15,15,15
2001,350088,1,1,0,0,0,0,0,0,0,0,0,0
2001,350088,2,1,0,0,0,0,0,0,0,0,0,0
2001,350089,1,1,0,0,0,0,0,0,10,0,0,0
2001,350090,1,1,3,3,3,3,3,3,3,3,3,3
2001,350091,0,1,23,23,23,23,23,23,23,23,23,23
2001,350091,1,1,0,12,0,0,0,0,0,0,0,0
2001,350092,1,1,0,0,0,0,0,0,0,0,0,0
2001,350092,2,1,19,19,19,19,19,19,19,19,19,19
2001,350093,1,1,12,12,13,21,4,20,7,19,4,14
2001,350093,2,1,0,0,0,0,0,0,0,10,0,0
2001,350094,0,1,17,0,0,0,20,0,0,0,0,0
2001,350094,1,1,0,0,0,0,0,0,0,0,0,0
2001,350095,0,1,34,34,34,34,34,34,34,34,34,34
2001,350095,1,1,30,13,26,6,0,28,0,0,0,7
2001,350095,2,1,0,0,0,0,0,0,0,0,10,0
2001,350096,1,1,0,0,0,0,0,0,0,0,0,0
2001,350097,1,1,0,0,0,0,0,0,0,0,0,0
2001,350097,2,1,39,5,8,15,12,12,10,12,14,12
2001,350098,1,1,0,0,0,0,0,0,0,0,0,0
2001,350099,1,1,0,0,0,0,0,0,0,0,0,0
2001,350099,2,1,0,0,0,0,0,0,0,0,0,0
2001,350100,0,1,0,0,0,0,0,0,0,0,0,0
2001,350100,1,1,0,0,0,0,0,0,0,0,0,0
2001,350101,1,1,0,0,0,0,0,0,0,0,0,0
2001,350101,2,1,13,15,32,5,16,11,0,5,13,33
2001,350102,0,1,26,26,26,26,26,26,26,26,26,26
2001,350102,1,1,0,0,25,14,0,0,0,6,0,0
2001,350103,0,1,17,17,17,17,17,17,17,17,17,17
2001,350103,1,1,15,23,4,0,7,0,22,0,0,7
2001,350104,1,1,0,0,0,0,0,0,0,0,0,0
2001,350105,1,1,16,16,16,16,16,16,16,16,16,16
2001,350106,0,1,16,0,7,0,0,0,21,18,17,0
2001,350106,1,1,27,0,0,0,0,0,0,0,0,0
2001,350107,1,1,0,0,0,0,0,0,0,0,0,0
2001,350108,1,1,0,0,0,0,0,0,0,0,0,0
2001,350109,1,1,1,1,1,1,1,1,1,1,1,1
2001,350109,2,1,21,21,21,21,21,21,21,21,21,21
2001,350110,1,1,0,0,0,0,0,0,0,0,0,0
2001,350110,2,1,0,0,0,0,0,0,0,0,0,0
2001,350111,1,1,0,0,0,0,0,0,0,0,18,0
2001,350112,1,1,0,0,0,0,0,0,0,0,0,0
2001,350112,2,1,0,0,0,0,0,0,0,0,0,0
2001,350113,1,1,0,0,0,0,0,0,0,0,0,0
2001,350114,1,1,20,0,0,24,0,0,0,0,0,0
2001,350115,0,1,18,18,18,18,18,18,18,18,18,18
2001,350115,1,1,0,0,0,0,0,0,0,0,0,0
2001,350116,1,1,19,13,16,20,20,22,31,5,16,18
2001,350117,1,1,0,0,0,0,0,0,0,0,0,0
2001,350117,2,1,0,0,0,0,0,0,0,0,0,0
2001,350118,1,1,0,0,0,0,0,0,0,0,0,0
2001,350118,2,1,0,0,0,0,0,0,0,0,0,0
2001,350119,1,1,16,0,3,20,15,0,18,22,15,15
2001,350119,2,1,0,0,0,0,0,0,0,0,0,0
2001,350120,1,1,0,0,0,0,0,0,19,0,0,0
2001,350121,1,1,21,21,21,21,21,21,21,21,21,21