YEAR,st_case,veh_no,per_no,P1,P2,P3,P4,P5,P6,P7,P8,P9,P10
2001,350122,1,1,1,1,1,1,1,1,1,1,1,1
2001,350123,1,1,0,0,0,0,0,0,0,0,0,0
2001,350124,1,1,0,0,0,0,0,0,0,0,0,0
2001,350125,1,1,0,0,13,5,0,12,0,0,0,0
2001,350125,2,1,0,7,17,0,14,7,0,0,12,18
2001,350125,3,1,9,0,0,0,0,5,0,0,0,0
2001,350125,4,1,0,0,7,0,0,0,10,0,0,2
2001,350126,1,1,17,17,17,17,17,17,17,17,17,17
2001,350126,2,1,0,0,0,0,0,0,0,0,0,0
2001,350127,1,1,0,0,0,0,0,0,0,0,0,0
2001,350128,0,1,0,0,0,0,0,0,0,0,0,0
2001,350128,1,1,0,0,0,0,0,0,0,0,0,0
2001,350129,1,1,0,0,0,0,0,0,0,0,18,0
2001,350129,2,1,19,19,19,19,19,19,19,19,19,19
2001,350130,1,1,0,0,0,0,0,0,0,0,0,0
2001,350131,1,1,0,0,0,0,0,0,0,0,0,0
2001,350132,1,1,0,0,0,0,0,0,0,0,0,0
2001,350132,2,1,0,0,0,24,0,0,7,0,0,0
2001,350133,1,1,0,0,0,0,0,0,0,0,27,0
2001,350133,2,1,0,0,0,0,0,0,0,0,0,0
2001,350134,1,1,1,1,1,1,1,1,1,1,1,1
2001,350135,1,1,0,0,0,0,0,0,0,0,4,0
2001,350135,2,1,0,0,0,0,0,0,0,0,0,0
2001,350136,1,1,0,0,0,0,0,0,0,0,0,0
2001,350137,1,1,0,0,0,0,0,0,0,0,0,0
2001,350138,0,1,17,17,17,17,17,17,17,17,17,17
2001,350138,1,1,0,0,0,0,0,0,0,0,0,0
2001,350139,1,1,23,23,23,23,23,23,23,23,23,23
2001,350140,1,1,20,20,20,20,20,20,20,20,20,20
2001,350141,1,1,0,0,0,0,0,11,0,0,0,0
2001,350142,1,1,0,0,0,0,0,0,0,0,0,0
2001,350142,2,1,17,17,17,17,17,17,17,17,17,17
2001,350143,1,1,0,0,0,0,0,0,0,0,0,0
2001,350143,2,1,0,0,0,0,0,0,10,0,0,0
2001,350144,1,1,0,0,0,0,0,0,0,0,0,0
2001,350145,0,1,0,0,0,0,0,0,0,0,0,0
2001,350145,1,1,0,0,0,0,0,0,0,0,0,0
2001,350146,0,1,10,10,10,10,10,10,10,10,10,10
2001,350146,1,1,5,28,10,7,16,0,6,12,15,15
2001,350147,1,1,0,0,0,0,0,0,0,0,0,0
2001,350148,1,1,22,22,22,22,22,22,22,22,22,22
2001,350148,2,1,0,0,0,0,0,0,0,0,0,0
2001,350149,1,1,0,0,0,0,0,0,0,0,0,0
2001,350150,1,1,0,0,14,0,0,0,0,6,10,0
2001,350150,2,1,14,14,14,14,14,14,14,14,14,14
2001,350150,3,1,0,0,0,0,0,0,0,0,0,0
2001,350151,1,1,15,16,20,10,15,4,17,9,17,18
2001,350152,1,1,3,3,3,3,3,3,3,3,3,3
2001,350152,2,1,0,0,0,0,0,0,0,0,0,0
2001,350153,0,1,25,25,25,25,25,25,25,25,25,25
2001,350153,1,1,0,0,0,0,0,0,0,0,0,0
2001,350154,1,1,0,8,0,0,0,0,9,17,0,4
2001,350154,2,1,17,8,0,23,9,13,16,15,12,0
2001,350155,1,1,0,0,0,0,0,0,0,0,0,0
2001,350156,1,1,12,24,32,17,3,16,24,18,18,25
2001,350157,1,1,22,22,22,22,22,22,22,22,22,22
2001,350158,1,1,0,0,0,0,0,0,0,0,0,0
2001,350158,2,1,0,0,0,0,0,0,0,0,0,0
2001,350159,0,1,21,21,21,21,21,21,21,21,21,21
2001,350159,1,1,0,19,0,0,0,0,0,0,0,0
2001,350160,0,1,22,20,31,33,14,32,26,10,11,28
2001,350160,1,1,0,0,0,0,0,0,0,0,0,0
2001,350161,0,1,0,0,0,0,0,0,0,0,0,0
2001,350161,1,1,0,0,0,0,0,0,0,0,0,0
2001,350162,1,1,0,0,7,0,0,0,0,0,0,0
2001,350163,1,1,0,0,0,0,0,0,0,0,0,0
2001,350164,1,1,10,20,0,0,9,6,0,5,34,17
2001,350165,1,1,1,1,1,1,1,1,1,1,1,1
2001,350165,2,1,0,0,0,0,0,0,0,0,0,0
2001,350166,1,1,12,0,0,0,19,0,0,0,0,0
2001,350167,0,1,7,7,7,7,7,7,7,7,7,7
2001,350167,1,1,0,7,0,0,0,18,0,0,0,0
2001,350168,1,1,0,0,0,0,0,0,0,0,0,0
2001,350169,1,1,0,0,0,0,0,0,0,0,0,0
2001,350169,2,1,0,0,0,0,0,0,0,0,0,0
2001,350170,1,1,12,12,12,12,12,12,12,12,12,12
2001,350170,2,1,0,0,0,0,0,0,0,0,0,0
2001,350171,1,1,6,6,6,6,6,6,6,6,6,6
2001,350171,2,1,0,0,0,0,0,0,0,0,14,0
2001,350172,1,1,27,27,27,27,27,27,27,27,27,27
2001,350173,1,1,0,0,0,0,0,0,0,0,0,0
2001,350173,2,1,0,0,0,0,0,0,0,0,0,0
2001,350174,1,1,0,0,0,0,0,0,0,0,0,0
2001,350174,2,1,0,0,0,0,0,0,0,0,0,0
2001,350175,1,1,0,0,0,0,0,0,0,0,0,0
2001,350176,1,1,0,0,0,0,0,0,0,0,0,0
2001,350176,2,1,21,21,21,21,21,21,21,21,21,21
2001,350177,1,1,20,15,0,6,10,17,8,8,0,0
2001,350177,2,1,0,0,17,0,0,0,0,0,0,0
2001,350178,0,1,0,0,0,0,0,0,0,0,0,0
2001,350178,1,1,0,5,0,0,0,0,0,0,0,0
2001,350179,1,1,5,5,5,5,5,5,5,5,5,5
2001,350179,2,1,0,0,0,0,0,0,0,0,0,0
2001,350180,1,1,16,16,16,16,16,16,16,16,16,16
2001,350180,2,1,18,19,7,12,7,8,15,12,7,0
2001,350181,1,1,0,0,0,0,0,0,0,0,0,0
2001,350183,0,1,7,24,27,18,20,10,0,0,0,0
2001,350183,1,1,26,18,12,27,24,19,32,18,11,21
2001,350184,1,1,0,0,5,0,0,0,0,0,0,0
2001,350184,2,1,0,0,14,0,0,0,0,0,6,19
2001,350185,1,1,0,0,0,0,0,0,0,0,0,0
2001,350185,2,1,0,0,0,0,0,0,0,0,0,0
2001,350186,1,1,19,19,19,19,19,19,19,19,19,19
2001,350187,1,1,0,0,0,0,0,0,0,0,0,0
2001,350187,2,1,0,0,0,0,0,0,0,0,0,0
2001,350188,1,1,16,16,16,16,16,16,16,16,16,16
2001,350188,2,1,0,0,0,0,0,0,0,0,0,0
2001,350189,1,1,21,21,21,21,21,21,21,21,21,21
2001,350190,1,1,2,2,2,2,2,2,2,2,2,2
2001,350191,1,1,0,0,0,0,0,0,0,0,0,0
2001,350192,1,1,0,0,0,0,0,0,0,0,0,0
2001,350193,0,1,13,35,20,22,11,23,0,0,0,0
2001,350193,1,1,0,28,0,0,5,0,0,10,0,0
2001,350194,0,1,0,0,0,11,0,0,10,0,0,0
2001,350194,0,2,0,17,0,0,0,0,0,17,0,12
2001,350194,0,3,0,0,0,0,0,0,0,0,0,0
2001,350194,1,1,15,11,12,0,7,25,23,7,19,11
2001,350195,1,1,7,7,7,7,7,7,7,7,7,7
2001,350195,2,1,17,17,17,17,17,17,17,17,17,17
2001,350196,0,1,23,23,23,23,23,23,23,23,23,23
2001,350196,1,1,20,20,20,20,20,20,20,20,20,20
2001,350197,0,1,0,0,0,0,0,0,0,0,0,0
2001,350197,1,1,0,0,0,0,0,0,0,0,0,0
2001,350198,1,1,0,12,0,26,0,0,0,13,0,11
2001,350199,1,1,23,23,23,23,23,23,23,23,23,23
2001,350199,2,1,0,0,0,0,0,0,0,0,0,0
2001,350200,1,1,21,21,21,21,21,21,21,21,21,21
2001,350201,1,1,0,0,0,0,0,0,0,0,0,0
2001,350201,2,1,0,0,0,0,0,0,0,0,0,0
2001,350202,1,1,0,0,0,0,0,0,0,0,0,0
2001,350203,0,1,0,0,0,0,0,0,0,0,0,0
2001,350203,1,1,0,0,0,0,0,0,0,0,0,0
2001,350204,0,1,0,0,0,0,0,0,0,0,0,0
2001,350204,1,1,12,12,12,12,12,12,12,12,12,12
2001,350205,1,1,0,0,0,0,0,0,0,0,0,0
2001,350205,2,1,0,0,0,0,0,0,0,0,0,0
2001,350205,3,1,0,0,0,0,0,0,0,0,0,0
2001,350206,1,1,11,11,11,11,11,11,11,11,11,11
2001,350207,1,1,14,0,0,0,0,0,0,0,0,0
2001,350207,2,1,0,0,0,0,0,0,0,0,0,0
2001,350208,1,1,0,0,0,0,0,0,0,0,0,0
2001,350208,2,1,0,0,0,0,0,0,0,0,0,0
2001,350209,1,1,0,0,0,0,0,0,0,0,0,0
2001,350209,2,1,19,15,25,8,14,17,16,9,26,21
2001,350210,1,1,23,0,8,0,0,0,0,0,0,0
2001,350210,2,1,10,10,10,10,10,10,10,10,10,10
2001,350210,3,1,9,9,9,9,9,9,9,9,9,9
2001,350211,0,1,0,0,0,37,0,25,0,3,24,0
2001,350211,1,1,0,0,0,0,0,0,0,0,0,0
2001,350212,1,1,13,13,13,13,13,13,13,13,13,13
2001,350212,2,1,19,35,17,39,10,7,4,16,9,16
2001,350213,1,1,0,0,0,0,0,0,0,0,0,0
2001,350214,1,1,0,4,20,23,7,0,5,10,0,0
2001,350215,1,1,1,1,1,1,1,1,1,1,1,1
2001,350216,1,1,0,0,0,0,0,0,0,0,0,0
2001,350217,1,1,0,0,0,0,0,0,0,0,0,0
2001,350218,1,1,0,0,0,0,0,0,0,0,0,0
2001,350218,2,1,0,0,0,0,0,0,0,0,0,0
2001,350219,1,1,0,0,0,0,0,0,0,0,0,0
2001,350220,1,1,0,0,0,0,0,0,0,0,0,0
2001,350220,2,1,1,0,0,0,0,0,7,0,0,0
2001,350221,1,1,0,0,0,0,0,0,0,0,0,0
2001,350222,0,1,0,0,0,30,0,0,4,0,0,20
2001,350222,1,1,8,4,14,11,15,31,20,10,3,16
2001,350223,1,1,2,2,2,2,2,2,2,2,2,2
2001,350224,1,1,0,0,0,0,0,0,0,0,0,0
2001,350225,1,1,0,0,0,0,0,0,0,0,0,0
2001,350225,2,1,0,0,0,0,0,0,0,0,0,0
2001,350225,3,1,0,0,0,0,0,0,0,0,0,0
2001,350226,1,1,0,0,0,0,0,0,0,16,0,0
2001,350226,2,1,0,0,0,0,0,0,0,0,0,0
2001,350227,1,1,18,0,32,0,0,0,0,0,0,25
2001,350228,1,1,0,0,0,0,0,0,0,0,0,0
2001,350229,1,1,0,0,0,0,0,0,0,0,0,0
2001,350229,2,1,0,0,0,0,0,5,0,0,0,0
2001,350230,1,1,24,24,24,24,24,24,24,24,24,24
2001,350231,0,1,25,25,25,25,25,25,25,25,25,25
2001,350231,1,1,0,0,0,0,0,0,0,0,0,0
2001,350232,1,1,8,8,8,8,8,8,8,8,8,8
2001,350233,1,1,0,0,0,0,0,0,0,0,0,0
2001,350234,0,1,9,9,9,9,9,9,9,9,9,9
2001,350234,1,1,0,17,7,0,11,17,0,0,23,0
2001,350235,0,1,14,17,9,26,11,30,11,18,14,54
2001,350235,1,1,0,0,0,0,0,0,0,0,11,21
2001,350236,1,1,0,0,0,0,0,0,0,0,0,0
2001,350236,2,1,0,0,0,0,0,0,0,0,0,0
2001,350237,1,1,0,0,0,0,0,0,0,0,0,0
2001,350237,2,1,0,0,0,0,0,0,0,0,0,0
2001,350238,0,1,0,0,0,0,0,0,0,0,0,0
2001,350238,1,1,0,0,0,0,11,0,0,0,0,0
2001,350239,1,1,0,0,0,0,0,0,0,0,0,0
2001,350239,2,1,0,0,0,0,0,0,0,0,0,0
2001,350240,1,1,0,0,0,0,0,0,0,0,0,0
2001,350240,2,1,0,0,0,0,0,0,0,0,0,0
2001,350241,1,1,0,0,0,0,0,0,0,0,0,0
2001,350241,2,1,0,0,0,0,0,0,0,0,0,0
2001,350242,1,1,7,8,22,0,19,18,12,13,17,18
2001,350243,1,1,0,0,0,0,0,0,0,0,0,0
2001,350244,1,1,12,12,12,12,12,12,12,12,12,12
2001,350245,0,1,31,31,31,31,31,31,31,31,31,31
2001,350245,1,1,0,0,0,0,0,0,0,0,0,0
2001,350246,1,1,0,0,0,0,0,0,0,0,0,0
2001,350247,1,1,14,11,15,17,12,11,15,10,19,21
2001,350248,1,1,21,21,21,21,21,21,21,21,21,21
2001,350249,1,1,10,10,10,10,10,10,10,10,10,10
2001,350250,1,1,0,0,0,0,0,0,0,0,0,0
2001,350250,2,1,8,4,0,9,24,19,17,29,0,28
2001,350251,1,1,0,0,0,0,0,0,0,0,0,0
2001,350252,1,1,23,5,6,10,5,22,7,10,16,10
2001,350253,1,1,0,0,0,0,0,0,0,0,0,0
2001,350253,2,1,0,0,0,0,0,0,0,0,0,0
2001,350254,1,1,0,0,0,0,0,0,0,0,0,0
2001,350254,2,1,0,0,0,0,0,0,0,0,0,0
2001,350254,3,1,0,0,0,0,0,0,0,0,0,0
2001,350255,0,1,25,25,25,25,25,25,25,25,25,25
2001,350255,1,1,11,11,11,11,11,11,11,11,11,11
2001,350256,1,1,0,9,14,24,0,25,15,18,16,12
2001,350257,1,1,0,0,0,0,0,0,0,14,0,28
2001,350258,1,1,0,0,0,0,0,0,0,0,0,0
2001,350259,1,1,0,0,0,0,0,0,0,0,0,0
2001,350259,2,1,0,0,0,0,0,0,0,0,0,0
2001,350259,3,1,0,0,0,0,0,0,0,0,0,0
2001,350260,1,1,0,0,0,0,0,0,0,0,0,0
2001,350260,2,1,0,0,0,0,0,0,0,0,0,0
2001,350260,3,1,0,0,0,0,0,0,0,0,0,0
2001,350261,1,1,0,0,0,0,0,0,0,0,0,0
2001,350262,1,1,27,27,27,27,27,27,27,27,27,27
2001,350263,1,1,5,5,5,5,5,5,5,5,5,5
2001,350264,1,1,0,0,0,0,0,12,0,0,0,0
2001,350265,1,1,0,0,0,0,0,0,0,0,0,0
2001,350266,1,1,18,18,18,18,18,18,18,18,18,18
2001,350267,1,1,21,21,21,21,21,21,21,21,21,21
2001,350268,1,1,0,0,0,0,0,0,0,0,0,0
2001,350269,1,1,0,0,9,0,0,0,0,0,0,9
2001,350271,1,1,18,18,18,18,18,18,18,18,18,18
2001,350272,1,1,20,20,20,20,20,20,20,20,20,20
2001,350272,2,1,0,4,0,0,0,0,0,0,0,0
2001,350273,1,1,18,18,18,18,18,18,18,18,18,18
2001,350274,1,1,0,0,0,0,0,0,0,0,0,0
2001,350275,1,1,14,14,14,14,14,14,14,14,14,14
2001,350276,1,1,0,0,0,6,0,0,0,0,0,0
2001,350277,1,1,0,0,0,0,0,0,0,0,0,0
2001,350278,1,1,0,0,0,0,0,0,0,0,0,0
2001,350279,1,1,0,0,0,0,0,0,0,0,0,0
2001,350279,2,1,0,0,0,0,0,0,0,0,0,0
2001,350280,1,1,0,0,0,0,0,0,0,0,0,0
2001,350281,1,1,0,0,0,0,0,0,0,0,0,0
2001,350282,1,1,0,0,0,0,0,0,0,0,0,0
2001,350282,2,1,0,0,0,0,0,0,0,0,0,0
2001,350283,0,1,0,0,0,0,0,29,0,0,0,4
2001,350283,1,1,0,0,0,0,0,0,0,0,0,0
2001,350284,1,1,0,0,0,0,0,0,0,0,0,0
2001,350285,1,1,0,0,0,0,0,0,0,0,0,0
2001,350285,2,1,2,2,2,2,2,2,2,2,2,2
2001,350287,1,1,0,0,0,0,0,0,0,0,0,0
2001,350288,1,1,0,0,0,0,0,0,0,0,0,0
2001,350289,1,1,10,10,6,0,13,13,11,9,7,22
2001,350289,2,1,0,0,0,21,0,0,0,0,0,0
2001,350290,1,1,14,14,14,14,14,14,14,14,14,14
2001,350291,0,1,0,0,0,0,0,0,0,0,0,0
2001,350291,1,1,0,0,0,0,0,0,0,0,0,0
2001,350292,1,1,0,0,0,0,0,0,0,0,0,0
2001,350292,2,1,10,17,19,0,21,4,11,12,12,13
2001,350293,1,1,24,14,5,6,31,11,0,8,28,24
2001,350294,1,1,0,0,0,0,0,0,0,0,0,0
2001,350295,0,1,28,28,28,28,28,28,28,28,28,28
2001,350295,1,1,13,13,13,13,13,13,13,13,13,13
2001,350296,1,1,0,14,0,11,0,0,0,0,0,0
2001,350296,2,1,0,0,0,0,0,0,0,0,0,0
2001,350297,1,1,0,0,0,0,0,0,0,0,0,0
2001,350297,2,1,0,0,0,0,0,0,0,0,0,0
2001,350298,0,1,12,12,12,12,12,12,12,12,12,12
2001,350298,1,1,0,0,0,0,0,0,0,0,0,0
2001,350299,0,1,0,0,0,0,0,0,0,0,0,0
2001,350299,1,1,0,0,7,0,0,0,0,0,22,0
2001,350299,2,1,0,0,0,0,0,0,0,0,0,0
2001,350300,1,1,12,11,14,0,10,0,0,6,15,15
2001,350301,1,1,0,0,0,0,0,0,0,0,0,0
2001,350301,2,1,0,0,0,0,0,0,0,0,0,0
2001,350302,1,1,12,14,9,12,7,24,14,16,11,19
2001,350304,0,1,9,9,9,9,9,9,9,9,9,9
2001,350304,1,1,6,3,0,14,5,22,4,26,8,0
2001,350305,1,1,0,0,0,0,0,0,0,0,0,0
2001,350305,2,1,0,0,0,0,0,0,0,0,14,0
2001,350306,1,1,6,6,6,6,6,6,6,6,6,6
2001,350307,1,1,21,0,0,16,19,3,18,13,12,16
2001,350308,1,1,0,0,0,0,0,0,0,0,0,22
2001,350308,2,1,0,0,0,0,0,0,0,0,0,0
2001,350309,1,1,0,0,0,0,0,0,0,0,0,0
2001,350310,1,1,0,0,0,0,0,0,0,0,0,0
2001,350310,2,1,0,0,0,0,0,0,0,0,0,0
2001,350310,3,1,3,0,0,0,0,0,0,0,0,0
2001,350310,4,1,0,0,0,0,0,0,0,0,0,0
2001,350310,5,1,0,0,0,0,0,0,0,0,0,0
2001,350311,1,1,21,21,21,21,21,21,21,21,21,21
2001,350311,2,1,0,0,0,0,0,0,0,0,0,0
2001,350311,3,1,0,0,0,0,0,0,0,0,0,4
2001,350312,1,1,0,0,0,0,0,0,0,0,0,0
2001,350312,2,1,0,0,0,0,0,0,0,29,0,0
2001,350313,1,1,0,0,0,0,0,0,0,0,0,0
2001,350314,1,1,22,22,22,22,22,22,22,22,22,22
2001,350315,1,1,13,32,22,17,16,23,31,28,20,19
2001,350316,1,1,0,0,10,0,0,0,0,0,0,0
2001,350316,2,1,20,20,20,20,20,20,20,20,20,20
2001,350317,1,1,0,0,0,0,0,0,0,0,0,0
2001,350317,2,1,0,0,0,0,0,0,0,0,0,0
2001,350318,1,1,0,17,0,0,0,0,0,0,0,0
2001,350318,2,1,0,0,0,0,0,0,0,0,0,0
2001,350319,1,1,0,0,0,0,0,0,0,0,0,0
2001,350320,1,1,0,0,2,0,0,0,0,0,8,0
2001,350321,0,1,14,14,14,14,14,14,14,14,14,14
2001,350321,1,1,0,0,0,0,0,0,0,0,0,0
2001,350322,1,1,0,9,0,0,3,0,0,0,0,0
2001,350323,1,1,36,36,36,36,36,36,36,36,36,36
2001,350324,1,1,13,13,13,13,13,13,13,13,13,13
2001,350325,1,1,13,13,13,13,13,13,13,13,13,13
2001,350326,1,1,31,18,41,16,22,16,26,30,26,14
2001,350327,1,1,23,23,23,23,23,23,23,23,23,23
2001,350328,1,1,12,0,6,15,0,0,0,0,0,0
2001,350329,0,1,33,33,33,33,33,33,33,33,33,33
2001,350329,1,1,0,0,0,0,0,0,0,0,0,0
2001,350330,1,1,0,0,0,0,0,0,0,0,0,13
2001,350331,1,1,21,21,21,21,21,21,21,21,21,21
2001,350332,1,1,0,0,0,0,0,0,0,0,0,0
2001,350333,1,1,0,13,13,14,34,15,22,7,0,21
2001,350334,1,1,8,22,8,8,15,9,15,9,14,10
2001,350335,1,1,25,13,15,9,5,8,14,25,8,0
2001,350336,1,1,24,9,11,9,20,14,16,0,32,8
2001,350337,1,1,0,0,0,0,0,0,0,0,0,0
2001,350337,2,1,0,0,0,0,0,0,0,0,0,0
2001,350338,0,1,0,0,0,0,0,0,0,0,0,0
2001,350338,1,1,0,0,0,0,0,0,0,0,0,0
2001,350339,0,1,48,31,9,31,15,24,39,17,38,0
2001,350339,0,2,0,0,0,0,0,0,0,20,0,0
2001,350339,1,1,0,0,14,0,27,0,0,12,0,7
2001,350340,1,1,32,32,32,32,32,32,32,32,32,32
2001,350341,1,1,0,0,0,0,0,0,0,0,0,0
2001,350341,2,1,0,0,0,0,0,0,0,0,0,0
2001,350342,0,1,15,15,15,15,15,15,15,15,15,15
2001,350342,1,1,0,0,0,0,0,0,0,0,0,0
2001,350343,1,1,0,0,0,0,0,0,0,0,0,0
2001,350343,2,1,0,0,0,0,12,0,0,0,0,0
2001,350344,1,1,0,0,0,0,0,0,0,0,0,0
2001,350344,2,1,0,0,0,0,0,0,0,0,0,0
2001,350345,1,1,26,12,7,14,15,5,11,3,7,7
2001,350346,1,1,0,0,0,0,0,0,0,0,0,0
2001,350346,2,1,0,0,0,0,0,14,0,0,0,0
2001,350347,0,1,0,0,0,0,0,0,0,0,0,0
2001,350347,1,1,0,0,0,0,0,0,0,0,0,0
2001,350348,1,1,0,0,0,0,0,5,0,0,0,0
2001,350348,2,1,0,0,0,0,0,0,0,11,0,0
2001,350349,1,1,20,20,20,20,20,20,20,20,20,20
2001,350350,1,1,0,0,0,0,0,0,0,0,0,0
2001,350351,1,1,0,0,0,0,25,0,0,0,0,0
2001,350352,1,1,0,0,0,0,0,0,0,0,0,0
2001,350352,2,1,0,0,0,0,0,0,0,0,0,0
2001,350353,1,1,0,0,0,0,0,0,0,0,0,0
2001,350353,2,1,0,0,0,0,0,0,0,0,0,0
2001,350354,0,1,0,0,0,0,0,0,0,0,0,0
2001,350354,1,1,0,0,0,0,0,0,0,0,0,0
2001,350355,1,1,0,0,0,0,0,0,0,0,0,0
2001,350355,2,1,0,0,0,0,0,0,0,0,0,0
2001,350356,1,1,20,11,14,20,0,6,4,14,7,12
2001,350356,2,1,0,0,0,0,0,0,0,0,20,0
2001,350357,1,1,0,0,0,0,0,0,0,0,0,0
2001,350358,1,1,37,37,37,37,37,37,37,37,37,37
2001,350359,1,1,0,0,0,0,0,0,0,0,0,0
2001,350360,1,1,0,0,0,0,0,0,0,0,0,0
2001,350360,2,1,0,0,0,0,0,0,0,0,1,0
2001,350361,1,1,0,10,0,18,0,0,17,20,22,46
2001,350362,1,1,0,0,0,0,0,0,0,0,0,0
2001,350363,0,1,27,27,27,27,27,27,27,27,27,27
2001,350363,1,1,19,0,0,0,11,0,0,6,0,0
2001,350364,1,1,16,16,16,16,16,16,16,16,16,16
2001,350366,1,1,16,16,23,36,18,26,13,32,0,4
2001,350366,2,1,0,0,0,0,0,0,0,0,0,0
2001,350367,1,1,12,15,8,6,12,6,23,6,6,12
2001,350368,1,1,0,0,0,0,0,0,0,0,0,0
2001,350368,2,1,0,0,0,0,0,0,0,0,0,0
2001,350369,1,1,0,0,0,0,0,0,0,0,0,0
2001,350369,2,1,0,0,0,0,0,0,0,0,0,0
2001,350370,1,1,0,0,0,0,0,0,0,0,0,0
2001,350370,2,1,0,0,0,0,0,0,0,0,0,0
2001,350371,0,1,0,0,0,0,0,0,0,0,0,0
2001,350371,1,1,0,0,0,0,10,0,0,0,0,0
2001,350372,0,1,0,0,0,0,0,0,0,0,0,0
2001,350372,1,1,0,0,0,0,0,0,0,8,0,0
2001,350373,1,1,0,0,0,0,0,0,0,0,0,0
2001,350374,0,1,0,0,0,0,0,0,0,0,0,0
2001,350374,0,2,5,0,0,0,10,0,8,0,3,12
2001,350374,0,3,0,0,17,0,0,0,0,0,0,0
2001,350374,1,1,0,0,0,0,0,0,0,0,0,0
2001,350375,1,1,0,0,0,0,0,0,0,0,0,0
2001,350375,2,1,0,0,0,0,0,0,0,0,0,0
2001,350376,0,1,0,0,0,0,0,0,0,0,0,0
2001,350376,1,1,0,0,0,0,0,0,0,0,0,0
2001,350377,1,1,19,19,19,19,19,19,19,19,19,19
2001,350378,0,1,22,22,22,22,22,22,22,22,22,22
2001,350378,1,1,0,0,0,0,0,0,0,0,0,0
2001,350379,1,1,0,0,0,0,0,0,0,0,0,0
2001,350379,2,1,0,0,0,0,0,0,0,0,0,0
2001,350380,0,1,2,2,2,2,2,2,2,2,2,2
2001,350380,1,1,0,39,22,11,0,10,23,9,9,26
2001,350381,1,1,0,0,0,0,0,0,0,0,0,0
2001,350381,2,1,13,16,14,21,14,7,10,13,14,5
2001,350382,1,1,37,37,37,37,37,37,37,37,37,37
2001,350383,1,1,17,0,0,16,0,17,0,0,0,21
2001,350383,2,1,27,27,27,27,27,27,27,27,27,27
2001,350384,1,1,46,16,18,21,25,16,0,32,19,0
2001,350385,1,1,15,17,12,25,11,25,16,22,18,25
2001,350386,1,1,24,24,24,24,24,24,24,24,24,24
2001,350387,1,1,0,0,0,0,0,0,0,0,0,0
2001,350390,1,1,0,0,0,0,0,0,0,0,0,0
2001,350390,2,1,0,0,0,0,0,0,7,0,0,13
2001,350391,1,1,29,29,29,29,29,29,29,29,29,29
2001,350392,1,1,23,23,23,23,23,23,23,23,23,23
2001,350393,1,1,0,0,0,0,0,0,0,0,0,0
2001,350393,2,1,0,0,0,0,0,0,0,0,0,0
2001,350394,0,1,28,28,28,28,28,28,28,28,28,28
2001,350394,1,1,0,0,10,0,19,0,0,0,0,22
2001,350395,1,1,0,0,0,0,0,0,0,0,0,0
2001,350396,0,1,0,0,0,0,0,0,0,0,0,0
2001,350396,1,1,0,0,0,0,0,0,0,0,0,0
2001,350397,1,1,0,0,0,0,0,0,0,0,0,0
2001,350397,2,1,0,0,6,0,0,13,10,9,11,10
2001,350398,1,1,0,0,0,0,0,0,0,0,0,0
2001,350398,2,1,0,0,0,0,0,0,0,0,0,0
2001,350398,3,1,0,0,0,0,0,0,0,0,0,0
2001,350398,4,1,0,0,0,0,0,0,0,0,0,0
2001,350399,1,1,5,5,5,5,5,5,5,5,5,5
2001,350400,1,1,0,0,0,0,0,0,0,0,0,0
2001,350401,1,1,24,15,10,26,18,10,14,14,19,3
2001,350402,0,1,0,0,0,6,0,0,0,0,0,0
2001,350402,1,1,0,0,0,0,0,0,0,0,0,0
2001,350403,0,1,19,19,19,19,19,19,19,19,19,19
2001,350403,1,1,0,8,0,0,10,4,0,0,19,0
2001,350404,0,1,0,0,0,0,0,0,0,0,0,0
2001,350404,1,1,13,13,13,13,13,13,13,13,13,13
2001,350405,1,1,27,27,27,27,27,27,27,27,27,27
2001,350406,0,1,0,0,0,0,0,0,0,0,0,13
2001,350406,1,1,0,5,0,0,0,0,0,0,0,0
2001,350407,1,1,0,0,0,0,0,0,0,0,0,0
2001,350407,2,1,0,0,0,0,0,0,0,0,0,0
2001,350407,3,1,0,0,0,0,0,0,0,0,0,0
2001,350408,1,1,20,20,20,20,20,20,20,20,20,20
2001,350409,1,1,0,0,0,0,0,0,0,0,0,0
2001,350409,2,1,0,0,0,0,0,0,0,0,0,0
2001,350409,3,1,0,0,0,0,0,0,0,0,0,0
2001,350410,1,1,17,17,17,17,17,17,17,17,17,17
2001,350411,1,1,0,0,0,0,0,0,0,0,0,0
2001,350412,1,1,17,17,17,17,17,17,17,17,17,17
2001,350413,1,1,13,10,13,9,5,19,39,13,10,6
2001,350414,1,1,11,11,11,11,11,11,11,11,11,11