YEAR,st_case,veh_no,per_no,P1,P2,P3,P4,P5,P6,P7,P8,P9,P10
2001,350415,1,1,0,0,0,0,0,0,0,0,0,0
2001,350415,2,1,0,0,0,0,0,0,0,0,0,0
2001,350416,0,1,0,0,0,0,0,0,0,0,0,0
2001,350416,1,1,0,0,0,0,0,0,0,0,0,0
2001,350417,1,1,0,0,0,0,0,0,0,0,0,0
2001,350417,2,1,0,0,0,0,0,0,0,0,0,0
2001,350418,0,1,0,21,0,0,0,21,0,18,0,0
2001,350418,1,1,0,0,0,0,0,0,0,0,0,0
2001,350420,1,1,4,3,0,7,0,0,0,0,0,0
2001,350421,1,1,0,0,17,13,0,13,0,12,0,7
2001,350422,0,1,4,4,4,4,4,4,4,4,4,4
2001,350422,1,1,0,0,0,0,0,0,0,0,0,0
2001,350423,0,1,0,0,0,0,12,0,0,0,0,0
2001,350423,1,1,0,0,0,0,0,0,0,0,0,0
2001,350424,1,1,18,19,32,26,13,8,26,21,28,38
2001,360001,1,1,0,0,0,0,0,0,0,0,0,0
2001,360001,2,1,0,0,0,0,0,0,0,0,0,0
2001,360002,0,1,15,15,15,15,15,15,15,15,15,15
2001,360002,1,1,0,0,0,0,0,9,0,0,0,0
2001,360003,1,1,25,8,8,11,8,13,32,17,12,17
2001,360004,1,1,0,0,0,0,0,0,0,0,0,0
2001,360005,0,1,34,17,12,36,19,9,0,0,0,7
2001,360005,1,1,0,0,0,0,0,0,0,0,0,0
2001,360006,1,1,0,0,0,0,0,0,0,0,0,0
2001,360006,2,1,0,0,0,0,0,0,0,0,0,0
2001,360007,0,1,0,21,0,0,0,0,0,0,0,0
2001,360007,1,1,0,0,0,0,0,0,0,0,0,0
2001,360008,0,1,6,0,0,25,16,0,0,0,0,3
2001,360008,0,2,25,9,16,12,31,0,0,12,32,11
2001,360008,1,1,0,0,0,0,0,0,0,0,0,0
2001,360009,0,1,0,0,0,0,0,0,0,0,0,0
2001,360009,1,1,0,0,0,0,0,0,0,0,0,0
2001,360009,2,1,0,0,26,0,0,0,0,10,0,0
2001,360010,0,1,0,0,0,0,0,0,0,0,0,0
2001,360010,1,1,0,0,0,0,0,0,0,0,0,0
2001,360011,1,1,0,0,0,0,0,0,0,0,0,0
2001,360011,2,1,0,0,0,0,0,0,0,0,0,0
2001,360012,1,1,0,0,0,13,0,0,0,0,11,0
2001,360012,2,1,0,0,0,0,0,0,0,0,0,0
2001,360013,1,1,9,0,17,0,29,0,0,0,20,0
2001,360014,0,1,17,0,9,0,0,0,0,0,0,0
2001,360014,1,1,0,0,0,0,0,0,0,0,0,0
2001,360014,2,1,0,0,0,0,0,0,0,0,0,0
2001,360015,1,1,0,0,0,0,0,0,0,0,0,0
2001,360016,0,1,0,0,0,0,0,0,0,0,0,0
2001,360016,0,2,0,0,0,0,0,0,0,0,0,0
2001,360016,0,3,0,0,5,16,0,0,0,0,13,17
2001,360016,0,4,38,18,0,23,0,0,20,9,0,25
2001,360016,1,1,0,0,0,0,27,0,0,0,0,0
2001,360017,0,1,0,0,0,0,0,0,0,0,0,0
2001,360017,1,1,0,0,0,0,0,0,0,0,0,0
2001,360018,1,1,0,0,30,0,0,0,0,0,0,0
2001,360018,2,1,0,0,0,0,0,0,0,0,0,0
2001,360019,1,1,0,9,0,0,0,0,0,0,0,0
2001,360019,2,1,0,0,0,0,0,0,0,0,0,0
2001,360020,1,1,0,0,0,0,0,0,0,0,10,0
2001,360021,0,1,19,19,19,19,19,19,19,19,19,19
2001,360021,1,1,0,0,0,0,0,0,0,7,23,0
2001,360022,1,1,0,0,0,0,11,7,0,0,0,0
2001,360022,2,1,10,8,0,0,0,23,0,0,0,0
2001,360022,3,1,0,0,0,0,0,0,0,0,0,0
2001,360023,1,1,0,0,0,0,0,0,0,0,0,0
2001,360023,2,1,0,0,0,0,0,0,0,0,0,0
2001,360024,1,1,0,12,11,21,6,6,4,4,32,12
2001,360024,2,1,0,0,0,0,0,0,0,0,0,0
2001,360025,1,1,21,21,21,21,21,21,21,21,21,21
2001,360026,1,1,26,26,26,26,26,26,26,26,26,26
2001,360027,1,1,28,28,28,28,28,28,28,28,28,28
2001,360028,1,1,0,0,0,0,0,0,0,0,0,0
2001,360029,0,1,0,0,0,0,0,0,0,0,0,0
2001,360029,1,1,0,0,0,0,0,0,0,0,0,22
2001,360030,1,1,0,0,0,0,0,0,0,0,0,0
2001,360031,1,1,0,7,0,0,0,0,0,0,0,0
2001,360032,1,1,0,0,0,0,0,0,0,0,0,0
2001,360032,2,1,0,0,0,0,0,0,0,0,14,0
2001,360033,0,1,0,0,0,0,0,0,0,0,0,0
2001,360033,1,1,0,0,0,0,0,0,0,0,0,0
2001,360034,0,1,30,30,30,30,30,30,30,30,30,30
2001,360034,1,1,0,0,0,11,0,0,0,0,0,0
2001,360035,1,1,32,22,13,4,9,14,9,24,9,7
2001,360035,2,1,0,0,20,0,0,15,28,2,0,10
2001,360036,1,1,0,0,0,0,0,0,0,0,0,0
2001,360037,0,1,0,0,0,0,0,0,0,0,0,0
2001,360037,1,1,0,0,0,0,0,0,0,0,0,0
2001,360038,0,1,0,0,0,0,0,0,0,0,0,0
2001,360038,1,1,0,0,0,0,0,0,0,0,0,0
2001,360039,1,1,0,0,0,0,0,0,0,0,0,0
2001,360039,2,1,0,0,0,0,0,0,0,0,0,0
2001,360040,0,1,0,0,0,0,0,0,0,0,0,0
2001,360040,0,2,0,0,0,0,0,0,0,0,0,0
2001,360040,1,1,0,0,0,0,0,0,0,0,0,0
2001,360041,1,1,0,0,0,0,0,0,0,0,0,0
2001,360041,2,1,0,0,0,0,0,0,0,0,0,0
2001,360042,0,1,0,0,15,0,0,17,0,15,0,0
2001,360042,0,2,0,0,30,0,0,0,0,0,0,0
2001,360042,1,1,0,4,27,39,13,3,5,43,9,15
2001,360043,1,1,0,0,0,0,0,0,0,0,0,0
2001,360044,1,1,0,0,0,0,0,0,0,0,0,0
2001,360044,2,1,0,0,0,0,0,0,0,0,0,0
2001,360045,1,1,0,0,0,0,0,0,0,0,0,0
2001,360045,2,1,8,0,0,0,0,0,0,0,0,0
2001,360046,1,1,0,0,0,0,0,0,0,0,0,0
2001,360046,2,1,0,0,0,0,0,0,0,0,0,0
2001,360047,1,1,0,0,0,0,0,0,0,0,0,0
2001,360047,2,1,0,0,0,0,0,0,0,0,0,0
2001,360048,1,1,0,0,0,0,0,11,0,0,0,0
2001,360048,2,1,0,0,0,0,0,0,0,0,0,0
2001,360049,1,1,0,0,0,0,0,0,0,0,0,0
2001,360049,2,1,0,0,0,0,0,0,0,0,0,0
2001,360050,1,1,0,0,0,0,0,0,0,0,0,0
2001,360050,2,1,0,0,0,0,0,0,0,0,0,0
2001,360051,1,1,0,0,0,0,0,0,0,0,0,0
2001,360051,2,1,0,0,0,0,0,0,25,0,0,0
2001,360052,1,1,0,0,0,0,0,0,0,0,0,0
2001,360052,2,1,0,0,0,0,0,0,0,0,0,0
2001,360052,3,1,0,0,0,0,0,0,0,0,0,0
2001,360053,1,1,0,0,0,0,0,0,0,0,0,0
2001,360053,2,1,0,0,0,0,0,0,0,0,0,0
2001,360054,1,1,3,0,0,0,0,0,0,0,0,0
2001,360055,1,1,9,9,9,9,9,9,9,9,9,9
2001,360056,0,1,0,0,0,0,0,0,0,0,0,0
2001,360056,1,1,0,0,0,0,0,17,0,0,0,0
2001,360057,1,1,0,0,0,0,0,0,0,0,0,0
2001,360057,2,1,0,0,0,0,0,0,0,0,0,0
2001,360058,1,1,0,0,0,0,0,0,0,0,0,23
2001,360059,0,1,0,0,0,0,0,0,0,0,0,0
2001,360059,1,1,0,0,0,18,0,0,0,0,13,0
2001,360060,1,1,0,0,0,0,16,0,0,0,0,0
2001,360060,2,1,0,0,0,0,0,0,0,0,0,0
2001,360061,1,1,0,0,0,0,0,0,0,0,0,0
2001,360062,1,1,15,22,19,8,15,22,20,12,10,11
2001,360063,1,1,0,0,0,0,0,0,0,0,0,0
2001,360063,2,1,0,0,0,0,0,0,0,0,0,0
2001,360064,1,1,0,0,0,0,0,0,0,0,0,0
2001,360065,1,1,0,0,0,0,0,0,0,0,0,0
2001,360065,2,1,0,0,0,0,0,0,0,0,0,0
2001,360065,3,1,0,0,0,0,0,0,0,0,0,0
2001,360066,1,1,0,0,20,0,18,0,0,0,0,0
2001,360067,1,1,0,0,0,0,0,0,0,0,0,0
2001,360067,2,1,0,0,14,0,0,0,0,0,0,0
2001,360068,0,1,0,0,0,0,0,0,0,0,0,0
2001,360068,1,1,0,0,0,0,0,0,0,0,0,0
2001,360069,1,1,0,0,0,0,0,0,0,0,0,0
2001,360069,2,1,0,0,27,0,0,0,0,0,0,0
2001,360070,1,1,0,0,0,0,0,0,0,0,0,0
2001,360070,2,1,0,0,0,12,0,0,0,0,0,0
2001,360070,3,1,0,0,0,0,0,0,0,0,0,0
2001,360071,0,1,26,26,26,26,26,26,26,26,26,26
2001,360071,1,1,0,0,0,21,0,29,0,0,0,0
2001,360072,1,1,0,0,0,0,0,0,0,0,0,0
2001,360072,2,1,0,0,0,0,0,0,0,0,0,0
2001,360073,1,1,0,0,0,0,0,0,0,0,0,0
2001,360073,2,1,0,0,0,0,0,0,0,0,0,0
2001,360074,1,1,0,4,14,8,10,19,14,20,7,13
2001,360075,0,1,0,0,0,0,0,0,0,0,0,0
2001,360075,1,1,0,0,0,0,0,0,11,0,0,0
2001,360076,1,1,0,0,0,0,0,0,0,0,0,0
2001,360077,1,1,0,0,0,0,0,0,0,0,0,0
2001,360077,2,1,0,0,0,0,0,0,0,0,0,0
2001,360078,1,1,0,0,0,0,0,0,0,0,0,0
2001,360079,1,1,0,0,0,0,0,0,0,0,0,17
2001,360080,1,1,0,19,20,0,0,0,0,0,0,0
2001,360080,2,1,0,0,0,0,0,0,0,0,0,0
2001,360081,1,1,0,0,0,0,0,0,0,0,0,0
2001,360081,2,1,0,0,0,0,0,0,0,0,0,0
2001,360082,1,1,24,24,24,24,24,24,24,24,24,24
2001,360082,2,1,0,0,0,0,0,0,0,0,0,0
2001,360083,1,1,12,12,12,12,12,12,12,12,12,12
2001,360084,1,1,27,27,27,27,27,27,27,27,27,27
2001,360085,1,1,0,0,12,0,0,2,0,0,0,23
2001,360085,2,1,0,0,0,0,0,0,0,0,0,0
2001,360086,0,1,0,0,0,0,15,0,13,0,35,0
2001,360086,1,1,0,0,0,0,0,0,0,0,0,0
2001,360087,1,1,0,0,0,0,0,0,0,0,0,0
2001,360087,2,1,0,0,0,0,0,0,0,0,0,0
2001,360087,3,1,0,0,0,0,0,0,0,0,0,0
2001,360088,1,1,0,16,0,0,0,18,0,0,0,0
2001,360089,1,1,27,27,27,27,27,27,27,27,27,27
2001,360090,1,1,0,0,0,0,0,0,0,0,0,0
2001,360091,0,1,27,27,27,27,27,27,27,27,27,27
2001,360091,1,1,0,0,0,0,0,0,0,0,0,0
2001,360092,1,1,0,0,0,0,0,0,0,0,0,0
2001,360092,2,1,18,18,4,10,13,14,9,19,11,0
2001,360093,0,1,0,0,0,0,0,0,0,0,0,0
2001,360093,1,1,0,0,0,0,0,0,0,0,0,0
2001,360094,0,1,0,0,0,0,0,0,0,0,0,0
2001,360094,1,1,0,0,0,0,0,0,0,0,0,0
2001,360095,1,1,0,0,0,0,0,0,0,0,0,0
2001,360095,2,1,0,0,0,0,0,0,0,0,0,0
2001,360096,1,1,0,0,11,0,0,0,0,0,0,0
2001,360096,2,1,0,0,0,0,0,0,0,0,0,0
2001,360097,1,1,14,4,7,9,16,9,4,19,18,15
2001,360097,2,1,0,0,0,0,0,0,0,0,0,0
2001,360098,1,1,0,0,0,0,0,0,0,0,0,0
2001,360098,2,1,0,0,10,0,0,0,0,0,0,0
2001,360099,1,1,0,0,0,0,0,18,0,0,0,4
2001,360099,2,1,0,0,0,0,0,0,0,0,0,0
2001,360100,1,1,0,0,13,0,0,0,17,0,0,0
2001,360100,2,1,20,25,0,6,8,9,26,8,8,27
2001,360101,1,1,0,0,0,0,0,0,0,0,0,0
2001,360101,2,1,0,0,0,0,0,0,0,0,0,0
2001,360102,1,1,16,16,17,18,19,5,12,10,18,17
2001,360103,1,1,0,0,0,0,0,0,0,0,0,0
2001,360103,2,1,0,0,0,0,0,0,0,0,0,0
2001,360104,1,1,0,0,0,0,0,0,0,0,0,0
2001,360105,1,1,15,15,15,15,15,15,15,15,15,15
2001,360106,1,1,0,0,0,0,0,0,0,0,0,0
2001,360106,2,1,0,0,0,0,0,0,0,0,0,0
2001,360107,1,1,0,0,10,0,0,0,0,0,0,0
2001,360107,2,1,0,0,0,0,0,0,0,0,0,0
2001,360108,0,1,22,22,22,22,22,22,22,22,22,22
2001,360108,1,1,0,0,0,0,0,0,0,0,0,0
2001,360109,1,1,0,0,0,0,0,0,0,0,0,36
2001,360110,1,1,0,0,0,0,0,0,0,0,0,0
2001,360111,1,1,20,28,0,12,19,0,15,16,54,0
2001,360112,1,1,0,0,0,0,0,0,0,0,0,0
2001,360113,1,1,0,0,0,0,0,0,0,0,0,0
2001,360114,0,1,17,17,17,17,17,17,17,17,17,17
2001,360114,1,1,0,0,0,0,0,0,0,0,0,0
2001,360115,1,1,0,0,0,0,0,0,0,0,0,0
2001,360115,2,1,0,0,0,0,0,0,0,0,0,0
2001,360116,1,1,0,0,0,0,0,0,0,0,0,0
2001,360117,0,1,7,7,7,7,7,7,7,7,7,7
2001,360117,0,2,12,12,12,12,12,12,12,12,12,12
2001,360117,1,1,0,11,0,17,5,20,3,0,8,12
2001,360118,0,1,20,20,20,20,20,20,20,20,20,20
2001,360118,1,1,0,0,0,0,0,0,0,0,0,0
2001,360119,1,1,0,0,0,0,0,0,0,0,0,0
2001,360120,1,1,0,0,0,0,0,0,0,0,0,0
2001,360120,2,1,0,0,0,0,0,0,0,0,0,0
2001,360121,0,1,0,0,0,0,0,0,0,0,0,0
2001,360121,2,1,21,0,0,0,0,0,0,0,0,0
2001,360121,3,1,0,0,0,0,0,0,0,0,0,0
2001,360122,1,1,8,4,0,9,24,0,8,8,15,7
2001,360122,2,1,0,0,0,0,0,0,0,0,0,0
2001,360122,3,1,0,0,0,0,0,0,0,0,0,0
2001,360123,1,1,0,0,0,0,0,0,0,0,0,0
2001,360124,1,1,0,0,0,0,0,0,0,0,0,0
2001,360124,2,1,0,0,0,0,0,0,0,0,0,0
2001,360125,1,1,0,0,0,0,0,0,0,0,0,0
2001,360125,2,1,0,0,0,0,0,0,0,0,0,0
2001,360126,0,1,28,28,28,28,28,28,28,28,28,28
2001,360126,1,1,0,0,0,0,0,0,0,20,0,0
2001,360127,0,1,17,17,17,17,17,17,17,17,17,17
2001,360127,1,1,11,13,14,19,8,19,11,22,16,6
2001,360128,1,1,0,0,0,0,0,0,0,0,0,0
2001,360128,2,1,0,0,0,0,0,0,0,0,0,0
2001,360128,3,1,0,0,0,0,0,0,0,0,0,0
2001,360129,1,1,5,3,22,9,8,9,21,8,14,27
2001,360129,2,1,12,12,12,12,12,12,12,12,12,12
2001,360130,1,1,0,0,0,0,0,0,0,0,0,0
2001,360130,2,1,0,0,0,0,0,0,0,0,0,0
2001,360131,1,1,0,0,0,0,0,0,0,0,0,0
2001,360131,2,1,1,1,1,1,1,1,1,1,1,1
2001,360132,0,1,27,27,27,27,27,27,27,27,27,27
2001,360132,1,1,0,0,0,0,0,0,0,0,0,0
2001,360133,1,1,24,24,24,24,24,24,24,24,24,24
2001,360134,1,1,0,0,0,0,0,0,0,0,0,0
2001,360134,2,1,27,0,0,9,0,6,0,0,0,18
2001,360135,1,1,0,0,0,0,0,0,0,0,0,0
2001,360135,2,1,0,0,0,0,0,0,0,0,0,9
2001,360136,1,1,0,0,0,0,0,0,0,0,0,10
2001,360136,2,1,0,0,0,0,0,0,0,0,0,0
2001,360137,1,1,0,0,0,0,0,0,0,0,0,0
2001,360138,1,1,0,0,0,0,0,0,0,0,0,0
2001,360138,2,1,0,0,0,0,0,0,0,0,0,0
2001,360139,0,1,0,0,10,0,0,0,0,0,0,0
2001,360139,1,1,0,0,0,0,0,0,0,0,0,0
2001,360140,0,1,0,6,0,0,0,0,17,0,0,0
2001,360140,1,1,0,0,0,0,0,10,0,0,0,0
2001,360140,2,1,0,0,0,0,0,0,0,0,0,0
2001,360141,1,1,0,0,0,0,0,0,0,0,0,0
2001,360141,2,1,0,0,0,0,0,12,0,0,0,0
2001,360142,1,1,0,0,0,0,0,0,0,0,0,0
2001,360142,2,1,0,0,0,0,0,0,0,0,0,0
2001,360143,0,1,25,25,25,25,25,25,25,25,25,25
2001,360143,1,1,0,0,0,0,0,0,0,0,0,0
2001,360144,1,1,0,0,0,0,0,0,0,0,0,0
2001,360144,2,1,0,0,0,0,0,0,0,0,0,0
2001,360145,0,1,0,0,0,0,0,0,0,0,0,0
2001,360145,1,1,0,0,0,0,0,0,0,0,0,0
2001,360146,1,1,0,0,0,0,0,0,0,0,0,0
2001,360147,1,1,0,0,0,0,0,0,0,0,0,0
2001,360147,2,1,0,0,0,0,0,0,0,0,0,0
2001,360148,0,1,7,12,12,0,32,20,0,0,20,5
2001,360148,0,2,0,0,19,17,28,0,9,18,19,17
2001,360148,0,3,0,0,0,14,16,0,0,0,19,0
2001,360148,1,1,5,20,20,17,10,11,22,10,13,9
2001,360149,1,1,14,14,14,14,14,14,14,14,14,14
2001,360150,0,1,0,0,0,0,0,0,0,0,0,0
2001,360150,0,2,0,0,0,0,0,0,0,0,0,0
2001,360150,1,1,0,0,0,0,0,0,0,0,0,0
2001,360151,0,1,20,0,24,0,14,0,16,0,0,0
2001,360151,1,1,0,0,0,0,0,0,0,0,0,0
2001,360152,1,1,0,0,0,0,0,0,0,0,0,0
2001,360152,2,1,0,0,0,0,0,0,0,0,0,0
2001,360153,1,1,0,0,0,0,0,0,0,0,0,0
2001,360153,2,1,0,0,0,0,0,0,0,0,0,0
2001,360154,1,1,0,0,0,0,0,0,0,22,0,0
2001,360154,2,1,0,0,0,0,0,0,0,0,0,0
2001,360155,1,1,0,0,0,0,0,0,0,0,0,0
2001,360155,2,1,0,0,0,0,0,0,0,0,0,0
2001,360156,1,1,0,0,0,0,0,0,0,0,0,0
2001,360156,2,1,0,0,0,0,0,0,0,0,0,0
2001,360157,1,1,0,0,0,0,0,0,0,0,0,0
2001,360157,2,1,0,0,0,0,0,0,0,0,0,0
2001,360158,0,1,0,0,0,0,0,29,0,0,0,0
2001,360158,1,1,4,18,0,8,11,0,0,14,10,0
2001,360160,1,1,0,0,0,0,0,0,0,0,0,0
2001,360160,2,1,0,0,0,0,0,0,0,0,0,0
2001,360161,1,1,0,0,0,0,22,0,0,0,6,0
2001,360162,1,1,0,0,0,0,0,0,0,0,0,0
2001,360162,2,1,0,0,0,0,0,0,0,0,0,0
2001,360163,1,1,12,0,11,31,9,17,14,0,0,8
2001,360164,1,1,9,9,9,9,9,9,9,9,9,9
2001,360165,1,1,0,0,0,0,0,0,0,0,0,0
2001,360166,1,1,0,0,0,0,0,0,0,0,0,0
2001,360166,2,1,0,0,0,0,0,0,0,0,0,0
2001,360167,1,1,0,0,0,9,0,0,0,0,0,0
2001,360167,2,1,0,0,0,0,0,0,0,0,0,0
2001,360168,0,1,0,0,0,0,0,0,0,0,0,0
2001,360168,1,1,0,0,0,0,0,0,0,0,0,0
2001,360169,0,1,0,0,0,0,0,0,0,0,0,0
2001,360169,1,1,0,0,0,0,0,0,0,0,0,0
2001,360170,0,1,0,0,0,0,0,0,0,0,0,0
2001,360170,1,1,0,0,0,0,0,0,0,0,0,0
2001,360171,0,1,20,20,20,20,20,20,20,20,20,20
2001,360171,1,1,0,0,0,0,34,0,0,0,0,0
2001,360172,1,1,0,0,0,0,0,0,0,0,0,0
2001,360172,2,1,0,0,0,0,0,0,0,0,0,0
2001,360173,0,1,0,0,0,0,0,0,0,0,0,0
2001,360173,1,1,0,0,0,0,0,0,0,0,0,0
2001,360174,1,1,0,0,0,0,0,0,0,0,0,0
2001,360174,2,1,0,0,0,0,0,0,0,0,0,0
2001,360174,3,1,0,0,0,0,0,0,0,0,0,0
2001,360175,0,1,20,20,20,20,20,20,20,20,20,20
2001,360175,1,1,0,0,0,0,0,0,0,0,0,0
2001,360176,1,1,21,14,37,4,26,9,22,15,9,15
2001,360177,1,1,17,4,30,29,26,52,17,15,17,14
2001,360178,1,1,0,0,0,0,0,0,0,0,0,0
2001,360179,1,1,12,12,12,12,12,12,12,12,12,12
2001,360180,1,1,0,0,0,0,0,0,0,0,0,23
2001,360180,2,1,0,17,0,0,0,0,0,0,0,7
2001,360180,3,1,0,0,0,0,0,0,0,0,0,0
2001,360181,0,1,0,0,0,0,0,0,0,0,0,0
2001,360181,1,1,0,0,0,10,0,0,0,0,0,0
2001,360182,0,1,0,0,0,0,0,0,0,0,0,0
2001,360182,1,1,0,0,0,0,0,0,0,0,0,0
2001,360183,1,1,0,0,0,0,0,0,0,0,0,0
2001,360183,2,1,0,0,0,0,0,0,0,0,0,0
2001,360184,1,1,0,0,0,0,0,0,0,0,0,0
2001,360184,2,1,0,0,0,0,0,0,0,0,0,0
2001,360185,1,1,3,24,15,19,30,21,26,15,14,19
2001,360186,1,1,0,0,0,0,0,0,0,0,0,0
2001,360187,1,1,26,26,26,26,26,26,26,26,26,26
2001,360188,0,1,11,11,11,11,11,11,11,11,11,11
2001,360188,1,1,0,9,0,0,8,0,0,0,0,0
2001,360189,1,1,0,0,0,0,0,0,0,0,0,0
2001,360189,2,1,0,0,0,0,0,0,0,0,0,0
2001,360190,1,1,0,0,0,0,0,0,0,0,0,0
2001,360190,2,1,0,0,0,0,0,0,0,0,0,0
2001,360191,1,1,0,0,0,0,0,0,0,0,0,0
2001,360192,1,1,0,0,0,0,0,0,0,0,0,0
2001,360192,2,1,0,0,0,0,0,0,0,0,0,0
2001,360193,1,1,0,0,0,14,0,0,23,0,0,0
2001,360193,2,1,0,0,0,0,0,0,0,0,0,0
2001,360194,1,1,0,0,0,0,0,0,0,0,0,0
2001,360194,2,1,0,0,0,0,0,0,0,0,0,0
2001,360195,1,1,0,0,0,0,0,0,0,0,0,0
2001,360195,2,1,0,0,0,0,0,0,0,0,0,0
2001,360196,0,1,26,26,26,26,26,26,26,26,26,26
2001,360196,1,1,0,16,0,0,16,0,0,0,5,0
2001,360197,0,1,14,14,14,14,14,14,14,14,14,14
2001,360197,1,1,0,0,0,0,9,0,0,0,0,0
2001,360198,1,1,0,0,0,0,0,0,0,0,0,0
2001,360198,2,1,0,0,0,0,0,0,0,0,0,0
2001,360200,1,1,0,0,0,0,0,0,0,0,0,0
2001,360200,2,1,0,0,0,0,0,0,0,0,0,0
2001,360201,1,1,0,0,0,0,0,0,0,0,0,16
2001,360201,2,1,0,0,0,0,0,0,0,0,0,0
2001,360202,1,1,0,19,16,10,14,18,20,19,4,17
2001,360202,2,1,0,0,0,0,0,0,0,0,0,0
2001,360203,0,1,0,0,0,0,0,0,0,0,0,0
2001,360203,1,1,0,0,0,0,0,0,0,0,0,0
2001,360204,1,1,0,0,0,0,0,0,0,0,0,0
2001,360204,2,1,0,0,0,0,0,0,0,0,0,0
2001,360205,1,1,0,0,0,0,0,0,0,0,0,0
2001,360206,1,1,0,0,0,0,0,0,0,0,0,0
2001,360207,1,1,0,0,0,0,0,0,0,0,0,0
2001,360208,1,1,5,5,5,5,5,5,5,5,5,5
2001,360209,0,1,0,0,0,0,0,0,0,0,0,0
2001,360209,0,2,0,0,0,0,0,0,0,0,0,0
2001,360209,1,1,0,0,0,0,0,0,0,0,0,0
2001,360210,0,1,8,8,8,8,8,8,8,8,8,8
2001,360210,1,1,0,0,0,0,0,0,0,0,0,20
2001,360211,0,1,0,0,0,0,0,0,0,0,0,0
2001,360211,1,1,0,0,0,0,0,0,0,0,0,0
2001,360212,1,1,9,10,22,18,12,7,11,22,7,10
2001,360212,2,1,0,0,0,0,0,0,0,0,0,0
2001,360213,1,1,16,9,18,0,9,8,16,25,7,10
2001,360213,2,1,0,0,0,0,0,0,11,0,0,0
2001,360214,1,1,3,3,3,3,3,3,3,3,3,3
2001,360214,2,1,0,0,0,0,0,0,15,0,0,0
2001,360214,3,1,0,0,0,0,0,0,0,0,0,0
2001,360215,1,1,29,29,29,29,29,29,29,29,29,29
2001,360215,2,1,0,0,0,0,5,0,0,0,0,0
2001,360215,3,1,0,13,0,0,0,13,0,0,0,0
2001,360216,0,1,13,13,13,13,13,13,13,13,13,13
2001,360216,1,1,0,0,0,0,0,0,8,0,13,0
2001,360217,1,1,0,0,0,0,0,0,0,0,0,0
2001,360217,2,1,0,0,0,0,0,0,0,0,0,0
2001,360218,1,1,0,0,0,0,0,0,0,0,7,0
2001,360219,1,1,9,9,9,9,9,9,9,9,9,9
2001,360219,2,1,0,0,20,0,0,0,0,0,0,0
2001,360220,1,1,0,0,0,0,0,0,0,0,0,0
2001,360220,2,1,0,0,0,0,0,0,0,0,0,0
2001,360221,0,1,0,0,0,0,0,0,0,0,0,0
2001,360221,1,1,0,0,0,0,0,0,0,0,0,0
2001,360222,0,1,0,0,0,0,0,0,0,0,0,0
2001,360222,1,1,0,0,0,0,0,0,0,0,0,0
2001,360223,1,1,0,0,0,0,0,0,0,0,0,0
2001,360224,1,1,0,0,0,0,0,0,0,0,0,0
2001,360225,1,1,0,0,0,0,0,0,0,0,0,0
2001,360225,2,1,0,0,0,0,0,0,0,0,0,0
2001,360226,1,1,0,0,0,0,0,0,0,0,0,0
2001,360226,2,1,0,0,0,0,0,0,0,0,0,0
2001,360227,1,1,0,0,12,13,0,14,0,0,0,12
2001,360228,1,1,0,0,0,0,0,0,0,0,0,0
2001,360228,2,1,0,0,0,0,0,0,9,0,17,0
2001,360229,0,1,43,43,43,43,43,43,43,43,43,43
2001,360229,1,1,0,0,0,0,0,0,0,0,0,0
2001,360229,2,1,0,0,0,0,0,0,0,0,0,0
2001,360229,3,1,0,0,0,0,0,0,0,0,0,0
2001,360230,1,1,0,0,0,0,0,0,0,0,0,0
2001,360230,2,1,0,0,0,0,0,0,0,0,0,0
2001,360231,1,1,0,0,0,0,0,0,0,0,0,0
2001,360231,2,1,0,0,0,0,0,0,0,0,0,0
2001,360232,1,1,10,15,18,17,18,18,5,6,25,22
2001,360233,1,1,7,7,7,7,7,7,7,7,7,7
2001,360234,1,1,0,0,0,0,0,0,0,0,0,0
2001,360235,1,1,0,0,6,0,0,21,0,0,0,0
2001,360236,1,1,0,30,0,0,0,0,0,0,0,0
2001,360237,1,1,14,29,8,22,26,26,20,16,39,10
2001,360238,1,1,0,0,0,0,0,0,0,0,0,0
2001,360239,1,1,21,21,21,21,21,21,21,21,21,21
2001,360240,0,1,0,0,0,0,0,0,0,0,0,0
2001,360240,1,1,0,0,0,0,0,0,0,0,0,0
2001,360241,1,1,21,18,3,16,11,17,14,9,21,9
2001,360242,0,1,0,0,0,0,0,0,0,0,0,0
2001,360242,1,1,0,0,0,0,0,0,0,0,0,0
2001,360244,1,1,0,0,0,0,0,0,0,0,0,0
2001,360244,2,1,0,0,0,0,0,0,0,0,0,0
2001,360245,1,1,0,0,0,0,0,0,0,0,0,0
2001,360245,2,1,9,0,20,9,30,5,8,8,19,0
2001,360246,1,1,0,0,0,0,0,0,0,0,0,0
2001,360246,2,1,0,0,0,0,0,0,0,0,0,0
2001,360247,1,1,0,0,0,0,0,0,0,0,0,0
2001,360247,2,1,0,0,0,0,0,0,0,0,0,0
2001,360248,1,1,0,0,0,0,0,0,0,0,0,0
2001,360248,2,1,0,0,0,0,0,0,0,0,0,0
2001,360249,1,1,0,0,0,0,0,0,0,0,0,0
2001,360249,2,1,0,0,0,0,0,0,0,0,0,0
2001,360250,1,1,0,0,0,0,0,0,0,0,0,0
2001,360250,2,1,0,0,0,0,0,0,0,0,0,0
2001,360251,0,1,0,0,0,8,0,11,0,0,0,0
2001,360251,1,1,0,0,0,0,0,0,0,0,0,0
2001,360252,1,1,0,0,0,0,0,0,0,0,0,0