YEAR,st_case,veh_no,per_no,P1,P2,P3,P4,P5,P6,P7,P8,P9,P10
2001,360252,2,1,0,0,0,0,0,0,0,0,0,0
2001,360253,0,1,0,0,0,0,0,0,0,0,0,0
2001,360253,1,1,0,0,0,0,0,0,0,0,0,0
2001,360254,0,1,37,37,37,37,37,37,37,37,37,37
2001,360254,1,1,0,0,0,0,0,0,0,21,0,0
2001,360255,0,1,13,0,0,8,0,0,0,0,18,0
2001,360255,1,1,0,4,0,0,0,0,0,0,0,0
2001,360256,1,1,0,0,0,0,0,0,0,0,0,0
2001,360256,2,1,3,3,3,3,3,3,3,3,3,3
2001,360257,1,1,0,0,0,0,0,0,0,0,0,0
2001,360258,0,1,0,0,0,0,0,0,0,0,0,0
2001,360258,0,2,0,0,0,0,0,0,0,0,0,0
2001,360258,1,1,0,0,0,0,0,0,0,0,0,0
2001,360259,1,1,0,0,0,0,0,0,0,0,0,0
2001,360259,2,1,0,0,0,0,0,0,0,0,0,0
2001,360260,1,1,0,0,0,0,0,0,0,0,0,0
2001,360260,2,1,19,19,19,19,19,19,19,19,19,19
2001,360261,1,1,0,5,0,0,0,0,0,0,0,27
2001,360262,1,1,0,0,0,0,0,0,0,0,0,0
2001,360263,1,1,17,17,17,17,17,17,17,17,17,17
2001,360264,1,1,0,0,0,0,0,0,0,0,0,0
2001,360265,0,1,0,0,0,0,0,0,0,0,0,0
2001,360265,1,1,0,0,0,0,0,0,0,0,0,0
2001,360266,1,1,0,0,0,0,0,0,0,0,0,0
2001,360266,2,1,0,0,0,0,0,0,0,0,0,0
2001,360267,1,1,17,12,32,21,19,18,11,10,21,13
2001,360268,0,1,0,0,0,0,0,0,0,0,0,0
2001,360268,1,1,0,0,0,0,0,0,0,0,0,0
2001,360269,1,1,0,0,0,0,0,0,0,0,0,0
2001,360269,2,1,0,0,0,0,0,0,0,0,0,0
2001,360270,1,1,0,0,0,7,0,0,0,0,0,0
2001,360271,1,1,0,0,0,0,0,0,0,0,0,0
2001,360271,2,1,0,0,0,0,0,0,0,0,0,0
2001,360272,1,1,2,9,0,20,0,0,0,15,0,0
2001,360272,2,1,0,0,0,0,0,0,0,0,0,0
2001,360273,1,1,0,0,0,0,0,0,0,0,0,0
2001,360273,2,1,0,0,0,0,0,0,0,0,0,0
2001,360274,1,1,0,0,0,0,0,0,0,0,0,0
2001,360274,2,1,0,0,0,0,0,0,0,0,0,0
2001,360275,1,1,0,0,0,0,0,0,0,0,0,0
2001,360276,1,1,0,0,0,0,16,0,0,0,0,16
2001,360277,1,1,0,0,0,0,0,0,0,0,0,0
2001,360278,1,1,36,3,31,4,11,6,25,15,0,16
2001,360279,1,1,0,0,0,0,0,0,0,0,0,0
2001,360280,1,1,0,0,0,0,0,0,0,0,0,0
2001,360281,1,1,0,0,0,0,0,0,0,0,0,0
2001,360282,1,1,16,16,16,16,16,16,16,16,16,16
2001,360283,1,1,0,0,0,0,0,0,0,0,0,0
2001,360284,0,1,0,0,0,0,0,0,0,0,0,11
2001,360284,1,1,0,0,0,0,0,0,0,0,0,0
2001,360285,0,1,0,0,0,0,0,0,0,0,0,0
2001,360285,1,1,0,0,0,0,0,0,0,0,0,0
2001,360286,0,1,0,0,0,0,0,0,0,0,0,0
2001,360286,1,1,0,0,0,0,0,0,0,0,0,0
2001,360287,1,1,24,8,8,10,11,14,18,20,0,0
2001,360288,1,1,13,14,0,38,5,15,18,21,8,18
2001,360289,1,1,1,1,1,1,1,1,1,1,1,1
2001,360290,1,1,37,37,37,37,37,37,37,37,37,37
2001,360292,0,1,0,0,0,0,0,0,0,0,0,0
2001,360292,1,1,0,0,0,0,0,0,0,0,0,0
2001,360293,0,1,0,0,0,0,0,0,0,0,0,0
2001,360293,1,1,0,0,0,0,0,0,0,0,0,0
2001,360294,1,1,0,0,0,0,0,0,0,0,0,0
2001,360295,1,1,0,0,0,0,0,0,0,0,0,0
2001,360295,2,1,11,30,12,8,0,7,36,16,13,22
2001,360296,1,1,0,0,0,0,0,0,0,0,0,0
2001,360296,2,1,0,0,0,0,0,0,0,0,0,0
2001,360297,1,1,0,0,0,0,0,0,0,0,0,0
2001,360297,2,1,0,0,0,0,0,0,0,0,0,0
2001,360298,1,1,0,0,0,0,0,0,0,0,0,0
2001,360299,1,1,0,0,0,0,0,0,0,0,13,8
2001,360300,1,1,0,3,0,0,0,0,0,0,0,0
2001,360301,1,1,22,22,22,22,22,22,22,22,22,22
2001,360302,1,1,0,0,0,0,0,0,0,0,0,0
2001,360303,1,1,17,17,17,17,17,17,17,17,17,17
2001,360304,0,1,0,0,0,0,0,0,0,0,0,0
2001,360304,1,1,0,0,0,0,0,0,0,0,0,0
2001,360305,1,1,0,0,0,0,0,0,0,0,0,0
2001,360305,2,1,0,0,0,0,0,0,0,0,0,0
2001,360306,0,1,14,9,0,27,0,0,0,12,22,0
2001,360306,1,1,0,24,0,0,0,11,0,0,0,0
2001,360307,1,1,0,18,0,0,0,0,0,0,0,11
2001,360307,2,1,0,0,0,0,0,0,0,0,0,0
2001,360308,0,1,0,0,0,0,0,0,0,0,0,0
2001,360308,1,1,0,0,0,0,14,10,13,0,12,0
2001,360309,1,1,9,12,13,21,16,17,8,21,0,14
2001,360310,0,1,7,7,7,7,7,7,7,7,7,7
2001,360310,1,1,0,0,0,0,17,0,0,0,0,0
2001,360311,1,1,0,0,0,0,0,0,0,0,0,0
2001,360311,2,1,0,0,0,0,0,0,0,0,0,0
2001,360312,0,1,0,0,0,0,0,0,0,0,0,0
2001,360312,1,1,0,0,23,0,0,0,0,0,0,0
2001,360313,1,1,0,0,0,0,0,0,0,0,0,0
2001,360313,2,1,0,0,0,0,0,0,0,0,0,0
2001,360314,1,1,0,0,0,0,0,0,0,0,0,0
2001,360314,2,1,9,9,9,9,9,9,9,9,9,9
2001,360315,1,1,14,15,28,19,13,21,14,24,13,12
2001,360315,2,1,0,0,0,0,0,0,0,0,0,0
2001,360316,1,1,20,13,30,11,2,12,8,7,13,8
2001,360316,2,1,6,9,15,22,21,13,17,21,13,11
2001,360317,1,1,0,0,0,0,0,0,0,0,0,0
2001,360317,2,1,0,0,0,0,0,0,0,0,0,0
2001,360317,3,1,0,0,0,0,0,0,0,0,0,0
2001,360318,1,1,16,16,16,16,16,16,16,16,16,16
2001,360319,1,1,30,26,17,22,11,27,25,24,12,15
2001,360320,1,1,0,0,0,0,0,0,0,0,0,0
2001,360321,1,1,0,0,0,0,0,0,0,0,0,0
2001,360322,1,1,0,0,0,0,0,0,0,0,0,0
2001,360322,2,1,22,6,11,0,0,12,0,3,0,0
2001,360323,1,1,0,0,0,0,0,0,0,0,0,0
2001,360324,1,1,0,0,0,0,0,0,0,0,0,0
2001,360324,2,1,0,0,0,0,0,0,0,0,0,0
2001,360325,1,1,0,0,0,0,0,0,0,10,0,0
2001,360325,2,1,0,0,0,0,0,0,0,0,0,0
2001,360326,1,1,0,0,0,0,0,0,0,0,0,0
2001,360326,2,1,0,0,0,0,0,0,0,0,0,0
2001,360327,1,1,0,0,0,0,0,0,0,0,0,0
2001,360327,2,1,0,0,0,0,0,0,0,0,0,0
2001,360328,1,1,0,0,0,0,0,0,0,0,0,0
2001,360328,2,1,0,0,0,0,0,0,0,0,0,0
2001,360329,1,1,10,10,10,10,10,10,10,10,10,10
2001,360330,1,1,0,0,0,0,0,0,0,0,0,0
2001,360331,0,1,0,0,0,0,0,0,0,0,0,0
2001,360331,1,1,0,0,0,0,0,0,0,0,0,0
2001,360332,0,1,45,44,35,6,14,23,0,9,17,33
2001,360332,1,1,0,0,0,0,0,0,0,0,0,0
2001,360333,1,1,0,0,0,0,0,0,0,0,18,0
2001,360334,0,1,0,0,0,0,0,0,0,0,0,0
2001,360334,1,1,0,0,0,0,0,0,0,0,0,0
2001,360335,1,1,0,0,0,0,0,0,0,0,0,0
2001,360335,2,1,0,0,0,0,0,0,0,0,0,0
2001,360336,1,1,0,0,0,0,0,0,0,0,0,0
2001,360336,2,1,0,0,0,0,0,0,0,0,0,0
2001,360337,1,1,0,0,0,0,0,0,0,0,0,0
2001,360338,1,1,0,0,0,0,0,0,0,0,0,0
2001,360339,1,1,10,38,16,0,21,6,19,14,12,16
2001,360340,1,1,0,0,0,0,0,0,0,0,0,0
2001,360340,2,1,0,0,0,0,10,0,0,0,0,0
2001,360341,1,1,0,0,0,0,0,0,0,0,0,0
2001,360341,2,1,0,0,0,0,0,0,0,0,0,0
2001,360342,1,1,0,0,0,0,0,0,0,0,0,0
2001,360342,2,1,0,0,0,0,0,0,0,0,0,0
2001,360343,1,1,0,0,0,0,0,5,0,0,0,0
2001,360343,2,1,0,0,0,0,0,0,0,0,11,0
2001,360344,1,1,0,11,0,10,0,0,0,0,2,0
2001,360345,1,1,0,0,0,0,0,0,0,0,0,0
2001,360345,2,1,0,0,0,0,0,0,0,0,0,0
2001,360346,0,1,0,0,0,0,0,0,0,0,0,0
2001,360347,1,1,25,25,25,25,25,25,25,25,25,25
2001,360348,1,1,0,0,0,0,0,0,0,0,0,0
2001,360348,2,1,0,0,0,0,0,0,0,0,0,0
2001,360349,1,1,0,0,0,19,0,0,0,0,0,23
2001,360350,1,1,0,5,0,0,0,0,0,0,0,0
2001,360351,1,1,10,10,10,10,10,10,10,10,10,10
2001,360352,1,1,21,21,21,21,21,21,21,21,21,21
2001,360353,1,1,0,0,0,0,0,0,0,0,0,0
2001,360353,2,1,0,0,0,0,0,0,0,0,0,0
2001,360354,1,1,0,0,0,0,0,0,0,0,0,0
2001,360354,2,1,0,0,0,0,0,0,0,0,0,0
2001,360355,1,1,0,0,0,0,0,0,0,0,0,0
2001,360355,2,1,0,0,0,0,0,0,0,0,0,0
2001,360356,1,1,34,0,0,0,12,31,22,16,0,8
2001,360356,2,1,0,0,0,0,0,0,9,0,0,16
2001,360357,0,1,0,0,0,0,0,0,0,0,0,0
2001,360357,1,1,0,0,0,0,0,0,0,0,0,0
2001,360358,1,1,0,0,8,0,0,0,0,0,6,9
2001,360358,2,1,0,0,0,0,0,0,0,0,0,0
2001,360359,1,1,4,4,4,4,4,4,4,4,4,4
2001,360360,0,1,0,0,0,0,0,0,0,0,0,0
2001,360360,1,1,0,0,0,0,0,21,0,0,0,0
2001,360361,0,1,0,0,0,0,0,0,0,0,0,0
2001,360361,1,1,3,10,10,9,8,26,0,14,12,37
2001,360362,0,1,0,0,0,0,0,0,0,0,0,0
2001,360362,1,1,0,0,0,0,0,0,0,0,0,0
2001,360363,0,1,0,0,0,0,0,0,0,0,0,0
2001,360363,1,1,0,0,0,0,0,0,0,0,0,0
2001,360364,0,1,0,0,0,0,0,0,0,0,0,0
2001,360364,1,1,0,0,0,0,0,0,0,0,0,0
2001,360365,0,1,18,18,18,18,18,18,18,18,18,18
2001,360365,1,1,0,14,0,0,0,0,13,0,0,0
2001,360366,0,1,0,0,0,0,0,0,0,0,0,0
2001,360366,1,1,21,0,0,0,0,0,17,0,0,11
2001,360367,1,1,0,0,0,0,0,0,0,0,0,0
2001,360368,0,1,0,0,0,0,0,0,0,0,0,0
2001,360368,1,1,0,0,0,21,0,0,0,0,0,0
2001,360369,1,1,3,3,3,3,3,3,3,3,3,3
2001,360370,1,1,0,0,21,0,0,0,0,3,0,0
2001,360371,1,1,23,0,17,10,26,0,0,0,25,12
2001,360371,2,1,0,0,0,0,0,0,0,0,0,0
2001,360372,1,1,0,0,0,0,0,0,0,0,0,0
2001,360372,2,1,0,0,0,0,0,0,0,0,0,0
2001,360372,3,1,0,0,0,0,0,0,0,0,0,0
2001,360373,1,1,0,0,0,0,0,0,0,0,0,0
2001,360373,2,1,0,0,0,0,0,0,0,0,0,0
2001,360374,1,1,0,0,0,0,0,0,0,0,0,0
2001,360374,2,1,0,0,0,0,0,0,0,0,0,0
2001,360375,1,1,0,0,0,0,0,22,0,0,0,0
2001,360375,2,1,0,0,0,0,0,0,0,0,0,0
2001,360376,1,1,0,0,0,0,0,0,0,0,0,34
2001,360377,1,1,0,0,0,0,0,0,0,0,0,0
2001,360377,2,1,0,0,0,0,0,9,0,0,0,0
2001,360378,1,1,0,0,0,0,0,0,0,0,0,0
2001,360378,2,1,0,0,0,0,0,0,0,0,0,0
2001,360379,1,1,0,0,0,0,0,0,0,0,0,0
2001,360379,2,1,0,0,0,0,0,0,0,13,0,0
2001,360380,1,1,6,6,6,6,6,6,6,6,6,6
2001,360380,2,1,0,0,0,0,0,0,0,0,0,0
2001,360381,1,1,14,17,15,13,16,8,12,25,14,0
2001,360382,1,1,0,0,0,0,0,0,0,0,0,0
2001,360383,1,1,0,15,0,0,0,12,0,0,0,0
2001,360384,1,1,0,0,0,0,0,0,0,0,0,0
2001,360384,2,1,0,0,0,0,0,0,0,0,0,0
2001,360385,1,1,0,0,0,0,0,0,0,0,0,0
2001,360385,2,1,0,0,0,0,0,0,0,0,0,0
2001,360386,1,1,0,0,0,0,0,0,0,18,0,0
2001,360387,1,1,0,0,0,0,0,0,0,0,0,0
2001,360387,2,1,0,0,0,0,0,0,0,0,0,0
2001,360387,3,1,0,0,0,0,0,0,0,0,0,0
2001,360388,1,1,0,0,0,0,0,0,0,0,0,0
2001,360388,2,1,0,0,0,0,0,0,20,0,0,0
2001,360389,1,1,0,0,0,0,0,0,0,0,0,0
2001,360389,2,1,11,0,4,0,0,0,0,0,0,0
2001,360390,1,1,0,0,0,0,0,0,0,0,0,0
2001,360390,2,1,0,0,0,0,0,0,0,0,0,0
2001,360390,3,1,0,0,0,0,0,0,0,0,0,0
2001,360391,0,1,0,0,0,0,0,0,0,0,0,0
2001,360391,1,1,0,0,0,0,6,0,0,0,0,0
2001,360392,1,1,4,0,0,15,0,0,24,6,0,0
2001,360393,1,1,17,26,24,14,13,15,11,7,15,14
2001,360394,1,1,6,6,6,6,6,6,6,6,6,6
2001,360395,1,1,0,0,0,0,0,0,0,0,0,0
2001,360395,2,1,0,0,0,0,0,0,0,0,0,0
2001,360396,1,1,3,3,3,3,3,3,3,3,3,3
2001,360396,2,1,0,0,0,0,0,0,0,0,0,0
2001,360397,1,1,0,0,0,0,0,0,0,0,0,0
2001,360397,2,1,0,0,0,0,0,0,0,0,0,0
2001,360398,0,1,0,0,0,0,0,0,0,20,0,0
2001,360398,1,1,0,0,0,0,0,0,0,0,0,0
2001,360399,1,1,0,0,0,0,0,0,0,0,0,0
2001,360399,2,1,0,0,0,0,0,0,0,0,0,0
2001,360400,1,1,0,0,0,0,0,0,21,0,0,24
2001,360401,1,1,0,0,0,0,0,12,0,0,0,0
2001,360401,2,1,0,0,0,0,0,0,0,0,0,0
2001,360401,3,1,0,0,0,19,0,0,0,0,0,0
2001,360402,1,1,9,9,9,9,9,9,9,9,9,9
2001,360403,1,1,0,0,0,0,0,0,0,0,0,0
2001,360404,1,1,0,0,0,0,0,0,0,0,0,0
2001,360405,1,1,0,0,0,0,0,0,0,0,0,0
2001,360406,1,1,0,0,0,0,0,0,0,0,0,0
2001,360407,1,1,0,0,0,0,0,9,0,0,0,0
2001,360408,0,1,0,0,0,0,0,0,0,0,0,0
2001,360408,0,2,0,0,0,0,0,0,0,0,0,0
2001,360408,1,1,0,0,0,0,0,0,0,0,0,0
2001,360409,1,1,8,26,4,11,20,16,24,23,23,10
2001,360410,1,1,0,7,0,0,0,0,0,0,0,0
2001,360410,2,1,0,11,0,15,0,0,0,0,0,0
2001,360411,1,1,0,0,0,0,0,0,0,0,0,0
2001,360411,2,1,0,0,0,0,0,0,0,0,0,0
2001,360412,1,1,0,0,0,0,0,0,0,0,0,0
2001,360412,2,1,0,0,0,0,0,0,0,0,0,0
2001,360413,1,1,0,0,0,0,0,0,0,0,0,0
2001,360414,0,1,0,0,0,0,0,0,0,0,0,0
2001,360414,1,1,0,0,0,0,0,0,0,8,0,0
2001,360415,1,1,10,10,10,10,10,10,10,10,10,10
2001,360416,1,1,0,0,0,0,0,0,0,0,0,0
2001,360416,2,1,0,0,0,0,0,0,0,0,0,0
2001,360416,3,1,0,0,0,0,0,0,0,0,0,0
2001,360417,1,1,14,0,20,14,6,0,14,9,13,0
2001,360418,0,1,0,0,0,0,0,0,0,0,0,0
2001,360418,1,1,0,0,0,0,0,0,0,0,0,0
2001,360419,1,1,0,0,0,0,0,0,0,0,0,0
2001,360420,1,1,0,0,0,0,0,0,0,0,0,0
2001,360420,2,1,0,0,0,0,0,0,0,0,0,0
2001,360421,1,1,0,0,0,0,0,0,0,0,0,0
2001,360421,2,1,0,11,6,6,0,24,0,0,0,0
2001,360421,3,1,0,0,0,0,0,0,0,0,0,0
2001,360422,1,1,0,12,0,0,0,8,0,0,0,0
2001,360423,1,1,0,0,0,0,0,0,0,0,0,0
2001,360424,0,1,0,0,0,0,0,0,0,0,0,0
2001,360424,1,1,0,0,0,0,0,0,0,0,0,0
2001,360425,1,1,0,0,0,0,0,0,0,0,0,0
2001,360425,2,1,0,0,0,0,0,0,0,0,0,0
2001,360426,1,1,32,32,32,32,32,32,32,32,32,32
2001,360427,1,1,8,8,8,8,8,8,8,8,8,8
2001,360428,1,1,0,0,0,0,13,0,21,0,0,0
2001,360428,2,1,0,0,0,0,0,0,0,0,0,0
2001,360429,1,1,0,0,0,0,0,0,0,0,0,0
2001,360429,2,1,0,0,0,0,0,0,0,0,0,0
2001,360430,0,1,0,0,0,0,0,0,0,0,0,0
2001,360430,1,1,0,0,0,0,0,9,0,0,13,0
2001,360431,0,1,0,0,0,0,0,0,0,0,0,0
2001,360431,1,1,0,0,0,0,0,0,0,0,0,0
2001,360432,1,1,0,0,0,0,0,0,0,0,0,0
2001,360432,2,1,0,0,0,0,12,0,0,0,0,0
2001,360433,1,1,3,3,3,3,3,3,3,3,3,3
2001,360434,1,1,0,0,0,0,0,0,0,0,0,0
2001,360434,2,1,0,0,0,0,0,0,0,0,0,0
2001,360435,1,1,14,24,8,8,8,14,2,20,17,19
2001,360436,0,1,0,0,0,0,0,0,0,0,0,0
2001,360436,1,1,0,0,0,0,0,0,0,0,0,0
2001,360437,1,1,0,0,0,0,0,0,0,0,0,0
2001,360437,2,1,0,0,0,0,0,0,0,0,0,0
2001,360437,3,1,0,0,9,0,0,0,0,0,0,0
2001,360438,1,1,0,0,0,0,0,0,0,0,0,0
2001,360438,2,1,0,0,0,0,0,0,0,0,0,0
2001,360439,1,1,0,0,0,0,0,0,0,0,0,0
2001,360440,1,1,13,25,19,8,20,19,22,9,31,13
2001,360441,1,1,13,13,13,13,13,13,13,13,13,13
2001,360442,0,1,0,0,0,0,0,0,0,0,0,0
2001,360442,1,1,0,0,0,0,0,0,0,0,0,0
2001,360443,1,1,13,17,0,21,33,15,8,30,6,0
2001,360444,1,1,0,0,0,0,0,0,0,0,0,0
2001,360445,1,1,7,7,7,7,7,7,7,7,7,7
2001,360445,2,1,0,0,0,0,0,0,0,0,0,0
2001,360446,1,1,0,0,0,0,0,25,0,0,17,0
2001,360446,2,1,0,0,0,0,0,0,0,0,0,0
2001,360447,0,1,0,0,11,0,0,0,0,0,0,0
2001,360447,1,1,0,0,0,0,0,0,0,0,0,0
2001,360448,0,1,0,0,0,0,0,0,0,0,0,0
2001,360448,1,1,0,0,10,0,0,0,0,0,0,0
2001,360449,0,1,0,0,0,32,0,0,0,0,0,0
2001,360449,1,1,0,0,0,0,0,0,0,0,0,0
2001,360450,0,1,0,0,0,0,0,0,0,0,0,0
2001,360450,1,1,0,0,12,0,0,0,0,0,0,0
2001,360451,1,1,0,0,0,0,0,0,0,0,0,0
2001,360452,1,1,0,0,0,0,0,0,0,0,0,0
2001,360452,2,1,0,0,0,0,0,0,0,0,16,0
2001,360453,1,1,13,7,18,21,17,28,18,25,12,15
2001,360454,0,1,0,0,0,0,0,0,0,0,0,0
2001,360454,1,1,0,0,0,0,0,0,0,0,19,31
2001,360455,1,1,0,0,0,0,0,0,0,0,0,0
2001,360455,2,1,0,0,0,6,0,0,0,0,0,0
2001,360456,1,1,0,0,0,0,0,0,0,0,0,0
2001,360456,2,1,0,0,7,0,0,0,0,0,0,0
2001,360457,0,1,0,0,0,0,0,0,0,0,0,0
2001,360457,1,1,0,0,0,0,0,0,0,0,0,0
2001,360458,1,1,0,0,0,0,0,0,0,0,0,0
2001,360459,1,1,0,0,0,0,0,0,0,0,0,0
2001,360460,1,1,0,0,0,0,0,0,0,0,0,0
2001,360461,1,1,0,0,0,0,0,0,0,0,0,0
2001,360461,2,1,0,0,0,0,0,0,0,0,0,0
2001,360462,0,1,0,0,0,0,0,0,0,0,0,0
2001,360462,1,1,0,0,4,10,0,18,0,0,0,0
2001,360463,0,1,0,0,0,0,0,0,0,0,0,0
2001,360463,1,1,0,0,0,0,0,0,0,0,0,0
2001,360464,0,1,0,0,0,0,0,0,0,0,0,0
2001,360464,1,1,0,0,0,0,0,0,0,0,0,0
2001,360465,1,1,0,0,0,0,0,0,0,0,0,0
2001,360465,2,1,0,0,0,0,0,0,0,0,0,0
2001,360466,0,1,0,0,0,0,0,0,0,0,0,0
2001,360466,1,1,0,0,0,0,0,0,0,0,0,0
2001,360467,1,1,0,0,0,0,0,0,0,0,12,0
2001,360467,2,1,0,0,0,0,0,0,0,0,0,0
2001,360468,1,1,14,24,28,28,9,10,37,25,17,16
2001,360469,1,1,0,0,0,0,0,0,0,0,0,0
2001,360469,2,1,0,0,0,0,0,0,0,0,0,0
2001,360470,1,1,0,0,0,0,0,0,0,0,0,0
2001,360471,1,1,0,0,0,0,0,0,0,0,0,0
2001,360472,0,1,0,0,0,0,0,0,0,0,0,0
2001,360472,1,1,11,11,11,11,11,11,11,11,11,11
2001,360473,0,1,0,0,0,0,0,0,0,0,0,0
2001,360473,1,1,0,0,0,0,0,0,11,0,0,0
2001,360474,0,1,0,0,0,0,0,0,0,0,0,0
2001,360474,0,2,0,0,0,0,0,0,0,0,0,0
2001,360474,0,3,0,0,0,0,0,0,0,0,0,0
2001,360474,0,4,14,0,13,0,0,3,4,0,5,0
2001,360474,0,5,7,0,0,8,0,0,9,0,26,7
2001,360474,1,1,0,0,0,0,0,0,0,0,0,0
2001,360475,1,1,0,0,0,0,0,0,0,0,0,0
2001,360476,1,1,7,7,7,7,7,7,7,7,7,7
2001,360476,2,1,0,0,0,0,0,0,0,0,0,0
2001,360477,1,1,0,0,0,0,0,0,0,0,0,0
2001,360477,2,1,0,14,0,0,0,0,0,0,0,0
2001,360478,0,1,0,0,0,3,0,0,0,0,0,18
2001,360478,1,1,0,0,0,0,0,0,0,0,0,0
2001,360478,2,1,8,2,26,0,12,0,16,10,2,0
2001,360479,1,1,0,0,0,0,0,0,0,0,0,0
2001,360479,2,1,0,0,0,0,0,0,0,0,0,0
2001,360480,0,1,3,3,3,3,3,3,3,3,3,3
2001,360480,1,1,0,0,0,0,0,0,0,0,0,0
2001,360481,1,1,0,0,0,0,0,0,0,0,0,0
2001,360481,2,1,0,0,0,0,0,0,0,0,0,0
2001,360482,1,1,0,0,0,0,0,0,0,0,0,0
2001,360482,2,1,0,0,0,0,0,0,18,13,0,0
2001,360482,3,1,0,0,0,0,0,0,0,0,37,0
2001,360483,0,1,0,0,0,0,0,0,0,0,0,0
2001,360483,1,1,0,0,0,0,0,0,1,0,0,0
2001,360484,1,1,0,0,0,0,0,0,0,0,0,0
2001,360484,2,1,0,0,0,0,0,0,0,0,0,0
2001,360484,3,1,0,0,0,0,0,0,0,0,0,0
2001,360485,0,1,0,0,0,0,0,0,0,0,0,0
2001,360485,1,1,0,0,0,0,0,0,0,0,0,0
2001,360486,0,1,0,0,0,0,0,0,0,0,0,0
2001,360486,1,1,0,0,6,0,0,0,0,0,0,0
2001,360487,0,1,0,0,0,0,0,0,0,0,0,0
2001,360487,1,1,0,0,0,0,0,0,0,0,0,0
2001,360488,1,1,0,0,0,0,10,0,0,0,0,0
2001,360488,2,1,0,0,0,0,0,0,8,0,0,0
2001,360489,1,1,9,11,21,33,14,6,8,6,10,8
2001,360490,1,1,0,0,0,0,0,0,0,0,0,0
2001,360491,1,1,30,30,30,30,30,30,30,30,30,30
2001,360492,1,1,0,0,0,0,0,0,0,0,0,0
2001,360492,2,1,0,0,0,0,0,0,0,0,0,0
2001,360493,1,1,12,12,12,12,12,12,12,12,12,12
2001,360494,1,1,0,0,0,0,0,0,0,0,8,0
2001,360495,1,1,0,0,0,20,0,0,0,0,0,0
2001,360495,2,1,0,0,0,0,0,0,0,0,0,0
2001,360496,1,1,0,0,0,0,0,0,0,0,0,0
2001,360496,2,1,0,0,0,0,0,0,0,0,0,0
2001,360497,1,1,0,0,0,0,0,0,0,0,0,0
2001,360498,1,1,0,0,0,0,0,0,0,0,0,0
2001,360499,1,1,0,0,0,0,0,0,0,0,0,0
2001,360499,2,1,0,10,1,8,9,10,0,12,0,5
2001,360499,3,1,4,4,4,4,4,4,4,4,4,4
2001,360499,4,1,23,19,10,0,3,17,14,27,11,14
2001,360500,1,1,0,0,0,0,0,0,0,0,0,0
2001,360501,1,1,0,0,0,0,0,0,0,0,0,0
2001,360502,0,1,0,0,0,0,0,0,0,0,0,0
2001,360502,1,1,0,0,0,0,0,0,0,0,0,0
2001,360503,0,1,13,0,0,0,0,0,0,43,0,28
2001,360503,1,1,0,0,0,0,0,0,0,0,0,0
2001,360504,0,1,29,29,29,29,29,29,29,29,29,29
2001,360504,1,1,0,0,0,0,0,0,0,0,0,0
2001,360505,1,1,0,0,0,0,0,9,0,0,0,0
2001,360505,2,1,0,0,0,0,0,0,0,0,0,0
2001,360506,0,1,19,19,19,19,19,19,19,19,19,19
2001,360506,1,1,0,0,3,0,0,0,0,0,0,0
2001,360507,1,1,0,0,0,0,0,0,0,0,0,0
2001,360508,0,1,0,0,0,0,0,0,0,0,0,0
2001,360508,1,1,0,0,0,0,0,0,0,0,0,0
2001,360509,1,1,0,0,0,0,0,0,0,0,0,0
2001,360509,2,1,0,0,0,0,0,0,0,0,0,0
2001,360511,1,1,15,0,10,23,0,8,11,17,0,13
2001,360512,1,1,8,8,8,8,8,8,8,8,8,8
2001,360513,1,1,0,0,0,0,0,0,0,0,0,0
2001,360513,2,1,0,0,0,0,0,0,0,0,0,0
2001,360513,3,1,0,0,0,0,0,0,0,0,0,0
2001,360514,0,1,0,0,0,0,0,0,0,0,0,0
2001,360514,1,1,0,0,0,0,0,0,0,0,0,0
2001,360515,1,1,0,0,0,0,0,0,0,0,0,0
2001,360516,1,1,0,0,0,0,0,0,0,0,0,0
2001,360516,2,1,6,6,6,6,6,6,6,6,6,6
2001,360517,1,1,0,0,0,0,5,0,0,0,0,0
2001,360517,2,1,33,0,0,0,0,0,0,0,0,0
2001,360518,1,1,0,0,0,0,0,0,0,0,0,0
2001,360518,2,1,0,0,0,0,0,0,0,0,0,0
2001,360519,0,1,4,4,4,4,4,4,4,4,4,4
2001,360519,1,1,0,0,0,15,0,0,0,0,0,0
2001,360520,1,1,0,0,0,0,0,0,0,0,0,0
2001,360520,2,1,5,4,7,0,0,17,3,8,13,9
2001,360521,1,1,19,13,0,0,18,11,9,16,18,0
2001,360521,2,1,0,0,0,0,0,0,0,0,0,0
2001,360522,1,1,0,0,0,0,0,0,0,0,0,0
2001,360522,2,1,0,0,0,0,0,0,0,0,0,0
2001,360522,3,1,0,0,0,0,0,0,0,0,0,0
2001,360523,1,1,0,0,0,0,0,0,0,0,0,0
2001,360523,2,1,0,0,0,0,0,0,0,0,0,0
2001,360523,3,1,0,4,0,0,0,0,0,0,0,0
2001,360523,4,1,0,0,0,0,0,0,0,0,0,0
2001,360524,0,1,0,0,0,0,0,0,0,0,0,0
2001,360524,1,1,0,0,0,0,0,0,0,0,0,0
2001,360525,1,1,0,0,0,0,0,0,0,0,0,0
2001,360525,2,1,0,0,0,0,0,0,0,0,0,0
2001,360526,0,1,8,8,8,8,8,8,8,8,8,8
2001,360526,1,1,0,0,0,0,0,0,0,0,0,0
2001,360527,1,1,0,0,0,0,0,0,0,0,0,0
2001,360527,2,1,0,0,0,0,0,0,0,0,0,0
2001,360528,1,1,0,0,0,0,0,0,0,0,0,0
2001,360529,1,1,0,0,0,0,0,0,0,0,0,0
2001,360529,2,1,0,0,0,0,0,0,0,0,0,0
2001,360530,1,1,0,0,0,0,0,7,0,0,0,27
2001,360530,2,1,0,0,0,0,0,0,9,0,0,0
2001,360531,0,1,0,0,0,0,0,0,0,0,0,0