YEAR,st_case,veh_no,per_no,P1,P2,P3,P4,P5,P6,P7,P8,P9,P10
2001,360531,1,1,4,0,17,0,0,20,0,0,0,0
2001,360532,1,1,0,0,0,0,0,9,0,0,0,0
2001,360532,2,1,0,9,0,0,0,0,0,0,0,0
2001,360533,0,1,0,0,0,0,0,0,0,0,0,0
2001,360533,1,1,25,13,18,25,0,14,10,14,25,15
2001,360534,1,1,0,0,0,10,0,0,0,0,13,0
2001,360534,2,1,0,0,0,0,0,0,0,0,0,0
2001,360535,0,1,7,7,7,7,7,7,7,7,7,7
2001,360535,1,1,6,12,5,0,0,0,4,0,26,0
2001,360536,1,1,0,0,0,0,0,0,0,0,0,0
2001,360537,1,1,11,11,11,11,11,11,11,11,11,11
2001,360538,1,1,9,9,9,9,9,9,9,9,9,9
2001,360539,1,1,0,0,0,0,0,20,0,11,0,0
2001,360540,1,1,0,0,0,0,0,0,0,0,0,0
2001,360541,0,1,0,0,0,0,0,0,0,0,0,0
2001,360541,1,1,0,0,0,0,0,0,0,0,0,0
2001,360542,1,1,0,0,0,0,0,0,0,0,0,0
2001,360542,2,1,0,0,0,0,0,0,0,0,0,0
2001,360543,1,1,11,14,0,13,9,8,11,25,10,15
2001,360544,0,1,0,0,0,0,0,0,0,0,0,0
2001,360544,1,1,0,0,0,0,0,0,0,0,0,0
2001,360545,1,1,17,16,13,15,15,22,14,7,10,17
2001,360545,2,1,0,0,7,7,24,10,18,24,15,26
2001,360546,1,1,31,31,31,31,31,31,31,31,31,31
2001,360547,1,1,0,26,26,14,16,23,0,19,47,0
2001,360548,1,1,0,0,0,0,21,0,0,0,0,0
2001,360549,1,1,0,0,0,0,0,0,0,0,0,0
2001,360549,2,1,9,9,9,9,9,9,9,9,9,9
2001,360550,0,1,2,2,2,2,2,2,2,2,2,2
2001,360550,1,1,0,0,0,0,0,0,0,0,0,11
2001,360551,1,1,16,16,16,16,16,16,16,16,16,16
2001,360552,0,1,0,0,0,0,6,0,0,32,0,0
2001,360552,1,1,0,0,0,0,0,0,0,0,0,0
2001,360553,0,1,0,0,0,0,0,0,0,0,0,0
2001,360553,1,1,0,12,0,0,0,12,0,0,0,0
2001,360554,1,1,14,6,11,0,0,0,19,10,17,0
2001,360554,2,1,0,0,0,0,0,0,13,0,24,0
2001,360555,1,1,0,0,0,0,0,0,18,0,0,0
2001,360556,0,1,0,0,0,0,0,0,0,0,0,0
2001,360556,0,2,0,0,0,0,0,0,0,0,0,0
2001,360556,1,1,11,0,0,0,0,0,0,0,0,0
2001,360557,0,1,0,0,0,0,23,0,0,0,0,0
2001,360557,1,1,22,0,17,12,3,16,0,7,0,5
2001,360558,0,1,28,21,22,28,14,15,18,10,22,23
2001,360558,1,1,0,0,0,0,14,0,0,0,0,0
2001,360559,1,1,0,0,0,0,0,0,0,0,0,0
2001,360559,2,1,0,0,0,0,0,0,0,0,0,0
2001,360560,1,1,0,0,0,0,0,0,0,0,0,0
2001,360560,2,1,0,0,0,0,0,0,0,0,0,0
2001,360561,1,1,0,0,0,0,0,0,0,0,0,0
2001,360561,2,1,0,0,0,0,0,0,0,0,0,0
2001,360562,1,1,0,0,0,0,21,0,0,0,0,0
2001,360563,1,1,1,1,1,1,1,1,1,1,1,1
2001,360564,1,1,7,7,7,7,7,7,7,7,7,7
2001,360565,1,1,0,0,0,0,0,0,0,0,0,0
2001,360566,1,1,0,0,0,0,0,0,0,0,0,0
2001,360567,1,1,0,0,0,8,0,0,0,0,0,0
2001,360567,2,1,0,0,0,0,0,0,0,0,0,0
2001,360568,1,1,0,0,0,0,0,0,0,0,0,0
2001,360568,2,1,0,0,0,0,0,0,0,0,0,0
2001,360569,1,1,0,0,0,0,0,0,0,0,0,0
2001,360569,2,1,0,0,0,0,0,0,0,0,0,0
2001,360570,1,1,0,0,0,0,0,0,0,0,0,0
2001,360570,2,1,0,0,0,0,0,0,0,0,0,0
2001,360571,1,1,0,0,0,0,0,0,0,0,0,0
2001,360571,2,1,0,0,0,0,0,0,0,0,0,0
2001,360572,1,1,19,33,14,18,19,19,12,7,18,15
2001,360573,1,1,16,16,16,16,16,16,16,16,16,16
2001,360574,1,1,20,20,20,20,20,20,20,20,20,20
2001,360575,1,1,17,17,21,19,14,15,18,24,32,17
2001,360576,0,1,0,0,0,0,0,0,0,0,0,0
2001,360576,1,1,0,0,6,0,0,0,0,0,0,0
2001,360577,1,1,0,0,0,0,0,22,0,0,0,0
2001,360577,2,1,0,0,0,0,0,0,0,0,0,0
2001,360578,1,1,24,19,19,17,17,29,32,10,31,15
2001,360579,0,1,0,0,0,0,0,0,0,0,0,0
2001,360579,1,1,0,0,0,0,0,0,0,0,0,0
2001,360580,1,1,0,0,0,0,0,0,0,0,0,0
2001,360580,2,1,0,0,0,0,0,0,0,0,0,0
2001,360581,0,1,1,1,1,1,1,1,1,1,1,1
2001,360581,1,1,10,0,0,21,0,0,0,0,0,0
2001,360582,1,1,0,0,0,0,0,5,0,0,0,0
2001,360582,2,1,0,0,0,0,0,0,0,0,0,0
2001,360583,0,1,5,5,5,5,5,5,5,5,5,5
2001,360583,1,1,0,0,0,0,11,0,0,0,28,0
2001,360584,0,1,0,0,0,0,0,0,0,0,0,0
2001,360584,1,1,0,0,0,0,0,0,0,9,0,0
2001,360585,0,1,0,0,0,0,0,0,0,0,0,0
2001,360585,1,1,0,0,0,0,0,0,0,0,0,0
2001,360586,0,1,0,0,0,0,0,0,0,0,0,0
2001,360586,1,1,0,0,0,0,0,0,0,0,0,0
2001,360587,1,1,0,0,0,0,0,0,0,0,0,0
2001,360588,1,1,15,15,15,15,15,15,15,15,15,15
2001,360589,1,1,0,0,0,0,0,0,0,0,0,0
2001,360590,0,1,0,0,0,0,0,0,0,0,0,0
2001,360590,1,1,0,0,0,0,0,0,0,0,0,0
2001,360591,1,1,0,11,0,0,0,0,0,0,0,0
2001,360591,2,1,0,0,0,0,0,0,0,0,0,0
2001,360592,0,1,0,0,0,0,0,0,0,0,0,34
2001,360592,1,1,0,0,0,16,0,0,0,0,0,0
2001,360593,1,1,0,0,0,0,0,0,0,0,0,0
2001,360594,1,1,16,22,8,22,19,33,20,20,19,20
2001,360595,1,1,0,0,0,0,0,0,0,0,0,0
2001,360595,2,1,0,0,0,0,0,0,0,0,0,0
2001,360595,3,1,0,0,0,0,0,0,0,0,0,0
2001,360596,1,1,0,0,6,0,9,0,0,0,0,0
2001,360597,1,1,0,0,0,0,0,0,0,19,0,0
2001,360597,2,1,0,0,0,0,0,0,0,0,0,0
2001,360598,1,1,0,0,0,0,0,0,0,0,0,0
2001,360598,2,1,0,0,0,0,0,0,0,0,0,0
2001,360599,1,1,0,0,0,0,0,0,16,0,0,0
2001,360599,2,1,0,0,0,0,0,0,0,0,0,0
2001,360600,1,1,0,0,0,0,0,0,0,0,0,0
2001,360600,2,1,0,0,0,0,0,0,0,0,0,0
2001,360601,0,1,0,0,0,0,0,0,0,0,0,0
2001,360601,1,1,0,0,0,0,0,0,0,0,0,0
2001,360602,1,1,17,17,17,17,17,17,17,17,17,17
2001,360603,1,1,0,0,0,0,0,0,0,0,0,0
2001,360604,1,1,0,0,0,0,0,0,0,0,0,0
2001,360604,2,1,0,0,0,0,0,0,0,0,0,0
2001,360605,1,1,0,20,9,15,0,0,0,0,13,20
2001,360606,1,1,20,20,20,20,20,20,20,20,20,20
2001,360607,1,1,0,0,0,0,0,0,0,0,0,0
2001,360607,2,1,0,22,0,0,0,0,0,0,0,0
2001,360607,3,1,0,0,0,0,0,0,0,0,0,0
2001,360608,1,1,0,0,0,0,0,0,0,0,0,0
2001,360608,2,1,0,0,0,0,0,0,0,0,0,0
2001,360609,1,1,15,22,16,6,21,18,30,12,9,32
2001,360610,1,1,0,0,12,11,0,0,0,0,0,0
2001,360611,0,1,0,0,0,0,0,0,0,0,0,0
2001,360611,1,1,0,0,0,0,0,0,0,0,0,0
2001,360611,2,1,0,0,0,0,0,0,0,0,0,0
2001,360612,1,1,0,0,0,0,0,0,0,0,0,0
2001,360612,2,1,0,0,0,0,0,0,0,0,0,0
2001,360613,1,1,21,13,13,46,28,25,19,18,17,26
2001,360614,1,1,0,0,0,0,0,0,0,0,0,0
2001,360615,1,1,0,0,0,0,0,0,0,0,0,0
2001,360616,1,1,11,2,13,10,5,26,9,12,14,11
2001,360617,1,1,0,0,0,0,0,0,0,0,0,0
2001,360617,2,1,0,0,0,0,0,0,0,0,0,0
2001,360618,1,1,15,15,15,15,15,15,15,15,15,15
2001,360619,1,1,0,0,0,0,0,0,0,0,0,0
2001,360619,2,1,0,0,0,0,0,0,0,0,0,0
2001,360620,1,1,0,0,0,0,0,0,0,0,0,0
2001,360621,1,1,17,17,17,17,17,17,17,17,17,17
2001,360622,1,1,23,5,10,12,16,34,6,18,11,9
2001,360623,1,1,12,24,10,15,18,6,12,21,10,4
2001,360623,2,1,0,0,0,0,0,0,0,12,0,15
2001,360623,3,1,0,0,0,0,0,0,0,0,0,0
2001,360624,0,1,0,0,0,0,0,0,0,0,0,0
2001,360624,1,1,0,0,0,0,0,0,0,0,0,0
2001,360625,1,1,0,0,0,0,0,0,0,21,0,0
2001,360625,2,1,0,0,0,0,0,0,0,0,0,0
2001,360626,0,1,0,0,0,0,0,0,0,0,0,0
2001,360626,1,1,0,13,0,0,0,0,0,0,0,0
2001,360627,1,1,2,7,13,11,12,0,0,9,15,16
2001,360627,2,1,13,13,13,13,13,13,13,13,13,13
2001,360628,1,1,0,0,0,0,0,0,0,0,0,0
2001,360629,1,1,1,18,21,0,7,14,9,9,15,2
2001,360630,0,1,9,9,9,9,9,9,9,9,9,9
2001,360630,1,1,0,0,0,0,0,0,0,0,0,0
2001,360631,1,1,11,11,11,11,11,11,11,11,11,11
2001,360632,0,1,0,17,5,0,0,0,12,0,0,35
2001,360632,1,1,0,0,0,15,0,3,0,0,0,0
2001,360633,1,1,0,0,0,0,0,0,0,0,0,0
2001,360633,2,1,0,0,0,0,0,0,0,0,0,0
2001,360634,1,1,0,0,0,0,0,0,0,0,0,0
2001,360634,2,1,0,0,0,0,0,0,0,0,0,0
2001,360634,3,1,0,0,0,0,0,0,0,0,0,23
2001,360635,1,1,0,0,0,0,0,0,0,0,0,0
2001,360636,1,1,0,0,0,0,14,11,13,16,0,0
2001,360637,1,1,23,23,23,23,23,23,23,23,23,23
2001,360638,1,1,0,0,0,0,0,0,0,0,0,0
2001,360639,1,1,0,0,0,0,0,0,0,0,0,0
2001,360639,2,1,0,0,0,0,0,0,0,0,0,0
2001,360640,1,1,0,14,0,0,0,0,0,0,0,0
2001,360641,1,1,0,0,0,0,0,0,0,0,0,0
2001,360641,2,1,0,0,0,0,0,0,0,0,3,0
2001,360641,3,1,0,0,2,0,0,0,0,0,0,0
2001,360642,1,1,0,0,0,0,0,0,0,0,0,0
2001,360643,1,1,0,0,0,0,0,0,0,0,0,0
2001,360643,2,1,0,0,0,0,0,0,0,0,0,0
2001,360644,1,1,10,13,9,0,15,18,11,7,20,2
2001,360645,1,1,0,8,0,26,0,0,0,0,0,0
2001,360646,1,1,0,0,0,0,0,0,0,0,0,0
2001,360646,2,1,0,0,0,0,0,0,0,0,0,0
2001,360646,3,1,0,0,0,0,0,0,0,0,0,0
2001,360647,1,1,0,0,0,0,0,0,0,0,0,0
2001,360647,2,1,0,0,0,0,0,0,0,0,0,0
2001,360648,1,1,0,0,0,26,0,0,0,0,0,14
2001,360649,0,1,0,0,0,0,0,0,0,0,0,0
2001,360649,1,1,0,0,0,0,0,0,0,0,0,0
2001,360650,1,1,0,0,0,0,0,0,0,0,0,0
2001,360650,2,1,0,0,0,0,0,0,0,0,0,0
2001,360651,1,1,24,30,15,25,0,21,0,11,25,27
2001,360651,2,1,0,0,0,0,0,0,0,0,0,0
2001,360652,1,1,0,0,0,0,0,0,0,0,0,0
2001,360652,2,1,0,0,0,0,0,0,0,0,15,0
2001,360653,1,1,33,33,33,33,33,33,33,33,33,33
2001,360653,2,1,0,0,0,0,0,0,0,0,0,0
2001,360654,1,1,0,0,0,0,0,0,0,0,0,0
2001,360654,2,1,0,0,0,0,30,0,0,0,0,0
2001,360655,1,1,0,0,0,0,0,0,0,0,0,0
2001,360655,2,1,0,0,0,0,0,0,0,0,0,0
2001,360656,1,1,0,0,0,4,0,0,0,0,0,0
2001,360657,1,1,5,5,5,5,5,5,5,5,5,5
2001,360658,1,1,0,0,0,0,6,0,0,0,0,0
2001,360659,1,1,7,7,7,7,7,7,7,7,7,7
2001,360660,1,1,0,0,0,0,0,0,0,11,0,0
2001,360661,1,1,17,17,17,17,17,17,17,17,17,17
2001,360662,1,1,0,0,0,0,0,0,0,0,0,0
2001,360663,1,1,13,13,13,13,13,13,13,13,13,13
2001,360664,0,1,0,0,0,0,0,0,0,0,0,0
2001,360664,0,2,22,29,16,18,4,0,14,0,0,0
2001,360664,1,1,0,0,0,4,0,0,0,6,0,0
2001,360665,0,1,0,0,0,0,0,0,0,0,0,0
2001,360665,1,1,0,0,0,0,0,0,0,0,0,24
2001,360666,0,1,20,20,20,20,20,20,20,20,20,20
2001,360666,1,1,0,0,0,0,0,0,39,0,0,0
2001,360667,0,1,0,0,0,0,0,0,0,0,0,0
2001,360667,1,1,0,0,0,0,0,0,0,0,0,0
2001,360668,1,1,0,0,0,0,0,0,0,0,0,7
2001,360669,0,1,6,6,6,6,6,6,6,6,6,6
2001,360669,1,1,10,10,10,10,10,10,10,10,10,10
2001,360670,1,1,0,0,0,0,0,0,0,0,0,0
2001,360671,1,1,0,0,0,0,0,0,0,0,0,0
2001,360671,2,1,0,0,0,0,0,0,0,0,0,0
2001,360672,1,1,0,0,0,0,0,0,7,0,0,0
2001,360673,1,1,0,0,0,0,0,0,0,0,0,0
2001,360673,2,1,0,0,27,0,0,0,0,9,0,0
2001,360674,1,1,0,11,0,9,0,12,23,29,18,0
2001,360675,1,1,0,0,0,0,0,0,0,0,0,0
2001,360676,1,1,17,0,21,0,0,0,0,0,0,0
2001,360677,1,1,0,0,0,0,0,0,0,0,0,0
2001,360677,2,1,0,0,0,0,0,0,0,0,0,0
2001,360678,0,1,0,0,0,0,0,0,0,0,0,0
2001,360678,1,1,19,11,16,29,7,0,7,9,4,9
2001,360679,1,1,0,0,0,0,0,0,0,0,0,0
2001,360679,2,1,0,0,0,0,0,0,0,0,0,0
2001,360680,1,1,0,19,18,0,0,0,0,0,0,0
2001,360681,0,1,0,0,0,0,0,0,0,0,0,0
2001,360681,1,1,0,0,0,0,0,0,0,0,0,0
2001,360681,2,1,0,0,0,0,0,0,0,0,0,0
2001,360682,0,1,23,23,23,23,23,23,23,23,23,23
2001,360682,1,1,0,0,0,0,0,0,0,0,0,0
2001,360683,1,1,0,0,0,0,0,27,0,0,0,0
2001,360683,2,1,0,0,0,0,0,0,0,0,0,18
2001,360684,1,1,0,0,0,0,0,0,0,0,0,0
2001,360684,2,1,0,0,0,0,0,0,0,0,0,0
2001,360685,1,1,0,0,0,0,0,0,0,0,0,0
2001,360685,2,1,0,0,0,0,0,0,0,0,0,0
2001,360685,3,1,0,0,0,0,0,0,0,0,0,0
2001,360686,1,1,0,0,0,0,0,0,0,0,0,0
2001,360687,1,1,0,0,0,0,0,0,0,0,0,0
2001,360687,2,1,0,0,0,0,0,0,0,0,0,0
2001,360688,0,1,0,0,0,0,0,0,0,0,0,0
2001,360688,1,1,0,0,0,0,0,0,0,0,0,0
2001,360689,1,1,0,0,0,0,0,0,0,0,0,0
2001,360689,2,1,0,6,13,0,0,0,0,0,0,0
2001,360690,0,1,0,0,0,0,0,0,0,0,0,0
2001,360690,1,1,0,0,0,0,0,0,0,0,0,0
2001,360691,1,1,0,0,0,0,0,0,0,0,0,0
2001,360692,1,1,0,0,0,0,0,0,0,0,0,0
2001,360693,1,1,0,28,0,0,15,13,13,0,0,0
2001,360694,1,1,18,18,18,18,18,18,18,18,18,18
2001,360695,1,1,24,0,0,0,0,0,0,0,0,12
2001,360696,1,1,0,0,0,0,0,0,0,0,0,0
2001,360696,2,1,0,0,0,0,0,0,0,0,0,0
2001,360697,1,1,0,0,0,0,0,8,0,0,0,0
2001,360697,2,1,22,0,0,0,0,0,0,0,0,0
2001,360698,1,1,0,0,0,0,0,0,0,0,0,0
2001,360698,2,1,0,0,0,0,0,0,0,0,0,0
2001,360699,0,1,0,0,0,0,0,0,0,0,0,0
2001,360699,0,2,0,0,0,0,0,0,0,0,0,0
2001,360699,1,1,10,10,10,10,10,10,10,10,10,10
2001,360700,0,1,15,15,15,15,15,15,15,15,15,15
2001,360700,1,1,17,18,17,11,7,14,15,24,10,25
2001,360701,1,1,0,0,0,0,0,0,0,0,0,0
2001,360701,2,1,0,0,0,0,0,0,0,0,0,0
2001,360702,1,1,0,0,0,0,0,0,0,0,14,0
2001,360703,1,1,0,0,0,0,0,0,0,0,0,0
2001,360703,2,1,0,0,0,0,0,0,0,0,0,0
2001,360704,0,1,11,0,0,0,0,0,0,0,0,0
2001,360704,1,1,5,5,5,5,5,5,5,5,5,5
2001,360705,0,1,0,0,0,0,0,0,0,0,0,0
2001,360705,1,1,0,0,0,0,0,0,0,0,0,0
2001,360706,1,1,9,0,0,0,4,0,6,13,0,0
2001,360706,2,1,0,0,0,0,0,0,0,0,0,0
2001,360706,3,1,0,0,0,0,0,0,0,0,0,0
2001,360707,1,1,0,0,0,0,0,0,0,0,0,0
2001,360708,1,1,0,0,0,0,0,0,0,0,0,0
2001,360709,1,1,0,25,0,0,20,0,0,0,0,0
2001,360710,1,1,31,31,31,31,31,31,31,31,31,31
2001,360711,1,1,8,8,8,8,8,8,8,8,8,8
2001,360712,1,1,5,5,5,5,5,5,5,5,5,5
2001,360712,2,1,0,0,0,0,0,0,0,0,0,0
2001,360713,1,1,0,0,0,0,0,0,0,0,0,0
2001,360713,2,1,0,0,0,0,0,0,0,0,0,0
2001,360714,1,1,25,25,25,25,25,25,25,25,25,25
2001,360715,1,1,0,0,0,0,0,0,0,0,0,0
2001,360715,2,1,0,0,0,0,0,0,0,0,0,0
2001,360716,0,1,0,0,0,0,0,0,0,0,0,0
2001,360716,1,1,0,0,0,0,0,0,0,0,0,0
2001,360717,0,1,0,0,0,0,0,0,0,0,0,0
2001,360717,1,1,0,0,0,0,0,0,0,0,0,0
2001,360718,1,1,0,0,0,0,0,0,11,11,0,9
2001,360719,1,1,0,0,0,0,0,0,0,0,0,0
2001,360719,2,1,0,0,0,0,0,0,0,0,0,0
2001,360720,1,1,0,0,0,0,0,26,0,0,0,0
2001,360720,2,1,0,0,0,0,0,0,0,0,0,9
2001,360721,1,1,0,0,0,0,0,0,0,0,0,0
2001,360721,2,1,0,0,0,0,0,0,0,0,0,0
2001,360721,3,1,0,0,0,0,0,0,0,0,0,0
2001,360722,1,1,0,0,0,0,0,0,0,0,0,0
2001,360722,2,1,0,0,0,0,0,0,0,0,0,0
2001,360723,1,1,18,18,18,18,18,18,18,18,18,18
2001,360724,1,1,19,19,19,19,19,19,19,19,19,19
2001,360725,1,1,0,21,0,0,0,0,0,0,1,7
2001,360726,1,1,19,19,19,19,19,19,19,19,19,19
2001,360727,0,1,0,0,0,0,0,0,0,0,0,0
2001,360727,1,1,0,0,0,0,0,0,0,0,0,0
2001,360728,0,1,0,0,0,0,0,0,0,0,0,0
2001,360728,1,1,0,0,0,0,0,0,0,0,0,0
2001,360729,1,1,0,0,0,0,0,0,0,0,0,0
2001,360729,2,1,0,0,0,0,0,0,0,0,0,0
2001,360730,1,1,4,28,19,36,19,14,20,17,0,28
2001,360731,1,1,0,0,0,0,0,0,0,0,0,0
2001,360731,2,1,0,0,0,0,0,0,0,0,0,0
2001,360732,1,1,0,0,0,0,0,0,0,0,0,0
2001,360732,2,1,0,0,0,0,0,0,0,0,0,0
2001,360733,0,1,0,0,0,0,0,0,0,0,0,0
2001,360733,1,1,0,0,0,0,0,0,0,0,0,0
2001,360734,0,1,25,25,25,25,25,25,25,25,25,25
2001,360734,1,1,0,0,0,0,0,0,0,0,0,0
2001,360735,1,1,5,5,5,5,5,5,5,5,5,5
2001,360736,0,1,0,0,0,0,0,0,0,0,0,0
2001,360736,1,1,0,0,0,0,0,0,0,0,0,0
2001,360737,0,1,0,0,0,0,0,0,0,0,0,0
2001,360737,1,1,0,0,0,0,0,0,0,0,0,0
2001,360738,1,1,0,0,0,0,0,0,0,0,0,0
2001,360738,2,1,0,0,0,0,0,0,0,0,0,0
2001,360739,1,1,1,0,1,2,3,0,17,0,0,0
2001,360739,2,1,0,0,0,0,0,0,0,0,0,0
2001,360740,0,1,0,0,0,0,0,0,0,0,0,0
2001,360740,1,1,0,0,0,0,0,0,0,0,0,0
2001,360741,1,1,0,0,6,0,16,0,0,0,0,0
2001,360741,2,1,0,0,0,0,0,0,0,0,0,0
2001,360742,1,1,0,0,0,0,0,0,0,0,0,0
2001,360742,2,1,1,1,1,1,1,1,1,1,1,1
2001,360743,1,1,0,0,0,0,0,0,0,0,0,0
2001,360743,2,1,0,0,0,0,0,0,0,0,0,0
2001,360744,1,1,4,0,11,0,0,0,0,0,0,0
2001,360744,2,1,0,0,0,23,0,0,0,0,0,0
2001,360745,1,1,0,0,0,0,0,0,0,0,0,0
2001,360745,2,1,0,0,0,0,0,0,0,0,0,0
2001,360746,1,1,18,9,9,24,9,7,15,8,12,19
2001,360747,1,1,11,13,0,12,8,0,14,6,7,14
2001,360748,1,1,16,16,16,16,16,16,16,16,16,16
2001,360748,2,1,0,0,0,16,0,0,0,0,0,0
2001,360749,1,1,14,14,14,14,14,14,14,14,14,14
2001,360749,2,1,0,0,0,0,0,0,0,0,0,0
2001,360750,1,1,0,0,0,0,0,0,0,0,0,0
2001,360750,2,1,0,0,0,0,0,0,0,0,0,0
2001,360751,1,1,14,14,14,14,14,14,14,14,14,14
2001,360752,0,1,0,0,0,0,0,0,0,0,0,0
2001,360752,1,1,0,0,0,0,0,0,0,0,0,0
2001,360753,1,1,0,0,0,0,0,0,0,0,0,0
2001,360753,2,1,0,0,0,0,0,0,0,0,0,0
2001,360754,1,1,0,0,0,0,0,0,0,0,0,0
2001,360754,2,1,0,0,0,0,0,0,0,0,0,0
2001,360755,0,1,0,0,0,0,26,0,3,0,0,0
2001,360755,1,1,0,0,0,0,0,0,0,0,0,0
2001,360756,1,1,0,0,0,0,0,0,0,0,0,0
2001,360756,2,1,0,0,0,0,0,0,0,0,0,0
2001,360757,0,1,0,0,0,0,0,0,17,0,0,0
2001,360757,1,1,0,0,0,0,0,0,0,0,7,0
2001,360758,1,1,0,0,0,0,0,0,0,0,0,0
2001,360759,0,1,0,0,0,0,0,0,0,0,0,0
2001,360759,1,1,0,0,0,0,0,0,0,0,0,0
2001,360760,1,1,1,1,1,1,1,1,1,1,1,1
2001,360761,1,1,0,0,16,0,0,0,0,0,0,0
2001,360762,1,1,24,24,24,24,24,24,24,24,24,24
2001,360763,1,1,0,0,0,0,0,0,0,0,0,0
2001,360764,1,1,0,0,0,0,12,0,0,26,0,0
2001,360765,0,1,0,0,0,0,0,0,0,0,0,0
2001,360765,1,1,0,10,0,0,0,0,0,0,0,0
2001,360766,1,1,0,0,0,0,0,0,0,0,0,0
2001,360766,2,1,0,0,0,0,0,0,0,23,0,0
2001,360767,0,1,0,0,0,0,0,0,0,0,0,0
2001,360767,1,1,0,6,0,0,0,0,0,0,6,0
2001,360768,1,1,10,0,0,0,0,0,0,0,0,0
2001,360768,2,1,0,0,0,0,0,0,0,0,0,0
2001,360769,1,1,34,34,34,34,34,34,34,34,34,34
2001,360769,2,1,0,0,0,0,0,12,0,10,0,0
2001,360770,0,1,0,0,0,0,0,0,0,0,0,0
2001,360770,1,1,0,0,0,0,0,0,0,0,0,0
2001,360771,1,1,0,0,0,6,0,0,0,0,40,0
2001,360772,0,1,0,0,0,0,0,0,0,0,0,0
2001,360772,1,1,0,0,0,0,0,0,0,0,0,0
2001,360773,1,1,0,0,0,0,0,0,0,0,0,0
2001,360773,2,1,0,0,0,0,0,0,0,0,0,0
2001,360774,1,1,0,0,0,0,0,0,0,0,0,0
2001,360774,2,1,0,0,0,0,0,0,0,0,0,0
2001,360775,0,1,0,0,0,0,0,0,0,0,0,0
2001,360775,1,1,0,0,0,0,0,17,0,0,0,0
2001,360776,1,1,0,0,0,0,0,0,0,0,0,0
2001,360777,0,1,0,0,19,21,12,19,30,10,0,12
2001,360777,1,1,0,0,0,0,0,32,0,0,0,0
2001,360778,1,1,23,23,23,23,23,23,23,23,23,23
2001,360778,2,1,0,0,0,0,0,0,0,0,0,0
2001,360779,0,1,19,19,19,19,19,19,19,19,19,19
2001,360779,1,1,0,0,0,0,0,0,0,0,0,0
2001,360780,0,1,0,0,0,0,0,0,0,0,0,0
2001,360780,1,1,0,0,0,0,0,0,0,0,0,0
2001,360781,0,1,0,0,0,0,0,0,0,0,0,0
2001,360781,1,1,0,0,0,0,0,0,0,0,0,0
2001,360782,1,1,3,11,17,12,25,0,2,10,15,12
2001,360783,1,1,7,0,0,0,0,26,23,27,0,0
2001,360784,1,1,4,4,4,4,4,4,4,4,4,4
2001,360785,1,1,0,0,0,0,0,0,0,0,0,0
2001,360786,1,1,0,0,17,0,0,0,0,0,0,0
2001,360787,0,1,0,0,0,0,0,0,0,0,0,0
2001,360787,1,1,0,0,0,0,0,0,0,0,0,0
2001,360788,0,1,0,0,0,0,0,0,0,0,0,0
2001,360788,0,2,28,0,4,0,0,17,20,0,0,22
2001,360788,0,3,0,0,0,0,0,0,0,0,0,0
2001,360788,1,1,0,0,0,0,4,0,0,0,0,0
2001,360789,1,1,32,32,32,32,32,32,32,32,32,32
2001,360789,2,1,0,0,0,0,0,0,0,0,0,0
2001,360790,1,1,0,0,0,0,0,0,0,0,0,0
2001,360790,2,1,0,0,0,0,0,6,0,0,0,0
2001,360791,1,1,0,0,0,0,0,0,0,0,0,16
2001,360791,2,1,0,0,0,0,0,0,0,0,0,0
2001,360791,3,1,0,0,0,0,0,0,0,0,0,0
2001,360792,1,1,0,0,6,0,0,0,13,0,0,0
2001,360793,0,1,0,0,0,0,0,0,0,0,0,0
2001,360793,1,1,0,0,23,0,0,0,0,0,0,0
2001,360794,0,1,19,19,19,19,19,19,19,19,19,19
2001,360794,1,1,13,0,0,0,20,14,0,0,0,0
2001,360795,1,1,0,0,0,0,0,0,0,0,0,0
2001,360795,2,1,0,0,0,0,0,0,0,0,0,0
2001,360796,0,1,0,0,0,0,0,0,0,20,7,0
2001,360796,1,1,0,0,0,0,0,0,0,0,0,0
2001,360797,0,1,0,0,0,0,0,0,0,0,0,0
2001,360797,1,1,0,0,0,0,0,0,0,0,0,0
2001,360798,0,1,8,8,8,8,8,8,8,8,8,8
2001,360798,1,1,9,6,11,0,8,25,14,14,13,6
2001,360799,1,1,17,17,17,17,17,17,17,17,17,17
2001,360800,1,1,4,0,0,0,0,7,0,0,11,0
2001,360801,0,1,0,0,8,0,13,0,0,3,16,18
2001,360801,1,1,0,36,0,22,13,26,0,0,35,18
2001,360802,1,1,15,15,15,15,15,15,15,15,15,15
2001,360803,1,1,0,19,25,0,0,24,0,0,20,0
2001,360804,1,1,0,0,0,0,0,0,0,0,0,0
2001,360805,0,1,0,0,0,0,0,0,0,0,0,0
2001,360805,1,1,0,0,0,0,0,0,0,0,0,0
2001,360806,1,1,14,14,14,14,14,14,14,14,14,14
2001,360807,1,1,0,0,0,0,0,0,0,0,0,0
2001,360808,1,1,0,0,0,0,0,0,0,0,0,0
2001,360809,1,1,0,0,0,0,0,0,0,0,0,0
2001,360809,2,1,0,0,0,0,0,0,0,0,0,0
2001,360810,0,1,0,0,0,0,0,0,0,0,0,0
2001,360810,1,1,0,0,0,11,0,0,0,0,0,0
2001,360811,1,1,0,0,0,14,0,4,0,0,0,0
2001,360812,0,1,0,0,0,0,0,0,0,0,0,0