YEAR,st_case,veh_no,per_no,P1,P2,P3,P4,P5,P6,P7,P8,P9,P10
2001,360812,1,1,0,0,0,0,0,0,0,0,0,0
2001,360813,0,1,0,0,0,0,0,0,0,0,0,0
2001,360813,1,1,0,0,0,0,0,0,0,0,0,0
2001,360814,1,1,15,19,12,20,9,22,19,17,0,16
2001,360814,2,1,0,0,0,0,0,0,7,0,0,0
2001,360814,3,1,0,0,0,0,0,0,0,0,0,0
2001,360815,1,1,13,4,15,4,0,3,35,10,18,23
2001,360816,1,1,0,0,0,0,0,0,0,0,0,0
2001,360816,2,1,0,0,0,0,0,0,0,0,0,0
2001,360817,0,1,0,0,14,6,0,0,0,0,0,15
2001,360817,0,2,0,0,0,0,0,0,0,0,0,0
2001,360817,1,1,0,0,0,0,0,0,0,0,0,0
2001,360818,0,1,0,0,0,0,0,0,0,0,0,0
2001,360818,1,1,0,0,0,0,0,0,0,0,0,0
2001,360819,1,1,0,0,0,0,0,0,0,0,0,0
2001,360820,1,1,0,0,0,0,0,0,0,0,0,0
2001,360820,2,1,19,6,9,20,0,12,24,8,27,15
2001,360821,1,1,19,19,19,19,19,19,19,19,19,19
2001,360822,1,1,0,27,0,0,15,35,15,10,0,0
2001,360823,1,1,0,0,0,0,0,0,11,0,0,30
2001,360823,2,1,7,0,0,5,10,0,0,13,0,0
2001,360824,1,1,0,0,0,0,0,0,0,0,0,0
2001,360825,1,1,11,11,11,11,11,11,11,11,11,11
2001,360826,1,1,24,24,24,24,24,24,24,24,24,24
2001,360827,1,1,11,11,11,11,11,11,11,11,11,11
2001,360828,1,1,0,0,0,0,0,0,0,0,0,0
2001,360829,0,1,1,1,1,1,1,1,1,1,1,1
2001,360829,1,1,0,19,0,0,0,0,0,11,19,0
2001,360830,1,1,9,9,9,9,9,9,9,9,9,9
2001,360831,0,1,15,15,15,15,15,15,15,15,15,15
2001,360831,1,1,0,0,0,0,0,0,0,0,0,0
2001,360832,1,1,0,0,0,0,0,0,0,0,0,0
2001,360833,1,1,0,0,0,7,0,0,0,0,8,0
2001,360834,1,1,0,0,0,0,0,0,0,0,0,0
2001,360835,1,1,10,10,10,10,10,10,10,10,10,10
2001,360836,1,1,28,28,28,28,28,28,28,28,28,28
2001,360837,1,1,0,0,0,0,0,0,0,0,5,0
2001,360837,2,1,0,0,0,0,0,0,0,0,0,0
2001,360838,0,1,0,0,0,0,0,0,0,0,0,0
2001,360838,1,1,0,0,0,0,0,0,0,0,0,0
2001,360839,0,1,0,0,0,0,0,0,0,0,0,0
2001,360839,1,1,0,0,0,0,12,0,0,0,0,0
2001,360840,1,1,0,0,0,0,0,0,0,0,0,0
2001,360840,2,1,0,0,0,0,0,0,0,0,0,0
2001,360841,0,1,0,0,0,0,0,0,0,0,0,0
2001,360841,1,1,0,0,0,0,0,0,0,0,0,0
2001,360842,1,1,0,14,0,0,0,0,0,0,0,0
2001,360843,1,1,0,0,0,0,0,0,0,0,0,0
2001,360843,2,1,0,0,0,0,0,0,0,0,0,0
2001,360844,1,1,0,0,0,0,0,0,0,0,0,0
2001,360844,2,1,0,0,0,0,0,0,0,0,0,0
2001,360845,0,1,0,0,0,0,0,0,0,0,0,0
2001,360845,1,1,0,0,0,14,0,0,0,0,0,0
2001,360846,1,1,0,0,0,0,0,0,0,0,0,0
2001,360846,2,1,0,0,0,0,0,0,0,0,0,0
2001,360847,1,1,0,0,0,0,0,0,0,0,0,0
2001,360847,2,1,0,0,0,0,0,0,0,0,0,0
2001,360847,3,1,0,0,0,0,0,0,0,0,0,0
2001,360847,4,1,0,0,0,0,0,0,0,0,0,0
2001,360848,1,1,27,27,27,27,27,27,27,27,27,27
2001,360849,0,1,0,0,0,0,0,0,0,0,0,0
2001,360849,1,1,0,0,0,0,0,0,0,0,0,0
2001,360850,1,1,0,0,0,0,0,0,8,0,0,0
2001,360851,1,1,0,0,0,0,0,0,0,0,0,0
2001,360852,1,1,0,0,0,0,0,0,0,0,0,0
2001,360852,2,1,0,0,0,0,0,0,0,0,0,0
2001,360853,1,1,15,15,15,15,15,15,15,15,15,15
2001,360854,1,1,0,0,0,0,0,0,0,0,0,0
2001,360854,2,1,0,0,0,0,0,0,0,0,0,0
2001,360855,1,1,0,0,0,0,0,0,0,0,0,0
2001,360855,2,1,0,0,0,0,0,0,0,0,0,0
2001,360856,1,1,10,10,10,10,10,10,10,10,10,10
2001,360857,1,1,15,15,15,15,15,15,15,15,15,15
2001,360858,1,1,0,0,0,0,0,0,0,0,0,0
2001,360858,2,1,0,0,0,0,0,0,0,0,0,0
2001,360859,1,1,13,27,8,2,21,9,14,18,32,13
2001,360860,1,1,30,0,0,0,0,0,0,0,0,0
2001,360861,1,1,0,0,0,0,0,0,0,0,0,0
2001,360861,2,1,0,0,0,0,0,0,0,0,0,0
2001,360862,1,1,0,0,0,0,0,0,0,0,0,0
2001,360863,0,1,0,0,0,0,0,0,0,0,0,0
2001,360863,1,1,0,0,15,0,0,0,0,0,0,0
2001,360864,0,1,0,0,0,0,0,0,0,0,0,0
2001,360864,1,1,0,0,0,0,0,0,0,0,12,0
2001,360865,1,1,0,0,0,0,0,0,0,0,0,0
2001,360865,2,1,0,0,0,0,0,0,0,0,0,0
2001,360866,1,1,0,0,0,0,0,0,0,0,0,0
2001,360866,2,1,0,0,0,0,0,0,0,0,0,0
2001,360866,3,1,0,0,0,0,0,0,0,0,0,0
2001,360867,1,1,0,0,0,0,0,0,0,0,0,0
2001,360867,2,1,0,0,0,0,0,0,0,0,0,0
2001,360868,1,1,17,0,0,27,0,0,28,17,0,0
2001,360868,2,1,22,7,17,17,7,10,20,16,3,16
2001,360869,1,1,0,0,0,0,0,0,0,0,0,0
2001,360870,0,1,0,0,0,0,0,0,0,0,0,0
2001,360870,1,1,7,8,6,3,2,7,3,15,0,0
2001,360871,1,1,0,0,0,0,0,0,0,0,0,0
2001,360872,0,1,0,0,0,0,0,0,0,0,0,0
2001,360872,1,1,0,13,18,15,15,7,0,14,0,7
2001,360873,1,1,22,22,22,22,22,22,22,22,22,22
2001,360874,1,1,0,0,0,0,0,0,0,0,0,0
2001,360874,2,1,0,0,0,0,0,0,0,0,0,0
2001,360875,1,1,0,26,8,0,0,0,9,0,0,0
2001,360875,2,1,0,0,0,0,0,0,0,0,0,0
2001,360876,1,1,0,0,0,0,0,0,0,0,0,0
2001,360876,2,1,0,0,0,0,0,0,0,0,0,0
2001,360877,0,1,0,0,0,0,11,0,0,0,0,0
2001,360877,1,1,0,0,0,0,0,0,0,0,0,0
2001,360878,1,1,0,0,0,0,0,0,0,0,0,0
2001,360878,2,1,0,0,0,0,0,0,0,0,0,0
2001,360879,1,1,0,0,0,0,0,0,0,0,0,0
2001,360879,2,1,0,0,0,0,0,0,0,0,0,0
2001,360880,1,1,0,0,0,0,0,0,0,0,0,0
2001,360880,2,1,0,0,0,0,0,0,0,0,0,0
2001,360881,1,1,0,0,0,0,0,0,0,0,0,0
2001,360881,2,1,0,0,0,0,0,0,0,0,0,0
2001,360882,1,1,0,0,0,0,0,0,0,0,0,0
2001,360882,2,1,0,0,0,0,0,0,0,0,0,0
2001,360883,1,1,0,0,0,0,0,0,0,0,0,0
2001,360883,2,1,0,0,0,0,0,0,0,0,0,0
2001,360884,0,1,0,0,0,0,0,0,0,0,0,0
2001,360884,1,1,0,0,0,0,0,0,0,0,0,0
2001,360885,1,1,0,0,0,0,0,0,0,0,0,0
2001,360885,2,1,0,0,0,0,0,0,0,0,0,0
2001,360886,1,1,0,0,0,0,0,0,0,0,0,0
2001,360886,2,1,0,0,0,0,0,0,0,0,0,0
2001,360887,1,1,0,0,0,0,0,0,0,0,0,0
2001,360887,2,1,0,0,0,0,0,0,0,0,10,0
2001,360888,1,1,0,0,0,0,0,0,0,0,0,20
2001,360888,2,1,0,3,0,0,0,0,0,0,0,0
2001,360889,1,1,0,0,0,0,0,0,0,0,0,0
2001,360889,2,1,0,0,0,0,0,0,0,0,0,0
2001,360889,3,1,0,0,0,0,0,0,0,0,0,0
2001,360890,0,1,33,33,33,33,33,33,33,33,33,33
2001,360890,1,1,7,7,7,7,7,7,7,7,7,7
2001,360891,1,1,0,0,0,0,0,0,0,0,0,0
2001,360892,1,1,0,0,0,0,0,0,0,0,0,0
2001,360892,2,1,0,0,0,0,0,0,0,0,0,0
2001,360893,0,1,0,0,0,0,0,0,0,0,0,0
2001,360893,1,1,0,4,0,11,0,0,0,0,0,0
2001,360894,1,1,0,0,0,0,0,0,0,0,0,0
2001,360894,2,1,0,0,0,0,0,0,0,0,0,0
2001,360895,1,1,0,27,0,0,0,0,0,0,0,0
2001,360896,1,1,24,24,24,24,24,24,24,24,24,24
2001,360897,1,1,18,18,18,18,18,18,18,18,18,18
2001,360898,1,1,29,20,12,19,25,20,16,15,14,25
2001,360899,1,1,12,0,0,0,0,0,0,0,0,0
2001,360900,1,1,0,0,0,0,0,0,16,0,0,24
2001,360901,1,1,15,0,25,0,0,0,0,11,0,0
2001,360902,1,1,35,26,0,0,0,0,0,0,22,0
2001,360903,1,1,18,18,18,18,18,18,18,18,18,18
2001,360904,1,1,0,0,0,0,0,0,0,0,11,0
2001,360905,1,1,19,0,19,20,25,0,19,0,24,10
2001,360906,1,1,13,13,13,13,13,13,13,13,13,13
2001,360907,1,1,9,9,9,9,9,9,9,9,9,9
2001,360908,0,1,15,15,15,15,15,15,15,15,15,15
2001,360908,1,1,0,0,0,0,0,0,0,0,0,18
2001,360909,1,1,10,10,10,10,10,10,10,10,10,10
2001,360910,1,1,0,0,0,0,0,0,0,0,0,0
2001,360910,2,1,0,0,0,0,0,0,0,0,0,0
2001,360911,0,1,0,0,0,0,0,0,0,0,0,0
2001,360911,1,1,0,0,0,0,33,0,0,0,0,0
2001,360912,1,1,0,0,0,0,0,0,0,0,0,0
2001,360912,2,1,0,0,0,0,0,0,0,0,0,0
2001,360913,0,1,19,19,19,19,19,19,19,19,19,19
2001,360913,1,1,0,0,0,0,0,0,0,0,0,0
2001,360913,2,1,0,0,0,0,0,0,0,0,0,0
2001,360913,3,1,0,0,0,0,0,0,0,0,0,0
2001,360913,4,1,0,0,0,0,8,0,0,0,0,22
2001,360914,1,1,9,9,9,9,9,9,9,9,9,9
2001,360915,1,1,25,0,0,0,0,0,0,0,0,0
2001,360916,1,1,0,0,0,0,0,0,0,0,0,0
2001,360917,0,1,12,13,0,22,0,0,0,15,9,20
2001,360917,1,1,0,0,0,0,0,4,31,0,10,13
2001,360918,1,1,0,27,0,0,0,0,0,0,0,0
2001,360919,1,1,0,0,0,16,0,0,0,0,0,0
2001,360920,1,1,0,0,0,0,0,0,0,0,0,0
2001,360921,1,1,0,0,0,0,0,0,0,0,0,0
2001,360921,2,1,0,0,0,0,0,0,0,0,0,0
2001,360921,3,1,0,0,0,0,0,0,0,0,0,0
2001,360922,1,1,0,0,0,0,0,0,0,0,0,0
2001,360922,2,1,26,26,26,26,26,26,26,26,26,26
2001,360923,0,1,0,0,0,0,0,0,0,0,0,0
2001,360923,0,2,0,0,0,0,0,0,0,0,0,0
2001,360923,1,1,0,0,10,22,5,6,6,6,5,8
2001,360924,1,1,0,0,0,0,0,0,0,0,0,0
2001,360924,2,1,0,0,0,0,0,0,0,0,0,0
2001,360925,0,1,0,0,0,0,0,0,0,0,0,0
2001,360925,1,1,13,10,0,22,3,35,22,34,9,20
2001,360926,1,1,13,0,19,0,0,10,0,19,0,0
2001,360927,1,1,0,0,0,0,0,0,0,0,0,0
2001,360927,2,1,0,0,0,0,0,0,0,0,0,0
2001,360928,1,1,0,0,0,0,0,0,0,0,0,0
2001,360928,2,1,0,0,0,0,0,0,0,40,0,0
2001,360929,1,2,7,21,10,11,16,4,21,9,38,10
2001,360929,2,1,0,0,0,12,0,0,0,0,0,0
2001,360930,1,1,9,9,9,9,9,9,9,9,9,9
2001,360931,1,1,8,7,5,4,5,20,14,15,8,0
2001,360932,1,1,0,0,0,0,0,0,0,0,0,0
2001,360932,2,1,0,0,0,0,0,0,0,0,0,0
2001,360933,1,1,0,0,0,0,0,0,0,0,0,0
2001,360933,2,1,0,0,15,0,0,0,0,0,0,0
2001,360934,0,1,15,14,0,16,11,11,30,5,8,18
2001,360934,1,1,0,0,0,0,0,0,0,0,0,0
2001,360935,1,1,29,5,14,24,4,26,6,12,8,8
2001,360935,2,1,0,0,0,0,0,0,0,0,0,0
2001,360936,1,1,18,12,22,12,16,12,0,13,20,11
2001,360936,2,1,0,0,0,0,0,0,0,0,0,0
2001,360937,1,1,0,0,0,0,0,0,0,0,0,0
2001,360937,2,1,0,0,0,0,7,0,0,0,0,0
2001,360937,3,1,0,0,0,0,0,0,0,0,0,0
2001,360937,4,1,0,0,0,0,0,0,0,0,0,0
2001,360938,0,1,0,0,0,0,0,0,0,0,0,0
2001,360938,1,1,0,0,0,0,0,0,0,0,0,0
2001,360939,1,1,0,0,0,0,0,0,0,0,0,0
2001,360939,2,1,0,0,0,0,0,0,0,0,0,0
2001,360940,1,1,0,0,0,0,0,22,0,0,18,15
2001,360941,1,1,3,3,3,3,3,3,3,3,3,3
2001,360942,1,1,16,14,11,17,26,14,16,19,24,7
2001,360943,1,1,0,0,0,0,0,0,0,0,0,0
2001,360944,1,1,18,21,20,21,2,38,7,17,8,2
2001,360945,0,1,0,0,0,0,0,0,0,0,0,0
2001,360945,1,1,0,0,0,0,0,0,0,0,0,0
2001,360946,1,1,1,1,1,1,1,1,1,1,1,1
2001,360947,1,1,18,18,18,18,18,18,18,18,18,18
2001,360948,1,1,0,0,0,0,0,0,0,0,0,0
2001,360948,2,1,0,0,0,0,0,0,0,0,0,0
2001,360949,1,1,0,32,11,11,26,12,13,23,13,21
2001,360950,1,1,12,0,0,0,0,0,0,0,0,0
2001,360951,1,1,0,0,0,0,0,0,0,0,0,0
2001,360952,0,1,13,0,0,12,0,0,0,13,0,0
2001,360952,0,2,0,7,19,3,0,17,0,18,0,0
2001,360952,1,1,8,6,9,6,11,13,0,0,8,9
2001,360953,1,1,24,24,24,24,24,24,24,24,24,24
2001,360954,1,1,4,4,4,4,4,4,4,4,4,4
2001,360955,1,1,0,0,0,0,0,0,0,0,0,0
2001,360955,2,1,17,0,0,0,0,0,0,0,0,0
2001,360956,0,1,0,0,0,0,5,0,0,0,0,0
2001,360956,1,1,0,0,0,0,0,0,0,0,0,0
2001,360957,0,1,0,0,0,0,0,0,0,0,0,0
2001,360957,1,1,0,0,18,0,0,0,0,0,0,0
2001,360958,0,1,11,7,0,0,0,0,0,0,7,0
2001,360958,1,1,0,0,3,0,18,0,6,10,0,12
2001,360959,0,1,25,25,25,25,25,25,25,25,25,25
2001,360959,1,1,7,12,3,0,6,9,0,7,5,7
2001,360960,1,1,0,0,0,0,0,0,0,0,0,10
2001,360961,1,1,19,19,19,19,19,19,19,19,19,19
2001,360962,1,1,0,0,11,0,0,0,0,0,0,13
2001,360963,1,1,0,7,0,0,0,0,0,0,0,0
2001,360964,1,1,18,18,18,18,18,18,18,18,18,18
2001,360965,1,1,4,4,4,4,4,4,4,4,4,4
2001,360965,2,1,0,0,0,0,0,0,0,0,0,0
2001,360966,1,1,0,0,0,0,0,0,0,0,0,0
2001,360966,2,1,0,0,0,0,0,0,0,0,0,0
2001,360967,1,1,0,0,0,0,0,0,0,0,0,0
2001,360968,0,1,0,0,0,0,0,0,0,0,0,0
2001,360968,1,1,0,0,0,12,0,0,0,0,25,0
2001,360969,1,1,0,0,0,13,0,0,0,0,0,0
2001,360969,2,1,0,0,0,0,0,0,0,0,0,0
2001,360969,3,1,0,15,0,0,10,0,0,0,0,9
2001,360970,1,1,0,0,0,0,0,0,0,0,0,0
2001,360970,2,1,0,0,0,0,0,0,0,0,0,0
2001,360971,0,1,0,19,10,17,15,0,0,9,24,22
2001,360971,1,1,0,0,0,0,10,0,14,0,0,0
2001,360971,2,1,0,0,12,0,0,11,0,4,16,17
2001,360972,1,1,0,0,0,0,0,0,0,0,0,0
2001,360972,2,1,0,0,0,0,11,0,0,0,0,0
2001,360973,1,1,0,0,0,0,0,0,0,0,0,0
2001,360973,2,1,0,0,0,0,0,0,0,0,0,0
2001,360974,1,1,0,0,0,0,0,0,0,0,0,0
2001,360974,2,1,0,0,0,0,0,0,0,0,0,0
2001,360974,3,1,0,0,0,0,0,0,0,0,0,0
2001,360975,1,1,30,30,30,30,30,30,30,30,30,30
2001,360976,1,1,14,14,14,14,14,14,14,14,14,14
2001,360976,2,1,0,0,0,24,0,0,0,0,0,2
2001,360977,1,1,0,0,0,0,0,0,0,0,0,0
2001,360977,2,1,26,26,26,26,26,26,26,26,26,26
2001,360978,1,1,0,0,0,0,0,0,0,0,0,0
2001,360978,2,1,17,18,18,21,20,17,8,15,13,8
2001,360979,1,1,0,0,0,0,0,0,0,0,0,0
2001,360980,1,1,1,1,1,1,1,1,1,1,1,1
2001,360981,1,1,0,0,0,0,0,0,0,0,0,0
2001,360982,1,1,10,21,15,22,13,20,7,8,14,27
2001,360983,1,1,18,18,15,10,10,8,9,19,25,21
2001,360984,1,1,0,0,0,0,0,0,0,0,0,0
2001,360984,2,1,0,0,0,0,0,8,0,0,0,0
2001,360984,3,1,0,0,0,0,0,0,0,0,0,0
2001,360985,1,1,0,16,0,0,0,0,0,0,0,0
2001,360986,1,1,10,10,10,10,10,10,10,10,10,10
2001,360987,0,1,0,0,0,0,0,0,0,0,0,0
2001,360987,0,2,5,0,33,0,0,22,0,0,20,10
2001,360987,1,1,0,0,0,0,0,0,0,0,0,0
2001,360988,1,1,0,0,0,0,0,0,0,0,0,0
2001,360989,1,1,11,0,0,0,0,0,0,0,0,26
2001,360989,2,1,0,0,0,0,0,0,0,0,0,0
2001,360989,3,1,0,0,0,0,0,0,8,0,0,0
2001,360990,1,1,0,0,12,0,0,0,0,0,0,0
2001,360991,1,1,0,0,0,0,0,0,0,0,0,0
2001,360992,0,1,12,12,12,12,12,12,12,12,12,12
2001,360992,1,1,0,0,0,0,0,0,0,0,0,0
2001,360992,2,1,5,10,26,16,9,0,18,0,12,0
2001,360993,1,1,0,0,0,0,0,0,0,0,0,0
2001,360993,2,1,0,0,0,0,0,0,0,0,0,0
2001,360994,1,1,0,0,0,0,0,0,0,0,0,0
2001,360995,0,1,0,0,0,0,0,0,0,0,0,0
2001,360995,1,1,0,0,0,0,0,0,0,0,0,0
2001,360996,1,1,0,0,0,0,0,0,0,0,0,0
2001,360996,2,1,0,0,0,0,0,0,0,0,0,0
2001,360997,1,1,1,1,1,1,1,1,1,1,1,1
2001,360998,1,1,0,0,0,0,0,0,0,0,0,0
2001,360998,2,1,0,0,0,0,0,0,0,0,0,0
2001,360999,0,1,15,15,15,15,15,15,15,15,15,15
2001,360999,1,1,0,0,8,0,0,0,0,0,0,0
2001,361000,0,1,0,0,0,0,0,0,0,0,0,0
2001,361000,1,1,0,0,0,0,0,0,0,0,0,7
2001,361001,1,1,0,0,0,0,0,0,0,0,0,0
2001,361002,1,1,0,0,0,0,0,0,0,0,0,0
2001,361002,2,1,0,0,0,0,0,0,0,0,0,0
2001,361003,1,1,12,12,12,12,12,12,12,12,12,12
2001,361004,1,1,0,0,0,0,0,0,0,0,0,0
2001,361004,2,1,0,0,0,0,0,0,0,0,11,0
2001,361005,1,1,11,11,11,11,11,11,11,11,11,11
2001,361006,1,1,0,0,0,0,0,0,0,0,0,0
2001,361006,2,1,0,0,0,0,0,0,0,0,0,0
2001,361007,1,1,0,0,0,0,0,0,0,0,0,0
2001,361008,1,1,20,20,20,20,20,20,20,20,20,20
2001,361009,1,1,0,0,0,0,0,0,0,0,0,0
2001,361009,2,1,0,0,0,0,0,0,0,0,0,0
2001,361009,3,1,0,0,0,0,0,0,0,0,0,0
2001,361010,1,1,0,0,0,0,0,0,0,0,0,0
2001,361010,2,1,0,0,0,0,0,0,0,0,0,0
2001,361011,0,1,0,0,0,0,0,0,0,0,0,0
2001,361011,1,1,0,0,0,0,0,0,0,0,0,0
2001,361011,2,1,0,0,0,0,0,0,14,19,18,0
2001,361012,1,1,0,0,16,13,19,12,20,13,2,17
2001,361013,1,1,0,0,0,0,0,0,0,0,0,0
2001,361013,2,1,0,9,15,0,0,8,0,0,0,0
2001,361014,1,1,0,0,0,0,0,0,0,0,0,0
2001,361015,1,1,0,0,0,0,0,0,0,0,0,0
2001,361015,2,1,0,0,0,0,0,0,0,8,0,0
2001,361016,1,1,22,22,22,22,22,22,22,22,22,22
2001,361016,2,1,0,0,0,0,0,0,0,0,0,0
2001,361017,1,1,0,0,0,0,0,0,0,0,0,0
2001,361017,2,1,0,0,0,0,0,0,0,0,0,0
2001,361018,0,1,0,0,0,0,0,0,0,0,0,0
2001,361018,1,1,0,0,0,0,0,0,0,0,0,0
2001,361019,1,1,15,17,16,29,4,9,15,27,9,7
2001,361020,1,1,0,0,0,0,0,0,0,0,0,0
2001,361020,2,1,0,0,0,0,0,0,0,0,0,0
2001,361021,1,1,0,0,0,0,0,0,0,0,0,0
2001,361021,2,1,0,0,0,0,0,0,0,0,0,0
2001,361022,1,1,0,0,0,0,6,10,0,0,0,0
2001,361022,2,1,0,0,0,0,0,0,0,0,0,0
2001,361023,1,1,0,0,0,0,0,0,0,0,0,0
2001,361023,2,1,0,0,0,0,0,0,0,0,0,0
2001,361024,0,1,0,0,0,0,0,9,0,0,0,0
2001,361024,1,1,0,0,0,0,0,0,0,0,0,0
2001,361025,0,1,0,10,0,0,0,0,0,0,0,0
2001,361025,1,1,0,0,0,9,0,0,0,0,0,0
2001,361026,1,1,0,0,0,0,0,0,0,0,0,0
2001,361026,2,1,0,0,0,0,0,0,0,0,0,0
2001,361027,0,1,0,0,0,0,0,0,0,0,0,0
2001,361027,1,1,0,0,0,0,0,0,0,0,17,0
2001,361028,1,1,0,0,0,0,0,0,0,0,0,0
2001,361029,0,1,0,0,0,0,0,0,0,0,0,0
2001,361029,1,1,0,9,0,0,0,18,16,0,0,0
2001,361030,1,1,10,0,0,0,0,0,0,0,0,0
2001,361030,2,1,0,0,0,10,0,0,0,0,0,0
2001,361031,1,1,0,0,0,0,0,0,0,0,0,0
2001,361032,1,1,0,0,0,0,0,0,0,0,0,0
2001,361033,1,1,20,0,20,0,0,0,0,0,0,19
2001,361034,1,1,0,0,0,0,0,0,0,0,0,0
2001,361035,1,1,22,22,22,22,22,22,22,22,22,22
2001,361036,1,1,0,0,0,0,0,0,0,0,0,0
2001,361036,2,1,0,0,0,0,0,0,0,0,0,0
2001,361037,1,1,0,0,0,0,0,0,0,0,0,0
2001,361038,0,1,0,0,0,0,0,0,0,0,0,0
2001,361038,0,2,0,0,0,0,0,0,0,0,0,0
2001,361038,0,3,0,0,0,0,0,0,0,0,0,0
2001,361038,0,4,0,0,0,0,0,0,0,0,0,0
2001,361038,1,1,0,6,14,9,19,7,15,0,14,0
2001,361039,1,1,0,0,0,0,0,0,0,0,0,0
2001,361039,2,1,0,0,0,0,0,0,0,0,0,0
2001,361040,1,1,0,0,0,0,0,0,0,0,0,0
2001,361041,0,1,0,0,0,0,0,0,0,0,0,0
2001,361041,1,1,13,0,0,0,0,0,0,0,0,4
2001,361042,0,1,18,18,18,18,18,18,18,18,18,18
2001,361042,1,1,0,0,19,0,0,0,0,0,0,0
2001,361043,1,1,13,28,5,16,10,29,13,16,11,12
2001,361044,1,1,0,0,0,0,0,0,0,0,0,0
2001,361044,2,1,0,0,0,0,0,0,0,0,0,0
2001,361045,1,1,0,0,0,0,0,0,0,0,0,0
2001,361045,2,1,0,27,0,0,0,0,0,12,0,0
2001,361046,1,1,0,0,0,0,0,0,0,0,0,0
2001,361047,1,1,0,0,0,0,0,0,0,0,0,0
2001,361047,2,1,0,0,0,0,0,0,0,0,0,0
2001,361047,3,1,0,0,0,0,0,0,0,0,0,0
2001,361048,1,1,0,0,0,0,0,0,0,0,0,0
2001,361048,2,1,0,0,0,0,0,0,0,0,0,0
2001,361049,0,1,18,18,18,18,18,18,18,18,18,18
2001,361049,1,1,0,0,0,0,0,0,0,0,0,0
2001,361050,1,1,0,0,0,0,0,0,0,0,0,0
2001,361051,1,1,0,0,0,0,0,0,0,0,0,0
2001,361051,2,1,0,27,0,0,0,0,33,0,0,0
2001,361052,1,1,0,0,0,0,0,0,0,0,0,0
2001,361052,2,1,0,0,0,0,0,0,0,0,0,0
2001,361053,1,1,12,9,13,11,32,18,21,23,0,9
2001,361054,1,1,0,0,0,0,0,0,0,0,0,0
2001,361054,2,1,0,0,0,0,0,0,0,0,0,0
2001,361055,0,1,15,0,16,20,38,20,16,0,0,0
2001,361055,0,2,0,0,0,0,0,0,0,0,0,0
2001,361055,1,1,0,0,0,0,0,0,0,0,0,0
2001,361056,1,1,6,26,12,7,3,8,26,9,13,25
2001,361056,2,1,1,1,1,1,1,1,1,1,1,1
2001,361057,1,1,0,0,0,0,0,0,0,0,26,0
2001,361057,2,1,0,0,0,18,0,0,0,0,0,0
2001,361058,1,1,0,0,0,0,0,0,0,0,0,0
2001,361058,2,1,0,0,0,0,0,0,0,0,0,0
2001,361059,1,1,12,12,12,12,12,12,12,12,12,12
2001,361060,0,1,0,0,0,0,0,0,0,0,0,0
2001,361060,1,1,31,23,13,0,7,30,0,28,21,12
2001,361061,0,1,0,0,0,0,0,0,0,0,0,0
2001,361061,1,1,0,0,0,0,0,0,0,0,0,0
2001,361062,1,1,0,0,0,0,0,0,0,0,0,0
2001,361062,2,1,0,0,0,0,0,0,0,0,0,0
2001,361063,1,1,0,0,0,0,0,0,0,0,0,0
2001,361064,1,1,0,9,0,0,0,0,0,0,0,0
2001,361064,2,1,0,0,0,0,0,0,0,0,0,0
2001,361065,1,1,0,0,0,0,0,0,0,0,0,0
2001,361065,2,1,0,0,0,0,0,0,0,0,0,0
2001,361065,3,1,0,0,0,0,0,0,0,0,0,0
2001,361066,1,1,0,0,0,0,0,0,0,0,0,0
2001,361066,2,1,0,0,0,0,0,0,0,0,0,0
2001,361066,3,1,0,0,0,0,0,0,0,0,0,0
2001,361067,1,1,0,0,0,0,0,0,0,0,0,0
2001,361067,2,1,0,0,0,0,0,0,0,0,0,0
2001,361067,3,1,0,0,0,0,0,0,0,0,0,0
2001,361068,1,1,0,0,0,0,0,0,0,0,0,0
2001,361068,2,1,0,0,0,0,0,0,0,0,0,0
2001,361068,3,1,0,0,0,0,0,0,0,0,0,0
2001,361068,4,1,0,0,0,0,0,0,0,0,0,0
2001,361069,1,1,0,0,0,0,0,0,0,0,0,0
2001,361069,2,1,0,0,0,0,0,0,0,0,0,0
2001,361069,3,1,0,0,0,0,0,0,0,0,0,0
2001,361070,1,1,0,0,0,0,0,0,0,0,0,0
2001,361070,2,1,0,0,0,0,0,0,0,0,0,0
2001,361071,0,1,17,23,15,3,23,0,14,37,44,13
2001,361071,1,1,12,0,0,0,0,0,0,0,0,0
2001,361072,1,1,0,0,0,0,0,0,0,0,0,0
2001,361073,1,1,0,0,0,0,0,0,0,0,0,0
2001,361073,2,1,0,0,0,0,0,0,0,0,0,0
2001,361074,1,1,0,0,0,0,0,0,0,0,0,0
2001,361074,2,1,0,0,0,0,0,0,0,0,0,0
2001,361075,1,1,0,0,0,0,0,0,0,0,0,0
2001,361075,2,1,0,0,0,0,0,0,0,0,0,0
2001,361076,1,1,24,24,24,24,24,24,24,24,24,24
2001,361077,1,1,19,19,19,19,19,19,19,19,19,19
2001,361078,1,1,0,0,0,0,0,0,0,0,0,0
2001,361078,2,1,8,8,8,8,8,8,8,8,8,8
2001,361079,1,1,0,0,0,0,29,29,30,0,0,0
2001,361080,1,1,0,0,0,0,0,0,0,0,0,0
2001,361080,2,1,0,0,0,0,0,0,0,0,0,0
2001,361081,0,1,19,19,19,19,19,19,19,19,19,19
2001,361081,1,1,8,16,6,17,11,7,20,13,11,18
2001,361082,0,1,0,0,0,0,0,0,0,0,0,0