YEAR,st_case,veh_no,per_no,P1,P2,P3,P4,P5,P6,P7,P8,P9,P10
2001,370440,2,1,0,0,0,0,0,0,0,0,0,0
2001,370441,1,1,0,0,0,0,0,0,0,0,0,0
2001,370442,1,1,0,0,0,0,0,0,0,0,0,0
2001,370443,1,1,14,20,5,14,13,8,17,19,11,10
2001,370444,1,1,0,0,0,0,0,0,0,0,0,0
2001,370445,1,1,5,5,5,5,5,5,5,5,5,5
2001,370446,1,1,0,0,0,0,0,0,0,0,0,0
2001,370447,1,1,0,0,0,0,0,0,0,0,0,0
2001,370447,2,1,0,0,0,0,0,0,0,0,0,0
2001,370448,1,1,7,0,0,0,0,0,0,0,8,0
2001,370448,2,1,0,0,0,0,0,0,0,0,0,0
2001,370449,1,1,0,0,0,0,0,0,0,0,0,0
2001,370449,2,1,0,0,0,0,0,0,0,0,0,0
2001,370450,1,1,0,0,0,0,0,0,0,0,0,0
2001,370450,2,1,0,0,0,0,0,7,0,0,0,0
2001,370451,1,1,0,0,0,0,0,0,0,0,0,0
2001,370451,2,1,0,0,0,0,0,0,0,0,0,0
2001,370452,1,1,0,0,0,0,0,0,0,0,0,0
2001,370452,2,1,0,0,0,0,0,0,0,0,0,0
2001,370453,1,1,0,0,0,0,0,0,0,0,0,0
2001,370453,2,1,0,0,0,0,0,0,0,0,0,0
2001,370454,1,1,0,0,0,0,0,0,0,0,0,0
2001,370454,2,1,0,0,0,0,0,0,0,0,0,0
2001,370454,3,1,0,0,0,0,0,0,0,0,0,0
2001,370454,4,1,0,0,0,0,0,0,0,0,14,0
2001,370455,0,1,0,0,0,0,0,0,0,0,0,0
2001,370455,1,1,12,15,20,21,21,13,12,15,9,7
2001,370456,1,1,14,14,14,14,14,14,14,14,14,14
2001,370457,1,1,11,11,11,11,11,11,11,11,11,11
2001,370458,0,1,0,0,0,0,0,0,0,0,0,0
2001,370458,1,1,0,0,0,0,0,0,0,0,0,0
2001,370459,1,1,0,0,0,0,0,0,0,0,0,0
2001,370460,1,1,0,0,0,0,0,0,0,0,0,0
2001,370460,2,1,0,0,0,0,0,0,0,0,0,0
2001,370461,1,1,11,11,11,11,11,11,11,11,11,11
2001,370461,2,1,0,0,0,0,0,0,0,0,0,0
2001,370462,1,1,0,0,0,0,0,0,0,0,0,0
2001,370462,2,1,0,0,0,0,0,0,0,0,0,0
2001,370463,1,1,0,0,0,0,0,0,0,0,0,0
2001,370463,2,1,0,0,0,0,0,0,0,0,0,0
2001,370463,3,1,0,0,0,0,0,0,0,0,0,0
2001,370464,1,1,23,23,23,23,23,23,23,23,23,23
2001,370465,1,1,0,0,0,0,0,0,0,0,0,0
2001,370465,2,1,0,0,0,0,0,0,23,0,0,0
2001,370465,3,1,0,0,0,0,0,0,0,0,0,0
2001,370466,1,1,2,5,7,33,24,0,5,12,4,6
2001,370467,1,1,0,0,0,0,0,0,0,0,0,0
2001,370467,2,1,0,0,0,0,0,0,0,0,0,0
2001,370468,0,1,19,19,19,19,19,19,19,19,19,19
2001,370468,1,1,0,0,0,0,0,0,0,0,0,0
2001,370469,1,1,6,6,6,6,6,6,6,6,6,6
2001,370470,1,1,0,0,0,0,0,0,0,0,0,0
2001,370470,2,1,0,0,0,0,0,0,0,0,0,0
2001,370471,1,1,0,0,0,0,0,0,0,0,0,0
2001,370471,2,1,0,0,0,0,0,0,0,0,0,0
2001,370472,1,1,0,0,0,0,0,0,0,0,0,0
2001,370472,2,1,0,0,0,0,0,0,0,0,0,0
2001,370473,1,1,0,0,48,0,15,0,0,0,0,0
2001,370474,0,1,0,0,0,0,0,0,0,0,0,0
2001,370474,1,1,16,8,33,10,21,0,17,13,14,28
2001,370475,1,1,0,0,0,0,0,0,0,0,0,0
2001,370475,2,1,0,0,0,0,0,0,0,0,0,0
2001,370476,1,1,0,0,0,0,0,0,0,0,0,0
2001,370476,2,1,0,0,0,0,0,0,0,0,0,0
2001,370477,1,1,0,0,0,0,0,0,0,0,0,0
2001,370477,2,1,0,0,0,0,0,0,0,0,0,0
2001,370478,0,1,0,0,0,0,0,0,0,0,0,0
2001,370478,1,1,11,0,0,0,0,0,0,14,0,0
2001,370479,1,1,0,0,0,0,0,0,0,0,0,0
2001,370479,2,1,0,0,0,0,0,0,0,0,0,0
2001,370480,1,1,0,0,0,0,0,0,0,0,0,0
2001,370480,2,1,0,0,0,0,0,0,0,0,0,0
2001,370481,1,1,0,0,0,0,0,0,0,0,0,0
2001,370481,2,1,0,0,0,0,0,0,0,0,0,0
2001,370482,1,1,0,0,0,0,0,0,0,0,0,0
2001,370482,2,1,0,0,0,0,0,0,0,0,21,0
2001,370483,1,1,14,14,14,14,14,14,14,14,14,14
2001,370484,0,1,0,0,0,0,0,0,0,0,0,0
2001,370484,1,1,0,0,0,0,0,0,0,0,0,0
2001,370485,1,1,20,20,20,20,20,20,20,20,20,20
2001,370486,1,1,17,17,17,17,17,17,17,17,17,17
2001,370487,1,1,0,0,0,0,0,0,0,0,0,0
2001,370488,1,1,16,16,16,16,16,16,16,16,16,16
2001,370489,1,1,5,5,5,5,5,5,5,5,5,5
2001,370490,1,1,0,0,0,0,0,0,0,0,0,0
2001,370491,1,1,0,0,0,0,0,0,0,0,0,0
2001,370492,1,1,26,26,26,26,26,26,26,26,26,26
2001,370493,1,1,10,9,19,14,0,11,21,17,14,8
2001,370494,1,1,0,0,0,0,0,0,0,0,0,0
2001,370495,1,1,10,20,0,0,14,0,5,6,0,6
2001,370496,1,1,22,5,13,6,20,20,22,9,18,23
2001,370497,1,1,0,0,0,0,0,0,0,0,0,0
2001,370498,0,1,24,24,24,24,24,24,24,24,24,24
2001,370498,1,1,0,0,0,0,0,0,0,0,0,0
2001,370499,1,1,0,0,0,0,0,0,0,0,0,0
2001,370499,2,1,0,6,0,0,0,0,0,0,0,0
2001,370500,1,1,0,0,0,0,0,0,0,0,0,0
2001,370501,1,1,8,8,8,8,8,8,8,8,8,8
2001,370502,1,1,0,0,0,0,0,0,0,0,0,0
2001,370502,2,1,0,0,0,0,0,0,0,0,0,0
2001,370503,0,1,0,0,0,0,0,0,0,0,0,0
2001,370503,1,1,0,0,0,0,0,0,0,10,0,0
2001,370504,1,1,0,0,0,0,0,0,0,0,0,0
2001,370504,2,1,18,18,18,18,18,18,18,18,18,18
2001,370505,1,1,20,27,13,2,16,7,10,23,7,29
2001,370506,1,1,0,0,0,0,0,0,0,0,0,0
2001,370507,0,1,23,23,23,23,23,23,23,23,23,23
2001,370507,1,1,15,0,0,0,0,0,0,0,0,0
2001,370508,1,1,0,0,0,0,0,0,0,0,0,0
2001,370509,1,1,0,0,0,0,0,0,0,0,0,0
2001,370509,2,1,0,12,0,0,0,0,0,21,0,0
2001,370510,1,1,0,0,0,0,0,0,0,0,0,0
2001,370510,2,1,0,0,0,0,0,0,0,0,0,0
2001,370511,1,1,21,21,21,21,21,21,21,21,21,21
2001,370512,1,1,26,20,8,16,20,41,20,12,13,19
2001,370513,1,1,0,0,0,0,0,0,0,0,0,0
2001,370513,2,1,0,23,0,0,0,0,0,3,0,0
2001,370514,1,1,0,0,0,7,0,0,0,0,0,0
2001,370515,1,1,0,0,0,0,20,0,0,0,0,0
2001,370515,2,1,0,0,0,0,0,0,0,17,0,0
2001,370516,1,1,9,9,9,9,9,9,9,9,9,9
2001,370517,1,1,0,0,20,0,24,20,0,0,29,0
2001,370518,1,1,0,0,26,28,0,0,19,7,0,40
2001,370519,1,1,0,0,0,0,0,0,0,0,0,0
2001,370519,2,1,0,0,0,0,0,0,0,0,0,0
2001,370520,1,1,0,0,0,0,0,0,0,0,0,0
2001,370521,1,1,0,0,0,0,0,0,0,0,0,0
2001,370521,2,1,0,0,0,0,0,0,0,0,0,0
2001,370522,0,1,0,0,0,0,0,0,0,0,0,0
2001,370522,1,1,0,0,0,0,12,0,0,14,0,12
2001,370523,1,1,0,0,0,0,0,0,0,0,0,0
2001,370523,2,1,0,0,0,0,0,0,0,18,0,30
2001,370523,3,1,0,0,0,0,0,0,0,0,0,0
2001,370523,4,1,0,21,0,0,0,0,0,0,0,0
2001,370524,1,1,0,0,0,0,0,0,0,0,0,0
2001,370524,2,1,0,0,0,0,0,0,0,0,0,0
2001,370525,1,1,18,18,18,18,18,18,18,18,18,18
2001,370525,2,1,0,0,0,0,0,0,0,0,0,0
2001,370526,0,1,0,0,0,0,0,0,0,0,0,0
2001,370526,1,1,0,0,0,0,0,0,0,0,0,0
2001,370527,0,1,0,0,0,0,0,0,0,0,0,0
2001,370527,1,1,0,0,0,0,0,0,0,0,0,0
2001,370528,1,1,0,0,0,0,0,0,0,0,0,0
2001,370528,2,1,0,0,0,0,0,0,0,0,0,0
2001,370529,1,1,0,0,0,0,0,0,0,0,0,0
2001,370530,1,1,0,0,0,0,0,0,0,0,0,0
2001,370530,2,1,0,0,0,0,0,0,0,0,0,0
2001,370531,1,1,0,0,0,0,0,0,0,0,0,0
2001,370531,2,1,0,0,0,0,0,0,0,0,0,0
2001,370532,0,1,0,0,0,0,0,0,0,0,0,0
2001,370532,1,1,0,0,0,0,0,0,0,0,0,0
2001,370533,0,1,5,5,5,5,5,5,5,5,5,5
2001,370533,1,1,0,0,0,0,0,0,0,0,0,0
2001,370534,1,1,0,0,0,0,0,0,0,0,0,0
2001,370534,2,1,0,0,0,0,0,0,0,0,0,0
2001,370535,1,1,0,0,0,0,0,0,0,0,0,0
2001,370535,2,1,0,0,0,0,0,0,0,0,0,0
2001,370536,1,1,30,30,30,30,30,30,30,30,30,30
2001,370537,0,1,28,28,28,28,28,28,28,28,28,28
2001,370537,1,1,20,19,11,15,14,10,15,14,18,21
2001,370538,1,1,0,0,0,0,0,0,0,0,0,0
2001,370538,2,1,0,0,0,0,0,0,0,0,0,0
2001,370539,1,1,0,0,0,0,0,0,0,0,0,0
2001,370539,2,1,0,0,0,0,0,0,0,0,0,0
2001,370540,0,1,0,0,0,0,0,0,0,0,0,0
2001,370540,1,1,0,16,36,0,0,25,0,0,13,0
2001,370541,0,1,18,18,18,18,18,18,18,18,18,18
2001,370541,1,1,7,19,0,5,12,11,0,0,6,0
2001,370542,1,1,0,0,0,0,0,0,0,0,0,0
2001,370543,1,1,12,17,9,8,14,15,8,15,32,30
2001,370544,1,1,0,0,0,0,0,0,0,0,0,0
2001,370544,2,1,0,0,0,0,0,0,0,0,0,0
2001,370544,3,1,0,0,0,0,0,0,0,0,0,0
2001,370544,4,1,0,0,0,0,0,0,0,0,0,0
2001,370545,1,1,0,0,0,0,0,0,0,0,0,0
2001,370546,0,1,18,18,18,18,18,18,18,18,18,18
2001,370546,1,1,0,0,0,0,0,0,0,0,0,0
2001,370547,1,1,9,16,12,14,22,9,8,13,7,18
2001,370548,1,1,16,16,16,16,16,16,16,16,16,16
2001,370548,2,1,0,7,0,0,0,0,0,0,0,0
2001,370548,3,1,0,0,0,0,0,0,0,0,0,0
2001,370549,0,1,29,29,29,29,29,29,29,29,29,29
2001,370549,1,1,3,0,13,0,0,0,0,0,0,15
2001,370550,0,1,0,0,0,0,0,0,0,0,0,0
2001,370550,1,1,0,6,0,0,0,0,0,0,0,0
2001,370551,1,1,0,0,0,0,0,0,0,0,0,0
2001,370551,2,1,0,0,0,0,0,0,0,0,0,0
2001,370552,1,1,5,5,5,5,5,5,5,5,5,5
2001,370553,1,1,0,0,0,0,0,0,0,0,0,0
2001,370553,2,1,0,0,0,0,0,0,0,0,0,0
2001,370554,1,1,0,0,0,0,0,0,0,0,0,0
2001,370555,1,1,22,22,22,22,22,22,22,22,22,22
2001,370556,1,1,0,0,0,0,0,0,0,0,0,0
2001,370557,1,1,0,0,0,0,0,0,0,0,0,0
2001,370557,2,1,0,0,0,0,0,0,0,0,0,0
2001,370558,1,1,16,16,16,16,16,16,16,16,16,16
2001,370559,1,1,0,0,0,0,0,0,0,0,0,0
2001,370559,2,1,2,2,2,2,2,2,2,2,2,2
2001,370560,1,1,0,0,0,0,0,0,0,0,0,0
2001,370560,2,1,0,0,0,0,0,0,0,0,0,0
2001,370561,1,1,0,0,0,0,0,0,0,0,0,0
2001,370561,2,1,19,19,19,19,19,19,19,19,19,19
2001,370562,1,1,20,20,20,20,20,20,20,20,20,20
2001,370563,1,1,0,0,0,0,0,0,0,0,0,0
2001,370563,2,1,0,0,0,0,0,0,0,0,0,0
2001,370564,1,1,14,14,14,14,14,14,14,14,14,14
2001,370565,1,1,0,0,0,0,0,0,0,0,0,0
2001,370566,1,1,20,20,20,20,20,20,20,20,20,20
2001,370567,1,1,3,3,3,3,3,3,3,3,3,3
2001,370567,2,1,0,0,0,0,0,0,0,0,0,0
2001,370568,1,1,14,14,14,14,14,14,14,14,14,14
2001,370569,1,1,0,0,0,0,0,0,0,0,0,0
2001,370569,2,1,0,0,0,0,0,0,0,0,0,0
2001,370570,1,1,0,0,0,0,0,0,0,0,0,0
2001,370571,1,1,0,0,0,0,0,0,0,0,0,0
2001,370572,1,1,0,0,0,0,0,0,0,0,0,0
2001,370572,2,1,0,0,0,0,0,0,0,0,0,0
2001,370573,0,1,0,0,0,0,0,0,0,0,0,0
2001,370573,1,1,0,0,0,0,0,0,0,0,11,0
2001,370574,0,1,19,19,19,19,19,19,19,19,19,19
2001,370574,1,1,0,0,0,0,0,0,0,0,0,0
2001,370575,0,1,26,26,26,26,26,26,26,26,26,26
2001,370575,1,1,0,0,0,0,0,0,0,0,0,0
2001,370575,2,1,0,0,0,0,0,0,0,0,0,0
2001,370576,1,1,25,25,25,25,25,25,25,25,25,25
2001,370577,1,1,0,0,0,0,0,0,0,0,0,0
2001,370578,1,1,0,0,0,0,0,0,0,0,0,0
2001,370578,2,1,0,0,0,0,0,0,0,0,0,0
2001,370579,0,1,21,21,21,21,21,21,21,21,21,21
2001,370579,1,1,0,0,0,0,0,0,0,0,0,0
2001,370580,1,1,0,16,0,0,0,0,0,0,0,12
2001,370580,2,1,0,0,0,0,0,0,0,0,0,0
2001,370581,1,1,0,0,0,0,0,0,0,0,0,0
2001,370581,2,1,0,0,0,0,0,0,0,0,0,0
2001,370582,1,1,20,0,0,0,17,0,0,0,21,0
2001,370583,1,1,0,0,0,0,0,0,0,0,0,0
2001,370583,2,1,0,0,0,0,0,0,0,0,0,0
2001,370583,3,1,0,0,0,0,0,0,0,0,0,0
2001,370584,1,1,0,0,0,0,0,0,0,0,0,0
2001,370584,2,1,26,26,26,26,26,26,26,26,26,26
2001,370585,1,1,0,0,0,0,0,0,0,0,0,0
2001,370586,1,1,0,0,0,0,0,0,0,0,0,0
2001,370587,1,1,0,0,0,0,0,0,0,0,0,0
2001,370588,1,1,0,0,0,0,0,0,0,0,0,0
2001,370588,2,1,0,0,0,0,0,0,0,0,0,0
2001,370589,1,1,7,0,0,0,0,0,0,0,12,0
2001,370589,2,1,0,0,0,0,0,0,0,0,0,0
2001,370590,1,1,0,0,0,0,0,0,0,0,0,0
2001,370590,2,1,0,0,0,0,0,0,0,0,0,0
2001,370591,1,1,0,0,0,0,0,0,0,0,0,0
2001,370591,2,1,0,0,0,0,0,0,0,0,0,0
2001,370592,1,1,0,0,0,0,0,0,0,0,0,0
2001,370592,2,1,0,0,0,0,0,0,0,0,0,0
2001,370593,1,1,0,0,0,0,0,0,0,0,0,0
2001,370593,2,1,0,0,0,0,0,0,0,0,0,0
2001,370594,0,1,0,0,0,0,0,0,0,0,0,0
2001,370594,1,1,0,0,0,0,0,8,0,0,0,0
2001,370595,1,1,0,0,0,0,0,0,0,0,0,0
2001,370595,2,1,0,0,0,0,0,0,0,0,0,0
2001,370596,1,1,10,13,3,10,0,22,7,18,8,0
2001,370596,2,1,0,0,0,0,0,0,0,0,0,0
2001,370597,1,1,0,0,0,0,0,0,0,0,0,0
2001,370598,1,1,0,0,0,0,0,0,0,0,0,0
2001,370599,1,1,5,5,5,5,5,5,5,5,5,5
2001,370600,1,1,34,34,34,34,34,34,34,34,34,34
2001,370601,1,1,0,0,0,0,0,0,0,0,0,0
2001,370602,1,1,0,0,0,0,0,0,0,0,0,0
2001,370602,2,1,0,0,0,0,0,0,0,0,0,0
2001,370603,1,1,7,7,7,7,7,7,7,7,7,7
2001,370604,0,1,26,8,21,25,16,0,21,16,30,0
2001,370604,1,1,0,0,0,0,0,0,0,0,0,0
2001,370605,1,1,0,0,0,0,0,0,0,0,0,0
2001,370605,2,1,0,0,0,0,24,0,0,0,15,0
2001,370606,1,1,0,0,0,0,0,0,0,0,0,0
2001,370606,2,1,0,0,0,0,0,0,0,0,0,0
2001,370607,1,1,0,0,0,0,0,0,0,0,0,10
2001,370607,2,1,0,0,0,0,0,0,0,0,0,0
2001,370608,1,1,0,0,0,0,0,0,0,0,0,0
2001,370608,2,1,0,0,0,0,0,0,0,0,0,0
2001,370609,1,1,2,2,2,2,2,2,2,2,2,2
2001,370609,2,1,0,0,0,0,0,0,0,0,0,0
2001,370610,1,1,0,0,0,0,0,0,0,0,0,0
2001,370611,1,1,0,0,0,0,0,0,0,0,0,0
2001,370611,2,1,0,0,0,0,0,0,0,0,0,0
2001,370612,1,1,0,0,0,0,0,0,0,0,0,0
2001,370612,2,1,20,9,13,2,8,8,0,4,10,0
2001,370613,1,1,13,13,13,13,13,13,13,13,13,13
2001,370614,1,1,0,0,0,0,0,0,0,0,0,0
2001,370614,2,1,0,8,0,0,0,0,0,0,0,0
2001,370615,1,1,0,0,16,0,0,0,0,0,0,0
2001,370615,2,1,0,0,0,0,0,12,0,0,0,0
2001,370616,1,1,6,6,6,6,6,6,6,6,6,6
2001,370617,1,1,33,0,13,38,21,26,9,9,11,7
2001,370618,1,1,0,0,0,0,0,0,0,0,0,0
2001,370619,0,1,0,0,0,0,0,0,0,0,0,0
2001,370619,1,1,9,10,9,6,0,8,6,0,12,0
2001,370620,1,1,0,0,0,0,0,0,0,0,0,0
2001,370620,2,1,0,0,0,0,0,0,0,0,0,0
2001,370621,1,1,0,0,0,0,0,0,0,0,0,0
2001,370621,2,1,0,0,0,0,0,0,0,0,0,0
2001,370623,1,1,0,0,0,0,0,0,0,0,0,0
2001,370623,2,1,0,0,0,0,0,0,0,0,0,0
2001,370624,1,1,20,24,6,25,16,29,8,8,11,16
2001,370624,2,1,0,8,0,0,19,0,25,0,0,0
2001,370625,1,1,0,0,0,0,0,0,0,0,0,0
2001,370626,1,1,21,21,21,21,21,21,21,21,21,21
2001,370626,2,1,0,0,0,0,0,0,0,0,0,0
2001,370627,1,1,0,0,0,0,0,0,0,0,0,0
2001,370627,2,1,0,0,0,0,0,0,0,0,0,0
2001,370627,3,1,0,0,0,0,0,0,0,0,0,0
2001,370628,0,1,17,17,17,17,17,17,17,17,17,17
2001,370628,1,1,10,9,0,0,0,14,14,0,0,0
2001,370629,1,1,19,31,0,14,19,17,0,24,17,15
2001,370629,2,1,0,0,0,0,0,0,0,0,0,0
2001,370630,1,1,0,0,0,0,0,0,13,0,0,0
2001,370631,1,1,0,0,0,0,0,0,0,5,0,0
2001,370632,1,1,0,0,0,0,0,0,0,0,0,0
2001,370632,2,1,0,0,0,0,0,0,0,0,0,0
2001,370633,1,1,14,14,14,14,14,14,14,14,14,14
2001,370634,1,1,0,0,0,0,0,0,0,0,0,0
2001,370635,1,1,0,0,0,17,20,0,0,17,0,0
2001,370636,1,1,0,0,0,0,0,0,0,0,0,0
2001,370636,2,1,0,0,0,0,0,0,0,0,0,0
2001,370637,1,1,0,0,0,0,0,0,0,0,0,0
2001,370637,2,1,0,0,0,0,0,0,0,0,0,0
2001,370638,1,1,0,0,0,0,0,0,0,0,0,0
2001,370639,1,1,0,0,0,0,0,0,0,0,0,0
2001,370640,1,1,0,0,0,0,0,0,0,0,0,0
2001,370641,1,1,0,0,0,0,0,0,0,0,0,0
2001,370641,2,1,0,0,0,0,0,0,0,0,0,0
2001,370642,1,1,0,0,0,0,0,0,0,0,0,0
2001,370643,1,1,35,35,35,35,35,35,35,35,35,35
2001,370644,1,1,0,0,0,0,0,0,0,0,0,0
2001,370644,2,1,0,0,0,0,0,0,0,0,0,0
2001,370645,1,1,0,0,0,0,0,0,0,0,0,0
2001,370646,1,1,0,0,0,0,0,0,0,0,0,0
2001,370647,1,1,0,0,0,0,0,0,0,0,0,0
2001,370647,2,1,0,0,0,0,0,0,0,0,0,0
2001,370647,3,1,10,0,0,0,0,22,29,0,0,0
2001,370647,4,1,0,0,0,0,0,0,0,0,0,0
2001,370647,5,1,0,0,0,0,0,0,0,0,0,0
2001,370648,1,1,0,0,0,0,0,0,0,0,0,0
2001,370648,2,1,0,0,0,0,0,0,0,0,0,0
2001,370649,1,1,38,26,12,16,17,12,6,17,15,20
2001,370650,0,1,19,19,19,19,19,19,19,19,19,19
2001,370650,1,1,0,0,0,0,0,0,0,0,0,16
2001,370651,1,1,0,0,0,0,0,0,0,0,0,0
2001,370652,1,1,0,0,0,0,0,0,0,0,10,0
2001,370653,1,1,5,10,0,13,8,16,12,13,33,18
2001,370654,1,1,0,0,0,0,0,0,0,0,0,0
2001,370655,1,1,0,0,0,0,0,0,0,0,0,0
2001,370655,2,1,0,0,0,0,0,0,0,0,0,0
2001,370656,1,1,0,0,0,0,0,0,0,0,0,0
2001,370656,2,1,0,0,0,0,0,0,0,0,0,0
2001,370657,1,1,0,0,0,0,0,0,0,0,0,0
2001,370658,1,1,0,0,0,0,0,0,0,16,0,0
2001,370658,2,1,11,0,9,0,9,11,14,29,14,9
2001,370659,1,1,0,0,0,0,0,0,0,0,0,0
2001,370659,2,1,0,0,0,0,0,0,0,0,0,0
2001,370660,1,1,17,17,17,17,17,17,17,17,17,17
2001,370660,2,1,0,0,0,7,0,0,5,0,0,13
2001,370661,1,1,0,0,0,0,0,0,0,0,0,0
2001,370661,2,1,0,0,0,0,0,0,0,0,0,0
2001,370661,3,1,0,0,0,0,0,0,0,0,0,0
2001,370661,4,1,0,0,0,0,0,0,0,0,0,0
2001,370661,5,1,0,0,0,0,0,0,0,0,0,7
2001,370662,1,1,0,0,0,0,0,0,0,0,0,0
2001,370663,1,1,0,0,0,0,0,0,0,0,0,0
2001,370663,2,1,0,0,0,0,0,0,0,0,0,0
2001,370664,1,1,0,0,0,0,0,0,0,0,0,0
2001,370664,2,1,0,0,0,12,0,0,0,0,0,0
2001,370664,3,1,0,0,0,0,0,0,0,0,0,0
2001,370664,4,1,0,0,0,0,0,0,0,0,0,12
2001,370664,5,1,0,0,0,0,0,0,0,0,0,0
2001,370665,1,1,0,0,0,0,0,0,0,0,0,0
2001,370666,1,1,0,0,0,0,0,0,0,0,0,0
2001,370666,2,1,0,0,0,0,0,0,0,0,0,0
2001,370667,1,1,0,0,0,0,0,0,0,0,0,0
2001,370667,2,1,0,0,0,0,0,0,0,0,18,4
2001,370667,3,1,0,0,0,0,0,0,0,0,0,0
2001,370668,0,1,0,0,0,0,0,0,0,0,0,0
2001,370668,1,1,0,0,0,0,0,0,0,0,0,0
2001,370669,1,1,17,17,17,17,17,17,17,17,17,17
2001,370670,1,1,0,0,0,0,0,0,0,0,0,0
2001,370670,2,1,0,0,0,0,0,0,0,0,0,0
2001,370671,1,1,9,9,9,9,9,9,9,9,9,9
2001,370672,0,1,0,0,0,0,0,0,0,0,0,0
2001,370672,1,1,0,0,0,15,0,0,0,0,14,0
2001,370673,1,1,16,16,16,16,16,16,16,16,16,16
2001,370674,1,1,26,0,10,0,0,0,32,0,0,15
2001,370675,1,1,0,0,0,0,0,0,0,0,0,0
2001,370675,2,1,14,14,14,14,14,14,14,14,14,14
2001,370676,1,1,4,4,4,4,4,4,4,4,4,4
2001,370676,2,1,0,0,0,0,0,0,0,0,0,0
2001,370677,1,1,12,12,12,12,12,12,12,12,12,12
2001,370678,0,1,24,24,24,24,24,24,24,24,24,24
2001,370678,1,1,0,0,14,0,0,0,0,0,0,0
2001,370679,1,1,0,0,0,0,0,0,0,0,0,0
2001,370679,2,1,0,0,0,0,0,0,0,0,0,0
2001,370680,0,1,16,16,16,16,16,16,16,16,16,16
2001,370680,1,1,0,0,0,0,0,0,0,0,0,0
2001,370681,1,1,0,0,0,0,0,0,0,0,0,0
2001,370682,1,1,0,0,0,0,0,0,0,0,0,0
2001,370682,2,1,0,0,0,0,0,0,0,0,0,0
2001,370683,1,1,0,0,0,0,0,0,0,0,0,0
2001,370683,2,1,0,0,0,0,0,0,0,0,0,0
2001,370684,1,1,0,0,0,0,0,0,0,0,0,0
2001,370684,2,1,0,0,0,0,0,0,0,0,0,0
2001,370685,1,1,0,0,0,0,0,0,0,0,0,0
2001,370685,2,1,0,0,0,0,0,0,0,0,0,0
2001,370686,1,1,0,0,0,0,0,0,0,0,0,0
2001,370686,2,1,0,0,0,0,0,0,0,0,0,27
2001,370687,1,1,0,0,0,0,0,0,0,0,0,0
2001,370687,2,1,0,0,0,0,0,0,0,0,0,0
2001,370688,0,1,0,0,0,0,0,0,0,0,0,0
2001,370688,1,1,0,0,0,9,0,0,0,0,0,0
2001,370689,1,1,0,0,0,0,0,12,0,0,0,0
2001,370689,2,1,0,0,0,0,0,0,0,0,0,0
2001,370690,0,1,0,0,0,0,0,0,0,0,0,0
2001,370690,1,1,0,0,0,0,0,0,0,0,0,0
2001,370691,0,1,0,0,0,0,0,0,0,0,0,0
2001,370691,1,1,0,4,15,0,0,0,0,0,0,0
2001,370692,0,1,23,23,23,23,23,23,23,23,23,23
2001,370692,1,1,1,1,1,1,1,1,1,1,1,1
2001,370693,1,1,0,0,0,0,0,0,0,0,0,0
2001,370693,2,1,0,0,0,0,0,0,0,0,0,0
2001,370694,1,1,13,13,13,13,13,13,13,13,13,13
2001,370695,0,1,16,16,16,16,16,16,16,16,16,16
2001,370695,1,1,0,0,0,0,0,0,11,0,0,0
2001,370696,1,1,6,6,6,6,6,6,6,6,6,6
2001,370696,2,1,0,0,0,0,0,0,0,0,0,0
2001,370697,1,1,0,0,0,0,0,0,0,0,0,0
2001,370697,2,1,9,10,28,18,17,15,13,9,2,31
2001,370698,1,1,0,0,0,0,0,0,0,0,0,0
2001,370698,2,1,8,8,8,8,8,8,8,8,8,8
2001,370699,1,1,15,0,18,0,0,0,0,0,0,0
2001,370699,2,1,0,0,0,0,8,0,0,0,0,0
2001,370700,0,1,0,0,0,0,0,0,0,0,0,0
2001,370700,1,1,0,0,0,0,0,0,0,0,0,0
2001,370701,0,1,0,0,0,0,0,0,0,0,0,0
2001,370701,1,1,0,0,0,0,0,0,0,0,3,0
2001,370702,1,1,0,0,0,0,0,0,0,0,0,0
2001,370702,2,1,0,3,0,0,0,0,0,0,0,0
2001,370703,0,1,0,0,0,0,0,0,0,0,0,0
2001,370703,1,1,0,0,0,0,0,0,0,0,0,0
2001,370704,0,1,0,0,0,0,0,0,0,0,0,13
2001,370704,1,1,0,0,0,0,0,0,0,0,0,0
2001,370705,1,1,0,0,0,0,0,0,0,0,0,0
2001,370705,2,1,0,0,0,0,7,0,0,0,0,0
2001,370706,1,1,0,0,0,0,0,0,0,0,0,0
2001,370706,2,1,0,0,0,0,0,0,0,0,0,0
2001,370706,3,1,0,0,0,0,0,0,0,0,0,0
2001,370707,1,1,0,0,0,0,0,0,0,0,0,0
2001,370707,2,1,0,0,0,0,0,0,0,0,0,0
2001,370708,1,1,0,0,0,0,0,0,0,0,0,0
2001,370709,1,1,0,0,0,0,0,0,0,0,0,0
2001,370711,1,1,0,0,0,0,0,0,0,0,0,0
2001,370711,2,1,0,0,0,0,0,0,0,0,0,0
2001,370712,1,1,0,0,0,0,0,0,0,0,0,0
2001,370712,2,1,0,0,0,0,0,0,0,0,0,0
2001,370712,3,1,0,0,0,0,0,0,0,0,0,0
2001,370712,4,1,0,0,0,0,0,0,0,0,0,0
2001,370713,0,1,0,0,0,0,0,0,0,0,0,0
2001,370713,1,1,0,0,0,0,0,0,0,0,0,0
2001,370714,1,1,22,22,22,22,22,22,22,22,22,22
2001,370715,1,1,17,17,17,17,17,17,17,17,17,17