YEAR,st_case,veh_no,per_no,P1,P2,P3,P4,P5,P6,P7,P8,P9,P10
2001,370716,1,1,0,0,0,0,0,0,0,0,0,0
2001,370716,2,1,0,0,0,0,0,0,0,0,0,0
2001,370717,1,1,19,17,20,24,10,13,20,42,5,16
2001,370718,1,1,0,0,0,0,0,0,0,0,0,0
2001,370718,2,1,0,0,0,0,0,0,0,0,5,0
2001,370719,1,1,0,0,0,0,0,0,0,0,0,0
2001,370719,2,1,0,0,0,0,0,0,0,0,0,0
2001,370720,1,1,0,0,0,0,0,0,0,0,0,0
2001,370720,2,1,0,0,0,0,16,0,0,0,0,0
2001,370721,1,1,20,17,10,11,9,0,0,20,14,24
2001,370722,1,1,0,0,0,0,0,0,0,0,0,0
2001,370723,1,1,0,0,0,0,0,0,0,0,0,0
2001,370724,1,1,0,0,0,0,0,0,0,0,0,0
2001,370724,2,1,0,0,0,0,0,0,0,0,0,0
2001,370725,1,1,0,0,0,0,0,0,0,0,0,0
2001,370725,2,1,0,0,0,0,0,0,0,0,0,0
2001,370726,1,1,0,0,0,0,0,0,0,0,0,0
2001,370726,2,1,0,0,0,0,0,0,0,0,0,0
2001,370728,0,1,0,0,0,0,0,0,0,0,0,0
2001,370728,1,1,0,0,0,0,0,0,0,0,0,0
2001,370729,1,1,16,5,0,22,0,16,16,17,23,21
2001,370729,2,1,0,0,23,19,0,5,0,0,10,0
2001,370730,1,1,15,11,7,14,16,4,0,3,21,2
2001,370730,2,1,0,3,0,13,0,0,0,10,0,7
2001,370731,1,1,0,0,0,0,0,0,0,0,0,0
2001,370732,1,1,0,0,0,0,0,0,0,0,0,0
2001,370732,2,1,0,0,0,0,0,0,0,0,0,0
2001,370733,1,1,0,0,0,0,0,0,0,0,0,0
2001,370734,1,1,0,0,0,0,0,0,0,0,0,0
2001,370734,2,1,0,0,0,0,0,0,0,0,0,0
2001,370735,1,1,16,16,16,16,16,16,16,16,16,16
2001,370736,1,1,0,0,0,0,0,0,0,0,0,0
2001,370736,2,1,0,0,0,0,0,0,0,0,0,0
2001,370737,0,1,8,9,20,21,27,17,5,37,18,24
2001,370737,1,1,0,0,0,0,0,0,0,0,0,0
2001,370738,0,1,20,0,11,0,21,26,0,0,13,0
2001,370738,1,1,0,0,6,0,0,14,0,0,0,0
2001,370738,2,1,0,0,0,0,0,0,0,0,12,0
2001,370739,1,1,16,16,16,16,16,16,16,16,16,16
2001,370739,2,1,0,0,0,0,2,0,9,0,0,0
2001,370740,1,1,0,0,0,0,0,0,0,0,0,0
2001,370740,2,1,0,0,0,0,0,0,0,0,0,0
2001,370741,1,1,0,0,0,0,0,0,0,0,0,0
2001,370741,2,1,0,0,0,0,7,0,0,0,0,0
2001,370742,1,1,0,0,0,0,0,0,0,0,0,0
2001,370742,2,1,0,0,0,0,0,0,0,0,0,0
2001,370743,1,1,20,20,20,20,20,20,20,20,20,20
2001,370744,1,1,0,0,0,0,0,0,0,0,0,0
2001,370745,1,1,0,5,0,0,0,0,0,0,0,0
2001,370745,2,1,0,0,0,0,0,0,0,0,0,0
2001,370746,1,1,0,0,0,0,0,0,0,0,0,0
2001,370746,2,1,0,0,0,0,0,0,0,0,0,0
2001,370747,1,1,6,25,4,8,14,27,27,25,20,20
2001,370748,1,1,0,0,0,0,0,0,0,0,0,0
2001,370749,1,1,19,14,7,14,8,11,34,5,6,23
2001,370749,2,1,0,0,0,0,0,0,0,0,0,0
2001,370750,0,1,0,0,0,0,0,0,0,0,0,0
2001,370750,1,1,0,0,0,0,0,0,0,0,0,0
2001,370751,1,1,17,0,0,0,0,0,0,0,0,0
2001,370751,2,1,24,14,6,10,12,0,0,25,11,0
2001,370752,1,1,0,0,0,0,0,0,0,0,0,0
2001,370753,1,1,0,0,0,0,0,0,0,0,0,0
2001,370753,2,1,0,0,0,0,0,0,0,0,0,0
2001,370754,1,1,0,0,0,0,0,0,0,0,0,0
2001,370754,2,1,0,0,0,0,0,0,0,0,0,0
2001,370755,1,1,19,19,19,19,19,19,19,19,19,19
2001,370755,2,1,0,0,0,0,0,0,0,0,0,0
2001,370756,0,1,28,28,28,28,28,28,28,28,28,28
2001,370756,1,1,12,11,3,4,7,8,13,17,19,15
2001,370757,1,1,20,20,20,20,20,20,20,20,20,20
2001,370758,1,1,0,0,0,0,0,0,0,0,0,0
2001,370758,2,1,0,0,0,0,0,0,0,0,0,0
2001,370759,1,1,0,0,0,0,0,0,0,0,0,0
2001,370761,1,1,16,16,16,16,16,16,16,16,16,16
2001,370762,0,1,20,20,20,20,20,20,20,20,20,20
2001,370762,1,1,0,0,0,0,0,0,0,0,0,11
2001,370763,0,1,19,20,28,11,19,22,26,14,29,14
2001,370763,1,1,10,15,16,17,5,7,16,23,8,22
2001,370764,0,1,10,10,10,10,10,10,10,10,10,10
2001,370764,1,1,0,0,0,0,0,0,0,0,10,0
2001,370765,1,1,0,0,0,0,0,0,0,0,0,0
2001,370765,2,1,0,0,0,0,0,0,0,0,0,0
2001,370765,3,1,0,0,0,0,0,0,0,0,0,0
2001,370765,4,1,0,0,0,0,0,0,0,0,0,0
2001,370765,5,1,0,0,0,0,0,0,0,0,0,0
2001,370766,1,1,3,3,3,3,3,3,3,3,3,3
2001,370766,2,1,0,0,0,0,0,0,0,0,0,0
2001,370766,3,1,0,0,0,0,0,0,0,0,0,0
2001,370767,0,1,27,27,27,27,27,27,27,27,27,27
2001,370767,1,1,0,19,0,0,0,0,0,0,6,0
2001,370769,1,1,0,0,0,0,0,0,0,0,0,0
2001,370770,1,1,22,22,22,22,22,22,22,22,22,22
2001,370770,2,1,0,0,0,0,0,0,0,0,0,0
2001,370771,1,1,0,0,0,0,0,0,0,0,0,0
2001,370771,2,1,0,0,0,0,0,0,0,0,0,0
2001,370772,1,1,14,14,14,14,14,14,14,14,14,14
2001,370773,1,1,0,0,0,0,0,0,0,0,0,0
2001,370773,2,1,0,0,0,0,0,0,0,0,0,0
2001,370773,3,1,0,0,0,0,0,0,0,0,0,0
2001,370774,1,1,0,20,17,0,0,0,13,10,0,0
2001,370775,1,1,0,0,0,0,0,0,0,0,0,0
2001,370775,2,1,0,0,0,0,0,0,0,0,0,0
2001,370776,1,1,0,17,0,13,11,0,0,13,0,0
2001,370777,1,1,0,0,0,0,0,0,0,0,0,0
2001,370778,1,1,0,0,0,0,0,0,0,0,0,0
2001,370779,1,1,7,7,7,7,7,7,7,7,7,7
2001,370780,1,1,0,0,0,0,0,0,0,0,0,16
2001,370780,2,1,0,0,0,0,0,0,0,0,0,16
2001,370781,1,1,0,0,0,0,0,0,0,0,0,0
2001,370781,2,1,0,0,0,0,0,0,0,0,0,0
2001,370782,1,1,0,0,0,0,0,0,0,0,0,0
2001,370782,2,1,0,0,0,0,0,0,0,0,0,5
2001,370783,1,1,18,18,18,18,18,18,18,18,18,18
2001,370784,1,1,0,0,0,0,0,0,0,0,0,0
2001,370786,0,1,0,0,0,0,0,0,0,0,0,0
2001,370786,1,1,0,0,0,0,0,0,0,0,0,0
2001,370787,1,1,0,0,0,0,0,0,0,0,0,0
2001,370788,1,1,0,0,0,0,0,0,0,0,0,0
2001,370789,1,1,0,0,0,0,0,0,0,0,0,0
2001,370789,2,1,0,0,0,0,0,0,0,0,0,0
2001,370790,1,1,0,0,0,30,0,10,0,0,0,13
2001,370790,2,1,0,0,0,0,0,0,0,0,0,0
2001,370791,1,1,0,0,0,0,0,0,0,0,0,0
2001,370791,2,1,0,0,0,0,0,0,0,0,0,0
2001,370792,1,1,0,0,0,0,10,0,0,0,0,0
2001,370793,1,1,0,0,0,0,0,0,0,0,0,0
2001,370793,2,1,0,0,0,0,0,0,0,0,0,0
2001,370794,1,1,0,0,0,0,0,0,0,0,0,0
2001,370795,1,1,0,0,0,0,0,0,0,0,0,0
2001,370795,2,1,14,0,0,0,0,0,0,0,0,0
2001,370796,1,1,0,0,0,0,0,22,21,0,0,0
2001,370797,1,1,0,0,0,0,0,0,0,0,0,0
2001,370797,2,1,0,0,0,0,0,0,0,0,0,0
2001,370797,3,1,0,0,0,0,0,0,0,0,0,0
2001,370798,1,1,0,0,0,0,12,0,0,0,0,0
2001,370798,2,1,0,0,0,0,0,0,0,0,0,0
2001,370799,0,1,0,0,0,0,0,0,0,0,0,0
2001,370799,1,1,0,0,0,0,0,0,0,0,0,0
2001,370800,1,1,0,0,0,0,0,0,0,0,0,0
2001,370801,1,1,9,14,26,7,10,13,13,12,17,4
2001,370801,2,1,0,0,0,0,0,0,0,0,0,0
2001,370802,1,1,0,0,0,0,0,0,0,0,0,0
2001,370802,2,1,0,0,0,0,0,0,0,0,0,0
2001,370803,1,1,0,0,0,0,0,11,0,0,0,0
2001,370803,2,1,0,0,0,0,0,0,0,0,0,0
2001,370804,1,1,0,0,0,0,0,0,0,0,0,0
2001,370805,1,1,0,0,0,0,0,0,0,0,0,0
2001,370806,1,1,7,7,7,7,7,7,7,7,7,7
2001,370807,1,1,16,16,16,16,16,16,16,16,16,16
2001,370808,1,1,11,17,17,8,0,17,4,16,0,0
2001,370808,2,1,0,0,0,0,0,0,0,0,0,0
2001,370808,3,1,0,0,0,0,0,0,0,0,0,0
2001,370809,1,1,0,0,0,0,0,0,0,0,0,0
2001,370810,0,1,0,0,0,0,0,0,0,0,0,0
2001,370810,1,1,0,0,0,0,0,0,0,0,0,0
2001,370811,1,1,0,0,0,0,0,0,0,0,0,0
2001,370812,0,1,0,0,0,0,0,0,16,0,13,0
2001,370812,1,1,0,0,36,9,0,0,16,0,0,0
2001,370813,1,1,0,0,0,0,0,0,0,0,0,0
2001,370813,2,1,0,0,0,0,0,0,0,0,0,0
2001,370813,3,1,0,0,0,0,0,0,0,0,0,0
2001,370814,1,1,0,0,0,0,0,0,0,0,0,0
2001,370814,2,1,0,0,0,0,10,0,0,0,0,0
2001,370815,0,1,0,0,0,0,0,0,0,0,0,0
2001,370815,1,1,0,0,0,0,0,0,0,0,0,0
2001,370816,1,1,0,0,0,0,0,0,0,0,0,0
2001,370817,1,1,0,0,0,0,0,0,0,0,0,0
2001,370817,2,1,16,16,16,16,16,16,16,16,16,16
2001,370818,1,1,21,5,19,19,26,23,29,14,20,0
2001,370819,1,1,0,0,0,0,0,25,0,0,0,0
2001,370820,1,1,28,21,22,0,0,0,33,8,5,16
2001,370820,2,1,0,0,0,0,0,0,0,0,0,0
2001,370821,1,1,0,0,0,0,0,0,0,0,0,0
2001,370821,2,1,0,0,0,0,0,0,0,0,0,0
2001,370822,1,1,0,0,0,0,0,0,0,0,0,0
2001,370823,1,1,0,0,0,0,0,0,0,0,0,0
2001,370823,2,1,0,0,0,0,0,0,0,0,0,0
2001,370824,1,1,8,8,8,8,8,8,8,8,8,8
2001,370825,1,1,5,5,5,5,5,5,5,5,5,5
2001,370826,0,1,0,0,0,0,0,0,0,0,0,0
2001,370826,1,1,26,0,0,17,7,0,8,14,23,15
2001,370827,1,1,0,1,0,0,0,0,0,0,0,0
2001,370827,2,1,0,0,0,0,0,0,20,0,0,0
2001,370828,1,1,27,27,27,27,27,27,27,27,27,27
2001,370829,1,1,0,0,0,0,0,0,0,0,0,0
2001,370829,2,1,0,0,0,0,0,0,0,0,0,0
2001,370829,3,1,0,0,0,0,0,0,0,0,0,0
2001,370829,4,1,0,0,0,0,0,0,0,0,0,0
2001,370830,1,1,0,0,0,0,0,0,16,0,0,0
2001,370830,2,1,0,0,0,0,0,0,0,0,0,0
2001,370831,1,1,14,14,14,14,14,14,14,14,14,14
2001,370832,0,1,0,0,0,0,0,0,0,0,0,0
2001,370832,1,1,0,0,0,0,0,0,0,0,0,0
2001,370833,0,1,11,11,11,11,11,11,11,11,11,11
2001,370833,1,1,0,0,7,0,0,0,0,0,0,0
2001,370834,1,1,0,0,0,0,0,0,0,0,0,0
2001,370835,1,1,0,0,0,0,0,0,0,0,0,0
2001,370836,1,1,0,0,0,0,0,0,0,0,0,0
2001,370837,0,1,0,0,0,0,0,0,0,0,0,0
2001,370837,1,1,0,0,0,0,0,0,0,0,0,0
2001,370838,1,1,0,0,0,0,0,0,0,0,0,0
2001,370839,0,1,0,0,0,0,0,0,0,0,0,0
2001,370839,1,1,0,0,0,0,0,0,0,0,0,0
2001,370840,1,1,15,15,15,15,15,15,15,15,15,15
2001,370841,0,1,0,0,0,0,0,0,0,0,0,0
2001,370841,1,1,0,0,0,0,0,0,0,0,0,0
2001,370843,0,1,17,17,17,17,17,17,17,17,17,17
2001,370843,1,1,8,0,7,6,9,3,10,8,0,0
2001,370844,0,1,6,6,6,6,6,6,6,6,6,6
2001,370844,1,1,0,0,0,0,0,0,0,0,0,0
2001,370845,1,1,0,0,0,0,0,0,0,0,0,0
2001,370845,2,1,0,0,0,0,0,0,0,0,0,0
2001,370846,0,1,28,0,0,16,0,0,0,0,0,0
2001,370846,1,1,0,0,0,0,0,0,0,0,0,0
2001,370847,1,1,0,0,4,0,0,0,0,0,0,0
2001,370847,2,1,14,11,14,16,27,21,1,11,21,13
2001,370848,1,1,0,0,0,0,0,0,0,0,0,0
2001,370848,2,1,0,0,0,0,0,0,0,0,0,0
2001,370849,1,1,0,0,0,0,0,0,0,0,0,0
2001,370849,2,1,0,0,0,0,0,0,0,0,0,0
2001,370850,1,1,0,0,0,0,0,0,0,0,0,0
2001,370850,2,1,0,0,0,0,0,0,0,0,0,0
2001,370851,1,1,0,0,0,0,0,0,0,0,0,0
2001,370852,0,1,22,22,22,22,22,22,22,22,22,22
2001,370852,1,1,0,0,0,0,0,0,0,0,0,0
2001,370853,1,1,18,9,23,6,17,3,12,9,8,0
2001,370854,1,1,0,0,0,0,0,0,0,0,0,0
2001,370854,2,1,16,16,16,16,16,16,16,16,16,16
2001,370855,1,1,0,0,0,0,0,0,0,0,0,0
2001,370855,2,1,0,0,0,0,0,0,0,0,0,0
2001,370855,3,1,0,0,0,0,0,0,0,0,0,0
2001,370856,1,1,16,16,16,16,16,16,16,16,16,16
2001,370856,2,1,0,0,0,0,0,0,0,0,0,0
2001,370857,1,1,0,0,23,0,0,0,0,0,0,0
2001,370857,2,1,0,0,0,0,0,0,0,0,0,0
2001,370858,1,1,0,0,0,0,0,0,0,0,0,0
2001,370859,1,1,24,24,24,24,24,24,24,24,24,24
2001,370860,1,1,8,8,8,8,8,8,8,8,8,8
2001,370861,1,1,0,0,0,0,0,0,0,0,0,0
2001,370861,2,1,0,0,0,0,0,0,0,0,0,0
2001,370862,1,1,6,6,6,6,6,6,6,6,6,6
2001,370862,2,1,0,0,0,0,0,0,0,0,0,0
2001,370863,1,1,10,10,10,10,10,10,10,10,10,10
2001,370863,2,1,0,0,0,0,0,0,0,0,0,0
2001,370864,1,1,16,16,16,16,16,16,16,16,16,16
2001,370864,2,1,0,0,0,0,0,0,0,0,0,0
2001,370865,1,1,0,0,0,0,0,0,0,0,0,0
2001,370865,2,1,0,0,0,0,0,0,0,0,0,0
2001,370866,1,1,0,0,0,0,0,0,0,0,0,0
2001,370868,1,1,0,0,19,0,0,15,0,30,0,0
2001,370869,1,1,0,0,0,0,0,0,0,0,0,0
2001,370869,2,1,0,0,0,0,0,0,0,0,0,0
2001,370870,1,1,0,0,0,0,0,0,0,0,0,0
2001,370871,1,1,0,0,0,0,0,0,0,0,0,0
2001,370871,2,1,0,0,0,0,0,14,0,0,18,0
2001,370872,1,1,36,23,31,14,14,20,19,23,24,12
2001,370874,1,1,0,0,0,0,0,0,0,0,0,0
2001,370874,2,1,0,0,0,0,0,0,0,0,0,6
2001,370875,1,1,21,25,18,26,16,21,9,6,23,0
2001,370876,1,1,0,0,0,0,0,0,0,0,0,0
2001,370877,1,1,0,0,0,0,0,0,0,0,0,0
2001,370878,1,1,22,34,20,10,34,10,37,18,19,0
2001,370879,1,1,25,25,25,25,25,25,25,25,25,25
2001,370880,1,1,19,19,19,19,19,19,19,19,19,19
2001,370881,1,1,0,0,0,0,0,0,0,0,0,0
2001,370882,0,1,0,0,0,0,0,0,0,0,0,0
2001,370882,1,1,18,18,8,24,11,13,17,27,9,22
2001,370883,0,1,0,0,0,0,0,0,0,0,0,0
2001,370883,1,1,0,0,0,0,0,0,0,0,0,0
2001,370884,1,1,8,8,8,8,8,8,8,8,8,8
2001,370885,1,1,0,0,0,0,0,0,0,0,0,0
2001,370885,2,1,0,0,0,0,0,0,0,0,0,0
2001,370886,1,1,0,0,0,0,0,0,0,0,0,0
2001,370886,2,1,0,0,0,0,0,0,0,0,0,0
2001,370887,1,1,0,0,0,0,0,0,0,0,0,0
2001,370887,2,1,0,0,0,0,0,0,0,0,0,0
2001,370888,0,1,0,0,0,0,0,0,0,0,0,0
2001,370888,1,1,0,0,0,0,0,0,0,0,0,0
2001,370889,1,1,0,0,0,0,0,0,0,0,0,0
2001,370889,2,1,0,0,0,0,0,0,0,0,0,0
2001,370890,0,1,0,0,0,0,0,0,0,0,0,0
2001,370890,1,1,0,0,0,0,0,0,0,0,0,0
2001,370891,1,1,7,14,18,21,9,15,4,13,12,0
2001,370891,2,1,0,0,0,0,0,0,0,17,0,0
2001,370892,1,1,2,2,2,2,2,2,2,2,2,2
2001,370893,1,1,0,0,0,0,0,0,0,0,14,0
2001,370893,2,1,0,31,0,0,0,0,0,0,0,0
2001,370894,1,1,22,22,22,22,22,22,22,22,22,22
2001,370895,1,1,0,0,0,0,0,0,0,0,0,0
2001,370896,1,1,5,5,5,5,5,5,5,5,5,5
2001,370897,1,1,0,0,0,0,0,0,0,0,0,0
2001,370898,1,1,0,0,0,0,0,0,0,0,0,0
2001,370898,2,1,0,0,0,0,0,0,0,0,0,0
2001,370899,0,1,0,0,0,0,0,0,0,0,0,0
2001,370899,1,1,0,0,0,0,0,0,0,0,0,0
2001,370900,1,1,0,0,0,0,0,0,0,0,0,0
2001,370900,2,1,0,0,0,0,0,0,15,0,0,0
2001,370901,1,1,0,0,0,0,0,0,0,0,0,0
2001,370901,2,1,0,0,0,0,0,0,0,0,0,0
2001,370902,1,1,20,20,20,20,20,20,20,20,20,20
2001,370903,1,1,0,0,0,0,0,0,0,0,0,0
2001,370904,1,1,6,6,6,6,6,6,6,6,6,6
2001,370905,1,1,0,2,0,0,0,0,0,0,0,0
2001,370905,2,1,0,0,0,0,0,0,0,0,0,0
2001,370906,1,1,0,0,0,0,0,0,0,0,0,0
2001,370907,1,1,0,0,0,0,0,14,0,0,10,0
2001,370907,2,1,0,0,0,0,0,0,0,0,0,0
2001,370907,3,1,0,0,0,0,0,0,0,0,0,0
2001,370907,4,1,0,0,0,0,0,0,0,0,0,0
2001,370907,5,1,0,0,0,0,0,0,0,0,0,0
2001,370908,0,1,0,0,0,0,0,0,0,0,0,0
2001,370908,1,1,0,0,0,0,0,45,0,0,0,0
2001,370909,0,1,25,25,25,25,25,25,25,25,25,25
2001,370909,1,1,0,0,0,0,9,0,0,0,0,7
2001,370910,1,1,16,16,16,16,16,16,16,16,16,16
2001,370911,1,1,17,17,17,17,17,17,17,17,17,17
2001,370912,1,1,11,11,3,12,7,8,13,6,5,17
2001,370914,1,1,0,0,0,0,0,41,0,0,0,0
2001,370914,2,1,0,0,0,0,0,0,0,0,0,0
2001,370915,1,1,0,5,0,0,0,0,0,0,0,0
2001,370916,0,1,0,0,0,0,0,0,0,3,0,0
2001,370916,1,1,0,12,0,0,0,0,0,2,0,0
2001,370917,1,1,0,0,0,0,0,0,0,0,0,0
2001,370917,2,1,0,0,0,0,0,0,0,0,0,0
2001,370918,1,1,14,16,19,22,0,7,8,17,16,31
2001,370918,2,1,0,0,0,23,0,0,0,0,0,0
2001,370919,1,1,19,19,19,19,19,19,19,19,19,19
2001,370920,1,1,0,0,0,0,0,0,0,0,0,0
2001,370921,1,1,0,0,0,0,0,0,0,0,0,0
2001,370921,2,1,0,0,0,0,0,0,0,0,0,0
2001,370922,2,1,0,0,0,0,0,0,0,0,0,0
2001,370922,3,1,0,0,0,0,0,0,0,0,0,0
2001,370923,1,1,0,0,0,0,0,0,0,0,0,0
2001,370923,2,1,0,0,0,0,0,0,0,0,0,0
2001,370924,1,1,0,0,0,0,0,0,0,0,0,0
2001,370925,1,1,0,0,0,0,0,0,0,0,0,0
2001,370925,2,1,0,0,0,0,0,0,0,0,0,0
2001,370926,1,1,0,0,17,0,15,0,0,0,0,0
2001,370926,2,1,0,0,0,0,0,0,0,0,0,0
2001,370927,1,1,0,0,0,0,0,0,0,0,0,0
2001,370927,2,1,0,0,0,0,0,0,0,0,0,0
2001,370928,1,1,0,0,0,0,0,0,0,0,0,0
2001,370928,2,1,0,0,0,0,0,0,0,0,0,0
2001,370929,1,1,5,0,0,0,0,0,0,0,0,0
2001,370930,1,1,0,0,0,0,0,0,0,0,0,0
2001,370931,1,1,2,2,2,2,2,2,2,2,2,2
2001,370932,1,1,0,0,0,0,0,0,0,0,0,0
2001,370932,2,1,15,15,15,15,15,15,15,15,15,15
2001,370933,1,1,0,0,0,0,0,0,0,0,0,0
2001,370934,0,1,0,16,0,0,0,0,0,6,0,0
2001,370934,1,1,0,0,0,0,0,0,0,0,0,0
2001,370935,1,1,0,0,0,0,0,0,0,0,0,0
2001,370936,0,1,0,0,0,0,0,0,0,0,0,0
2001,370936,1,1,0,0,0,0,0,0,0,0,0,0
2001,370937,1,1,0,0,0,0,0,0,0,0,0,0
2001,370937,2,1,0,0,0,0,0,0,0,0,0,0
2001,370938,1,1,14,14,14,14,14,14,14,14,14,14
2001,370939,1,1,0,0,0,0,0,0,0,0,0,0
2001,370939,2,1,0,0,0,0,0,0,0,0,0,0
2001,370940,1,1,0,0,12,0,0,0,0,0,0,0
2001,370941,1,1,33,11,13,23,15,24,0,24,8,35
2001,370942,1,1,0,0,0,0,0,0,0,0,6,0
2001,370942,2,1,0,0,0,0,0,0,13,0,0,0
2001,370943,0,1,0,0,0,0,0,14,0,0,4,0
2001,370943,1,1,0,0,0,0,0,0,0,0,0,0
2001,370943,2,1,0,0,10,0,0,0,0,0,0,0
2001,370943,3,1,0,0,0,0,0,0,0,0,0,0
2001,370944,1,1,0,0,0,0,0,0,0,0,0,0
2001,370944,2,1,0,0,0,0,0,0,0,0,0,0
2001,370944,3,1,0,0,0,0,0,0,0,0,0,0
2001,370945,1,1,0,0,0,0,0,0,0,0,0,0
2001,370945,2,1,0,0,0,0,0,0,0,0,0,0
2001,370946,1,1,0,0,0,0,0,0,0,0,0,0
2001,370947,1,1,0,0,0,0,0,0,0,0,0,0
2001,370947,2,1,0,0,0,0,0,5,0,0,0,0
2001,370948,1,1,0,0,0,0,0,0,0,0,0,0
2001,370948,2,1,0,0,0,0,0,0,0,0,0,0
2001,370948,3,1,0,0,0,0,0,0,0,0,0,0
2001,370949,1,1,0,0,0,0,0,0,0,0,0,0
2001,370950,1,1,11,11,11,11,11,11,11,11,11,11
2001,370950,2,1,0,0,0,0,0,0,0,0,0,0
2001,370950,3,1,0,0,0,0,0,0,0,0,0,0
2001,370951,1,1,0,0,0,0,0,0,0,0,0,0
2001,370951,2,1,0,0,0,0,0,0,0,0,0,0
2001,370951,3,1,0,0,0,0,0,0,0,0,16,0
2001,370952,1,1,0,0,0,0,0,0,0,0,0,0
2001,370954,0,1,0,0,0,0,0,0,0,0,0,0
2001,370954,1,1,0,0,0,0,0,0,0,0,0,0
2001,370955,1,1,0,0,0,0,0,0,0,0,0,0
2001,370956,1,1,0,0,0,0,0,0,0,0,0,0
2001,370956,2,1,0,0,0,0,0,0,0,0,0,0
2001,370957,1,1,15,15,15,15,15,15,15,15,15,15
2001,370958,1,1,18,14,8,0,6,8,19,8,15,5
2001,370958,2,1,0,0,0,0,0,0,0,0,0,0
2001,370958,3,1,0,0,0,0,0,0,0,0,0,0
2001,370959,1,1,19,4,5,7,18,26,7,11,12,15
2001,370960,1,1,0,0,0,0,0,0,0,0,0,0
2001,370960,2,1,0,0,0,0,0,0,0,0,0,0
2001,370961,1,1,0,0,0,0,0,0,0,0,0,0
2001,370961,2,1,0,0,0,0,0,0,0,0,0,0
2001,370962,1,1,0,0,0,0,0,0,0,0,0,0
2001,370963,1,1,0,0,0,0,0,0,0,0,0,0
2001,370964,1,1,22,22,22,22,22,22,22,22,22,22
2001,370965,1,1,0,0,0,0,0,0,0,0,0,0
2001,370965,2,1,0,0,0,0,0,0,0,0,0,0
2001,370966,1,1,16,16,16,16,16,16,16,16,16,16
2001,370967,1,1,0,0,0,11,0,0,0,0,0,0
2001,370967,2,1,0,0,15,0,0,0,5,0,0,0
2001,370968,1,1,0,0,0,0,0,0,26,0,0,0
2001,370969,1,1,0,0,0,0,0,0,0,0,22,0
2001,370970,1,1,20,0,18,9,2,20,7,18,11,16
2001,370971,0,1,11,4,13,13,12,12,15,22,33,19
2001,370971,1,1,0,0,0,0,0,0,0,0,0,0
2001,370972,1,1,0,0,0,0,19,0,0,0,0,0
2001,370973,1,1,0,0,6,0,0,10,11,6,0,0
2001,370973,2,1,0,0,0,0,0,0,0,0,0,15
2001,370974,1,1,3,17,20,11,19,18,5,9,22,9
2001,370974,2,1,0,0,0,0,0,0,0,0,0,0
2001,370974,3,1,0,0,0,0,0,0,0,0,0,0
2001,370975,0,1,51,21,14,21,14,0,35,10,14,34
2001,370975,1,1,0,0,0,0,0,0,0,0,0,0
2001,370976,1,1,7,7,7,7,7,7,7,7,7,7
2001,370977,1,1,0,0,0,0,0,0,0,0,0,0
2001,370977,2,1,0,0,0,0,0,0,0,0,0,0
2001,370978,1,1,0,0,0,0,0,0,0,0,0,0
2001,370978,2,1,0,0,0,0,0,0,0,0,0,0
2001,370979,1,1,0,8,26,30,19,11,23,0,21,14
2001,370980,1,1,0,0,0,0,0,0,0,0,0,0
2001,370981,1,1,0,0,0,0,16,0,0,0,0,0
2001,370981,2,1,0,0,0,0,0,0,0,0,0,0
2001,370982,1,1,0,0,0,0,0,0,0,0,0,0
2001,370982,2,1,0,0,0,0,0,0,0,0,0,0
2001,370983,0,1,14,14,14,14,14,14,14,14,14,14
2001,370983,1,1,0,0,0,0,0,0,0,0,0,0
2001,370984,1,1,0,0,0,0,0,0,0,0,0,0
2001,370984,2,1,0,0,0,0,0,0,0,0,0,0
2001,370985,1,1,0,0,0,0,0,0,0,0,0,0
2001,370985,2,1,0,0,0,0,0,0,0,0,0,0
2001,370986,1,1,0,0,0,0,0,0,0,0,0,0
2001,370986,2,1,0,0,0,0,0,0,0,0,0,0
2001,370987,0,1,24,16,8,17,19,0,24,19,18,12
2001,370987,1,1,0,0,0,0,0,0,0,0,0,0
2001,370988,1,1,0,0,0,0,0,0,0,0,0,0
2001,370989,1,1,0,0,0,0,0,0,0,0,0,0
2001,370990,1,1,0,0,0,31,0,0,0,0,0,0
2001,370991,1,1,0,0,0,0,0,0,0,0,0,0
2001,370992,1,1,16,16,16,16,16,16,16,16,16,16
2001,370992,2,1,0,0,0,0,0,0,0,0,0,0
2001,370993,1,1,13,11,3,19,20,12,29,12,12,21
2001,370994,1,1,0,0,0,0,0,0,0,0,0,0
2001,370994,2,1,0,0,0,0,0,0,0,0,0,0
2001,370995,1,1,0,0,0,0,0,0,0,0,0,0
2001,370995,2,1,0,0,0,0,0,0,0,0,0,0
2001,370996,1,1,0,0,0,0,0,0,0,0,0,0
2001,370997,0,1,0,10,27,24,36,22,20,23,22,26
2001,370997,1,1,0,0,0,0,0,0,0,0,0,21
2001,370998,1,1,0,0,0,0,0,0,0,0,0,0
2001,370999,1,1,24,8,0,5,13,10,18,15,17,12
2001,371000,0,1,21,21,21,21,21,21,21,21,21,21
2001,371000,1,1,0,0,19,0,0,16,27,0,0,0
2001,371001,1,1,0,0,0,0,0,0,0,0,0,0
2001,371002,1,1,14,0,0,0,0,0,0,0,0,0
2001,371002,2,1,0,0,0,0,0,0,0,0,0,0
2001,371003,0,1,0,0,0,0,0,0,0,0,19,0