YEAR,st_case,veh_no,per_no,P1,P2,P3,P4,P5,P6,P7,P8,P9,P10
2001,371003,1,1,0,0,0,0,0,0,13,0,0,0
2001,371004,1,1,19,19,19,19,19,19,19,19,19,19
2001,371005,1,1,0,0,32,0,0,0,0,0,0,0
2001,371006,1,1,0,0,0,0,0,0,0,0,0,0
2001,371006,2,1,0,0,0,0,0,0,0,0,0,0
2001,371006,3,1,0,0,0,0,0,0,0,0,0,0
2001,371007,1,1,24,16,8,14,17,20,27,11,33,22
2001,371008,1,1,13,15,15,17,12,13,15,11,8,9
2001,371009,1,1,7,0,0,0,0,19,0,0,0,0
2001,371009,2,1,0,0,0,0,0,0,0,0,0,0
2001,371010,1,1,0,0,0,0,0,0,0,0,0,0
2001,371011,1,1,0,0,0,0,0,0,0,0,0,0
2001,371011,2,1,0,0,0,0,0,0,0,0,0,0
2001,371012,0,1,0,20,21,0,20,10,0,23,11,16
2001,371012,1,1,0,0,18,0,0,0,5,6,9,6
2001,371013,0,1,0,5,0,0,0,16,0,8,12,18
2001,371013,1,1,29,0,5,15,0,14,5,14,6,0
2001,371014,1,1,20,21,9,6,7,6,26,11,0,2
2001,371015,1,1,15,24,24,17,14,36,34,31,16,21
2001,371016,1,1,0,0,0,0,0,0,0,0,0,0
2001,371017,1,1,0,0,0,0,0,0,0,10,0,0
2001,371017,2,1,27,27,27,27,27,27,27,27,27,27
2001,371017,3,1,0,0,0,0,0,0,0,0,22,0
2001,371018,1,1,0,0,0,0,0,0,0,0,0,0
2001,371018,2,1,0,0,0,0,0,0,0,0,0,0
2001,371019,1,1,0,0,0,0,0,0,0,0,0,0
2001,371019,2,1,0,0,0,0,0,0,0,0,0,0
2001,371020,1,1,15,15,15,15,15,15,15,15,15,15
2001,371021,1,1,0,0,0,0,0,0,0,0,0,0
2001,371021,2,1,0,0,0,0,0,0,0,0,0,0
2001,371022,1,1,0,0,0,0,0,0,0,0,0,0
2001,371023,1,1,13,13,13,13,13,13,13,13,13,13
2001,371024,0,1,2,2,2,2,2,2,2,2,2,2
2001,371024,1,1,0,19,0,0,24,0,0,0,0,0
2001,371025,1,1,0,0,0,0,0,0,0,0,0,0
2001,371025,2,1,0,0,0,0,0,0,0,0,0,0
2001,371025,3,1,0,0,0,0,0,0,0,0,0,0
2001,371026,1,1,0,0,0,0,0,0,0,0,0,0
2001,371026,2,1,0,0,0,0,0,0,16,0,0,0
2001,371027,1,1,0,0,0,0,0,0,0,0,0,0
2001,371027,2,1,0,0,0,0,0,0,0,0,0,0
2001,371028,1,1,0,0,0,0,0,0,0,0,0,0
2001,371028,2,1,0,0,0,30,0,0,0,0,0,0
2001,371029,1,1,13,13,13,13,13,13,13,13,13,13
2001,371030,1,1,0,0,0,0,0,0,0,0,0,0
2001,371031,1,1,0,0,0,0,0,0,0,0,0,0
2001,371031,2,1,0,0,0,0,0,0,0,0,0,0
2001,371032,1,1,23,23,23,23,23,23,23,23,23,23
2001,371033,1,1,27,27,27,27,27,27,27,27,27,27
2001,371034,1,1,0,0,0,0,0,0,0,0,0,0
2001,371035,1,1,0,0,0,0,0,0,0,0,0,0
2001,371036,1,1,0,0,0,11,0,16,0,0,0,0
2001,371036,2,1,7,7,7,7,7,7,7,7,7,7
2001,371037,0,1,20,20,20,20,20,20,20,20,20,20
2001,371037,1,1,0,0,0,0,0,0,0,0,0,0
2001,371038,1,1,21,8,21,40,0,22,24,20,10,15
2001,371039,1,1,18,18,18,18,18,18,18,18,18,18
2001,371040,0,1,0,0,0,25,0,0,0,0,0,21
2001,371040,1,1,0,0,0,0,0,0,0,0,0,0
2001,371041,1,1,0,0,0,0,0,0,0,0,0,0
2001,371041,2,1,0,0,0,0,0,0,0,0,0,0
2001,371042,1,1,4,15,23,13,19,15,11,14,19,11
2001,371043,1,1,0,0,0,0,0,0,0,0,0,0
2001,371044,1,1,0,0,0,0,0,0,0,0,0,0
2001,371044,2,1,0,0,0,0,0,0,0,0,0,0
2001,371045,1,1,5,5,5,5,5,5,5,5,5,5
2001,371046,1,1,0,0,0,0,0,0,0,0,0,0
2001,371046,2,1,0,0,0,0,0,0,24,0,0,0
2001,371046,3,1,0,0,0,0,0,0,0,0,0,0
2001,371046,4,1,0,0,0,0,0,0,0,0,0,0
2001,371047,1,1,15,19,17,29,0,16,25,14,0,10
2001,371048,1,1,0,0,0,0,0,0,0,0,0,0
2001,371049,1,1,0,0,0,0,0,0,0,0,0,0
2001,371049,2,1,0,0,0,0,0,0,0,0,0,0
2001,371050,1,1,0,0,0,0,0,0,15,0,40,0
2001,371050,2,1,0,0,0,0,0,0,0,0,0,0
2001,371051,1,1,0,18,20,27,23,52,14,9,11,28
2001,371052,1,1,0,0,0,0,0,0,11,0,0,0
2001,371053,1,1,0,0,0,0,0,0,0,0,0,0
2001,371053,2,1,0,0,0,0,0,0,0,0,0,0
2001,371054,1,1,0,0,0,0,0,6,0,0,0,0
2001,371055,1,1,27,27,27,27,27,27,27,27,27,27
2001,371055,2,1,0,0,0,0,0,0,0,0,0,0
2001,371056,1,1,0,0,0,14,0,14,0,0,9,17
2001,371057,1,1,0,0,0,0,0,0,0,0,0,0
2001,371057,2,1,0,0,0,0,0,0,0,0,0,0
2001,371058,1,1,0,0,0,0,15,0,0,0,0,0
2001,371059,1,1,0,0,0,0,0,0,0,0,0,0
2001,371059,2,1,0,0,0,0,0,0,0,0,0,0
2001,371060,1,1,0,0,0,0,0,0,0,0,0,0
2001,371060,2,1,0,0,0,0,0,0,0,0,0,0
2001,371061,1,1,15,0,8,20,19,0,14,14,11,0
2001,371061,2,1,0,0,0,0,0,0,0,0,0,0
2001,371061,3,1,0,0,0,0,11,0,0,0,0,0
2001,371062,0,1,19,19,19,19,19,19,19,19,19,19
2001,371062,1,1,0,0,0,0,0,0,0,0,0,0
2001,371063,0,1,0,0,0,0,0,0,0,0,0,0
2001,371063,1,1,0,0,0,0,0,0,0,0,0,0
2001,371064,1,1,0,0,0,0,0,0,0,0,0,0
2001,371064,2,1,0,0,0,0,0,0,0,0,0,0
2001,371065,1,1,0,0,0,0,0,0,0,0,0,0
2001,371066,1,1,0,0,0,0,0,0,0,0,0,0
2001,371066,2,1,0,0,0,0,0,0,0,0,0,0
2001,371067,1,1,16,16,16,16,16,16,16,16,16,16
2001,371068,1,1,16,16,16,16,16,16,16,16,16,16
2001,371068,2,1,0,0,0,2,0,0,0,0,0,3
2001,371069,1,1,0,0,0,0,0,0,0,0,0,0
2001,371069,2,1,0,0,0,0,11,0,0,0,0,0
2001,371070,1,1,0,0,0,0,0,0,0,0,0,0
2001,371070,2,1,0,0,0,0,0,0,0,0,0,0
2001,371071,0,1,0,0,0,0,0,0,0,0,0,0
2001,371071,1,1,0,0,0,0,0,0,0,0,0,0
2001,371072,1,1,0,7,0,0,0,0,0,16,13,0
2001,371072,2,1,0,0,0,0,0,0,0,0,0,0
2001,371073,1,1,0,16,15,14,10,25,16,18,13,10
2001,371073,2,1,9,36,17,17,15,2,16,9,9,15
2001,371074,1,1,0,0,0,0,0,0,0,0,0,0
2001,371074,2,1,0,0,0,0,0,0,0,0,0,0
2001,371075,1,1,17,17,17,17,17,17,17,17,17,17
2001,371076,1,1,27,27,27,27,27,27,27,27,27,27
2001,371077,1,1,15,15,15,15,15,15,15,15,15,15
2001,371078,1,1,0,0,0,0,0,0,0,0,0,0
2001,371078,2,1,0,0,0,4,0,0,0,0,0,0
2001,371079,1,1,0,0,0,0,0,0,0,0,0,0
2001,371079,2,1,0,0,0,0,0,0,0,8,0,0
2001,371080,1,1,4,4,4,4,4,4,4,4,4,4
2001,371081,1,1,0,0,0,0,0,0,0,0,0,0
2001,371082,1,1,0,0,0,0,0,0,0,0,0,0
2001,371082,2,1,0,0,0,0,0,0,0,0,0,0
2001,371082,3,1,0,0,9,0,0,0,0,0,0,0
2001,371083,1,1,0,0,0,0,0,0,0,0,0,0
2001,371083,2,1,0,0,0,0,0,0,0,0,0,0
2001,371084,1,1,0,0,0,0,0,0,0,0,0,0
2001,371084,2,1,0,0,37,0,30,0,0,0,17,0
2001,371085,1,1,0,0,6,0,0,0,0,15,0,0
2001,371085,2,1,0,0,0,0,0,0,0,0,0,0
2001,371086,1,1,0,0,0,0,0,0,0,0,0,0
2001,371086,2,1,15,0,0,0,0,0,0,0,0,0
2001,371086,3,1,0,0,0,0,0,0,0,0,0,0
2001,371086,4,1,0,0,0,0,0,0,0,0,0,0
2001,371086,5,1,0,0,0,0,0,0,0,0,0,0
2001,371087,1,1,0,0,0,0,0,0,0,0,0,0
2001,371087,2,1,0,0,0,0,0,0,0,0,0,0
2001,371088,1,1,18,26,9,19,0,14,14,14,17,9
2001,371089,1,1,0,0,0,0,0,0,0,0,0,0
2001,371089,2,1,0,0,0,0,0,0,0,0,0,0
2001,371090,1,1,16,16,16,16,16,16,16,16,16,16
2001,371091,0,1,0,0,0,0,0,0,0,0,0,0
2001,371091,1,1,0,0,0,0,0,0,0,0,0,0
2001,371091,2,1,0,0,0,0,0,11,0,0,0,0
2001,371092,1,1,0,0,0,0,0,0,13,8,0,0
2001,371093,1,1,0,0,0,0,0,0,0,0,0,0
2001,371094,1,1,16,19,19,35,27,22,15,2,18,20
2001,371095,1,1,0,0,0,0,0,0,0,0,0,0
2001,371096,1,1,0,0,0,0,0,10,0,0,0,0
2001,371096,2,1,0,0,0,0,3,0,0,0,0,0
2001,371097,1,1,21,21,21,21,21,21,21,21,21,21
2001,371098,1,1,19,19,19,19,19,19,19,19,19,19
2001,371099,1,1,12,18,0,28,17,15,4,27,30,23
2001,371099,2,1,0,0,0,0,0,0,0,0,0,0
2001,371100,1,1,27,27,27,27,27,27,27,27,27,27
2001,371101,1,1,17,17,17,17,17,17,17,17,17,17
2001,371102,1,1,0,0,0,0,0,0,0,0,0,0
2001,371102,2,1,0,0,0,0,0,0,0,0,0,0
2001,371102,3,1,0,0,0,0,0,0,0,0,0,0
2001,371103,1,1,12,12,12,12,12,12,12,12,12,12
2001,371104,1,1,0,0,0,0,0,0,0,0,0,0
2001,371104,2,1,0,0,0,0,0,0,0,0,0,0
2001,371105,1,1,28,16,0,19,9,13,6,28,13,13
2001,371106,1,1,0,0,0,0,0,0,0,0,0,0
2001,371106,2,1,0,0,0,0,0,0,0,0,0,0
2001,371107,1,1,0,0,0,0,0,0,0,0,0,0
2001,371108,1,1,0,0,0,0,0,0,0,0,0,0
2001,371108,2,1,0,0,0,14,13,9,24,6,0,8
2001,371108,3,1,0,0,0,0,0,0,0,0,0,0
2001,371109,1,1,17,17,17,17,17,17,17,17,17,17
2001,371110,1,1,7,7,7,7,7,7,7,7,7,7
2001,371111,1,1,0,0,0,0,0,0,0,0,0,0
2001,371112,1,1,0,0,0,0,0,0,0,0,0,0
2001,371112,2,1,0,0,0,0,5,0,0,0,0,0
2001,371113,1,1,0,0,0,0,0,0,0,0,0,0
2001,371114,0,1,0,0,0,0,0,0,0,0,0,0
2001,371114,1,1,0,0,0,0,0,0,0,0,0,0
2001,371115,1,1,0,0,0,16,0,0,0,0,0,0
2001,371115,2,1,0,0,0,0,0,0,0,0,0,0
2001,371116,1,1,0,0,0,0,0,0,0,0,0,0
2001,371116,2,1,0,0,0,0,0,0,0,0,0,0
2001,371117,1,1,15,15,15,15,15,15,15,15,15,15
2001,371118,1,1,0,0,0,0,0,0,0,0,0,0
2001,371119,1,1,0,0,0,0,0,0,0,0,0,0
2001,371120,1,1,0,0,0,0,0,0,0,0,0,0
2001,371121,1,1,0,0,0,0,0,0,0,0,0,0
2001,371121,2,1,0,0,0,0,0,0,0,16,0,18
2001,371122,1,1,35,21,5,19,6,15,2,7,6,10
2001,371123,1,1,0,0,0,0,0,0,0,0,0,0
2001,371123,2,1,0,0,0,0,0,0,0,0,0,0
2001,371124,1,1,9,0,0,0,0,0,0,0,0,0
2001,371125,1,1,0,0,0,0,0,0,0,0,0,0
2001,371125,2,1,0,0,0,0,0,0,0,0,0,0
2001,371126,1,1,0,0,0,0,0,0,0,0,0,0
2001,371126,2,1,0,0,0,0,0,0,0,0,0,0
2001,371127,1,1,0,0,0,0,0,0,0,0,0,0
2001,371127,2,1,0,0,0,0,0,0,0,0,0,0
2001,371128,1,1,0,0,0,0,0,0,0,0,0,0
2001,371128,2,1,0,0,0,0,0,0,0,0,0,0
2001,371129,1,1,0,0,0,0,0,0,0,0,0,0
2001,371130,1,1,26,23,14,15,14,21,16,26,16,2
2001,371131,1,1,0,0,0,0,0,0,0,0,0,0
2001,371132,1,1,0,0,0,0,0,0,0,0,15,0
2001,371133,1,1,0,0,0,0,0,0,0,0,0,0
2001,371135,0,1,25,25,25,25,25,25,25,25,25,25
2001,371135,1,1,0,0,0,0,0,0,0,0,0,0
2001,371136,1,1,0,0,6,0,0,0,0,0,0,0
2001,371136,2,1,26,19,11,35,19,10,10,3,13,21
2001,371137,1,1,0,0,0,0,0,0,0,0,0,0
2001,371137,2,1,23,23,23,23,23,23,23,23,23,23
2001,371138,1,1,5,0,0,0,0,0,0,0,0,11
2001,371139,0,1,0,0,0,0,0,0,0,0,0,0
2001,371139,1,1,20,12,10,19,25,17,15,14,32,11
2001,371140,1,1,0,0,0,0,0,0,0,0,0,0
2001,371140,2,1,0,0,0,0,0,0,0,0,0,0
2001,371141,1,1,0,0,0,0,0,0,0,0,0,0
2001,371141,2,1,0,0,0,0,0,0,0,0,0,0
2001,371141,3,1,0,0,0,0,0,0,0,0,0,0
2001,371142,1,1,0,18,0,0,0,18,9,0,32,0
2001,371143,0,1,0,0,0,0,0,0,0,0,0,0
2001,371143,1,1,0,0,0,0,0,0,0,0,0,15
2001,371144,1,1,0,0,0,0,0,0,0,0,0,0
2001,371145,0,1,16,23,24,17,36,1,12,0,43,12
2001,371145,1,1,0,0,0,0,0,0,0,0,0,0
2001,371146,1,1,23,23,23,23,23,23,23,23,23,23
2001,371147,1,1,0,0,0,0,0,0,0,0,0,0
2001,371148,1,1,9,9,9,9,9,9,9,9,9,9
2001,371149,1,1,0,0,0,0,0,0,0,0,0,0
2001,371150,1,1,0,0,0,0,0,0,0,19,0,0
2001,371151,1,1,0,0,0,0,0,0,0,0,0,0
2001,371151,2,1,0,0,0,0,0,0,0,0,0,0
2001,371152,0,1,0,23,22,23,0,15,27,12,24,10
2001,371152,1,1,0,0,0,0,0,0,0,0,0,0
2001,371153,1,1,0,0,0,0,0,0,0,0,0,0
2001,371154,1,1,0,0,0,0,0,0,0,0,0,0
2001,371155,1,1,0,0,0,0,0,0,0,0,0,0
2001,371155,2,1,0,0,0,0,0,0,0,0,0,0
2001,371156,1,1,0,0,0,0,0,0,0,0,0,0
2001,371157,1,1,0,0,0,0,0,0,0,0,0,0
2001,371157,2,1,0,0,0,0,0,0,0,0,0,0
2001,371158,1,1,19,19,19,19,19,19,19,19,19,19
2001,371159,1,1,18,18,18,18,18,18,18,18,18,18
2001,371159,2,1,0,0,0,0,0,0,0,0,0,0
2001,371160,1,1,26,26,26,26,26,26,26,26,26,26
2001,371160,2,1,0,0,0,0,0,0,0,0,0,0
2001,371161,1,1,0,0,0,0,0,0,0,0,0,0
2001,371162,1,1,23,23,23,23,23,23,23,23,23,23
2001,371163,1,1,0,0,0,0,0,0,0,0,0,0
2001,371164,1,1,0,0,0,0,0,0,0,0,0,0
2001,371164,2,1,10,2,18,15,12,24,13,13,7,12
2001,371165,1,1,0,0,0,0,0,0,0,0,0,0
2001,371165,2,1,0,0,0,0,0,0,0,0,0,0
2001,371166,1,1,0,0,0,0,0,0,0,0,0,0
2001,371166,2,1,0,0,0,0,21,0,4,0,0,0
2001,371167,1,1,0,0,0,0,0,0,0,0,0,0
2001,371168,1,1,0,39,0,27,23,18,27,0,27,16
2001,371169,1,1,0,0,0,0,0,0,0,0,0,0
2001,371169,2,1,0,0,0,0,0,0,0,0,14,0
2001,371170,0,1,12,0,0,17,0,24,0,0,0,34
2001,371170,1,1,0,0,0,15,22,0,23,25,0,0
2001,371171,1,1,13,13,13,13,13,13,13,13,13,13
2001,371172,1,1,11,11,11,11,11,11,11,11,11,11
2001,371173,1,1,17,17,17,17,17,17,17,17,17,17
2001,371174,0,1,0,0,0,0,0,0,0,0,0,0
2001,371174,1,1,0,0,0,0,0,0,0,0,0,0
2001,371175,1,1,0,0,0,0,0,0,0,0,0,0
2001,371176,1,1,0,0,0,0,0,0,0,0,0,0
2001,371176,2,1,0,0,0,0,0,0,0,0,0,0
2001,371177,1,1,0,0,0,0,0,0,0,0,0,0
2001,371177,2,1,0,0,0,0,0,0,0,0,0,0
2001,371178,1,1,0,0,0,0,5,0,0,5,0,0
2001,371179,1,1,0,0,0,0,0,0,0,0,0,0
2001,371179,2,1,0,0,0,0,0,0,0,0,0,0
2001,371179,3,1,0,0,0,0,0,0,0,0,0,0
2001,371180,1,1,0,0,0,0,0,0,0,0,0,0
2001,371180,2,1,0,0,0,0,0,0,0,0,0,0
2001,371181,1,1,10,10,10,10,10,10,10,10,10,10
2001,371182,1,1,0,0,0,0,0,0,0,0,0,0
2001,371182,2,1,0,0,0,0,0,0,0,0,0,0
2001,371183,1,1,0,0,0,0,0,0,0,0,0,0
2001,371184,1,1,0,0,0,0,0,0,0,0,0,0
2001,371184,2,1,0,7,0,0,0,0,0,0,0,0
2001,371185,1,1,0,0,0,0,0,0,0,0,0,0
2001,371186,1,1,0,0,0,0,0,0,0,0,0,0
2001,371187,0,1,0,0,0,0,0,0,0,0,0,0
2001,371187,1,1,0,0,0,0,0,0,0,0,0,0
2001,371188,1,1,31,22,19,15,25,15,19,14,26,21
2001,371189,1,1,0,0,0,0,0,0,0,0,0,0
2001,371189,2,1,0,0,0,0,0,0,0,0,0,0
2001,371190,1,1,27,27,27,27,27,27,27,27,27,27
2001,371191,1,1,19,19,19,19,19,19,19,19,19,19
2001,371192,0,1,0,0,0,0,0,0,0,0,0,0
2001,371192,1,1,0,0,0,0,0,0,0,0,0,0
2001,371193,1,1,0,0,0,0,0,0,0,0,0,0
2001,371193,2,1,0,0,0,0,0,0,0,0,0,0
2001,371194,1,1,0,0,0,0,0,0,0,0,0,0
2001,371194,2,1,0,0,0,9,0,0,0,0,0,0
2001,371195,1,1,0,0,0,0,0,0,0,0,17,21
2001,371196,0,1,15,15,15,15,15,15,15,15,15,15
2001,371196,1,1,0,0,0,0,0,0,0,0,0,0
2001,371197,1,1,22,22,22,22,22,22,22,22,22,22
2001,371198,1,1,10,10,10,10,10,10,10,10,10,10
2001,371199,1,1,0,0,0,0,0,0,0,0,0,0
2001,371200,1,1,0,0,0,0,0,0,0,0,0,0
2001,371200,2,1,0,0,0,0,0,0,0,0,0,0
2001,371201,1,1,0,0,0,0,0,0,0,0,0,0
2001,371201,2,1,0,0,0,0,0,0,0,0,0,0
2001,371202,0,1,4,4,4,4,4,4,4,4,4,4
2001,371202,1,1,0,0,0,0,0,0,0,0,0,0
2001,371203,1,1,15,15,15,15,15,15,15,15,15,15
2001,371204,1,1,0,0,0,0,0,0,0,0,0,0
2001,371204,2,1,0,0,0,0,0,0,0,0,0,0
2001,371204,3,1,0,0,0,0,0,0,0,0,0,0
2001,371204,4,1,0,0,0,0,0,0,0,0,0,0
2001,371205,1,1,0,0,0,0,0,0,0,0,0,0
2001,371206,1,1,0,9,9,0,0,0,0,0,0,13
2001,371207,1,1,0,0,0,0,0,0,0,0,0,0
2001,371207,2,1,0,0,0,0,0,0,0,0,0,0
2001,371208,1,1,21,21,21,21,21,21,21,21,21,21
2001,371208,2,1,0,0,0,0,0,0,0,0,0,0
2001,371209,1,1,0,5,9,0,12,2,0,0,10,27
2001,371210,1,1,0,30,0,0,0,0,11,0,0,0
2001,371210,2,1,0,0,0,0,0,0,0,13,38,0
2001,371210,3,1,0,0,0,0,0,0,0,0,0,0
2001,371211,1,1,23,23,23,23,23,23,23,23,23,23
2001,371212,1,1,0,0,0,0,0,0,0,0,0,0
2001,371212,2,1,17,0,0,0,28,0,0,25,0,0
2001,371213,1,1,0,0,0,0,0,0,0,0,0,0
2001,371214,1,1,0,0,0,0,0,0,0,0,0,0
2001,371214,2,1,0,0,0,0,0,0,0,0,0,0
2001,371215,0,1,19,19,19,19,19,19,19,19,19,19
2001,371215,1,1,10,16,0,2,0,0,14,6,0,13
2001,371216,0,1,0,0,0,0,0,0,0,0,0,0
2001,371216,1,1,0,0,2,0,0,0,0,0,0,0
2001,371217,1,1,0,0,0,0,0,0,0,0,0,0
2001,371217,2,1,0,0,0,0,0,0,0,0,0,0
2001,371218,1,1,0,0,0,0,0,0,0,0,0,0
2001,371218,2,1,0,0,0,0,0,0,0,0,0,0
2001,371219,1,1,0,0,0,0,0,0,0,0,0,0
2001,371220,0,1,17,17,17,17,17,17,17,17,17,17
2001,371220,1,1,0,0,0,0,0,0,0,0,0,18
2001,371221,1,1,18,18,18,18,18,18,18,18,18,18
2001,371222,1,1,0,0,0,0,0,0,0,0,0,0
2001,371222,2,1,17,17,14,6,32,14,11,11,11,5
2001,371223,1,1,9,9,9,9,9,9,9,9,9,9
2001,371224,1,1,0,0,0,0,0,0,0,0,0,0
2001,371225,1,1,0,0,0,0,0,0,0,0,0,0
2001,371225,2,1,0,0,0,0,0,0,0,0,0,0
2001,371226,1,1,17,17,17,17,17,17,17,17,17,17
2001,371227,1,1,0,0,0,0,0,0,0,0,0,0
2001,371228,1,1,0,0,0,0,0,0,0,0,0,0
2001,371228,2,1,24,24,24,24,24,24,24,24,24,24
2001,371229,1,1,11,11,11,11,11,11,11,11,11,11
2001,371229,2,1,0,0,0,0,0,0,0,0,0,0
2001,371229,3,1,0,0,0,0,0,0,0,0,0,0
2001,371230,1,1,0,0,0,0,0,0,0,0,0,0
2001,371230,2,1,0,0,0,0,0,0,0,0,0,0
2001,371230,3,1,0,0,0,0,0,0,0,0,0,0
2001,371231,1,1,0,0,0,0,0,0,0,0,0,0
2001,371231,2,1,0,0,0,0,0,0,0,0,0,0
2001,371232,1,1,0,0,0,0,0,0,0,0,0,0
2001,371233,1,1,14,14,14,14,14,14,14,14,14,14
2001,371234,1,1,0,0,0,0,0,0,0,0,0,0
2001,371234,2,1,0,0,0,0,0,0,0,0,0,0
2001,371235,0,1,0,0,0,0,0,0,0,0,0,0
2001,371235,1,1,0,0,0,0,0,0,0,0,0,0
2001,371236,1,1,0,0,0,0,0,0,0,0,0,0
2001,371236,2,1,0,0,0,0,0,0,0,0,0,0
2001,371237,1,1,0,0,0,0,0,0,0,0,0,0
2001,371237,2,1,0,0,0,0,0,0,0,0,0,0
2001,371238,1,1,0,0,0,6,0,0,0,0,0,0
2001,371239,1,1,0,0,0,0,0,0,0,0,0,0
2001,371239,2,1,0,0,0,0,0,0,0,17,0,0
2001,371240,1,1,19,19,19,19,19,19,19,19,19,19
2001,371241,0,1,0,0,0,0,0,0,0,0,0,0
2001,371241,1,1,0,0,0,0,0,0,0,0,0,0
2001,371242,0,1,28,12,40,20,22,18,12,31,21,12
2001,371242,1,1,26,26,26,26,26,26,26,26,26,26
2001,371243,1,1,0,0,0,0,0,0,0,0,0,0
2001,371243,2,1,21,21,21,21,21,21,21,21,21,21
2001,371244,1,1,0,0,0,0,0,0,0,0,0,0
2001,371244,2,1,0,0,0,0,0,0,0,0,0,0
2001,371245,1,1,0,0,0,0,0,0,0,0,0,0
2001,371246,1,1,19,6,27,10,16,11,30,19,19,8
2001,371247,1,1,0,0,0,0,0,0,0,0,0,0
2001,371247,2,1,0,0,0,0,0,0,0,0,0,0
2001,371248,1,1,0,0,0,0,0,0,0,0,0,0
2001,371249,1,1,0,0,0,0,0,0,0,0,0,0
2001,371249,2,1,0,0,0,0,0,0,0,0,0,0
2001,371250,0,1,8,8,8,8,8,8,8,8,8,8
2001,371250,1,1,0,0,0,0,0,0,0,0,0,0
2001,371251,1,1,0,0,0,0,0,0,0,0,0,0
2001,371251,2,1,0,0,0,0,0,0,0,0,0,0
2001,371252,1,1,0,0,0,0,0,0,0,0,0,0
2001,371252,2,1,0,0,0,0,0,0,0,0,0,0
2001,371253,1,1,0,0,0,0,0,0,0,0,0,0
2001,371254,1,1,0,0,0,0,0,0,0,0,0,0
2001,371254,2,1,0,0,0,0,0,0,0,0,0,0
2001,371255,1,1,12,12,12,12,12,12,12,12,12,12
2001,371256,1,1,0,0,0,0,0,0,0,0,0,0
2001,371256,2,1,0,0,0,0,0,0,0,0,0,0
2001,371257,0,1,2,2,2,2,2,2,2,2,2,2
2001,371257,0,2,0,14,0,0,3,0,0,34,0,0
2001,371257,1,1,0,0,0,0,0,0,0,0,0,0
2001,371258,1,1,28,28,28,28,28,28,28,28,28,28
2001,371258,2,1,0,14,0,0,0,0,0,0,0,0
2001,371259,1,1,0,0,0,0,0,0,0,0,0,0
2001,371259,2,1,0,0,0,0,0,0,0,0,0,0
2001,371260,1,1,14,14,14,14,14,14,14,14,14,14
2001,371261,1,1,0,0,0,0,0,0,0,0,0,0
2001,371261,2,1,0,0,0,0,0,0,0,17,0,0
2001,371262,1,1,0,0,0,0,0,0,0,0,0,0
2001,371262,2,1,0,0,0,0,0,0,0,0,0,0
2001,371263,0,1,0,0,0,0,0,0,0,0,0,0
2001,371263,1,1,0,0,0,0,0,0,0,0,0,0
2001,371264,1,1,0,0,0,0,0,0,0,0,0,9
2001,371264,2,1,0,0,0,0,0,0,0,0,0,0
2001,371265,1,1,0,0,0,0,0,0,0,0,0,0
2001,371266,1,1,11,11,11,11,11,11,11,11,11,11
2001,371267,0,1,40,40,40,40,40,40,40,40,40,40
2001,371267,1,1,0,0,0,0,0,0,0,0,0,0
2001,371268,1,1,15,16,9,5,3,6,12,23,15,8
2001,371268,2,1,0,0,0,0,0,0,0,0,0,0
2001,371269,1,1,26,26,26,26,26,26,26,26,26,26
2001,371270,1,1,0,0,0,0,0,0,0,0,0,0
2001,371270,2,1,26,26,26,26,26,26,26,26,26,26
2001,371271,0,1,9,9,9,9,9,9,9,9,9,9
2001,371271,1,1,0,0,0,0,0,0,0,0,0,0
2001,371272,1,1,24,24,24,24,24,24,24,24,24,24
2001,371273,1,1,0,0,0,0,0,0,0,0,0,0
2001,371273,2,1,0,0,0,0,0,0,0,0,0,0
2001,371274,1,1,0,0,0,0,6,0,0,0,0,0
2001,371274,2,1,0,9,0,0,0,0,0,0,0,22
2001,371275,1,1,0,0,0,0,0,0,0,0,8,0
2001,371275,2,1,5,5,5,5,5,5,5,5,5,5
2001,371276,1,1,0,0,0,0,0,0,0,0,0,0
2001,371276,2,1,0,0,0,0,0,0,0,0,0,0
2001,371276,3,1,0,0,0,0,0,0,0,0,0,0
2001,371277,1,1,20,20,20,20,20,20,20,20,20,20
2001,371278,0,1,0,37,15,12,0,3,0,0,12,7
2001,371278,1,1,0,25,0,0,0,14,0,0,0,0
2001,371278,2,1,13,20,8,8,24,20,16,17,17,7
2001,371279,1,1,0,0,0,0,0,0,0,0,0,0
2001,371280,1,1,20,9,24,8,9,13,24,13,22,9
2001,371280,2,1,0,0,0,34,0,9,0,7,19,8
2001,371280,3,1,17,30,12,4,0,7,14,6,12,0
2001,371281,1,1,17,17,17,17,17,17,17,17,17,17
2001,371281,2,1,0,0,0,23,4,0,0,0,0,0
2001,371281,3,1,0,0,0,0,0,0,0,0,0,0
2001,371282,1,1,0,0,0,0,0,0,0,0,0,0
2001,371283,1,1,0,1,6,31,10,10,26,21,0,9
2001,371284,1,1,17,17,17,17,17,17,17,17,17,17
2001,371284,2,1,0,0,0,0,0,0,0,4,0,0