YEAR,st_case,veh_no,per_no,P1,P2,P3,P4,P5,P6,P7,P8,P9,P10
2001,371285,1,1,22,19,14,23,16,26,21,11,20,13
2001,371286,1,1,0,0,0,0,0,0,0,0,0,0
2001,371286,2,1,0,0,0,0,0,0,0,0,3,0
2001,371287,0,1,0,0,0,0,0,0,0,0,0,0
2001,371287,1,1,0,0,0,0,0,0,0,0,0,0
2001,371287,2,1,0,0,0,0,0,0,0,0,0,0
2001,371288,1,1,0,0,0,0,0,0,13,0,0,0
2001,371289,1,1,19,19,19,19,19,19,19,19,19,19
2001,371290,1,1,0,0,0,0,0,0,0,0,0,0
2001,371290,2,1,0,0,0,0,0,0,0,0,0,0
2001,371291,1,1,0,0,0,0,0,0,12,0,0,0
2001,371292,1,1,0,0,0,0,0,0,0,0,0,0
2001,371292,2,1,0,0,0,0,6,0,0,0,0,0
2001,371293,1,1,0,0,0,0,0,0,0,0,0,0
2001,371293,2,1,3,3,3,3,3,3,3,3,3,3
2001,371294,1,1,0,0,0,0,0,0,0,0,0,0
2001,371296,1,1,0,0,0,0,0,0,0,0,0,0
2001,371296,2,1,0,0,0,0,0,0,0,0,0,0
2001,371297,1,1,16,16,16,16,16,16,16,16,16,16
2001,371298,1,1,0,0,0,0,0,0,0,0,0,0
2001,371298,2,1,0,0,0,0,0,0,0,4,0,0
2001,371299,1,1,12,12,0,16,0,0,0,1,20,9
2001,371300,1,1,0,0,0,0,0,0,0,0,0,0
2001,371301,1,1,0,0,0,0,0,0,0,0,0,0
2001,371301,2,1,0,0,0,0,0,0,6,0,0,0
2001,371302,1,1,0,0,0,0,0,0,0,0,0,0
2001,371302,2,1,0,0,0,0,0,0,0,0,0,0
2001,371303,1,1,0,0,0,0,0,0,0,0,0,0
2001,371303,2,1,0,0,0,0,0,0,0,0,0,0
2001,371304,1,1,0,0,0,0,0,0,0,0,0,0
2001,371304,2,1,8,0,0,0,0,0,0,0,0,0
2001,371305,1,1,0,0,0,0,0,0,0,0,0,0
2001,371306,1,1,0,8,0,0,0,0,0,0,0,0
2001,371307,1,1,0,0,0,0,0,0,0,0,2,0
2001,371307,2,1,11,11,11,11,11,11,11,11,11,11
2001,371308,1,1,0,0,0,0,0,0,0,0,0,0
2001,371308,2,1,53,29,10,14,10,20,16,9,17,19
2001,371309,1,1,0,0,0,0,0,0,0,0,0,0
2001,371310,1,1,0,0,0,0,0,0,0,0,0,0
2001,371310,2,1,0,0,0,0,0,0,0,0,0,0
2001,371311,1,1,0,0,0,0,0,0,0,0,0,0
2001,371312,1,1,0,0,0,0,0,0,0,0,0,0
2001,371312,2,1,0,0,0,0,0,0,0,0,0,0
2001,371313,1,1,0,0,0,0,0,0,0,0,0,0
2001,371313,2,1,0,0,0,0,0,0,0,0,0,0
2001,371314,1,1,0,0,0,0,0,0,0,0,0,0
2001,371315,1,1,0,0,0,0,0,0,0,0,0,0
2001,371315,2,1,0,0,0,0,0,0,0,0,0,0
2001,371315,3,1,0,0,0,0,0,0,0,0,0,0
2001,371315,4,1,0,0,0,0,0,0,0,0,0,0
2001,371316,1,1,0,0,0,0,0,0,9,0,0,0
2001,371316,2,1,0,0,0,0,0,0,0,0,0,0
2001,371316,3,1,0,0,0,0,0,0,0,0,0,0
2001,371317,0,1,0,0,0,0,0,0,0,0,0,0
2001,371317,1,1,0,0,0,0,0,0,0,0,0,0
2001,371318,1,1,0,0,0,0,0,0,0,0,0,0
2001,371318,2,1,4,4,4,4,4,4,4,4,4,4
2001,371319,1,1,0,0,0,0,0,0,0,0,0,0
2001,371320,1,1,0,0,0,0,0,0,0,0,0,0
2001,371320,2,1,0,0,0,0,0,0,0,0,0,0
2001,371321,1,1,0,0,0,0,0,0,0,0,0,0
2001,371322,1,1,30,31,13,19,7,4,10,16,23,23
2001,371323,0,1,18,0,14,34,0,27,0,0,17,0
2001,371323,1,1,9,0,0,0,0,0,0,0,0,0
2001,371323,2,1,0,0,0,0,0,0,0,13,0,0
2001,371324,0,1,0,31,0,20,9,0,12,0,6,10
2001,371324,1,1,0,0,0,0,0,0,0,0,0,0
2001,371325,1,1,0,0,0,0,0,0,0,0,0,0
2001,371325,2,1,0,0,0,0,0,0,0,0,0,0
2001,371326,1,1,0,0,0,14,0,0,0,0,0,0
2001,371326,2,1,0,0,0,0,0,0,0,0,0,0
2001,371327,1,1,19,10,37,10,34,28,30,16,11,10
2001,371328,0,1,0,0,0,0,0,0,0,0,0,0
2001,371328,1,1,0,0,0,0,0,0,0,0,0,0
2001,371329,1,1,0,0,0,0,0,0,0,0,0,0
2001,371329,2,1,0,0,0,0,0,0,0,0,0,0
2001,371330,0,1,16,16,16,16,16,16,16,16,16,16
2001,371330,1,1,0,0,0,0,0,0,0,0,0,0
2001,371330,2,1,5,24,0,5,17,2,3,0,13,0
2001,371331,1,1,0,0,0,0,0,0,0,0,0,0
2001,371332,0,1,11,11,11,11,11,11,11,11,11,11
2001,371332,1,1,0,0,0,0,24,0,0,0,0,0
2001,371333,1,1,25,25,25,25,25,25,25,25,25,25
2001,371334,1,1,17,17,17,17,17,17,17,17,17,17
2001,371334,2,1,0,0,0,0,0,0,0,0,0,0
2001,371335,1,1,21,21,21,21,21,21,21,21,21,21
2001,371336,1,1,16,16,16,16,16,16,16,16,16,16
2001,371337,1,1,3,7,15,14,4,14,10,10,10,12
2001,371338,1,1,0,9,12,0,0,0,0,0,29,0
2001,371338,2,1,0,0,0,0,0,0,0,0,0,0
2001,371339,1,1,0,0,0,0,0,0,0,0,0,0
2001,371339,2,1,0,0,0,0,0,0,0,0,0,0
2001,371340,1,1,0,0,0,0,0,0,0,0,0,0
2001,371340,2,1,0,0,0,0,0,0,0,0,0,0
2001,371341,1,1,0,0,0,0,0,0,0,0,0,0
2001,371341,2,1,0,0,0,0,0,0,0,0,0,0
2001,371342,0,1,0,0,0,0,0,0,0,0,0,0
2001,371342,1,1,0,0,12,0,0,0,0,0,0,0
2001,371343,1,1,0,0,0,0,0,0,0,0,0,0
2001,371344,1,1,0,0,0,0,0,0,0,0,0,0
2001,371344,2,1,0,0,0,0,0,0,0,0,0,0
2001,371345,1,1,19,19,19,19,19,19,19,19,19,19
2001,371346,1,1,0,0,0,0,0,0,0,0,0,0
2001,371346,2,1,0,0,0,0,0,0,0,0,0,0
2001,371349,1,1,0,0,0,0,0,0,0,0,0,0
2001,371349,2,1,0,0,0,0,0,0,0,0,0,0
2001,371350,1,1,0,0,0,0,0,0,0,0,0,0
2001,371351,1,1,0,0,21,0,0,20,0,0,0,0
2001,371352,1,1,0,0,0,0,0,0,0,0,0,0
2001,371352,2,1,0,0,0,0,0,0,0,0,0,0
2001,371352,3,1,16,18,10,0,21,22,21,13,7,13
2001,371353,1,1,0,0,0,0,0,0,0,0,0,0
2001,371353,2,1,0,0,0,0,20,0,22,0,23,0
2001,371354,0,1,0,0,0,0,0,0,0,0,0,0
2001,371354,1,1,27,0,0,11,3,7,17,6,0,9
2001,371355,1,1,0,0,0,0,0,0,0,0,0,0
2001,371355,2,1,0,0,0,0,0,0,0,0,0,0
2001,371356,1,1,14,6,3,14,20,4,0,13,5,10
2001,371356,2,1,0,0,0,0,0,0,0,0,0,0
2001,371357,1,1,0,34,0,0,0,0,0,0,0,0
2001,371358,1,1,0,0,0,0,0,0,0,0,0,0
2001,371358,2,1,0,0,0,22,0,0,0,0,0,0
2001,371358,3,1,0,0,0,0,0,0,0,0,0,0
2001,371359,1,1,0,0,0,0,0,0,0,0,0,0
2001,371359,2,1,0,17,0,0,0,14,0,0,0,0
2001,371360,1,1,0,0,42,0,17,0,13,0,0,0
2001,371361,1,1,0,0,0,0,0,0,0,0,0,0
2001,371361,2,1,0,0,0,0,0,0,0,0,0,0
2001,371362,1,1,0,0,0,0,0,0,0,0,0,0
2001,371362,2,1,0,0,0,0,0,0,0,0,0,0
2001,371363,1,1,19,0,0,0,0,0,0,0,0,0
2001,371363,2,1,0,0,0,16,27,0,3,0,0,0
2001,371364,1,1,0,19,12,0,6,10,0,0,0,0
2001,371364,2,1,0,0,0,0,0,0,0,0,0,0
2001,371365,1,1,0,2,0,0,0,0,0,0,0,0
2001,371366,0,1,13,0,11,0,33,22,10,14,17,22
2001,371366,1,1,0,0,0,0,0,0,0,0,0,0
2001,371367,1,1,0,0,0,0,0,0,0,0,0,0
2001,371367,2,1,0,0,0,0,0,0,0,0,0,0
2001,371368,1,1,0,0,0,0,0,0,0,0,0,10
2001,371368,2,1,0,0,0,0,0,24,0,0,0,0
2001,371370,1,1,0,0,0,0,0,0,0,0,0,0
2001,371370,2,1,0,0,0,0,0,0,0,0,0,0
2001,371372,1,1,0,0,0,0,0,0,0,0,0,0
2001,371373,1,1,0,0,14,0,0,0,0,0,0,0
2001,371374,0,1,22,48,0,29,11,13,13,22,21,11
2001,371374,1,1,0,0,0,0,0,0,0,0,0,0
2001,371375,1,1,0,0,0,0,0,0,0,0,0,0
2001,371376,1,1,0,0,0,0,0,0,0,0,0,0
2001,371376,2,1,0,0,0,0,0,0,0,0,0,0
2001,371377,1,1,0,0,0,0,0,0,0,0,0,0
2001,371377,2,1,0,0,0,0,0,0,0,0,0,0
2001,371378,1,1,0,0,0,0,0,0,0,0,0,0
2001,371379,1,1,11,8,0,0,3,17,15,10,13,19
2001,371379,2,1,0,0,0,0,0,0,0,0,0,0
2001,371380,1,1,0,0,0,0,0,0,0,0,9,0
2001,371381,0,1,0,0,0,0,0,0,0,0,0,0
2001,371381,1,1,0,0,0,0,0,0,0,0,0,0
2001,371382,0,1,14,20,17,17,18,23,0,0,24,16
2001,371382,1,1,0,0,0,0,0,0,0,0,0,0
2001,380001,1,1,0,0,0,0,0,0,0,0,0,0
2001,380001,2,1,0,0,0,19,0,0,0,0,0,0
2001,380002,1,1,0,0,0,0,0,0,0,0,0,0
2001,380002,2,1,0,0,0,0,0,0,0,0,0,0
2001,380003,1,1,0,0,0,0,0,0,0,0,0,0
2001,380003,2,1,0,0,0,0,0,0,0,0,0,0
2001,380004,1,1,0,0,0,0,0,0,0,0,0,0
2001,380004,2,1,0,0,0,0,0,0,0,0,0,0
2001,380005,1,1,11,11,11,11,11,11,11,11,11,11
2001,380006,1,1,8,8,8,8,8,8,8,8,8,8
2001,380006,2,1,0,0,0,0,0,0,0,0,0,0
2001,380007,1,1,0,0,0,0,0,0,0,0,0,0
2001,380007,2,1,11,11,11,11,11,11,11,11,11,11
2001,380008,1,1,0,0,0,0,0,0,0,0,0,0
2001,380009,1,1,25,25,25,25,25,25,25,25,25,25
2001,380010,1,1,0,0,0,0,0,0,0,0,0,0
2001,380011,1,1,0,0,0,0,0,0,0,0,0,0
2001,380012,1,1,30,30,30,30,30,30,30,30,30,30
2001,380012,2,1,0,0,0,0,0,0,0,0,0,0
2001,380013,1,1,12,12,12,12,12,12,12,12,12,12
2001,380014,1,1,25,25,25,25,25,25,25,25,25,25
2001,380015,1,1,0,0,0,0,0,0,0,0,0,0
2001,380015,2,1,21,21,21,21,21,21,21,21,21,21
2001,380016,1,1,0,0,0,0,0,0,0,0,0,0
2001,380017,1,1,0,11,0,0,21,24,16,0,0,21
2001,380018,1,1,5,5,5,5,5,5,5,5,5,5
2001,380019,1,1,0,0,0,0,0,0,0,0,0,0
2001,380020,1,1,20,20,20,20,20,20,20,20,20,20
2001,380021,1,1,0,0,0,0,0,0,0,0,0,0
2001,380022,1,1,0,0,0,0,0,0,7,0,0,0
2001,380022,2,1,20,20,20,20,20,20,20,20,20,20
2001,380023,1,1,0,0,0,0,0,0,0,0,0,0
2001,380024,1,1,0,0,0,0,0,0,0,0,0,0
2001,380024,2,1,0,0,0,0,0,0,0,0,0,0
2001,380025,1,1,1,1,1,1,1,1,1,1,1,1
2001,380026,1,1,0,0,0,0,0,0,0,0,0,0
2001,380026,2,1,0,0,0,0,0,0,0,0,0,0
2001,380027,1,1,21,21,21,21,21,21,21,21,21,21
2001,380028,1,1,1,1,1,1,1,1,1,1,1,1
2001,380029,1,1,0,0,0,0,0,0,0,0,0,0
2001,380030,1,1,0,0,0,0,0,0,0,0,0,0
2001,380031,1,1,0,0,0,0,0,0,0,0,0,0
2001,380031,2,1,0,0,0,0,0,0,0,0,0,0
2001,380032,1,1,0,0,0,0,0,0,0,0,0,0
2001,380033,1,1,0,0,0,0,0,0,0,0,0,0
2001,380034,1,1,8,8,8,8,8,8,8,8,8,8
2001,380034,2,1,0,0,0,0,0,0,0,0,0,0
2001,380035,1,1,0,0,0,0,0,0,0,0,0,0
2001,380035,2,1,0,0,0,0,0,0,0,0,0,0
2001,380036,1,1,17,17,17,17,17,17,17,17,17,17
2001,380036,2,1,15,15,15,15,15,15,15,15,15,15
2001,380037,1,1,21,21,21,21,21,21,21,21,21,21
2001,380038,1,1,19,19,19,19,19,19,19,19,19,19
2001,380038,2,1,11,11,11,11,11,11,11,11,11,11
2001,380039,1,1,0,0,0,0,0,0,0,0,0,0
2001,380039,2,1,0,0,0,0,0,0,0,0,0,0
2001,380040,1,1,20,20,20,20,20,20,20,20,20,20
2001,380041,1,1,0,0,0,0,0,0,0,0,0,0
2001,380042,1,1,0,0,0,0,0,0,7,0,0,0
2001,380042,2,1,0,0,0,0,0,0,0,9,0,0
2001,380043,1,1,18,18,18,18,18,18,18,18,18,18
2001,380043,2,1,0,0,0,0,0,0,0,0,0,0
2001,380044,0,1,0,0,0,0,0,0,0,0,0,0
2001,380044,1,1,13,19,16,5,16,0,20,16,11,12
2001,380045,1,1,0,0,0,0,0,0,0,0,0,0
2001,380045,2,1,0,0,0,0,0,0,0,0,0,0
2001,380046,1,1,0,0,0,0,0,0,0,0,0,0
2001,380046,2,1,0,0,0,0,0,0,0,0,0,0
2001,380047,1,1,0,0,0,21,11,0,0,0,0,0
2001,380047,2,1,13,13,13,13,13,13,13,13,13,13
2001,380048,1,1,0,4,24,0,0,0,0,0,14,0
2001,380049,1,1,0,0,0,0,0,0,0,0,0,0
2001,380049,2,1,23,0,0,0,0,0,0,0,0,0
2001,380050,1,1,0,0,0,0,0,0,0,0,0,0
2001,380050,2,1,0,0,0,0,0,0,0,0,0,0
2001,380051,1,1,0,0,0,0,0,0,0,0,0,0
2001,380051,2,1,2,2,2,2,2,2,2,2,2,2
2001,380052,1,1,0,0,0,0,0,0,0,0,0,0
2001,380052,2,1,0,0,0,0,0,0,0,0,0,0
2001,380053,1,1,18,18,18,18,18,18,18,18,18,18
2001,380054,0,1,20,20,20,20,20,20,20,20,20,20
2001,380054,1,1,7,7,7,7,7,7,7,7,7,7
2001,380055,1,1,0,0,0,0,0,0,0,0,0,0
2001,380055,2,1,0,0,0,0,0,0,0,0,0,0
2001,380056,1,1,24,24,24,24,24,24,24,24,24,24
2001,380057,1,1,26,26,26,26,26,26,26,26,26,26
2001,380058,1,1,11,0,0,12,0,10,0,0,0,0
2001,380058,2,1,0,15,0,0,0,0,0,0,0,0
2001,380059,1,1,0,0,0,0,0,0,0,0,0,0
2001,380060,1,1,0,0,0,0,0,0,0,0,0,0
2001,380061,1,1,0,0,0,0,0,0,0,0,0,0
2001,380061,2,1,0,0,0,0,0,0,0,0,0,0
2001,380061,3,1,0,0,0,0,0,0,0,0,0,0
2001,380062,1,1,26,26,26,26,26,26,26,26,26,26
2001,380062,2,1,0,0,0,0,0,0,0,0,0,0
2001,380063,1,1,0,0,0,0,0,0,0,0,13,0
2001,380064,1,1,0,0,0,0,0,0,0,0,0,0
2001,380064,2,1,0,0,0,0,0,0,0,0,0,0
2001,380065,1,1,1,1,1,1,1,1,1,1,1,1
2001,380065,2,1,0,0,0,0,0,0,0,0,0,0
2001,380066,1,1,12,12,12,12,12,12,12,12,12,12
2001,380067,1,1,20,20,20,20,20,20,20,20,20,20
2001,380068,1,1,0,0,0,0,0,0,0,0,0,0
2001,380068,2,1,0,0,0,0,0,0,0,0,0,0
2001,380069,1,1,0,0,0,0,0,0,0,0,0,0
2001,380070,1,1,14,14,14,14,14,14,14,14,14,14
2001,380071,1,1,0,0,0,0,0,0,0,0,0,0
2001,380072,1,1,0,0,0,0,0,0,0,0,0,0
2001,380073,1,2,22,0,24,13,9,0,18,21,9,33
2001,380074,1,1,23,23,23,23,23,23,23,23,23,23
2001,380075,1,1,0,17,0,0,0,0,0,0,0,0
2001,380075,2,1,0,0,0,0,0,0,0,0,0,0
2001,380076,0,1,0,0,0,0,0,0,0,0,0,0
2001,380076,1,1,0,0,0,0,0,0,0,0,0,0
2001,380077,1,1,0,0,0,0,0,0,0,0,0,0
2001,380078,1,1,17,17,17,17,17,17,17,17,17,17
2001,380079,1,1,0,0,0,0,0,0,0,0,0,0
2001,380080,1,1,2,2,2,2,2,2,2,2,2,2
2001,380081,1,1,22,22,22,22,22,22,22,22,22,22
2001,380082,1,1,2,0,0,36,0,36,0,0,24,15
2001,380083,1,1,0,0,0,0,0,0,0,0,0,0
2001,380083,2,1,0,0,0,0,0,0,0,8,0,0
2001,380084,1,1,0,0,0,0,14,0,0,0,0,0
2001,380085,1,1,0,0,0,0,3,0,0,0,0,0
2001,380085,2,1,0,0,0,0,0,0,0,0,0,0
2001,380085,3,1,11,0,0,0,0,0,0,0,0,0
2001,380086,1,1,11,11,11,11,11,11,11,11,11,11
2001,380087,1,1,23,23,23,23,23,23,23,23,23,23
2001,380088,1,1,20,20,20,20,20,20,20,20,20,20
2001,380089,1,1,19,19,19,19,19,19,19,19,19,19
2001,380090,1,1,16,16,16,16,16,16,16,16,16,16
2001,380091,1,1,25,25,25,25,25,25,25,25,25,25
2001,380092,1,1,24,24,24,24,24,24,24,24,24,24
2001,380093,1,1,0,0,0,0,0,0,0,0,0,0
2001,380094,1,1,17,17,17,17,17,17,17,17,17,17
2001,380095,1,1,29,29,29,29,29,29,29,29,29,29
2001,380096,1,1,17,17,17,17,17,17,17,17,17,17
2001,390001,1,1,10,10,10,10,10,10,10,10,10,10
2001,390002,1,1,34,34,34,34,34,34,34,34,34,34
2001,390002,2,1,0,0,0,0,0,0,0,0,0,0
2001,390003,1,1,21,7,10,29,11,13,7,15,4,28
2001,390004,1,1,0,0,0,0,0,0,0,0,0,0
2001,390004,2,1,0,0,0,0,0,0,0,0,0,0
2001,390004,3,1,0,0,0,28,0,0,0,0,0,0
2001,390004,4,1,0,0,0,0,0,0,0,0,0,0
2001,390004,5,1,0,0,0,0,0,0,0,0,0,0
2001,390005,1,1,0,0,0,0,0,0,0,0,0,0
2001,390006,1,1,0,0,0,0,0,0,0,0,0,0
2001,390006,2,1,0,0,0,0,0,0,0,0,0,0
2001,390006,3,1,0,0,0,0,0,0,0,0,0,0
2001,390007,0,1,1,1,1,1,1,1,1,1,1,1
2001,390007,1,1,0,0,0,0,0,0,0,0,0,0
2001,390008,1,1,23,23,23,23,23,23,23,23,23,23
2001,390009,1,1,0,0,0,0,0,0,0,0,0,0
2001,390009,2,1,0,0,0,0,0,0,0,0,0,16
2001,390010,1,1,0,0,0,0,0,0,0,0,0,0
2001,390011,1,1,0,0,0,0,0,0,0,5,0,0
2001,390011,2,1,0,0,0,0,0,0,0,0,0,0
2001,390012,1,1,3,3,3,3,3,3,3,3,3,3
2001,390012,2,1,0,0,0,0,0,0,0,0,18,0
2001,390013,1,1,11,11,11,11,11,11,11,11,11,11
2001,390013,2,1,1,1,1,1,1,1,1,1,1,1
2001,390014,1,1,0,0,0,0,0,0,0,0,0,0
2001,390014,2,1,0,0,0,0,0,0,0,0,0,0
2001,390015,1,1,18,13,0,0,18,25,23,5,0,20
2001,390015,2,1,0,0,0,0,0,0,0,0,0,0
2001,390016,1,1,0,0,0,0,0,0,0,0,0,0
2001,390017,0,1,14,14,14,14,14,14,14,14,14,14
2001,390017,0,2,0,13,0,15,0,20,19,47,0,41
2001,390017,1,1,0,0,0,0,0,0,0,0,0,0
2001,390018,1,1,0,0,0,0,0,0,0,0,0,0
2001,390018,2,1,0,0,0,0,0,0,0,0,0,0
2001,390019,0,1,22,22,22,22,22,22,22,22,22,22
2001,390019,1,1,0,0,0,0,0,0,0,0,0,0
2001,390020,1,1,0,0,0,0,0,0,0,0,0,0
2001,390020,2,1,0,0,0,0,0,0,0,0,0,0
2001,390021,1,1,0,0,0,0,0,0,0,0,0,0
2001,390021,2,1,0,0,0,0,0,0,0,0,0,0
2001,390022,1,1,0,0,0,0,0,0,0,0,0,0
2001,390022,2,1,0,24,0,0,0,0,0,0,15,0
2001,390023,1,1,0,0,0,0,0,0,0,0,0,0
2001,390023,2,1,0,0,0,0,0,0,0,0,0,0
2001,390023,3,1,0,0,0,0,0,0,0,0,0,0
2001,390024,0,1,0,0,0,0,0,0,0,0,0,0
2001,390024,1,1,0,0,0,0,0,0,0,0,0,0
2001,390025,0,1,0,0,0,0,0,0,0,0,0,0
2001,390025,1,1,0,0,0,0,0,0,0,0,0,0
2001,390026,1,1,20,20,20,20,20,20,20,20,20,20
2001,390027,1,1,0,0,0,0,0,0,0,0,0,0
2001,390027,2,1,0,0,0,0,0,0,0,0,0,0
2001,390028,1,1,0,0,0,0,0,0,0,0,0,0
2001,390029,1,1,0,0,0,0,0,0,0,0,0,0
2001,390029,2,1,0,0,0,0,0,0,14,0,0,0
2001,390030,1,1,0,0,0,0,0,0,0,0,0,0
2001,390031,1,1,0,0,0,0,0,0,0,0,0,0
2001,390031,2,1,0,0,0,0,0,0,0,0,0,0
2001,390032,1,1,22,22,22,22,22,22,22,22,22,22
2001,390033,1,1,0,0,0,0,0,0,0,0,0,0
2001,390034,1,1,13,13,13,13,13,13,13,13,13,13
2001,390035,1,1,0,0,0,0,0,0,0,0,0,0
2001,390035,2,1,0,0,0,0,0,0,0,0,0,0
2001,390036,1,1,4,4,4,4,4,4,4,4,4,4
2001,390037,1,1,15,15,15,15,15,15,15,15,15,15
2001,390038,0,1,0,0,0,0,0,0,0,0,0,0
2001,390038,1,1,0,0,0,0,0,0,0,0,0,0
2001,390039,1,1,0,0,0,0,0,0,0,0,0,0
2001,390039,2,1,0,0,0,0,0,0,0,0,0,0
2001,390040,1,1,0,0,0,0,0,0,0,0,0,0
2001,390040,2,1,0,0,0,0,0,0,0,0,0,0
2001,390041,1,1,0,0,0,0,0,0,21,0,0,0
2001,390041,2,1,0,0,0,0,0,0,0,0,0,0
2001,390042,1,1,0,0,0,0,0,0,0,0,0,0
2001,390043,1,1,0,0,0,0,0,0,0,0,0,0
2001,390043,2,1,0,0,0,0,0,0,0,0,0,0
2001,390044,1,1,20,0,0,0,0,0,11,0,0,13
2001,390045,1,1,34,34,34,34,34,34,34,34,34,34
2001,390045,2,1,0,0,0,0,0,0,0,0,0,0
2001,390046,1,1,0,0,0,0,0,0,0,0,0,0
2001,390046,2,1,0,0,0,0,0,0,0,0,0,0
2001,390047,1,1,21,21,21,21,21,21,21,21,21,21
2001,390048,1,1,0,0,0,0,0,0,0,0,0,0
2001,390048,2,1,0,0,0,0,0,0,0,0,0,0
2001,390048,3,1,0,0,0,0,0,0,0,0,0,0
2001,390049,1,1,21,21,21,21,21,21,21,21,21,21
2001,390049,2,1,0,0,0,0,0,0,0,0,0,0
2001,390049,3,1,0,0,0,0,0,0,0,0,0,0
2001,390050,1,1,0,0,0,0,0,0,0,0,0,0
2001,390050,2,1,0,0,0,0,0,0,0,0,0,0
2001,390051,1,1,14,14,14,14,14,14,14,14,14,14
2001,390052,1,1,27,0,29,0,0,0,0,9,0,0
2001,390052,2,1,0,0,0,0,0,0,0,0,0,0
2001,390053,1,1,0,0,0,0,0,0,0,0,0,0
2001,390053,2,1,0,0,0,0,0,0,0,0,0,0
2001,390054,1,1,0,0,0,0,0,0,0,0,0,0
2001,390054,2,1,0,0,0,0,0,0,0,0,0,0
2001,390055,1,1,0,0,0,0,0,0,0,0,0,0
2001,390056,1,1,0,0,0,16,0,0,0,0,0,0
2001,390056,2,1,0,0,0,0,0,0,0,0,0,0
2001,390057,0,1,40,0,0,10,0,0,11,9,0,15
2001,390057,1,1,0,0,21,0,0,0,0,0,0,4
2001,390058,1,1,12,17,13,22,17,26,8,2,15,19
2001,390059,1,1,0,0,0,0,0,0,0,0,0,0
2001,390059,2,1,0,0,0,0,0,0,0,0,0,0
2001,390060,1,1,15,15,15,15,15,15,15,15,15,15
2001,390060,2,1,0,0,0,0,0,0,0,0,0,0
2001,390061,1,1,9,9,9,9,9,9,9,9,9,9
2001,390061,2,1,0,0,0,0,0,0,0,0,0,0
2001,390062,1,1,0,0,0,0,0,0,0,20,0,0
2001,390063,1,1,0,0,0,0,0,0,0,0,0,0
2001,390064,1,1,0,0,0,0,0,0,0,0,0,0
2001,390065,1,1,0,0,0,0,0,0,0,0,0,0
2001,390065,2,1,15,15,15,15,15,15,15,15,15,15
2001,390066,0,1,0,0,0,0,0,0,0,0,0,0
2001,390066,1,1,14,0,0,0,0,0,0,0,0,0
2001,390067,1,1,9,9,9,9,9,9,9,9,9,9
2001,390068,1,1,3,3,3,3,3,3,3,3,3,3
2001,390068,2,1,0,0,13,0,0,0,0,0,0,0
2001,390069,1,1,0,0,0,0,0,0,0,0,0,0
2001,390069,2,1,0,0,0,0,21,0,0,0,0,0
2001,390070,1,1,0,0,0,0,0,0,0,0,0,0
2001,390070,2,1,0,8,0,0,5,0,0,0,0,0
2001,390071,0,1,0,0,0,0,0,0,0,0,0,0
2001,390071,1,1,0,0,0,0,0,0,2,0,0,0
2001,390072,1,1,0,0,0,0,0,0,0,0,0,0
2001,390072,2,1,0,0,0,0,0,0,0,0,0,0
2001,390072,3,1,0,0,0,0,0,0,0,0,0,0
2001,390073,1,1,0,0,0,0,0,0,0,0,0,0
2001,390074,1,1,13,13,13,13,13,13,13,13,13,13
2001,390075,1,1,19,0,0,0,0,0,0,0,0,0
2001,390075,2,1,0,0,0,0,0,0,0,0,0,0
2001,390076,1,1,0,0,0,0,0,0,0,0,0,0
2001,390076,2,1,0,0,0,0,0,0,0,0,0,0
2001,390076,3,1,8,8,8,8,8,8,8,8,8,8
2001,390077,0,1,0,0,0,0,0,0,0,0,0,11
2001,390077,1,1,0,0,0,0,0,0,0,0,27,0
2001,390078,1,1,25,25,25,25,25,25,25,25,25,25
2001,390079,1,1,0,0,0,0,0,0,0,0,0,0
2001,390079,2,1,0,0,0,0,0,0,0,0,0,0
2001,390080,0,1,14,0,9,11,9,7,0,0,13,0
2001,390080,1,1,0,0,7,31,0,17,0,0,7,9
2001,390081,1,1,0,0,0,0,0,0,0,0,0,0
2001,390081,2,1,0,0,0,0,0,0,0,0,0,0
2001,390081,3,1,0,0,0,0,0,0,0,0,0,0
2001,390082,1,1,0,0,0,0,2,12,0,13,0,0
2001,390082,2,1,0,0,0,0,0,13,0,0,0,0
2001,390082,3,1,0,0,0,0,0,0,0,0,0,0
2001,390082,4,1,0,0,0,0,0,0,0,0,0,0
2001,390083,1,1,0,0,0,0,0,0,0,0,0,0
2001,390084,1,1,0,0,0,0,0,15,0,0,0,0
2001,390084,2,1,14,0,0,0,0,0,7,0,8,0
2001,390085,2,1,0,0,0,0,0,0,0,0,0,0
2001,390086,1,1,0,0,0,0,0,0,0,0,0,0
2001,390086,2,1,0,0,0,0,0,0,0,0,0,0
2001,390087,1,1,0,0,0,0,16,0,0,0,0,0
2001,390087,2,1,0,0,0,0,0,0,0,0,0,0
2001,390088,1,1,17,17,17,17,17,17,17,17,17,17
2001,390088,2,1,4,4,4,4,4,4,4,4,4,4
2001,390088,3,1,0,4,8,19,9,14,0,0,0,9
2001,390089,1,1,30,30,30,30,30,30,30,30,30,30
2001,390090,0,1,0,0,16,16,0,0,0,0,0,0
2001,390090,1,1,0,0,0,0,0,0,0,0,0,0