YEAR,st_case,veh_no,per_no,P1,P2,P3,P4,P5,P6,P7,P8,P9,P10
2001,390091,1,1,0,0,0,0,0,0,0,0,0,0
2001,390091,2,1,0,0,0,0,0,0,0,0,0,0
2001,390091,3,1,0,14,0,0,0,0,0,0,0,0
2001,390092,1,1,22,22,22,22,22,22,22,22,22,22
2001,390093,1,1,0,0,0,0,0,0,0,0,0,0
2001,390093,2,1,0,0,0,0,0,7,0,0,0,0
2001,390094,1,1,26,26,26,26,26,26,26,26,26,26
2001,390095,1,1,34,34,34,34,34,34,34,34,34,34
2001,390096,1,1,0,0,0,0,0,0,0,0,0,0
2001,390096,2,1,0,0,0,0,0,0,0,0,0,0
2001,390097,1,1,0,0,0,0,0,0,0,0,0,0
2001,390097,2,1,0,0,0,0,0,0,0,0,0,0
2001,390098,1,1,25,25,25,25,25,25,25,25,25,25
2001,390098,2,1,20,20,20,20,20,20,20,20,20,20
2001,390099,1,1,23,23,23,23,23,23,23,23,23,23
2001,390100,1,1,18,18,18,18,18,18,18,18,18,18
2001,390100,2,1,0,0,0,0,0,0,0,0,0,0
2001,390101,1,1,0,0,0,0,0,0,0,0,0,0
2001,390102,1,1,0,0,0,0,0,0,0,0,0,0
2001,390103,1,1,0,0,0,0,0,0,0,0,0,0
2001,390103,2,1,0,0,0,0,0,0,0,0,0,0
2001,390104,1,1,22,22,22,22,22,22,22,22,22,22
2001,390105,1,1,0,0,0,0,0,0,0,0,0,0
2001,390105,2,1,0,0,0,0,0,0,0,0,0,0
2001,390106,1,1,18,18,18,18,18,18,18,18,18,18
2001,390106,2,1,0,0,0,0,14,0,0,0,0,0
2001,390106,3,1,0,0,0,0,0,0,0,0,0,0
2001,390107,1,1,14,14,14,14,14,14,14,14,14,14
2001,390108,1,1,16,16,16,16,16,16,16,16,16,16
2001,390109,1,1,0,0,0,0,0,0,0,0,0,0
2001,390110,1,1,11,11,11,11,11,11,11,11,11,11
2001,390111,1,1,3,3,3,3,3,3,3,3,3,3
2001,390112,1,1,19,19,19,19,19,19,19,19,19,19
2001,390113,0,1,0,0,0,0,0,0,0,0,0,0
2001,390113,1,1,2,2,2,2,2,2,2,2,2,2
2001,390114,0,1,0,16,13,2,10,6,0,11,25,17
2001,390114,1,1,7,0,0,0,7,13,0,0,0,0
2001,390115,1,1,22,16,15,0,0,15,0,0,11,0
2001,390115,2,1,0,0,0,0,0,0,0,0,0,0
2001,390116,1,1,0,0,0,0,0,0,0,0,0,0
2001,390116,2,1,0,0,0,0,0,0,0,0,0,0
2001,390117,1,1,0,0,0,0,0,0,0,0,0,0
2001,390117,2,1,0,0,0,0,0,0,0,0,0,0
2001,390118,1,1,0,0,0,0,0,0,0,0,0,0
2001,390119,1,1,0,0,0,0,0,0,0,0,0,0
2001,390119,2,1,0,0,0,0,0,0,0,0,8,0
2001,390120,1,1,0,0,0,0,0,0,0,0,0,0
2001,390120,2,1,0,0,0,0,0,0,0,0,0,0
2001,390120,3,1,0,0,0,0,0,0,0,0,0,0
2001,390120,4,1,0,0,0,0,0,0,0,0,0,0
2001,390121,1,1,0,0,0,0,0,0,0,0,0,8
2001,390121,2,1,0,0,0,0,0,0,16,0,0,0
2001,390121,3,1,0,0,0,0,0,0,0,0,0,0
2001,390122,1,1,0,0,0,0,0,0,0,0,0,0
2001,390123,1,1,20,20,20,20,20,20,20,20,20,20
2001,390124,1,1,37,8,12,0,0,0,0,0,0,0
2001,390125,1,1,0,0,0,0,0,0,0,0,0,0
2001,390125,2,1,6,0,0,0,0,0,0,0,0,0
2001,390125,3,1,0,0,0,0,0,0,0,0,0,0
2001,390126,1,1,0,0,0,0,14,0,0,0,0,0
2001,390127,1,1,0,0,0,0,0,0,0,0,0,0
2001,390129,1,1,0,0,0,0,0,0,0,0,0,0
2001,390130,1,1,0,0,0,0,0,0,0,0,0,0
2001,390130,2,1,0,0,0,0,0,0,0,0,0,0
2001,390131,1,1,0,0,0,0,0,0,0,0,0,0
2001,390131,2,1,0,0,0,0,0,0,0,0,0,0
2001,390132,1,1,0,0,0,0,0,0,0,0,0,0
2001,390132,2,1,0,0,0,0,0,0,0,0,0,0
2001,390133,1,1,0,0,0,0,0,0,0,0,0,0
2001,390133,2,1,0,0,0,0,0,0,0,0,0,0
2001,390133,3,1,0,0,0,0,0,0,0,0,0,0
2001,390134,1,1,8,8,8,8,8,8,8,8,8,8
2001,390135,1,1,24,24,24,24,24,24,24,24,24,24
2001,390136,1,1,0,0,0,0,0,0,0,0,33,18
2001,390136,2,1,0,0,0,0,0,0,0,0,0,0
2001,390137,1,1,29,29,29,29,29,29,29,29,29,29
2001,390138,1,1,0,0,0,0,14,20,0,0,0,0
2001,390139,0,1,0,0,0,0,0,0,0,0,0,0
2001,390139,1,1,0,0,0,0,0,0,0,0,0,0
2001,390140,1,1,11,11,11,11,11,11,11,11,11,11
2001,390140,2,1,11,11,11,11,11,11,11,11,11,11
2001,390141,0,1,0,0,0,0,0,0,0,0,19,0
2001,390141,0,2,0,0,0,0,0,0,0,0,0,0
2001,390141,1,1,0,0,0,0,0,0,0,0,0,0
2001,390142,1,1,0,0,0,0,0,0,0,0,0,0
2001,390143,1,1,0,0,0,0,0,0,0,0,0,0
2001,390143,2,1,0,0,0,0,0,0,0,0,0,0
2001,390144,1,1,0,0,0,0,0,0,0,0,0,0
2001,390145,1,1,0,0,0,30,0,23,8,0,0,0
2001,390146,1,1,29,29,29,29,29,29,29,29,29,29
2001,390147,1,1,0,0,0,0,0,0,0,0,0,29
2001,390147,2,1,17,17,17,17,17,17,17,17,17,17
2001,390147,3,1,0,0,0,0,0,0,0,0,0,0
2001,390148,1,1,24,24,24,24,24,24,24,24,24,24
2001,390148,2,1,0,0,0,0,0,0,0,0,0,0
2001,390149,1,1,12,12,12,12,12,12,12,12,12,12
2001,390149,2,1,4,4,4,4,4,4,4,4,4,4
2001,390150,1,1,0,0,0,0,23,0,0,0,0,0
2001,390151,1,1,7,7,7,7,7,7,7,7,7,7
2001,390152,1,1,18,18,18,18,18,18,18,18,18,18
2001,390153,1,1,0,0,0,0,0,0,0,0,0,0
2001,390153,2,1,0,0,0,0,0,0,0,0,0,0
2001,390153,3,1,0,0,0,0,0,0,0,0,0,0
2001,390153,4,1,0,0,0,0,0,0,0,0,0,0
2001,390154,1,1,0,0,0,0,0,0,0,0,0,0
2001,390154,2,1,3,0,0,0,5,0,0,0,0,0
2001,390155,1,1,19,19,19,19,19,19,19,19,19,19
2001,390156,1,1,0,0,0,0,0,0,0,0,0,0
2001,390157,1,1,28,28,28,28,28,28,28,28,28,28
2001,390158,1,1,0,5,0,0,0,16,0,0,17,0
2001,390158,2,1,0,0,0,0,0,0,0,0,0,0
2001,390159,1,1,10,10,10,10,10,10,10,10,10,10
2001,390160,1,1,0,0,0,0,0,0,0,0,0,0
2001,390161,1,1,0,0,0,0,0,0,0,0,0,6
2001,390162,1,1,12,12,12,12,12,12,12,12,12,12
2001,390163,1,1,3,3,3,3,3,3,3,3,3,3
2001,390163,2,1,0,0,0,0,0,0,0,0,0,0
2001,390164,1,1,0,0,0,0,0,0,0,0,0,0
2001,390164,2,1,0,0,0,0,0,0,0,0,0,0
2001,390165,1,1,0,0,0,0,0,0,0,0,0,0
2001,390166,1,1,0,0,0,0,0,0,0,0,0,0
2001,390166,2,1,0,0,0,0,0,0,0,0,0,0
2001,390167,1,1,5,5,5,5,5,5,5,5,5,5
2001,390168,1,1,0,0,0,0,0,0,0,0,0,0
2001,390169,1,1,0,0,0,0,0,0,0,0,0,0
2001,390169,2,1,0,0,0,0,0,0,19,0,0,0
2001,390169,3,1,0,0,0,0,0,0,0,0,0,0
2001,390170,1,1,0,0,0,0,0,0,9,0,0,0
2001,390171,1,1,26,26,26,26,26,26,26,26,26,26
2001,390172,1,1,17,17,17,17,17,17,17,17,17,17
2001,390173,1,1,0,0,0,0,0,0,0,0,0,0
2001,390174,1,1,0,17,0,0,14,16,0,16,0,0
2001,390175,0,1,0,0,0,0,0,0,0,0,0,0
2001,390175,1,1,1,1,1,1,1,1,1,1,1,1
2001,390176,1,1,19,19,19,19,19,19,19,19,19,19
2001,390176,2,1,0,0,0,0,0,0,0,11,0,0
2001,390177,1,1,0,0,0,0,0,0,0,0,0,0
2001,390178,1,1,0,18,0,0,0,0,0,0,0,0
2001,390178,2,1,2,2,2,2,2,2,2,2,2,2
2001,390179,1,1,17,17,17,17,17,17,17,17,17,17
2001,390180,1,1,20,20,20,20,20,20,20,20,20,20
2001,390181,1,1,4,4,4,4,4,4,4,4,4,4
2001,390182,1,1,23,23,23,23,23,23,23,23,23,23
2001,390183,1,1,0,0,0,0,0,0,0,0,0,0
2001,390183,2,1,0,0,0,0,0,0,0,0,0,0
2001,390184,1,1,12,12,12,12,12,12,12,12,12,12
2001,390185,1,1,9,9,9,9,9,9,9,9,9,9
2001,390186,1,1,0,0,0,0,0,0,0,0,0,0
2001,390186,2,1,0,0,0,0,0,0,0,0,0,0
2001,390187,1,1,5,5,5,5,5,5,5,5,5,5
2001,390188,1,1,17,17,17,17,17,17,17,17,17,17
2001,390189,1,1,26,22,15,31,16,0,21,16,11,0
2001,390190,0,1,21,21,21,21,21,21,21,21,21,21
2001,390190,1,1,6,0,0,0,0,0,0,0,0,0
2001,390191,1,1,39,0,0,0,0,0,0,0,0,0
2001,390192,1,1,21,21,21,21,21,21,21,21,21,21
2001,390193,1,1,0,0,0,0,0,0,0,0,0,0
2001,390193,2,1,0,0,0,0,0,0,0,0,0,0
2001,390194,1,1,0,0,0,0,0,0,0,0,0,0
2001,390194,2,1,0,0,0,0,0,0,0,0,0,0
2001,390195,1,1,12,12,12,12,12,12,12,12,12,12
2001,390196,1,1,16,16,16,16,16,16,16,16,16,16
2001,390197,1,1,0,0,0,0,0,0,0,0,0,0
2001,390197,2,1,0,0,0,0,0,0,0,0,0,0
2001,390198,1,1,24,24,24,24,24,24,24,24,24,24
2001,390199,1,1,0,0,0,0,0,0,0,0,0,0
2001,390200,1,1,0,0,0,0,0,0,0,0,0,0
2001,390200,2,1,0,0,0,0,0,0,0,0,0,0
2001,390201,1,1,0,0,0,0,0,0,0,0,0,0
2001,390201,2,1,0,0,0,0,0,0,0,0,0,0
2001,390202,1,1,27,27,27,27,27,27,27,27,27,27
2001,390203,1,1,0,0,0,0,9,0,0,13,0,0
2001,390204,1,1,0,0,0,0,0,0,0,0,0,0
2001,390205,1,1,1,1,1,1,1,1,1,1,1,1
2001,390206,1,1,0,0,0,0,0,0,0,0,0,0
2001,390207,1,1,0,0,0,0,0,0,0,0,0,0
2001,390207,2,1,0,0,0,0,0,0,0,0,0,0
2001,390208,1,1,0,0,0,0,0,0,0,0,0,0
2001,390208,2,1,0,0,0,11,0,0,0,0,0,12
2001,390209,1,1,13,13,13,13,13,13,13,13,13,13
2001,390210,1,1,0,0,0,0,0,0,0,0,0,0
2001,390210,2,1,0,0,0,0,0,0,0,0,0,0
2001,390211,1,1,31,31,31,31,31,31,31,31,31,31
2001,390212,1,1,0,0,0,0,0,0,0,0,0,0
2001,390213,1,1,0,0,0,0,0,0,0,0,0,0
2001,390213,2,1,0,0,0,0,0,0,0,0,0,0
2001,390214,1,1,0,0,0,0,0,0,0,0,0,0
2001,390214,2,1,38,38,38,38,38,38,38,38,38,38
2001,390215,1,1,0,0,0,0,0,4,0,0,0,0
2001,390215,2,1,11,11,11,11,11,11,11,11,11,11
2001,390216,1,1,0,0,0,17,0,0,0,0,0,0
2001,390216,2,1,0,0,0,0,0,0,0,0,0,0
2001,390217,1,1,0,0,0,0,0,0,0,0,0,0
2001,390218,1,1,0,0,0,0,0,0,0,0,0,0
2001,390218,2,1,0,0,0,0,22,18,0,0,0,0
2001,390219,1,1,10,10,10,10,10,10,10,10,10,10
2001,390219,2,1,0,0,0,0,0,0,0,0,0,0
2001,390220,1,1,19,19,19,19,19,19,19,19,19,19
2001,390221,1,1,0,0,0,0,0,0,0,0,0,0
2001,390221,2,1,0,0,0,0,0,0,0,0,0,0
2001,390222,1,1,0,0,0,0,0,0,0,0,0,0
2001,390222,2,1,0,0,0,0,0,0,0,0,0,0
2001,390223,1,1,0,0,0,0,0,0,0,0,0,0
2001,390224,1,1,0,0,0,0,0,0,0,0,0,0
2001,390225,1,1,0,0,0,0,0,0,0,0,0,0
2001,390226,1,1,0,0,0,0,0,0,0,0,0,0
2001,390226,2,1,0,0,0,0,0,0,0,0,0,0
2001,390227,1,1,11,11,11,11,11,11,11,11,11,11
2001,390227,2,1,0,0,0,0,26,0,0,0,0,0
2001,390227,3,1,0,0,0,0,0,0,0,0,0,0
2001,390228,1,1,24,24,24,24,24,24,24,24,24,24
2001,390229,1,1,0,0,0,0,0,0,0,0,0,0
2001,390230,1,1,19,19,19,19,19,19,19,19,19,19
2001,390231,1,1,0,0,0,0,0,0,0,0,0,0
2001,390232,1,1,27,27,27,27,27,27,27,27,27,27
2001,390233,1,1,0,0,0,0,0,0,0,0,0,0
2001,390233,2,1,0,0,0,0,0,0,0,0,0,0
2001,390234,1,1,19,19,19,19,19,19,19,19,19,19
2001,390235,1,1,0,0,0,0,0,0,0,0,0,0
2001,390235,2,1,0,0,0,0,0,0,0,0,0,0
2001,390235,3,1,0,0,0,0,0,0,0,0,0,0
2001,390236,1,1,0,0,0,0,0,0,0,0,0,0
2001,390236,2,1,19,19,19,19,19,19,19,19,19,19
2001,390237,0,1,0,0,30,20,34,13,0,0,0,0
2001,390237,1,1,0,15,0,0,0,0,0,0,0,0
2001,390237,2,1,0,0,0,0,0,0,0,29,0,0
2001,390238,1,1,28,5,30,17,10,28,22,4,17,13
2001,390239,0,1,0,0,0,0,0,0,0,0,0,0
2001,390239,1,1,0,0,0,0,0,0,0,0,0,0
2001,390240,0,1,0,0,27,0,0,0,0,0,0,0
2001,390240,1,1,3,3,3,3,3,3,3,3,3,3
2001,390240,2,1,0,0,0,0,0,0,0,0,0,0
2001,390241,1,1,0,0,0,0,0,0,0,0,0,0
2001,390242,1,1,0,0,0,0,0,0,0,0,0,0
2001,390242,2,1,0,0,0,0,0,0,0,0,0,0
2001,390243,0,1,0,0,0,0,0,0,0,0,0,0
2001,390243,1,1,0,0,0,0,0,0,0,0,0,0
2001,390244,1,1,0,0,0,0,0,0,0,0,0,0
2001,390244,2,1,0,0,0,0,0,0,0,0,0,0
2001,390245,1,1,16,16,16,16,16,16,16,16,16,16
2001,390246,1,1,0,0,0,0,0,0,0,0,0,0
2001,390246,2,1,0,0,0,0,0,0,0,0,0,0
2001,390247,1,1,4,4,4,4,4,4,4,4,4,4
2001,390248,1,1,0,0,0,0,0,0,0,0,0,0
2001,390249,1,1,0,0,0,0,0,0,0,0,0,0
2001,390249,2,1,3,3,3,3,3,3,3,3,3,3
2001,390250,1,1,11,11,11,11,11,11,11,11,11,11
2001,390251,1,1,0,0,0,0,0,0,0,0,0,0
2001,390252,1,1,0,0,0,0,0,0,0,0,0,0
2001,390253,1,1,0,0,0,0,0,0,0,0,0,0
2001,390253,2,1,0,0,0,0,0,0,0,0,0,0
2001,390254,1,1,18,18,18,18,18,18,18,18,18,18
2001,390255,1,1,0,0,0,0,0,0,0,0,0,0
2001,390255,2,1,0,0,0,0,0,0,0,0,0,0
2001,390256,1,1,0,0,0,0,0,0,0,0,0,0
2001,390256,2,1,0,0,0,0,0,0,0,0,0,0
2001,390257,1,1,0,0,0,0,0,0,0,0,0,0
2001,390257,2,1,0,0,0,0,0,0,0,0,0,0
2001,390257,3,1,0,0,0,0,0,0,0,0,0,0
2001,390258,1,1,0,0,0,0,0,0,0,0,0,0
2001,390258,2,1,0,0,0,0,0,0,0,0,14,0
2001,390259,1,1,19,19,19,19,19,19,19,19,19,19
2001,390260,0,1,0,0,0,0,0,0,0,0,0,0
2001,390260,1,1,0,0,0,0,0,0,0,16,0,0
2001,390261,1,1,0,0,0,0,0,0,0,0,0,0
2001,390261,2,1,0,0,0,0,0,0,0,0,0,0
2001,390262,1,1,0,0,0,0,0,0,0,0,0,0
2001,390262,2,1,0,0,0,0,0,0,0,0,0,0
2001,390263,1,1,10,10,10,10,10,10,10,10,10,10
2001,390264,1,1,2,2,2,2,2,2,2,2,2,2
2001,390265,1,1,0,0,0,0,0,0,0,0,0,0
2001,390266,1,1,0,0,0,0,0,0,0,0,0,0
2001,390266,2,1,0,6,8,15,18,24,0,18,4,0
2001,390267,0,1,34,19,11,30,25,7,0,28,27,16
2001,390267,1,1,0,0,0,0,0,0,0,0,0,0
2001,390268,0,1,0,0,0,0,12,0,0,0,0,0
2001,390268,2,1,0,21,0,0,0,0,0,0,0,0
2001,390268,3,1,0,15,0,0,0,0,0,15,0,0
2001,390268,4,1,0,0,0,0,0,0,0,0,0,0
2001,390268,5,1,0,0,0,0,0,0,0,0,0,0
2001,390268,6,1,0,0,0,0,0,0,0,0,0,0
2001,390269,1,1,0,0,0,0,0,0,0,0,0,0
2001,390269,2,1,0,0,0,0,0,0,0,0,0,0
2001,390270,1,1,15,15,15,15,15,15,15,15,15,15
2001,390271,1,1,0,0,0,0,0,0,0,0,0,0
2001,390272,1,1,23,23,23,23,23,23,23,23,23,23
2001,390273,1,1,30,30,30,30,30,30,30,30,30,30
2001,390274,1,1,0,0,0,0,0,0,0,0,0,0
2001,390274,2,1,0,0,0,0,0,0,0,0,0,0
2001,390274,3,1,0,0,0,0,0,0,0,0,0,0
2001,390275,1,1,1,1,1,1,1,1,1,1,1,1
2001,390275,2,1,0,0,0,0,0,0,0,0,0,0
2001,390275,3,1,0,0,0,14,1,0,10,0,0,6
2001,390276,1,1,23,23,23,23,23,23,23,23,23,23
2001,390277,1,1,0,26,0,6,0,0,0,0,0,0
2001,390277,2,1,0,0,0,0,0,13,0,0,0,0
2001,390277,3,1,0,0,0,0,0,0,0,0,0,0
2001,390278,1,1,24,24,24,24,24,24,24,24,24,24
2001,390279,1,1,13,13,13,13,13,13,13,13,13,13
2001,390280,0,1,23,23,23,23,23,23,23,23,23,23
2001,390280,1,1,0,0,0,0,0,0,0,0,0,0
2001,390281,1,1,0,0,0,0,0,0,0,0,0,0
2001,390281,2,1,0,0,0,14,0,0,0,0,0,0
2001,390282,1,1,16,16,16,16,16,16,16,16,16,16
2001,390283,1,1,11,0,0,0,0,0,0,0,0,9
2001,390283,2,1,0,0,0,0,0,0,0,0,0,0
2001,390284,1,1,0,0,0,0,0,0,0,0,0,0
2001,390284,2,1,1,1,1,1,1,1,1,1,1,1
2001,390285,1,1,26,26,26,26,26,26,26,26,26,26
2001,390286,0,1,3,3,3,3,3,3,3,3,3,3
2001,390286,1,1,0,0,0,0,0,0,0,0,0,0
2001,390287,1,1,18,18,18,18,18,18,18,18,18,18
2001,390288,1,1,18,18,18,18,18,18,18,18,18,18
2001,390288,2,1,0,0,0,0,0,0,0,0,0,0
2001,390289,1,1,0,0,0,0,0,0,0,0,0,0
2001,390290,1,1,0,0,0,0,0,0,0,0,0,0
2001,390290,2,1,0,0,0,0,0,0,0,0,0,0
2001,390291,1,1,0,0,0,0,0,0,0,0,0,0
2001,390291,2,1,0,0,0,0,0,0,0,0,0,0
2001,390292,1,1,13,13,13,13,13,13,13,13,13,13
2001,390293,1,1,0,0,0,0,0,0,0,0,0,0
2001,390293,2,1,0,0,0,3,0,16,15,0,0,0
2001,390294,1,1,14,14,14,14,14,14,14,14,14,14
2001,390295,1,1,26,26,26,26,26,26,26,26,26,26
2001,390296,1,1,19,19,19,19,19,19,19,19,19,19
2001,390297,1,1,14,0,0,0,16,0,0,0,0,0
2001,390297,2,1,17,17,17,17,17,17,17,17,17,17
2001,390298,1,1,22,22,22,22,22,22,22,22,22,22
2001,390299,1,1,0,0,0,0,0,0,0,0,0,0
2001,390299,2,1,10,10,10,10,10,10,10,10,10,10
2001,390300,1,1,20,20,20,20,20,20,20,20,20,20
2001,390300,2,1,0,0,0,0,0,0,0,0,0,0
2001,390301,1,1,0,0,0,0,0,0,0,0,0,0
2001,390301,2,1,0,0,0,0,0,0,0,0,0,0
2001,390302,1,1,0,16,0,0,0,0,0,17,0,0
2001,390303,1,1,3,3,3,3,3,3,3,3,3,3
2001,390303,2,1,9,0,0,0,0,0,0,0,0,0
2001,390304,1,1,0,0,0,0,0,0,0,0,0,0
2001,390304,2,1,0,0,0,0,0,0,0,0,0,0
2001,390305,1,1,0,0,0,0,2,0,0,0,0,0
2001,390306,1,1,0,0,0,0,0,0,0,0,0,0
2001,390306,2,1,0,0,0,0,0,0,0,0,0,0
2001,390307,0,1,0,21,16,24,28,0,0,0,0,0
2001,390307,1,1,16,0,17,16,13,4,0,14,0,5
2001,390308,1,1,17,17,17,17,17,17,17,17,17,17
2001,390309,1,1,5,5,5,5,5,5,5,5,5,5
2001,390310,1,1,0,0,0,0,0,0,0,0,0,0
2001,390310,2,1,0,0,0,0,0,0,0,0,0,0
2001,390311,1,1,0,0,0,0,0,0,0,0,0,0
2001,390311,2,1,0,0,0,0,0,0,0,0,0,0
2001,390312,1,1,0,0,0,0,0,0,0,0,0,0
2001,390312,2,1,0,0,0,0,0,0,0,0,0,0
2001,390313,1,1,19,19,19,19,19,19,19,19,19,19
2001,390313,2,1,0,0,0,0,0,0,0,0,0,0
2001,390314,0,1,10,0,26,24,27,40,0,15,15,0
2001,390314,1,1,0,0,0,0,0,0,0,0,0,0
2001,390315,1,1,0,0,0,0,0,0,4,0,0,0
2001,390315,2,1,30,30,30,30,30,30,30,30,30,30
2001,390316,1,1,16,16,16,16,16,16,16,16,16,16
2001,390317,1,1,0,0,0,0,0,0,0,0,0,0
2001,390317,2,1,0,0,0,0,0,0,0,0,0,0
2001,390318,1,1,0,0,0,0,0,0,0,0,0,0
2001,390318,2,1,0,0,0,0,5,0,0,0,0,0
2001,390319,1,1,0,0,0,0,0,0,0,0,0,0
2001,390319,2,1,0,0,0,0,0,8,0,0,0,0
2001,390320,1,1,18,18,18,18,18,18,18,18,18,18
2001,390321,0,1,30,30,30,30,30,30,30,30,30,30
2001,390321,1,1,0,0,0,0,0,0,0,0,5,0
2001,390322,1,1,20,20,20,20,20,20,20,20,20,20
2001,390323,1,1,24,8,5,0,13,11,0,0,8,0
2001,390323,2,1,15,15,15,15,15,15,15,15,15,15
2001,390324,1,1,0,0,0,0,0,0,0,0,0,0
2001,390325,1,1,0,0,0,0,0,0,0,0,0,0
2001,390326,1,1,0,0,0,0,0,0,0,0,0,0
2001,390326,2,1,0,0,0,0,0,0,0,0,0,0
2001,390326,3,1,0,0,0,0,0,0,0,0,0,0
2001,390326,4,1,0,0,0,0,0,0,0,0,0,0
2001,390326,5,1,0,0,0,0,0,0,0,0,0,0
2001,390327,1,1,0,0,0,0,0,0,0,0,0,0
2001,390327,2,1,0,0,0,0,0,0,0,0,0,0
2001,390328,1,1,0,0,0,0,0,0,0,0,0,0
2001,390328,2,1,0,0,0,0,0,0,0,0,0,0
2001,390329,1,1,16,16,16,16,16,16,16,16,16,16
2001,390330,1,1,0,0,0,0,0,0,0,0,0,0
2001,390331,1,1,26,0,12,0,16,0,7,21,0,15
2001,390331,2,1,0,0,0,0,0,0,0,0,0,0
2001,390332,1,1,0,0,0,0,0,0,0,0,0,0
2001,390332,2,1,0,0,0,0,0,0,0,0,16,0
2001,390333,1,1,0,0,0,0,0,0,0,0,0,0
2001,390333,2,1,16,16,16,16,16,16,16,16,16,16
2001,390334,0,1,35,4,22,23,30,26,21,24,15,24
2001,390334,1,1,0,0,0,0,0,0,0,12,0,0
2001,390335,1,1,0,0,0,0,0,0,0,0,0,0
2001,390335,2,1,20,20,20,20,20,20,20,20,20,20
2001,390336,1,1,0,0,0,0,0,0,0,0,0,0
2001,390336,2,1,0,0,0,0,0,0,0,0,0,0
2001,390337,0,1,0,0,0,0,0,0,0,0,0,0
2001,390337,1,1,0,6,24,0,0,0,0,0,0,0
2001,390338,1,1,26,26,26,26,26,26,26,26,26,26
2001,390338,2,1,24,24,24,24,24,24,24,24,24,24
2001,390339,1,1,2,2,2,2,2,2,2,2,2,2
2001,390340,1,1,0,0,0,0,0,0,0,0,0,0
2001,390340,2,1,0,0,0,0,0,0,0,0,0,0
2001,390341,0,1,0,0,0,0,0,0,0,0,0,0
2001,390341,1,1,0,0,0,0,0,0,0,0,0,0
2001,390342,1,1,16,16,16,16,16,16,16,16,16,16
2001,390342,2,1,0,0,0,0,0,0,0,0,0,0
2001,390343,1,1,17,17,17,17,17,17,17,17,17,17
2001,390343,2,1,0,0,0,0,0,0,0,0,0,0
2001,390344,1,1,0,0,0,0,0,0,0,0,0,0
2001,390345,1,1,26,26,26,26,26,26,26,26,26,26
2001,390345,2,1,18,0,0,0,18,10,0,0,0,0
2001,390346,1,1,0,0,0,0,0,0,0,0,0,0
2001,390346,2,1,0,0,0,0,0,0,0,0,0,0
2001,390347,1,1,0,0,0,0,0,0,0,0,0,0
2001,390347,2,1,0,0,10,0,5,0,0,5,0,15
2001,390348,1,1,21,21,21,21,21,21,21,21,21,21
2001,390349,1,1,0,23,0,0,0,0,0,16,0,0
2001,390349,2,1,7,0,0,0,0,0,16,0,0,0
2001,390350,1,1,0,0,0,3,0,0,0,12,0,0
2001,390350,2,1,17,0,0,0,9,0,0,12,0,16
2001,390350,3,1,0,0,0,0,0,0,0,0,0,0
2001,390351,1,1,12,12,12,12,12,12,12,12,12,12
2001,390352,1,1,10,17,0,0,20,0,21,0,20,11
2001,390353,0,1,0,0,0,13,0,0,0,0,0,0
2001,390353,1,1,0,0,0,0,0,0,0,0,0,0
2001,390354,1,1,32,32,32,32,32,32,32,32,32,32
2001,390355,1,1,0,0,0,0,0,0,0,0,0,0
2001,390356,1,1,24,24,24,24,24,24,24,24,24,24
2001,390357,1,1,0,0,0,0,0,0,0,0,0,0
2001,390357,2,1,0,0,0,0,0,0,0,0,0,0
2001,390358,1,1,0,0,0,0,0,0,0,0,0,0
2001,390358,2,1,0,0,0,0,0,0,0,0,0,0
2001,390359,1,1,36,36,36,36,36,36,36,36,36,36
2001,390360,1,1,0,0,0,0,0,0,0,0,0,0
2001,390360,2,1,0,0,0,10,0,0,0,0,0,0
2001,390361,1,1,0,0,0,0,0,0,0,0,0,0
2001,390362,1,1,16,16,16,16,16,16,16,16,16,16
2001,390362,2,1,0,0,0,0,0,0,0,0,0,0
2001,390363,1,1,25,25,25,25,25,25,25,25,25,25
2001,390364,1,1,0,0,0,0,0,0,0,0,0,0
2001,390365,1,1,10,10,10,10,10,10,10,10,10,10
2001,390366,1,1,0,0,0,0,0,0,0,0,0,0
2001,390366,2,1,0,0,0,0,0,0,0,0,0,0
2001,390367,0,1,0,0,0,0,0,0,0,0,0,0
2001,390367,0,2,17,0,0,0,0,0,10,0,0,36
2001,390367,1,1,0,0,0,0,0,0,0,0,0,0
2001,390368,1,1,0,0,0,0,0,0,0,0,0,0
2001,390368,2,1,0,0,0,0,0,0,0,0,0,0
2001,390369,1,1,0,0,0,0,0,0,0,0,0,0
2001,390369,2,1,0,0,0,0,0,0,0,0,0,0
2001,390370,1,1,0,0,0,0,0,0,0,0,0,0
2001,390370,2,1,0,0,0,0,0,0,0,0,0,0
2001,390371,1,1,25,25,25,25,25,25,25,25,25,25