YEAR,st_case,veh_no,per_no,P1,P2,P3,P4,P5,P6,P7,P8,P9,P10
2001,390660,1,1,23,23,23,23,23,23,23,23,23,23
2001,390661,1,1,0,0,0,0,0,0,0,0,0,0
2001,390661,2,1,0,0,0,0,0,0,0,0,0,0
2001,390662,1,1,0,0,0,0,0,0,0,0,0,0
2001,390662,2,1,0,0,0,0,0,0,0,0,0,0
2001,390663,1,1,14,0,0,0,0,22,0,0,18,0
2001,390663,2,1,3,0,0,0,0,13,0,0,7,15
2001,390664,1,1,12,12,12,12,12,12,12,12,12,12
2001,390665,1,1,0,0,0,0,0,0,0,0,0,0
2001,390665,2,1,0,0,0,0,0,0,0,0,0,0
2001,390666,0,1,0,0,0,0,0,0,0,23,0,0
2001,390666,1,1,0,0,0,0,0,0,0,0,0,0
2001,390667,1,1,24,24,24,24,24,24,24,24,24,24
2001,390668,1,1,0,0,0,0,0,0,0,0,0,0
2001,390669,1,1,7,7,7,7,7,7,7,7,7,7
2001,390670,0,1,0,0,0,0,0,0,0,0,0,0
2001,390670,1,1,0,0,0,0,0,0,0,0,0,0
2001,390671,1,1,9,9,9,9,9,9,9,9,9,9
2001,390672,1,1,33,33,33,33,33,33,33,33,33,33
2001,390673,1,1,30,30,30,30,30,30,30,30,30,30
2001,390674,1,1,1,1,1,1,1,1,1,1,1,1
2001,390675,0,1,32,14,27,0,23,0,36,0,0,0
2001,390675,1,1,23,0,18,0,0,19,0,0,0,0
2001,390676,1,1,0,0,0,0,0,0,0,0,0,0
2001,390677,1,1,0,0,0,0,0,0,0,0,0,0
2001,390677,2,1,0,0,0,0,0,0,0,0,0,0
2001,390678,1,1,0,0,0,0,0,0,0,0,0,0
2001,390679,1,1,15,15,15,15,15,15,15,15,15,15
2001,390680,1,1,3,3,3,3,3,3,3,3,3,3
2001,390681,1,1,0,0,0,0,0,0,0,0,0,0
2001,390682,1,1,0,0,0,0,0,0,0,0,0,0
2001,390682,2,1,0,0,0,0,0,0,0,0,0,0
2001,390683,1,1,13,13,13,13,13,13,13,13,13,13
2001,390684,1,1,16,16,16,16,16,16,16,16,16,16
2001,390685,1,1,11,11,11,11,11,11,11,11,11,11
2001,390686,1,1,23,23,23,23,23,23,23,23,23,23
2001,390687,1,1,19,19,19,19,19,19,19,19,19,19
2001,390688,1,1,0,0,0,0,0,0,0,0,0,0
2001,390688,2,1,0,0,0,0,0,0,0,0,0,0
2001,390689,1,1,11,11,11,11,11,11,11,11,11,11
2001,390689,2,1,0,0,0,0,0,0,11,3,0,0
2001,390690,1,1,0,0,0,0,0,0,0,0,0,0
2001,390690,2,1,0,0,0,0,0,0,0,0,0,0
2001,390690,3,1,7,7,7,7,7,7,7,7,7,7
2001,390691,1,1,20,20,20,20,20,20,20,20,20,20
2001,390691,2,1,5,5,5,5,5,5,5,5,5,5
2001,390691,3,1,0,0,0,0,0,0,0,0,0,0
2001,390692,1,1,0,0,0,0,0,0,0,0,0,0
2001,390692,2,1,4,21,7,14,11,7,26,10,6,11
2001,390693,1,1,0,0,0,0,0,0,0,0,0,0
2001,390694,1,1,0,0,0,0,0,0,0,0,0,0
2001,390694,2,1,0,0,0,0,0,0,0,0,0,0
2001,390695,1,1,0,0,0,0,0,0,0,0,0,0
2001,390695,2,1,0,0,0,0,0,0,0,0,0,0
2001,390696,1,1,0,0,0,0,0,0,0,0,0,0
2001,390697,1,1,0,0,0,0,0,0,0,0,0,0
2001,390698,1,1,12,10,10,0,22,13,0,4,26,16
2001,390698,2,1,0,0,0,0,0,0,31,0,0,0
2001,390699,1,1,12,12,12,12,12,12,12,12,12,12
2001,390700,1,1,0,0,0,0,0,0,0,0,0,0
2001,390701,1,1,0,0,0,0,0,0,0,0,0,0
2001,390701,2,1,0,0,0,0,0,0,0,0,0,0
2001,390702,1,1,0,0,0,0,0,0,0,0,0,0
2001,390702,2,1,0,0,0,0,0,0,0,0,0,0
2001,390703,1,1,0,0,0,0,0,0,0,0,0,0
2001,390704,0,1,20,20,20,20,20,20,20,20,20,20
2001,390704,1,1,2,2,2,2,2,2,2,2,2,2
2001,390705,1,1,16,15,3,13,5,8,10,4,21,0
2001,390706,1,1,0,0,0,0,0,0,0,0,0,0
2001,390707,0,1,26,26,26,26,26,26,26,26,26,26
2001,390707,1,1,0,0,0,0,0,0,0,0,0,0
2001,390708,1,1,11,11,11,11,11,11,11,11,11,11
2001,390709,1,1,12,0,32,15,25,32,13,14,30,23
2001,390710,1,1,13,13,13,13,13,13,13,13,13,13
2001,390711,1,1,3,0,0,0,0,0,0,0,0,0
2001,390711,2,1,0,32,0,0,0,0,0,0,0,19
2001,390712,1,1,0,0,0,0,0,0,0,0,0,0
2001,390713,1,1,0,0,0,0,0,0,0,0,0,0
2001,390714,1,1,0,27,0,0,0,0,0,24,0,0
2001,390714,2,1,0,0,0,0,0,0,0,19,0,0
2001,390715,1,1,0,0,0,0,0,0,0,0,0,0
2001,390715,2,1,0,0,0,0,0,0,0,0,0,0
2001,390716,1,1,20,8,0,0,0,0,0,0,0,0
2001,390717,1,1,0,0,0,0,0,0,0,0,0,0
2001,390717,2,1,0,0,0,0,0,0,0,0,0,0
2001,390718,1,1,17,17,17,17,17,17,17,17,17,17
2001,390719,1,1,23,23,23,23,23,23,23,23,23,23
2001,390720,1,1,4,4,4,4,4,4,4,4,4,4
2001,390721,1,1,26,26,26,26,26,26,26,26,26,26
2001,390722,1,1,5,5,5,5,5,5,5,5,5,5
2001,390723,1,1,0,0,0,0,0,0,0,0,0,0
2001,390724,1,1,25,25,25,25,25,25,25,25,25,25
2001,390725,1,1,0,0,0,0,0,0,0,0,0,0
2001,390725,2,1,0,0,0,0,0,0,0,0,0,0
2001,390725,3,1,0,0,0,0,0,0,0,0,0,0
2001,390726,1,1,0,0,0,0,0,0,0,0,0,0
2001,390726,2,1,0,0,0,0,0,0,0,0,0,0
2001,390726,3,1,0,0,0,0,0,0,10,0,0,0
2001,390727,1,1,0,0,0,0,0,0,0,0,0,0
2001,390727,2,1,0,0,0,0,0,0,0,0,0,0
2001,390728,1,1,2,2,2,2,2,2,2,2,2,2
2001,390729,1,1,0,6,15,24,11,12,13,16,16,8
2001,390730,1,1,25,25,25,25,25,25,25,25,25,25
2001,390731,1,1,4,4,4,4,4,4,4,4,4,4
2001,390732,1,1,0,0,0,0,0,0,0,0,0,0
2001,390732,2,1,0,0,0,0,0,0,0,0,0,0
2001,390732,3,1,0,0,0,0,0,0,0,0,0,0
2001,390733,1,1,0,0,0,0,0,0,0,0,0,0
2001,390734,1,1,0,0,0,0,0,0,0,0,0,0
2001,390735,1,1,5,5,5,5,5,5,5,5,5,5
2001,390736,1,1,22,22,22,22,22,22,22,22,22,22
2001,390737,1,1,0,0,0,0,0,0,0,0,0,0
2001,390738,1,1,0,0,0,0,0,0,0,0,0,0
2001,390738,2,1,0,0,0,0,0,0,0,0,0,0
2001,390739,0,1,20,20,20,20,20,20,20,20,20,20
2001,390739,1,1,0,0,0,0,0,0,0,0,0,0
2001,390740,1,1,13,11,12,29,22,6,5,10,14,14
2001,390741,1,1,0,0,0,0,0,0,0,0,0,0
2001,390741,2,1,0,0,0,0,0,0,0,0,0,4
2001,390742,1,1,41,41,41,41,41,41,41,41,41,41
2001,390743,1,1,0,0,0,10,0,0,0,0,0,0
2001,390743,2,1,0,0,0,0,0,0,0,0,0,0
2001,390744,1,1,0,0,0,0,0,0,0,0,0,0
2001,390744,2,1,0,0,0,0,0,0,0,0,0,0
2001,390745,1,1,0,0,0,0,0,0,0,0,0,0
2001,390745,2,1,0,0,0,0,0,0,0,0,0,0
2001,390746,1,1,0,0,0,0,0,0,0,0,0,0
2001,390746,2,1,0,0,0,0,0,0,0,0,0,0
2001,390747,1,1,0,0,0,0,0,0,0,0,0,0
2001,390747,2,1,0,0,0,0,0,0,0,0,0,0
2001,390748,1,1,0,0,0,0,0,0,0,0,0,0
2001,390748,2,1,0,0,0,0,0,0,0,0,0,0
2001,390748,3,1,0,0,0,0,0,0,0,0,0,0
2001,390749,1,1,0,0,0,0,0,0,0,0,0,0
2001,390749,2,1,0,0,0,0,0,0,0,0,0,0
2001,390750,1,1,0,0,0,0,0,0,0,0,0,0
2001,390750,2,1,0,0,0,0,0,0,0,0,0,0
2001,390751,1,1,0,0,0,0,0,0,0,0,0,0
2001,390751,2,1,0,0,0,0,0,0,0,0,0,0
2001,390752,0,1,0,0,0,0,0,0,0,0,0,0
2001,390752,0,2,0,0,0,0,0,0,0,0,0,0
2001,390752,2,1,24,14,15,15,12,14,15,17,12,10
2001,390752,3,1,0,0,0,0,0,0,0,0,0,0
2001,390753,1,1,7,7,7,7,7,7,7,7,7,7
2001,390754,1,1,0,0,0,12,0,0,0,0,0,0
2001,390754,2,1,0,0,0,0,0,0,0,0,0,0
2001,390755,1,1,0,0,0,0,0,0,0,0,0,0
2001,390755,2,1,0,0,0,0,0,0,0,0,0,0
2001,390756,1,1,0,0,0,0,0,15,0,0,0,0
2001,390756,2,1,0,0,0,0,0,0,0,0,0,0
2001,390757,1,1,8,8,8,8,8,8,8,8,8,8
2001,390758,1,1,16,16,16,16,16,16,16,16,16,16
2001,390758,2,1,0,0,0,0,0,0,0,0,0,0
2001,390759,1,1,1,1,1,1,1,1,1,1,1,1
2001,390759,2,1,0,0,0,0,0,0,0,0,0,0
2001,390760,0,1,11,21,12,15,4,19,17,18,17,0
2001,390760,1,1,6,0,0,0,0,0,0,0,0,0
2001,390761,1,1,26,26,26,26,26,26,26,26,26,26
2001,390762,1,1,0,0,0,0,0,0,0,0,0,0
2001,390762,2,1,0,0,0,0,0,0,0,0,0,0
2001,390763,1,1,0,0,0,0,0,0,0,0,0,0
2001,390763,2,1,0,0,0,0,0,0,0,0,0,0
2001,390763,3,1,0,0,0,0,0,0,0,0,0,0
2001,390764,1,1,0,0,0,0,0,0,0,0,0,0
2001,390765,1,1,16,16,16,16,16,16,16,16,16,16
2001,390766,1,1,0,0,0,0,0,0,0,0,0,0
2001,390767,1,1,0,0,0,0,0,0,0,0,0,0
2001,390767,2,1,0,0,0,0,0,0,0,0,0,0
2001,390768,1,1,0,0,0,0,0,0,0,0,0,0
2001,390768,2,1,0,0,0,0,0,0,0,0,0,0
2001,390768,3,1,0,0,0,0,0,0,0,0,0,0
2001,390769,1,1,14,14,14,14,14,14,14,14,14,14
2001,390770,1,1,15,15,15,15,15,15,15,15,15,15
2001,390771,1,1,14,14,14,14,14,14,14,14,14,14
2001,390772,1,1,16,0,0,0,18,0,0,0,0,0
2001,390773,1,1,21,21,21,21,21,21,21,21,21,21
2001,390773,2,1,0,0,0,35,0,0,0,17,8,0
2001,390774,1,1,0,20,0,10,0,0,0,7,11,12
2001,390775,0,1,0,0,0,0,0,0,0,0,0,0
2001,390775,1,1,0,0,0,0,0,0,0,0,0,0
2001,390776,1,1,0,0,0,0,0,0,0,0,0,0
2001,390776,2,1,0,0,0,0,0,0,0,0,0,0
2001,390777,1,1,0,0,0,0,0,0,0,0,0,0
2001,390778,1,1,9,9,9,9,9,9,9,9,9,9
2001,390778,2,1,0,0,0,0,0,0,0,0,0,0
2001,390779,1,1,1,1,1,1,1,1,1,1,1,1
2001,390780,1,1,0,0,0,0,0,0,0,0,0,0
2001,390780,2,1,0,0,0,0,0,0,0,0,0,12
2001,390781,1,1,0,0,0,0,0,0,0,0,0,0
2001,390781,2,1,0,0,0,0,0,0,0,0,0,0
2001,390782,1,1,0,0,0,0,0,0,0,0,0,0
2001,390783,1,1,0,0,0,0,0,0,0,0,0,0
2001,390784,1,1,18,18,18,18,18,18,18,18,18,18
2001,390785,1,1,13,13,13,13,13,13,13,13,13,13
2001,390785,2,1,0,15,0,0,0,0,0,2,0,0
2001,390786,1,1,0,0,0,0,0,0,0,0,0,0
2001,390787,1,1,0,0,0,0,0,0,0,0,0,0
2001,390787,2,1,0,0,0,0,0,0,0,0,0,0
2001,390788,1,1,0,0,0,0,0,0,0,0,0,0
2001,390789,1,1,0,0,0,0,0,0,0,0,0,0
2001,390790,1,1,0,0,0,0,0,0,0,0,0,0
2001,390791,1,1,0,0,0,0,0,0,0,0,0,0
2001,390791,2,1,25,0,5,0,0,0,0,0,22,0
2001,390792,1,1,2,2,2,2,2,2,2,2,2,2
2001,390793,1,1,0,0,0,0,0,0,0,0,0,0
2001,390793,2,1,0,0,0,0,0,0,0,0,0,0
2001,390794,1,1,10,10,10,10,10,10,10,10,10,10
2001,390796,1,1,0,0,0,0,0,0,0,0,0,0
2001,390796,2,1,0,0,0,0,0,0,0,0,0,0
2001,390797,1,1,0,0,0,0,0,0,0,0,0,0
2001,390797,2,1,0,0,0,0,0,0,0,0,0,0
2001,390798,1,1,0,0,0,0,0,0,0,0,0,0
2001,390798,2,1,0,0,0,0,0,0,0,0,0,0
2001,390799,1,1,0,0,0,0,0,0,0,0,0,14
2001,390799,2,1,9,9,9,9,9,9,9,9,9,9
2001,390800,1,1,21,21,21,21,21,21,21,21,21,21
2001,390800,2,1,0,0,0,0,0,0,0,0,0,0
2001,390801,0,1,0,0,0,0,0,5,0,0,0,0
2001,390801,1,1,0,0,0,0,0,0,0,0,0,0
2001,390802,1,1,0,0,0,0,0,0,0,0,0,0
2001,390804,1,1,0,0,0,0,0,0,0,0,0,0
2001,390804,2,1,0,0,0,0,0,0,0,0,0,0
2001,390805,1,1,0,0,0,0,0,0,0,0,0,0
2001,390805,2,1,0,0,0,0,0,0,0,0,0,0
2001,390806,1,1,28,28,28,28,28,28,28,28,28,28
2001,390807,1,1,18,18,18,18,18,18,18,18,18,18
2001,390807,2,1,0,0,0,0,6,0,0,0,0,0
2001,390808,1,1,0,0,0,0,0,0,0,0,0,0
2001,390808,2,1,0,0,0,0,0,0,0,0,0,0
2001,390809,1,1,0,0,0,0,0,0,0,0,0,0
2001,390810,1,1,0,0,0,0,0,0,0,0,0,0
2001,390810,2,1,0,0,0,0,0,0,0,0,0,0
2001,390811,1,1,0,0,0,0,0,0,0,0,0,0
2001,390811,2,1,0,0,0,0,0,0,0,0,0,0
2001,390811,3,1,0,0,0,0,0,0,0,0,0,0
2001,390812,1,1,17,17,17,17,17,17,17,17,17,17
2001,390813,1,1,0,0,0,0,0,0,0,0,0,0
2001,390813,2,1,12,0,0,0,0,0,0,0,0,0
2001,390813,3,1,0,0,0,0,0,0,0,0,0,0
2001,390814,1,1,0,0,0,0,0,0,0,2,0,0
2001,390815,1,1,0,0,0,0,0,0,0,0,0,0
2001,390815,2,1,0,0,0,0,0,0,0,0,0,0
2001,390816,1,1,0,0,0,0,0,0,0,0,0,0
2001,390817,1,1,0,0,0,0,0,0,0,0,0,0
2001,390818,1,1,2,2,2,2,2,2,2,2,2,2
2001,390819,1,1,0,0,0,0,0,0,0,0,0,0
2001,390820,1,1,0,0,0,0,0,0,0,0,0,0
2001,390820,2,1,12,12,12,12,12,12,12,12,12,12
2001,390821,1,1,15,0,0,0,0,0,0,0,0,0
2001,390822,1,1,0,0,0,0,0,0,0,0,0,0
2001,390822,2,1,0,0,0,0,0,0,0,0,0,0
2001,390823,1,1,10,12,0,0,0,0,0,0,0,0
2001,390823,2,1,0,0,0,0,0,0,0,0,0,0
2001,390824,1,1,0,0,10,0,0,0,0,0,0,0
2001,390825,1,1,22,22,22,22,22,22,22,22,22,22
2001,390826,1,1,21,21,21,21,21,21,21,21,21,21
2001,390826,2,1,0,0,0,0,0,0,0,0,0,0
2001,390827,0,1,0,0,0,0,0,0,0,0,0,0
2001,390827,1,1,0,0,0,0,0,0,0,0,0,0
2001,390828,1,1,22,22,22,22,22,22,22,22,22,22
2001,390829,1,1,0,0,0,0,0,0,0,0,0,0
2001,390830,1,1,8,8,8,8,8,8,8,8,8,8
2001,390831,1,1,0,0,0,19,0,0,0,0,0,0
2001,390832,1,1,0,0,0,0,0,0,0,0,0,0
2001,390833,0,1,0,0,0,0,0,0,0,0,0,0
2001,390833,1,1,0,0,0,0,0,0,0,0,0,0
2001,390834,1,1,0,0,0,0,0,0,0,0,0,0
2001,390834,2,1,0,0,0,0,0,0,0,0,0,0
2001,390835,1,1,23,23,23,23,23,23,23,23,23,23
2001,390836,1,1,24,24,24,24,24,24,24,24,24,24
2001,390837,1,1,28,28,28,28,28,28,28,28,28,28
2001,390838,1,1,0,0,0,0,24,0,0,0,0,0
2001,390838,2,1,0,0,0,0,0,0,0,0,0,0
2001,390840,1,2,29,29,29,29,29,29,29,29,29,29
2001,390841,0,1,10,21,13,0,0,0,0,18,14,10
2001,390841,1,1,0,0,0,0,0,0,0,0,0,0
2001,390841,2,1,0,0,0,0,0,0,0,0,0,0
2001,390842,1,1,21,33,28,2,18,16,13,27,14,10
2001,390843,1,1,0,0,0,0,0,0,0,0,0,0
2001,390844,1,1,19,19,19,19,19,19,19,19,19,19
2001,390845,1,1,17,17,17,17,17,17,17,17,17,17
2001,390845,2,1,0,0,17,14,9,2,0,9,0,15
2001,390846,1,1,16,16,16,16,16,16,16,16,16,16
2001,390847,1,1,25,25,25,25,25,25,25,25,25,25
2001,390848,1,1,0,6,6,0,17,0,11,0,17,6
2001,390849,1,1,0,0,0,0,0,0,0,0,0,0
2001,390849,2,1,0,0,0,0,0,0,0,0,0,0
2001,390850,1,1,0,0,0,0,0,0,0,0,0,0
2001,390851,1,1,0,0,0,0,0,0,0,0,0,0
2001,390852,0,1,0,41,15,7,34,16,0,15,0,21
2001,390852,1,1,0,0,0,0,0,0,0,0,0,0
2001,390853,1,1,31,31,31,31,31,31,31,31,31,31
2001,390854,1,1,0,0,0,0,0,0,0,0,0,0
2001,390855,1,1,11,11,11,11,11,11,11,11,11,11
2001,390856,0,1,0,0,0,0,0,0,0,0,0,0
2001,390856,1,1,0,0,13,0,0,0,11,0,0,0
2001,390857,1,1,0,0,0,0,0,0,0,0,0,0
2001,390858,1,1,0,0,0,0,0,0,0,0,0,0
2001,390858,2,1,0,0,0,0,0,0,0,0,0,0
2001,390859,1,1,0,0,0,0,0,0,0,0,0,0
2001,390859,2,1,0,0,0,0,0,0,0,0,0,0
2001,390860,1,1,19,19,19,19,19,19,19,19,19,19
2001,390861,1,1,7,7,7,7,7,7,7,7,7,7
2001,390862,1,1,0,0,0,0,0,0,0,0,0,0
2001,390863,1,1,31,31,31,31,31,31,31,31,31,31
2001,390863,2,1,0,0,0,0,0,0,0,0,0,0
2001,390864,1,1,0,0,0,0,0,0,0,0,0,0
2001,390864,2,1,0,0,0,0,0,0,7,0,0,0
2001,390864,3,1,0,0,0,0,0,0,0,0,0,0
2001,390865,1,1,0,0,0,0,0,0,0,0,0,0
2001,390865,2,1,0,0,0,0,0,0,0,0,0,0
2001,390866,1,1,0,0,0,0,0,0,0,0,0,0
2001,390866,2,1,0,0,0,0,0,0,0,0,0,0
2001,390867,1,1,1,1,1,1,1,1,1,1,1,1
2001,390867,2,1,0,0,0,0,0,0,0,0,0,0
2001,390868,1,1,0,0,0,0,0,0,0,0,0,0
2001,390869,1,1,26,26,26,26,26,26,26,26,26,26
2001,390869,2,1,28,28,28,28,28,28,28,28,28,28
2001,390870,1,1,29,17,12,0,20,8,26,20,8,7
2001,390871,1,1,0,0,0,0,0,0,0,0,0,0
2001,390871,2,1,0,0,0,0,0,0,0,0,0,0
2001,390872,1,1,19,19,19,19,19,19,19,19,19,19
2001,390873,1,1,0,0,21,0,17,0,27,33,25,0
2001,390873,2,1,0,0,0,0,0,0,0,0,0,0
2001,390874,1,1,0,0,0,0,0,0,0,0,0,0
2001,390874,2,1,10,10,10,10,10,10,10,10,10,10
2001,390875,1,1,22,22,22,22,22,22,22,22,22,22
2001,390876,1,1,0,0,0,0,0,0,0,0,0,0
2001,390876,2,1,0,0,0,0,0,0,0,0,0,0
2001,390877,1,1,32,32,32,32,32,32,32,32,32,32
2001,390878,1,1,20,20,20,20,20,20,20,20,20,20
2001,390879,0,1,0,0,0,0,0,0,0,0,0,0
2001,390880,1,1,0,0,0,0,0,0,0,0,0,0
2001,390880,2,1,0,0,0,0,0,0,0,0,0,0
2001,390881,1,1,0,0,0,0,0,0,0,0,0,0
2001,390881,2,1,0,0,0,0,0,0,0,0,0,0
2001,390882,1,1,0,0,0,0,31,0,0,0,0,0
2001,390882,2,1,0,0,0,0,0,0,0,0,0,0
2001,390883,1,1,0,0,0,0,0,0,0,0,0,0
2001,390883,2,1,0,0,0,0,0,0,0,0,0,0
2001,390884,1,1,0,0,0,0,0,0,0,0,0,0
2001,390884,2,1,0,0,0,0,0,0,0,0,0,0
2001,390885,1,1,0,0,0,0,0,0,0,0,0,0
2001,390886,0,1,0,0,0,0,0,0,0,0,0,0
2001,390886,1,1,6,6,6,6,6,6,6,6,6,6
2001,390886,2,1,0,0,0,0,0,0,0,0,0,0
2001,390886,3,1,0,0,0,0,0,0,0,0,0,0
2001,390886,4,1,0,0,0,0,0,0,0,0,0,0
2001,390887,0,1,17,17,17,17,17,17,17,17,17,17
2001,390887,1,1,0,0,0,0,0,0,0,0,0,0
2001,390888,1,1,0,0,0,0,0,0,0,0,0,0
2001,390888,2,1,0,0,0,0,0,0,0,0,0,0
2001,390888,3,1,0,0,0,0,0,0,0,0,0,0
2001,390889,1,1,0,0,0,0,0,0,0,0,0,0
2001,390890,1,1,30,30,30,30,30,30,30,30,30,30
2001,390891,1,1,19,19,19,19,19,19,19,19,19,19
2001,390892,1,1,0,0,0,0,0,0,0,0,0,0
2001,390892,2,1,0,0,0,0,0,0,5,0,0,0
2001,390892,3,1,0,0,0,0,0,0,0,0,0,0
2001,390892,4,1,0,0,0,0,0,0,0,0,0,0
2001,390893,1,1,0,0,0,0,0,0,0,0,0,0
2001,390894,1,1,0,0,0,0,0,0,0,0,0,0
2001,390894,2,1,0,0,0,0,0,0,0,0,0,0
2001,390895,1,1,0,0,0,9,9,0,32,0,0,0
2001,390896,0,1,0,0,0,0,0,0,0,0,16,0
2001,390896,1,1,0,0,0,0,0,0,0,0,0,0
2001,390897,1,1,28,28,28,28,28,28,28,28,28,28
2001,390898,1,1,0,0,0,0,0,0,0,0,0,0
2001,390898,2,1,0,0,0,0,0,0,0,0,0,0
2001,390899,1,1,16,0,8,0,0,20,0,0,0,0
2001,390900,1,1,15,15,15,15,15,15,15,15,15,15
2001,390901,1,1,16,16,16,16,16,16,16,16,16,16
2001,390902,1,1,0,0,0,0,0,0,0,0,0,0
2001,390902,2,1,0,0,0,0,0,0,0,0,0,0
2001,390903,1,1,0,0,0,0,0,0,0,0,0,0
2001,390903,2,1,0,0,0,0,0,0,0,0,0,0
2001,390903,3,1,0,0,0,0,0,0,0,0,0,0
2001,390903,4,1,0,0,0,0,0,0,0,9,0,0
2001,390904,1,1,0,0,0,0,0,0,0,0,0,0
2001,390905,1,1,0,23,0,0,0,0,0,0,0,0
2001,390906,1,1,21,21,21,21,21,21,21,21,21,21
2001,390906,2,1,0,0,0,0,0,0,0,0,0,0
2001,390906,3,1,0,0,2,0,0,0,0,0,0,0
2001,390906,4,1,0,0,0,0,0,0,0,0,0,0
2001,390907,1,1,30,30,30,30,30,30,30,30,30,30
2001,390908,1,1,0,0,0,0,0,0,0,0,0,0
2001,390908,2,1,0,0,0,0,0,0,0,0,0,0
2001,390909,1,1,0,0,0,0,0,0,0,0,0,0
2001,390911,1,1,0,0,0,0,0,0,0,0,0,0
2001,390911,2,1,0,0,0,0,0,0,0,0,0,0
2001,390912,1,1,0,0,0,0,0,0,0,0,0,0
2001,390912,2,1,0,0,0,0,0,0,0,0,0,0
2001,390913,1,1,28,0,0,29,18,21,0,0,0,16
2001,390913,2,1,0,0,0,0,0,0,0,0,0,0
2001,390914,1,1,0,0,0,0,0,0,0,0,0,0
2001,390914,2,1,0,0,0,0,0,0,0,0,0,0
2001,390915,1,1,0,0,0,0,0,0,0,0,0,24
2001,390915,2,1,0,0,0,0,0,0,0,0,0,0
2001,390916,1,1,16,16,16,16,16,16,16,16,16,16
2001,390917,1,1,20,20,20,20,20,20,20,20,20,20
2001,390918,1,1,0,0,0,0,0,0,0,0,0,0
2001,390919,0,1,0,0,28,34,0,0,0,18,0,0
2001,390919,1,1,8,5,3,6,0,8,23,0,0,13
2001,390920,1,1,0,0,0,0,0,0,0,0,0,0
2001,390921,1,1,22,22,22,22,22,22,22,22,22,22
2001,390922,1,1,8,0,0,0,0,0,0,0,0,0
2001,390922,2,1,0,0,0,0,0,0,0,0,0,0
2001,390923,1,1,0,0,0,0,0,0,0,0,0,0
2001,390923,2,1,0,0,0,0,0,0,0,0,0,0
2001,390924,1,1,0,0,0,0,0,0,0,0,0,0
2001,390924,2,1,0,0,0,0,0,0,0,0,0,0
2001,390925,1,1,0,0,0,0,0,0,0,0,0,0
2001,390925,2,1,0,0,0,0,0,0,0,0,0,0
2001,390926,1,1,0,0,0,0,0,0,0,0,0,0
2001,390927,1,1,0,0,0,0,0,0,0,0,0,0
2001,390927,2,1,0,0,0,0,0,0,0,0,0,0
2001,390928,1,1,0,0,0,0,0,0,0,0,0,0
2001,390929,1,1,0,0,0,0,0,0,0,0,0,0
2001,390929,2,1,0,0,0,0,0,0,0,0,0,0
2001,390930,1,1,0,0,0,0,0,0,0,0,0,0
2001,390931,1,1,24,24,24,24,24,24,24,24,24,24
2001,390932,1,1,15,15,15,15,15,15,15,15,15,15
2001,390932,2,1,0,0,0,0,0,0,0,0,0,0
2001,390933,1,1,25,25,25,25,25,25,25,25,25,25
2001,390934,1,1,0,0,0,0,0,0,0,0,0,0
2001,390935,1,1,23,23,23,23,23,23,23,23,23,23
2001,390936,1,1,0,0,0,0,0,0,0,0,0,0
2001,390936,2,1,0,0,0,0,0,0,0,0,0,0
2001,390937,1,1,0,0,0,0,0,0,0,0,0,0
2001,390937,2,1,0,0,0,0,0,0,0,0,0,0
2001,390938,0,1,0,6,0,0,11,0,21,0,15,23
2001,390938,1,1,0,0,0,0,0,0,0,0,0,0
2001,390938,2,1,0,0,0,0,0,0,0,0,0,0
2001,390939,1,1,22,22,22,22,22,22,22,22,22,22
2001,390940,1,1,31,31,31,31,31,31,31,31,31,31
2001,390941,1,1,0,4,0,33,0,0,0,0,0,0
2001,390941,2,1,0,0,0,0,0,0,0,0,0,0
2001,390942,1,1,0,0,0,0,0,0,0,0,0,0
2001,390942,2,1,0,0,0,0,0,0,0,0,0,0
2001,390943,0,1,9,16,11,12,0,20,29,32,35,14
2001,390943,1,1,14,14,14,14,14,14,14,14,14,14
2001,390944,0,1,0,0,0,0,0,0,0,0,0,0
2001,390944,1,1,0,0,0,0,0,0,0,0,0,0
2001,390945,1,1,0,0,0,0,0,0,0,0,0,0
2001,390945,2,1,0,0,0,0,0,0,0,6,0,0
2001,390946,1,1,2,2,2,2,2,2,2,2,2,2
2001,390947,1,1,5,4,4,24,7,0,22,40,0,7
2001,390947,2,1,0,0,0,0,0,0,0,0,0,0
2001,390948,1,1,0,0,0,0,0,0,0,0,0,0
2001,390948,2,1,0,0,0,0,0,0,0,0,0,0
2001,390949,1,1,0,0,0,0,0,0,14,0,0,0
2001,390950,1,1,22,22,22,22,22,22,22,22,22,22
2001,390950,2,1,0,0,0,0,9,0,0,0,0,0
2001,390951,0,1,8,8,8,8,8,8,8,8,8,8
2001,390951,1,1,0,0,0,0,0,0,0,0,0,0
2001,390952,1,1,25,25,25,25,25,25,25,25,25,25
2001,390952,2,1,0,0,0,0,0,0,0,0,0,0
2001,390952,3,1,0,0,0,0,0,0,0,0,0,0
2001,390952,4,1,0,0,0,0,0,0,0,0,0,0