YEAR,st_case,veh_no,per_no,P1,P2,P3,P4,P5,P6,P7,P8,P9,P10
2001,390953,1,1,0,0,0,0,0,0,0,0,0,0
2001,390953,2,1,0,0,0,0,0,0,0,0,0,0
2001,390954,1,1,3,3,3,3,3,3,3,3,3,3
2001,390955,1,1,0,0,0,0,0,0,0,0,0,0
2001,390955,2,1,0,0,0,0,0,0,0,0,0,0
2001,390955,3,1,0,0,0,0,0,0,0,0,0,0
2001,390956,1,1,0,0,0,0,0,0,0,0,0,0
2001,390956,2,1,0,0,0,0,0,0,0,0,0,0
2001,390957,1,1,0,22,0,16,18,0,24,20,33,0
2001,390958,1,1,0,0,0,0,0,0,0,0,0,0
2001,390958,2,1,0,0,0,0,0,0,0,0,0,0
2001,390959,1,1,8,8,8,8,8,8,8,8,8,8
2001,390960,0,1,0,0,0,0,0,0,0,0,0,0
2001,390960,1,1,0,0,0,0,0,0,0,0,0,0
2001,390961,1,1,0,0,0,0,0,0,0,11,0,0
2001,390961,2,1,0,0,0,0,0,0,0,0,0,0
2001,390962,1,1,23,0,0,0,0,11,0,0,0,0
2001,390962,2,1,0,0,0,0,0,0,0,0,0,0
2001,390963,1,1,16,16,16,16,16,16,16,16,16,16
2001,390964,1,1,0,0,0,0,0,0,0,0,0,0
2001,390965,1,1,20,20,20,20,20,20,20,20,20,20
2001,390966,1,1,0,0,0,0,0,0,0,0,0,0
2001,390967,1,1,10,10,10,10,10,10,10,10,10,10
2001,390968,1,1,0,0,0,0,0,0,0,0,0,0
2001,390968,2,1,15,15,15,15,15,15,15,15,15,15
2001,390969,1,1,12,12,12,12,12,12,12,12,12,12
2001,390970,0,1,0,0,0,0,0,0,0,0,0,0
2001,390970,1,1,0,0,0,0,0,0,0,0,0,0
2001,390971,1,1,0,0,0,0,0,0,0,0,0,0
2001,390971,2,1,0,0,0,0,0,0,0,0,0,0
2001,390972,1,1,0,0,0,0,0,0,0,0,0,0
2001,390972,2,1,0,0,0,0,0,0,0,0,0,0
2001,390974,1,1,2,2,2,2,2,2,2,2,2,2
2001,390974,2,1,0,0,0,0,0,0,0,0,0,0
2001,390974,3,1,0,0,0,0,0,0,6,0,0,0
2001,390975,1,1,0,0,0,0,0,0,0,0,0,0
2001,390975,2,1,0,0,0,0,0,0,0,0,0,0
2001,390976,1,1,0,0,0,0,0,0,0,0,0,0
2001,390976,2,1,0,0,0,0,0,0,0,0,0,0
2001,390977,1,1,0,0,0,0,0,0,0,0,0,0
2001,390977,2,1,0,0,0,0,0,0,0,0,0,0
2001,390978,1,1,0,0,0,0,0,0,0,0,0,0
2001,390978,2,1,0,0,0,0,0,0,0,0,0,0
2001,390979,1,1,9,9,9,9,9,9,9,9,9,9
2001,390980,1,1,25,25,25,25,25,25,25,25,25,25
2001,390981,1,1,17,17,17,17,17,17,17,17,17,17
2001,390981,2,1,0,0,0,0,0,0,0,0,0,0
2001,390982,1,1,0,0,0,0,0,0,0,0,0,0
2001,390982,2,1,0,21,0,4,0,0,0,0,0,0
2001,390982,3,1,0,0,0,0,0,0,0,0,0,0
2001,390982,4,1,13,0,0,0,2,0,0,0,0,0
2001,390983,0,1,0,0,0,0,0,0,0,0,0,0
2001,390983,1,1,0,0,0,0,0,0,0,0,0,0
2001,390984,1,1,0,0,0,0,0,0,0,0,0,0
2001,390985,0,1,0,0,0,0,0,0,0,0,0,0
2001,390985,1,1,0,0,0,0,0,0,0,0,0,0
2001,390986,1,1,0,0,0,0,0,0,0,0,0,0
2001,390986,2,1,0,0,0,0,0,0,0,0,0,0
2001,390987,1,1,0,0,0,0,0,0,0,0,0,0
2001,390988,0,1,0,0,0,0,0,0,0,0,0,0
2001,390988,1,1,0,0,0,0,0,0,0,0,0,17
2001,390989,1,1,0,0,0,0,0,0,0,0,0,0
2001,390990,0,1,0,16,28,12,17,0,0,49,0,0
2001,390990,1,1,0,0,2,0,0,0,0,0,0,0
2001,390991,1,1,0,0,0,0,0,0,0,0,0,0
2001,390992,1,1,0,0,0,0,0,0,0,0,0,0
2001,390992,2,1,0,0,0,0,0,0,0,0,0,0
2001,390993,1,1,0,0,0,0,0,0,0,0,0,0
2001,390994,1,1,17,17,17,17,17,17,17,17,17,17
2001,390995,1,1,25,25,25,25,25,25,25,25,25,25
2001,390995,2,1,0,0,0,0,0,0,0,0,0,0
2001,390996,1,1,0,0,0,0,0,0,0,0,0,0
2001,390996,2,1,7,7,7,7,7,7,7,7,7,7
2001,390997,1,1,9,9,9,9,9,9,9,9,9,9
2001,390997,2,1,0,0,0,0,0,0,0,0,0,0
2001,390998,0,1,0,0,0,0,0,0,0,0,0,0
2001,390998,1,1,0,0,0,0,0,0,0,0,0,0
2001,390999,1,1,2,2,2,2,2,2,2,2,2,2
2001,391000,1,1,0,0,0,0,0,0,0,0,0,0
2001,391001,1,1,17,17,17,17,17,17,17,17,17,17
2001,391002,1,1,0,0,0,0,0,0,0,0,0,0
2001,391003,1,1,19,19,19,19,19,19,19,19,19,19
2001,391003,2,1,0,0,0,0,0,0,0,0,0,0
2001,391004,1,1,19,19,19,19,19,19,19,19,19,19
2001,391005,1,1,14,14,14,14,14,14,14,14,14,14
2001,391006,1,1,0,0,0,0,0,0,0,0,0,0
2001,391007,1,1,0,0,0,0,0,0,0,0,0,0
2001,391007,2,1,0,0,0,0,0,0,0,0,0,0
2001,391008,1,1,12,12,12,12,12,12,12,12,12,12
2001,391008,2,1,13,13,13,13,13,13,13,13,13,13
2001,391008,3,1,0,0,0,0,0,0,0,0,0,0
2001,391008,4,1,26,0,0,0,0,0,0,0,0,0
2001,391009,1,1,0,0,0,0,0,0,0,0,0,0
2001,391009,2,1,0,0,0,0,0,0,0,0,0,0
2001,391010,1,1,0,0,0,0,0,0,0,0,0,0
2001,391011,1,1,0,0,0,0,0,0,0,0,0,0
2001,391011,2,1,0,0,0,0,0,0,0,0,0,0
2001,391012,1,1,0,0,0,0,0,0,0,0,0,0
2001,391013,1,1,31,31,31,31,31,31,31,31,31,31
2001,391013,2,1,11,11,11,11,11,11,11,11,11,11
2001,391014,1,1,19,19,19,19,19,19,19,19,19,19
2001,391015,1,1,25,25,25,25,25,25,25,25,25,25
2001,391016,0,1,3,19,0,18,0,0,0,32,25,12
2001,391016,1,1,14,24,16,0,10,12,19,0,0,15
2001,391017,1,1,21,21,21,21,21,21,21,21,21,21
2001,391018,0,1,0,0,4,0,0,0,0,0,0,0
2001,391018,1,1,0,0,0,0,0,0,0,0,0,0
2001,391019,1,1,23,0,0,0,0,0,0,0,0,25
2001,391020,1,1,0,0,0,0,0,0,0,0,0,0
2001,391020,2,1,0,0,0,0,0,0,0,0,0,0
2001,391020,3,1,0,0,0,0,0,0,0,0,0,0
2001,391021,1,1,33,33,33,33,33,33,33,33,33,33
2001,391022,1,1,0,0,0,0,0,0,0,0,0,0
2001,391022,2,1,0,0,0,0,0,0,0,0,0,0
2001,391023,1,1,6,6,6,6,6,6,6,6,6,6
2001,391023,2,1,0,0,0,0,0,0,0,0,0,0
2001,391024,1,1,20,20,20,20,20,20,20,20,20,20
2001,391025,1,1,12,12,12,12,12,12,12,12,12,12
2001,391026,1,1,0,0,0,0,0,0,0,0,0,0
2001,391027,1,1,0,0,0,0,0,0,0,0,0,0
2001,391027,2,1,0,0,0,0,0,0,0,0,0,0
2001,391028,1,1,0,0,0,0,0,0,0,0,0,0
2001,391028,2,1,0,0,0,0,0,0,0,0,0,0
2001,391029,1,1,0,0,0,0,0,0,0,0,0,0
2001,391030,0,1,0,0,0,0,0,0,0,0,0,0
2001,391030,1,1,1,1,1,1,1,1,1,1,1,1
2001,391031,1,1,0,0,0,0,0,0,0,0,0,0
2001,391032,0,1,0,0,0,0,0,0,0,0,0,0
2001,391032,1,1,0,12,12,28,6,17,0,9,18,0
2001,391033,1,1,0,0,0,0,0,0,0,0,0,0
2001,391033,2,1,0,0,0,0,0,0,0,0,0,0
2001,391034,1,1,0,0,0,0,0,13,19,0,13,13
2001,391034,2,1,19,19,19,19,19,19,19,19,19,19
2001,391035,1,1,28,28,28,28,28,28,28,28,28,28
2001,391036,1,1,0,0,0,0,0,0,0,0,0,0
2001,391037,1,1,0,0,0,0,0,0,0,0,0,0
2001,391038,1,1,11,11,11,11,11,11,11,11,11,11
2001,391039,1,1,0,0,0,0,0,0,0,0,0,0
2001,391039,2,1,0,0,0,0,0,0,0,0,0,0
2001,391039,3,1,0,0,0,0,0,0,0,0,0,0
2001,391040,1,1,0,0,18,0,0,0,0,0,0,0
2001,391041,0,1,0,0,0,0,0,26,0,19,29,21
2001,391041,1,1,6,6,6,6,6,6,6,6,6,6
2001,391042,1,1,0,0,0,0,0,0,0,0,0,0
2001,391042,2,1,0,0,0,0,0,0,0,0,0,0
2001,391043,1,1,0,0,0,0,0,0,0,0,0,0
2001,391043,2,1,25,0,0,20,0,0,0,0,0,0
2001,391047,1,1,29,29,29,29,29,29,29,29,29,29
2001,391048,1,1,0,0,0,0,0,0,0,0,0,0
2001,391048,2,1,0,0,0,0,0,0,0,0,0,0
2001,391049,0,1,0,0,0,0,0,0,0,0,22,0
2001,391049,1,1,0,0,0,7,0,0,0,0,0,0
2001,391049,2,1,31,31,31,31,31,31,31,31,31,31
2001,391050,1,1,0,0,0,0,0,0,0,0,0,0
2001,391050,2,1,0,0,0,0,0,0,0,0,0,0
2001,391051,1,1,22,22,22,22,22,22,22,22,22,22
2001,391052,0,1,0,0,0,0,0,14,0,0,0,0
2001,391052,0,2,0,0,0,0,10,0,0,0,0,0
2001,391052,0,3,0,0,0,0,0,0,0,0,0,0
2001,391052,1,1,0,0,0,0,0,0,0,0,0,0
2001,391053,1,1,0,0,0,0,0,0,0,0,0,0
2001,391053,2,1,0,0,0,0,0,0,0,0,0,0
2001,391054,1,1,8,8,8,8,8,8,8,8,8,8
2001,391054,2,1,0,0,0,0,0,0,0,0,0,0
2001,391055,1,1,0,0,0,0,0,0,8,0,0,0
2001,391056,1,1,0,0,0,0,0,0,0,0,0,0
2001,391056,2,1,0,0,0,0,0,0,0,12,0,0
2001,391056,3,1,0,0,0,0,0,0,0,0,0,0
2001,391057,1,1,1,1,1,1,1,1,1,1,1,1
2001,391057,2,1,0,0,0,0,0,0,0,0,0,0
2001,391058,1,1,25,25,25,25,25,25,25,25,25,25
2001,391059,1,1,0,0,0,0,0,0,0,0,0,0
2001,391059,2,1,0,0,0,0,0,0,0,0,0,0
2001,391059,3,1,0,0,0,0,0,0,0,0,0,0
2001,391060,1,1,0,0,0,0,0,0,0,0,0,0
2001,391061,1,1,0,0,0,0,0,0,0,0,0,0
2001,391061,2,1,0,0,0,0,0,0,0,0,0,0
2001,391062,1,1,10,10,10,10,10,10,10,10,10,10
2001,391063,1,1,0,0,0,0,0,0,0,0,0,0
2001,391063,2,1,20,20,20,20,20,20,20,20,20,20
2001,391064,1,1,0,0,0,0,0,0,0,0,0,0
2001,391065,1,1,0,0,0,0,0,0,0,0,0,0
2001,391065,2,1,0,0,0,0,0,0,0,0,0,0
2001,391066,1,1,25,25,25,25,25,25,25,25,25,25
2001,391067,1,1,0,0,0,0,0,0,0,0,0,0
2001,391068,1,1,0,0,0,0,0,0,0,0,0,0
2001,391068,2,1,0,0,0,0,0,0,0,0,0,0
2001,391069,1,1,19,19,19,19,19,19,19,19,19,19
2001,391070,1,1,0,0,0,0,0,0,0,0,0,0
2001,391070,2,1,0,13,23,0,25,0,0,0,0,0
2001,391071,1,1,0,0,0,0,0,0,0,0,0,0
2001,391071,2,1,0,0,0,0,0,0,0,0,0,0
2001,391072,1,1,28,28,28,28,28,28,28,28,28,28
2001,391072,2,1,0,0,0,0,0,0,0,0,0,0
2001,391073,1,1,28,28,28,28,28,28,28,28,28,28
2001,391074,1,1,19,19,19,19,19,19,19,19,19,19
2001,391074,2,1,8,8,8,8,8,8,8,8,8,8
2001,391075,1,1,18,18,18,18,18,18,18,18,18,18
2001,391076,1,1,0,0,0,0,0,0,0,6,0,0
2001,391077,1,1,0,0,0,0,0,0,0,0,0,0
2001,391077,2,1,0,0,0,0,0,0,0,0,0,0
2001,391077,3,1,0,0,0,0,0,0,0,0,0,0
2001,391078,1,1,0,0,0,0,0,0,0,0,0,0
2001,391079,1,1,0,0,0,0,0,0,0,0,0,0
2001,391079,2,1,0,0,0,0,0,0,0,0,0,0
2001,391080,1,1,0,0,0,0,0,13,0,0,0,0
2001,391080,2,1,0,0,0,0,0,0,0,0,0,0
2001,391081,1,1,0,0,0,0,7,0,0,0,0,0
2001,391081,2,1,0,0,0,0,0,0,0,0,0,0
2001,391082,1,1,0,20,0,0,0,0,21,0,0,0
2001,391083,1,1,0,0,0,0,0,0,0,0,0,0
2001,391084,1,1,0,0,0,0,0,0,0,0,0,0
2001,391085,1,1,18,18,18,18,18,18,18,18,18,18
2001,391086,1,1,21,21,21,21,21,21,21,21,21,21
2001,391086,2,1,10,10,10,10,10,10,10,10,10,10
2001,391087,1,1,0,0,0,0,0,0,0,0,0,0
2001,391088,0,1,15,0,0,13,29,0,15,11,4,0
2001,391088,1,1,0,0,0,0,0,0,0,0,0,0
2001,391089,1,1,10,10,10,10,10,10,10,10,10,10
2001,391090,1,1,0,0,0,0,0,0,0,0,0,0
2001,391090,2,1,0,0,0,0,0,0,0,0,0,0
2001,391091,1,1,0,0,0,0,0,0,0,0,0,0
2001,391091,2,1,0,0,0,0,0,0,0,0,0,0
2001,391092,0,1,26,39,0,22,15,24,28,0,0,0
2001,391092,1,1,0,0,0,0,0,0,0,0,0,0
2001,391093,1,1,0,0,0,0,0,0,0,0,0,0
2001,391093,2,1,0,0,0,7,0,0,0,0,0,0
2001,391094,1,1,0,0,0,0,0,0,0,0,0,0
2001,391094,2,1,3,0,0,0,0,0,0,0,0,0
2001,391095,1,1,0,0,0,0,0,0,0,0,0,0
2001,391095,2,1,0,0,0,0,0,0,0,0,0,0
2001,391096,1,1,20,20,20,20,20,20,20,20,20,20
2001,391097,1,1,0,0,0,0,0,0,0,0,0,0
2001,391097,2,1,0,0,0,0,0,0,0,0,0,0
2001,391098,0,1,15,15,15,15,15,15,15,15,15,15
2001,391098,1,1,0,0,0,0,0,0,0,0,0,0
2001,391098,2,1,0,0,0,0,0,0,0,0,0,0
2001,391099,1,1,21,21,21,21,21,21,21,21,21,21
2001,391100,1,1,0,0,0,0,0,0,0,0,0,0
2001,391100,2,1,0,0,0,0,0,0,0,0,0,0
2001,391101,1,1,11,11,11,11,11,11,11,11,11,11
2001,391102,1,1,0,0,0,0,0,0,0,0,0,0
2001,391102,2,1,0,0,0,0,0,0,0,0,0,0
2001,391103,1,1,0,0,0,0,0,0,0,0,0,0
2001,391103,2,1,0,0,0,0,0,0,0,0,0,0
2001,391103,3,1,0,0,0,0,0,0,0,0,0,0
2001,391104,1,1,0,0,0,0,0,0,0,0,0,0
2001,391104,2,1,0,0,0,0,0,0,0,0,0,0
2001,391105,1,1,0,0,0,0,0,0,0,0,0,0
2001,391105,2,1,0,0,0,0,0,0,0,0,0,0
2001,391106,1,1,10,10,10,10,10,10,10,10,10,10
2001,391106,2,1,0,0,0,0,0,0,0,0,0,4
2001,391107,0,1,33,33,33,33,33,33,33,33,33,33
2001,391107,1,1,0,0,22,14,0,0,0,0,30,0
2001,391108,1,1,19,19,19,19,19,19,19,19,19,19
2001,391109,1,1,0,0,0,0,0,0,0,0,0,26
2001,391110,1,1,0,0,0,0,0,0,0,0,0,0
2001,391111,1,1,0,0,0,0,0,0,0,0,0,0
2001,391112,1,1,0,0,23,0,0,0,0,0,0,0
2001,391112,2,1,0,0,0,0,0,0,0,0,0,0
2001,391113,1,1,0,0,0,0,0,0,0,0,0,0
2001,391113,2,1,0,0,0,0,0,0,0,0,0,0
2001,391114,0,1,0,0,0,6,0,0,0,0,0,16
2001,391114,1,1,0,0,0,0,0,0,0,0,0,0
2001,391115,1,1,0,0,0,0,0,0,0,0,0,0
2001,391115,2,1,0,0,0,0,0,0,0,0,0,0
2001,391116,0,1,0,0,0,0,0,0,0,0,0,0
2001,391116,1,1,0,0,0,0,0,0,0,0,0,0
2001,391117,1,1,0,0,0,0,0,0,0,0,0,0
2001,391117,2,1,0,0,0,0,0,0,0,0,0,0
2001,391118,1,1,23,23,23,23,23,23,23,23,23,23
2001,391119,1,1,0,0,0,0,0,0,0,0,0,0
2001,391119,2,1,0,0,0,0,0,0,0,0,0,0
2001,391119,3,1,0,0,0,0,0,0,0,0,0,0
2001,391120,0,1,0,0,0,0,0,0,0,0,0,0
2001,391120,1,1,0,0,0,0,0,0,0,0,0,0
2001,391121,1,1,0,0,0,0,0,0,0,5,0,0
2001,391122,1,1,4,16,38,13,15,13,21,14,15,23
2001,391123,1,1,35,35,35,35,35,35,35,35,35,35
2001,391124,0,1,0,0,0,0,0,0,0,0,0,0
2001,391124,1,1,0,0,0,0,0,0,0,0,0,0
2001,391125,1,1,0,0,0,0,0,0,0,0,0,0
2001,391125,2,1,0,0,0,0,0,0,0,0,0,0
2001,391125,3,1,0,0,0,0,0,0,0,0,0,0
2001,391126,0,1,0,40,19,0,11,0,0,25,22,22
2001,391126,1,1,0,0,8,0,0,0,0,0,0,14
2001,391126,2,1,0,0,0,21,0,0,0,0,10,0
2001,391127,1,1,0,0,0,0,0,0,0,0,0,0
2001,391127,2,1,0,0,0,0,0,0,0,0,0,0
2001,391128,1,1,0,0,0,0,0,0,0,0,0,0
2001,391128,2,1,0,0,0,0,0,16,0,0,0,0
2001,391129,1,1,0,0,0,0,25,21,0,0,0,15
2001,391129,2,1,0,0,0,0,0,0,0,0,0,0
2001,391130,1,1,0,0,0,0,0,0,0,0,0,0
2001,391131,1,1,9,9,9,9,9,9,9,9,9,9
2001,391132,1,1,23,23,23,23,23,23,23,23,23,23
2001,391133,1,1,0,0,0,0,0,0,0,0,0,0
2001,391134,1,1,0,0,0,0,0,0,0,0,0,0
2001,391135,1,1,18,18,18,18,18,18,18,18,18,18
2001,391136,1,1,10,10,10,10,10,10,10,10,10,10
2001,391137,1,1,0,0,0,0,0,0,0,0,0,0
2001,391138,1,1,16,16,16,16,16,16,16,16,16,16
2001,391139,1,1,0,0,0,0,0,0,0,0,0,0
2001,391139,2,1,0,0,0,0,0,0,0,0,0,0
2001,391140,1,1,0,0,16,0,0,0,0,0,0,0
2001,391141,1,1,0,0,0,0,0,0,0,0,0,0
2001,391141,2,1,0,0,0,0,0,0,0,0,0,0
2001,391141,3,1,0,0,0,0,0,0,0,0,0,0
2001,391142,0,1,0,0,36,0,14,0,16,0,0,0
2001,391142,1,1,0,0,0,0,0,0,0,0,0,0
2001,391143,1,1,22,22,22,22,22,22,22,22,22,22
2001,391143,2,1,0,0,0,0,0,0,0,0,0,0
2001,391144,1,1,0,0,0,0,0,0,0,0,0,0
2001,391144,2,1,0,6,0,0,0,0,0,0,0,0
2001,391144,3,1,0,0,0,0,0,0,0,0,0,0
2001,391145,1,1,18,18,18,18,18,18,18,18,18,18
2001,391145,2,1,0,0,0,0,0,0,0,0,0,0
2001,391146,1,1,0,0,0,0,0,0,0,0,0,0
2001,391146,2,1,0,7,0,0,0,0,0,0,0,0
2001,391147,1,1,0,0,0,0,0,0,0,0,0,0
2001,391147,2,1,0,0,0,0,0,0,0,0,0,0
2001,391148,1,1,16,16,16,16,16,16,16,16,16,16
2001,391148,2,2,0,0,0,0,0,0,0,0,0,0
2001,391149,1,1,17,17,17,17,17,17,17,17,17,17
2001,391149,2,1,0,0,0,0,0,0,0,0,0,0
2001,391150,1,1,0,0,0,0,0,0,0,0,0,0
2001,391151,1,1,17,17,17,17,17,17,17,17,17,17
2001,391152,1,1,20,20,20,20,20,20,20,20,20,20
2001,391153,1,1,0,0,0,0,0,0,0,0,0,0
2001,391154,1,1,0,0,0,0,0,0,0,0,0,0
2001,391154,2,1,0,0,0,0,0,0,0,0,0,0
2001,391155,1,1,26,26,26,26,26,26,26,26,26,26
2001,391157,1,1,9,14,0,0,0,13,0,0,0,10
2001,391157,2,1,0,0,0,0,0,0,0,0,0,0
2001,391158,1,1,0,0,0,0,0,0,0,0,0,0
2001,391158,2,1,0,0,0,0,0,0,0,0,0,0
2001,391159,0,1,29,6,25,17,29,8,27,36,19,29
2001,391159,1,1,8,2,4,3,0,16,0,26,12,9
2001,391160,1,1,15,15,15,15,15,15,15,15,15,15
2001,391161,1,1,25,25,25,25,25,25,25,25,25,25
2001,391162,1,1,28,28,28,28,28,28,28,28,28,28
2001,391163,0,1,0,0,0,0,0,0,0,0,0,0
2001,391163,1,1,0,0,0,22,0,0,0,0,0,0
2001,391164,1,1,22,0,14,0,0,0,0,0,0,6
2001,391164,2,1,0,0,0,0,0,0,0,0,0,0
2001,391165,1,1,18,18,18,18,18,18,18,18,18,18
2001,391166,1,1,19,0,0,0,0,0,0,0,0,0
2001,391166,2,1,0,0,0,0,0,0,0,0,0,0
2001,391167,1,1,0,0,0,16,0,0,0,0,0,0
2001,391167,2,1,0,0,0,6,0,0,30,0,0,0
2001,391168,1,1,0,0,0,0,0,0,0,0,0,0
2001,391168,2,1,0,0,0,0,0,0,0,0,0,0
2001,391168,3,1,0,0,0,0,0,0,0,0,0,0
2001,391169,1,1,28,34,17,29,18,8,31,17,21,46
2001,391170,1,1,0,0,0,0,0,0,0,0,0,0
2001,391171,1,1,12,12,12,12,12,12,12,12,12,12
2001,391172,1,1,17,17,17,17,17,17,17,17,17,17
2001,391173,1,1,29,29,29,29,29,29,29,29,29,29
2001,391174,1,1,20,20,20,20,20,20,20,20,20,20
2001,391175,1,1,10,10,10,10,10,10,10,10,10,10
2001,391176,1,1,0,0,0,0,0,0,0,0,0,0
2001,391176,2,1,7,0,0,0,0,0,0,0,0,0
2001,391177,1,1,0,0,0,0,0,0,0,0,0,0
2001,391177,2,1,0,0,0,0,0,0,0,0,0,0
2001,391177,3,1,0,0,0,0,0,0,0,0,0,0
2001,391177,4,1,0,0,0,0,0,0,0,0,0,0
2001,391177,5,1,29,14,24,17,20,19,11,19,23,12
2001,391178,1,1,25,25,25,25,25,25,25,25,25,25
2001,391179,1,1,16,16,16,16,16,16,16,16,16,16
2001,391179,2,1,11,11,11,11,11,11,11,11,11,11
2001,391179,3,1,0,0,0,0,0,0,9,0,0,0
2001,391180,1,1,0,0,0,0,0,0,0,0,0,0
2001,391181,1,1,16,16,16,16,16,16,16,16,16,16
2001,391182,1,1,9,9,9,9,9,9,9,9,9,9
2001,391183,1,1,25,25,25,25,25,25,25,25,25,25
2001,391184,1,1,8,8,8,8,8,8,8,8,8,8
2001,391185,1,1,22,22,22,22,22,22,22,22,22,22
2001,391185,2,1,0,0,0,0,0,0,0,0,0,0
2001,391185,3,1,0,0,0,0,0,0,0,0,0,0
2001,391186,1,1,0,0,0,0,0,0,0,0,0,0
2001,391186,2,1,0,0,0,0,0,0,0,0,0,0
2001,391187,1,1,13,29,0,0,10,0,7,15,13,0
2001,391187,2,1,0,0,17,0,0,0,0,0,15,13
2001,391188,1,1,0,0,0,16,0,0,0,0,0,0
2001,391188,2,1,0,0,0,0,0,0,0,0,0,0
2001,391188,3,1,0,0,0,0,0,0,0,0,0,0
2001,391189,1,1,0,0,0,0,0,0,0,0,0,0
2001,391190,1,1,1,1,1,1,1,1,1,1,1,1
2001,391190,2,1,0,0,0,0,0,0,0,0,0,0
2001,391191,1,1,19,19,19,19,19,19,19,19,19,19
2001,391191,2,1,0,0,0,13,0,0,0,0,18,0
2001,391192,0,1,0,0,13,0,0,0,0,0,15,0
2001,391192,0,2,0,0,0,0,0,0,0,0,0,0
2001,391192,0,3,0,0,0,19,0,0,19,0,31,0
2001,391192,0,4,0,0,0,0,0,0,0,0,12,0
2001,391192,0,5,0,0,0,0,0,0,0,20,0,0
2001,391192,0,6,0,0,0,18,0,0,0,0,0,0
2001,391192,1,1,4,4,4,4,4,4,4,4,4,4
2001,391193,1,1,0,0,0,0,0,0,0,0,0,0
2001,391193,2,1,0,0,0,0,0,0,0,0,0,0
2001,391194,1,1,0,0,0,0,0,0,0,0,0,0
2001,391194,2,1,0,0,0,0,0,0,0,0,0,0
2001,391195,1,1,0,0,0,0,0,0,0,0,0,0
2001,391195,2,1,0,0,0,0,0,0,0,0,0,0
2001,391196,1,1,0,0,0,0,0,0,0,0,0,0
2001,391197,1,1,0,0,0,0,0,0,0,0,0,0
2001,391197,2,1,0,0,0,0,0,0,0,0,0,0
2001,391198,1,1,9,0,15,10,0,2,0,0,0,0
2001,391199,1,1,0,0,0,0,0,0,0,0,0,0
2001,391199,2,1,0,0,0,0,0,0,0,0,0,0
2001,391200,1,1,17,17,17,17,17,17,17,17,17,17
2001,391200,2,1,0,0,0,0,8,0,0,0,0,0
2001,391201,1,1,11,11,11,11,11,11,11,11,11,11
2001,391202,1,1,0,0,0,0,0,0,0,0,0,0
2001,391203,1,1,0,0,0,0,0,0,0,0,0,0
2001,391204,1,1,0,0,0,0,0,0,0,0,0,0
2001,391204,2,1,0,0,0,0,0,0,0,0,0,0
2001,391205,1,1,0,0,0,0,0,0,0,0,0,0
2001,391205,2,1,0,0,0,0,0,0,0,0,0,0
2001,391206,1,1,9,9,9,9,9,9,9,9,9,9
2001,391207,1,1,0,0,0,0,0,0,0,0,0,0
2001,391207,2,1,25,25,25,25,25,25,25,25,25,25
2001,391208,1,1,0,0,0,0,0,0,0,0,0,0
2001,391208,2,1,0,0,0,0,0,0,0,0,0,0
2001,391209,1,1,0,0,0,0,0,0,0,0,0,0
2001,391209,2,1,0,0,0,0,0,0,0,0,0,0
2001,391210,1,1,18,18,18,18,18,18,18,18,18,18
2001,391211,1,1,0,0,0,0,0,0,0,0,0,0
2001,391211,2,1,0,0,0,0,0,0,0,0,0,0
2001,391211,3,1,0,0,0,0,0,0,0,0,0,0
2001,391212,1,1,0,0,0,0,0,0,0,0,0,0
2001,391213,1,2,18,0,0,0,16,15,31,26,22,0
2001,391214,1,1,0,0,0,0,0,0,0,0,0,0
2001,391215,1,1,0,0,0,0,0,0,0,0,0,0
2001,391216,1,1,0,0,0,0,0,0,0,0,0,0
2001,391216,2,1,0,0,0,0,0,0,0,0,0,0
2001,391218,1,1,0,0,0,0,0,0,0,0,0,0
2001,391219,1,1,19,19,19,19,19,19,19,19,19,19
2001,391220,1,1,0,0,0,0,0,0,0,0,0,0
2001,391220,2,1,0,0,0,0,0,0,0,0,0,0
2001,391221,1,1,0,0,0,0,0,0,0,0,0,0
2001,391221,2,1,0,0,0,0,0,0,0,0,0,0
2001,391221,3,1,0,0,0,0,0,0,0,0,0,0
2001,391222,1,1,0,0,0,0,0,0,0,0,0,0
2001,391222,2,1,0,0,0,0,0,0,0,0,0,0
2001,391223,0,1,0,0,0,0,0,0,0,0,0,0
2001,391223,0,2,0,0,0,0,0,0,0,0,0,0
2001,391223,1,1,21,21,21,21,21,21,21,21,21,21
2001,391223,2,1,4,13,0,13,7,12,0,0,0,9
2001,391224,1,1,0,0,0,0,0,0,0,0,0,0
2001,391224,2,1,0,0,0,0,0,0,0,0,0,0
2001,391225,1,1,0,8,17,0,0,0,19,0,0,0
2001,391226,1,1,0,0,0,0,0,0,0,0,0,0
2001,391226,2,1,0,0,0,0,0,0,0,0,0,0
2001,391227,1,1,0,0,0,0,0,0,0,0,0,0
2001,391227,2,1,0,0,0,0,0,0,13,15,0,0
2001,391228,1,3,26,15,20,17,28,19,17,12,19,13
2001,391229,1,1,0,0,0,0,0,0,0,0,0,0