YEAR,st_case,veh_no,per_no,P1,P2,P3,P4,P5,P6,P7,P8,P9,P10
2001,391229,2,1,0,0,0,0,0,0,0,0,0,0
2001,391230,1,1,0,0,0,0,0,0,0,0,0,0
2001,391231,1,1,19,19,19,19,19,19,19,19,19,19
2001,391232,0,1,0,0,0,0,0,31,23,0,0,0
2001,391232,1,1,0,0,0,0,0,0,0,0,0,0
2001,391233,1,1,0,0,0,0,0,0,0,0,0,0
2001,391233,2,1,0,0,0,0,0,0,0,0,18,0
2001,391234,1,1,3,3,3,3,3,3,3,3,3,3
2001,391235,1,1,0,0,0,0,0,0,0,0,0,0
2001,391235,2,1,0,0,0,0,0,0,0,0,0,0
2001,391236,1,1,0,0,0,0,0,0,0,0,0,0
2001,391237,1,1,0,0,0,0,0,0,5,0,0,0
2001,391238,1,1,13,13,13,13,13,13,13,13,13,13
2001,391238,2,1,23,8,30,10,0,18,15,0,16,9
2001,391239,1,1,23,23,23,23,23,23,23,23,23,23
2001,391239,2,1,0,38,23,19,0,15,16,0,0,0
2001,391239,3,1,0,0,0,0,0,0,0,0,0,0
2001,391240,1,1,0,0,0,0,0,0,0,0,0,0
2001,391241,1,1,0,0,0,0,0,13,0,0,0,0
2001,391241,2,1,0,0,0,10,0,0,0,0,0,0
2001,391242,1,1,19,19,19,19,19,19,19,19,19,19
2001,391243,1,1,10,10,10,10,10,10,10,10,10,10
2001,391244,1,1,16,16,16,16,16,16,16,16,16,16
2001,391245,1,1,8,8,8,8,8,8,8,8,8,8
2001,391245,2,1,0,0,0,0,0,0,0,0,0,0
2001,391246,1,1,0,0,0,0,0,0,0,0,0,0
2001,391246,2,1,0,0,0,0,0,0,0,0,0,0
2001,391247,1,1,0,0,0,0,0,0,0,0,0,0
2001,391247,2,1,0,0,0,0,0,0,0,0,0,0
2001,391247,3,1,0,0,0,0,0,0,0,0,0,0
2001,391248,0,1,1,1,1,1,1,1,1,1,1,1
2001,391248,1,1,0,0,0,0,0,0,0,0,0,0
2001,391249,1,1,19,19,19,19,19,19,19,19,19,19
2001,391250,1,1,0,14,8,21,0,0,0,20,19,0
2001,391251,0,1,0,0,0,0,0,0,0,0,0,0
2001,391251,1,1,0,0,0,0,0,0,0,0,0,0
2001,391252,1,1,0,0,0,0,0,0,0,0,0,2
2001,391253,1,1,16,24,0,0,5,0,0,15,13,24
2001,391254,1,1,17,27,37,0,15,0,0,13,34,0
2001,391255,1,1,0,0,0,0,0,0,0,0,0,0
2001,391256,1,1,0,0,0,0,0,0,0,0,0,0
2001,391257,1,1,0,0,0,0,17,18,0,18,0,0
2001,391258,1,1,0,0,0,0,0,0,0,0,0,0
2001,391259,1,1,0,0,0,0,0,0,0,0,0,0
2001,391260,1,1,15,13,11,5,15,30,33,14,9,17
2001,391261,1,1,20,20,20,20,20,20,20,20,20,20
2001,391262,1,1,0,0,0,0,0,0,0,0,0,0
2001,391263,0,1,31,60,32,30,11,17,24,21,39,17
2001,391263,1,1,0,0,0,0,0,0,0,0,0,0
2001,391264,1,1,0,0,0,0,0,0,0,0,0,0
2001,391264,2,1,0,0,0,0,0,0,0,0,0,0
2001,391265,1,1,21,21,21,21,21,21,21,21,21,21
2001,391266,1,1,0,0,0,0,0,0,0,0,0,0
2001,391266,2,1,0,0,0,0,0,0,0,0,0,0
2001,391267,0,1,14,7,23,38,26,17,22,12,7,29
2001,391267,1,1,0,0,0,0,0,0,0,0,0,0
2001,391268,1,1,26,26,26,26,26,26,26,26,26,26
2001,391269,0,1,0,0,0,16,25,34,0,0,0,30
2001,391269,1,1,0,0,0,0,0,0,0,0,0,0
2001,391270,1,1,0,22,14,15,0,17,31,12,13,24
2001,391271,1,1,16,16,16,16,16,16,16,16,16,16
2001,391272,1,1,29,16,28,15,0,18,0,0,0,21
2001,391273,1,1,34,0,10,0,0,0,17,0,0,18
2001,391274,1,1,0,0,0,0,0,0,0,0,0,0
2001,391275,1,1,0,0,0,0,0,0,0,0,0,0
2001,391276,1,1,25,25,25,25,25,25,25,25,25,25
2001,391277,1,1,14,14,14,14,14,14,14,14,14,14
2001,400001,1,1,0,0,0,0,0,0,0,0,0,0
2001,400001,2,1,0,0,0,0,0,0,0,0,0,0
2001,400002,1,1,15,14,10,30,15,11,16,16,12,21
2001,400003,1,1,11,8,17,12,4,2,9,0,10,12
2001,400004,1,1,0,0,0,0,0,0,0,0,0,0
2001,400005,1,1,0,0,0,0,0,0,0,0,0,0
2001,400005,2,1,0,0,0,0,0,0,0,0,0,0
2001,400006,1,1,0,0,0,0,0,0,0,0,0,0
2001,400006,2,1,0,0,0,0,0,0,0,0,0,0
2001,400007,1,1,0,0,0,0,0,0,0,0,0,0
2001,400007,2,1,0,0,0,0,0,0,0,0,0,0
2001,400008,1,1,0,0,0,0,0,0,0,0,0,0
2001,400008,2,1,0,0,0,0,0,0,0,0,0,0
2001,400009,1,1,13,13,13,13,13,13,13,13,13,13
2001,400009,2,1,0,0,0,0,0,0,0,0,0,0
2001,400010,1,1,0,0,0,0,0,0,0,0,0,0
2001,400010,2,1,0,0,0,0,0,0,0,0,0,0
2001,400011,1,1,20,20,20,20,20,20,20,20,20,20
2001,400012,1,1,24,24,24,24,24,24,24,24,24,24
2001,400012,2,1,0,0,0,0,0,0,0,0,0,0
2001,400013,1,1,0,0,0,0,0,0,0,0,0,0
2001,400013,2,1,0,0,0,0,0,0,0,0,0,0
2001,400014,1,1,37,28,14,13,21,33,23,12,17,6
2001,400015,0,1,8,8,8,8,8,8,8,8,8,8
2001,400015,1,1,16,22,8,0,0,21,0,0,0,0
2001,400015,2,1,0,0,0,0,0,10,0,0,0,0
2001,400016,1,1,0,0,0,0,0,2,0,0,0,0
2001,400016,2,1,0,0,0,0,0,0,0,0,0,0
2001,400017,1,1,0,0,0,0,0,0,0,0,0,0
2001,400017,2,1,13,7,19,0,3,0,16,0,8,0
2001,400017,3,1,0,0,0,0,0,0,0,0,9,0
2001,400018,1,1,0,0,0,0,0,0,0,0,0,0
2001,400018,2,1,0,0,0,0,0,0,0,0,0,0
2001,400019,1,1,20,20,20,20,20,20,20,20,20,20
2001,400020,1,1,0,0,0,0,0,0,0,0,0,0
2001,400021,0,1,30,30,30,30,30,30,30,30,30,30
2001,400021,1,1,0,0,0,6,0,16,0,0,0,0
2001,400022,1,1,9,9,9,9,9,9,9,9,9,9
2001,400023,1,1,0,0,0,0,0,0,0,0,0,0
2001,400023,2,1,0,0,0,0,0,0,0,0,0,0
2001,400024,1,1,10,7,15,6,9,3,21,10,7,33
2001,400025,1,1,0,0,0,0,0,0,0,0,0,0
2001,400026,1,1,0,0,0,0,0,0,0,0,0,0
2001,400027,1,1,0,0,0,0,0,0,0,0,0,0
2001,400028,1,1,0,0,0,0,0,0,0,0,0,0
2001,400028,2,1,0,0,0,0,0,0,0,0,0,0
2001,400029,1,1,0,0,0,0,0,0,0,0,0,0
2001,400029,2,1,0,0,0,0,0,0,0,0,0,0
2001,400030,0,1,24,24,24,24,24,24,24,24,24,24
2001,400030,0,2,18,14,0,0,21,17,0,0,0,0
2001,400030,1,1,0,0,0,0,0,0,0,0,0,0
2001,400031,1,1,0,0,0,0,0,0,0,0,0,0
2001,400031,2,1,0,0,0,0,0,0,0,0,0,0
2001,400032,1,1,0,18,13,24,19,0,12,12,20,5
2001,400032,2,1,0,0,0,0,0,0,0,0,0,0
2001,400033,1,1,9,7,13,21,19,14,19,28,21,5
2001,400034,1,1,0,0,0,0,0,0,0,0,0,0
2001,400035,1,1,0,9,0,0,0,0,0,0,0,0
2001,400035,2,1,0,0,0,0,0,0,20,0,0,0
2001,400036,1,1,29,29,29,29,29,29,29,29,29,29
2001,400036,2,1,0,0,0,0,0,0,0,0,0,0
2001,400037,0,1,0,0,0,0,0,0,0,0,0,0
2001,400037,1,1,0,0,0,0,0,0,0,0,0,0
2001,400038,1,1,25,25,25,25,25,25,25,25,25,25
2001,400038,2,1,3,0,0,0,0,0,0,0,0,0
2001,400040,1,1,0,0,0,0,0,0,0,0,0,0
2001,400041,1,1,0,0,0,0,0,0,0,0,0,0
2001,400041,2,1,0,0,0,0,0,0,0,0,0,0
2001,400042,0,1,0,0,0,0,0,0,0,0,0,0
2001,400042,0,2,8,0,0,0,0,0,0,0,0,15
2001,400042,1,1,0,0,0,0,0,0,0,0,0,0
2001,400042,2,1,0,0,0,0,0,0,0,0,0,0
2001,400042,6,1,0,0,0,0,0,0,0,0,0,0
2001,400043,1,1,0,0,0,0,0,0,0,0,0,0
2001,400044,1,1,0,0,0,0,0,0,0,0,0,0
2001,400045,1,1,0,0,0,0,0,0,0,0,0,0
2001,400045,2,1,0,0,0,0,0,0,0,0,0,0
2001,400046,0,1,0,0,0,0,0,0,0,0,0,0
2001,400046,2,1,0,0,0,0,0,0,4,0,0,0
2001,400046,3,1,0,0,0,0,0,0,0,0,0,0
2001,400047,1,1,5,0,0,0,0,0,0,0,0,0
2001,400047,2,1,0,0,0,0,0,0,0,12,0,0
2001,400048,1,1,0,0,0,0,0,0,0,0,0,0
2001,400049,1,1,0,0,0,0,0,0,0,0,0,0
2001,400050,1,1,0,0,0,0,0,0,0,0,0,0
2001,400051,1,1,0,0,0,0,0,0,0,0,0,0
2001,400051,2,1,0,0,0,0,0,0,0,11,0,0
2001,400052,1,1,15,16,8,20,13,16,11,0,0,20
2001,400052,2,1,0,0,23,0,18,0,0,0,0,0
2001,400053,1,1,0,0,0,0,0,0,0,0,0,0
2001,400053,2,1,15,0,0,0,0,0,0,0,0,0
2001,400054,1,1,0,0,0,0,0,0,0,0,0,0
2001,400055,1,1,0,0,0,0,0,0,0,0,0,0
2001,400056,1,1,16,16,16,16,16,16,16,16,16,16
2001,400057,1,1,0,8,0,0,0,0,0,0,0,0
2001,400057,2,1,0,0,0,0,0,0,15,0,0,0
2001,400058,1,1,0,0,0,0,0,0,0,0,0,0
2001,400058,2,1,0,0,0,0,0,22,0,0,0,0
2001,400059,1,1,0,0,0,0,0,0,0,0,0,0
2001,400060,1,1,0,0,0,0,0,0,0,0,0,0
2001,400060,2,1,0,0,0,0,0,0,0,0,0,13
2001,400061,0,1,0,0,0,0,0,0,0,0,0,0
2001,400061,1,1,0,0,0,0,0,0,0,0,0,0
2001,400062,0,1,0,0,0,0,0,0,0,0,0,0
2001,400062,1,1,2,2,2,2,2,2,2,2,2,2
2001,400063,1,1,0,0,0,0,0,0,0,0,0,0
2001,400063,2,1,0,0,0,0,0,0,0,0,0,0
2001,400064,1,1,0,0,0,0,0,0,0,0,0,0
2001,400065,1,1,0,0,0,0,0,0,0,0,0,0
2001,400066,1,1,0,0,0,0,0,0,0,0,0,0
2001,400066,2,1,0,0,0,0,0,0,0,0,14,0
2001,400067,1,1,0,0,0,0,0,0,0,0,0,0
2001,400068,1,1,0,0,0,0,0,0,0,0,0,0
2001,400069,0,1,0,0,0,0,0,0,0,0,0,0
2001,400069,1,1,0,0,0,0,0,0,0,0,0,0
2001,400069,2,1,0,7,0,0,11,0,0,0,0,0
2001,400070,1,1,8,8,8,8,8,8,8,8,8,8
2001,400071,1,1,0,0,0,0,0,0,0,0,0,0
2001,400072,1,1,0,0,0,0,0,0,0,0,0,0
2001,400072,2,1,0,0,0,0,0,0,0,0,0,0
2001,400073,1,1,15,15,15,15,15,15,15,15,15,15
2001,400074,1,1,0,0,0,0,0,0,0,0,0,0
2001,400074,2,1,0,0,0,0,0,0,0,0,0,0
2001,400075,1,1,0,0,0,0,0,0,0,0,0,0
2001,400075,2,1,0,0,0,0,0,0,0,0,0,0
2001,400076,1,1,0,0,0,0,0,0,0,0,0,0
2001,400077,1,1,12,12,0,0,13,0,22,9,0,8
2001,400078,0,1,20,20,20,20,20,20,20,20,20,20
2001,400078,1,1,0,17,0,0,8,5,0,0,0,0
2001,400079,1,1,0,0,0,0,0,0,0,0,0,0
2001,400079,2,1,0,0,0,6,0,0,0,0,0,0
2001,400079,3,1,0,0,0,0,0,0,0,0,0,0
2001,400080,1,1,0,0,0,0,0,0,0,0,0,0
2001,400080,2,1,0,0,0,0,0,0,0,0,0,0
2001,400081,1,1,0,0,0,0,0,0,0,0,0,0
2001,400082,1,1,0,0,0,0,0,0,0,0,0,0
2001,400082,2,1,0,0,0,0,0,0,0,0,0,0
2001,400083,1,1,0,0,0,0,0,0,0,0,0,0
2001,400084,1,1,6,6,6,6,6,6,6,6,6,6
2001,400085,1,1,0,0,0,0,0,0,0,0,0,0
2001,400085,2,1,0,0,0,0,0,0,0,0,0,0
2001,400086,1,1,0,0,0,0,0,0,0,0,0,0
2001,400086,2,1,0,0,0,0,0,0,0,0,0,0
2001,400087,1,1,0,0,0,0,0,0,0,0,0,0
2001,400087,2,1,0,0,0,0,0,0,0,0,0,0
2001,400088,1,1,0,0,0,0,0,0,0,0,0,0
2001,400088,2,1,0,0,0,0,0,0,0,0,0,0
2001,400088,3,1,0,0,0,0,0,0,0,0,0,0
2001,400089,0,1,8,8,8,8,8,8,8,8,8,8
2001,400089,1,1,0,0,0,0,0,0,0,0,0,0
2001,400090,0,1,0,0,0,0,0,0,0,0,0,24
2001,400090,0,2,0,0,0,0,0,0,0,0,0,0
2001,400090,1,1,0,0,0,0,0,0,0,0,0,0
2001,400091,1,1,0,0,0,0,0,0,0,0,0,0
2001,400092,1,1,22,9,10,16,18,15,10,19,21,15
2001,400093,1,1,42,0,0,0,0,0,16,0,31,21
2001,400093,2,1,0,0,0,0,0,0,0,0,0,0
2001,400094,1,1,17,17,17,17,17,17,17,17,17,17
2001,400095,1,1,0,19,11,0,0,0,14,0,0,11
2001,400096,0,1,0,0,0,0,0,0,0,0,0,0
2001,400096,2,1,0,14,0,0,0,0,0,36,0,0
2001,400096,3,1,0,0,0,0,0,0,0,0,0,0
2001,400097,1,1,0,0,0,0,0,0,0,0,0,0
2001,400097,2,1,0,0,0,0,0,0,0,0,0,0
2001,400098,1,1,15,0,0,0,0,5,6,13,0,0
2001,400099,1,1,0,0,0,0,0,0,0,0,0,0
2001,400099,2,1,0,0,0,0,0,0,0,0,0,0
2001,400100,1,1,0,0,0,0,0,0,0,0,0,0
2001,400100,2,1,7,7,7,7,7,7,7,7,7,7
2001,400101,1,1,0,0,0,0,0,0,0,0,0,0
2001,400102,1,1,24,24,24,24,24,24,24,24,24,24
2001,400103,1,1,0,0,0,0,0,0,0,0,0,0
2001,400104,1,1,0,0,0,0,0,0,0,0,0,0
2001,400105,1,1,0,0,0,0,0,0,0,0,0,0
2001,400106,1,1,0,0,0,0,0,0,0,0,0,0
2001,400106,2,1,0,0,0,0,0,0,0,0,0,0
2001,400107,1,1,0,0,0,0,0,0,0,0,0,0
2001,400108,1,1,14,0,14,7,12,11,10,4,4,10
2001,400109,1,1,22,22,22,22,22,22,22,22,22,22
2001,400110,1,1,11,25,14,9,16,0,13,27,23,7
2001,400110,2,1,0,0,0,0,0,0,0,17,24,0
2001,400111,1,1,0,0,0,0,0,0,0,0,0,0
2001,400112,1,1,0,0,0,0,0,0,0,0,0,0
2001,400113,1,1,13,13,13,13,13,13,13,13,13,13
2001,400114,1,1,0,0,0,0,0,0,0,0,0,0
2001,400114,2,1,0,0,0,0,0,0,0,0,0,0
2001,400114,3,1,0,0,0,0,0,0,0,0,0,0
2001,400115,1,1,24,24,24,24,24,24,24,24,24,24
2001,400116,1,1,24,24,24,24,24,24,24,24,24,24
2001,400117,1,1,8,8,8,8,8,8,8,8,8,8
2001,400118,0,1,0,0,0,0,0,0,0,0,0,0
2001,400118,1,1,0,0,0,0,0,0,0,0,0,0
2001,400119,1,1,0,0,0,0,0,0,0,0,0,0
2001,400120,1,1,11,17,0,19,14,18,18,7,6,15
2001,400120,2,1,0,0,0,0,0,0,0,0,0,0
2001,400121,1,1,24,24,24,24,24,24,24,24,24,24
2001,400122,1,1,0,0,0,0,0,0,0,0,18,0
2001,400123,1,1,0,0,0,0,0,0,0,0,0,0
2001,400123,2,1,0,0,0,0,0,0,0,0,0,0
2001,400124,0,1,30,30,30,30,30,30,30,30,30,30
2001,400124,1,1,8,15,5,28,16,7,0,12,15,0
2001,400125,1,1,25,25,25,25,25,25,25,25,25,25
2001,400126,1,1,0,0,0,0,0,0,0,0,0,0
2001,400127,1,1,21,21,21,21,21,21,21,21,21,21
2001,400128,1,1,0,0,0,0,0,0,0,0,0,0
2001,400129,1,1,16,6,10,16,0,0,0,0,6,0
2001,400130,0,1,0,0,0,0,0,0,0,0,0,0
2001,400130,1,1,0,0,0,0,0,0,34,0,0,0
2001,400131,1,1,12,11,0,0,17,14,2,0,24,0
2001,400131,2,1,21,26,0,0,16,0,36,0,0,0
2001,400132,1,1,0,0,0,0,0,0,0,0,0,0
2001,400133,0,1,0,0,0,0,0,0,0,0,0,0
2001,400133,1,1,0,25,0,0,0,0,0,0,0,0
2001,400134,1,1,0,0,0,0,0,0,0,0,0,0
2001,400135,1,1,0,0,0,0,0,0,0,0,0,0
2001,400135,2,1,0,0,0,11,0,0,0,0,0,0
2001,400136,1,1,0,0,0,0,0,0,0,0,0,0
2001,400136,2,1,0,0,0,4,0,0,0,0,0,0
2001,400137,1,1,54,14,20,18,5,16,7,24,11,17
2001,400138,1,1,15,15,15,15,15,15,15,15,15,15
2001,400139,1,1,0,0,0,0,0,0,0,0,0,0
2001,400139,2,1,0,0,0,0,0,0,0,0,0,0
2001,400140,1,1,0,0,0,0,0,0,0,0,0,0
2001,400140,2,1,0,0,0,0,0,0,0,0,0,0
2001,400141,0,1,0,0,0,0,0,0,0,0,0,0
2001,400141,1,1,8,0,4,15,11,11,0,19,4,7
2001,400142,1,1,0,0,0,0,0,0,0,0,0,0
2001,400142,2,1,0,0,0,0,0,0,0,0,0,0
2001,400143,1,1,9,9,9,9,9,9,9,9,9,9
2001,400144,1,1,0,0,0,0,0,0,0,0,0,0
2001,400144,2,1,0,0,0,0,0,0,0,0,4,0
2001,400145,1,1,0,0,0,0,0,0,0,0,0,0
2001,400146,1,1,18,18,18,18,18,18,18,18,18,18
2001,400147,1,1,15,16,13,18,25,15,15,15,25,7
2001,400148,0,1,0,0,0,0,0,0,0,0,0,0
2001,400148,1,1,0,0,0,0,0,0,0,0,0,0
2001,400149,1,1,0,0,0,0,0,0,0,0,0,0
2001,400149,2,1,12,11,7,18,0,17,14,12,9,20
2001,400150,1,1,0,0,0,0,0,0,8,0,0,0
2001,400151,1,1,0,0,0,0,0,0,0,0,0,0
2001,400152,1,1,0,0,0,0,0,0,0,0,0,0
2001,400152,2,1,0,0,0,0,0,0,0,0,0,0
2001,400152,3,1,0,0,0,0,0,0,0,0,0,0
2001,400152,4,1,0,0,0,0,0,8,0,0,0,0
2001,400152,5,1,0,0,0,0,0,0,0,0,0,0
2001,400153,1,1,0,0,0,0,0,0,0,0,0,0
2001,400154,1,1,0,0,0,0,0,0,0,0,0,0
2001,400154,2,1,0,19,0,0,0,0,0,0,0,0
2001,400155,1,1,0,0,0,0,0,0,0,0,0,0
2001,400156,1,1,0,0,0,0,0,0,0,0,0,0
2001,400156,2,1,0,0,0,0,0,0,0,0,0,0
2001,400157,1,1,20,20,20,20,20,20,20,20,20,20
2001,400157,2,1,14,11,36,0,18,24,28,16,10,16
2001,400158,1,1,0,0,0,0,0,0,0,0,0,0
2001,400158,2,1,0,0,0,0,0,0,0,0,0,0
2001,400159,1,1,16,16,16,16,16,16,16,16,16,16
2001,400160,1,1,0,0,0,0,0,0,0,0,0,0
2001,400160,2,1,0,0,0,0,0,0,0,0,0,0
2001,400161,1,1,0,0,0,0,0,0,0,0,0,0
2001,400161,2,1,0,0,0,0,0,0,0,0,0,0
2001,400161,3,1,0,0,0,0,0,0,0,0,0,0
2001,400162,1,1,11,0,0,0,0,14,0,0,0,0
2001,400162,2,1,0,0,0,0,0,0,0,0,0,0
2001,400163,2,1,22,22,22,22,22,22,22,22,22,22
2001,400164,1,1,0,0,0,0,0,0,0,0,0,0
2001,400165,1,1,17,17,17,17,17,17,17,17,17,17
2001,400165,2,1,0,0,0,0,0,0,0,0,0,0
2001,400166,1,1,0,0,0,0,0,0,0,0,0,0
2001,400167,1,1,0,0,0,0,0,0,0,0,0,0
2001,400167,2,1,0,0,0,0,0,0,0,0,0,0
2001,400168,1,1,0,0,0,0,0,0,0,0,0,0
2001,400168,2,1,0,0,0,0,0,0,0,0,0,0
2001,400169,1,1,0,0,0,0,0,0,0,0,0,0
2001,400169,2,1,0,0,0,0,0,0,0,0,0,0
2001,400169,3,1,0,0,0,0,0,0,0,0,0,0
2001,400170,1,1,0,0,0,0,0,0,0,0,0,0
2001,400171,1,1,0,0,0,0,0,20,0,14,0,0
2001,400171,2,1,24,20,10,12,5,15,23,9,7,10
2001,400172,1,1,0,0,0,0,0,0,0,0,0,0
2001,400172,2,1,0,0,0,0,0,24,0,0,0,0
2001,400173,1,1,17,17,17,17,17,17,17,17,17,17
2001,400174,1,1,38,38,38,38,38,38,38,38,38,38
2001,400175,1,1,0,0,0,0,0,0,0,0,0,0
2001,400175,2,1,0,0,7,0,0,0,0,0,0,0
2001,400176,1,1,0,0,0,0,0,0,0,0,0,0
2001,400176,2,1,0,0,0,0,0,0,0,0,0,0
2001,400177,1,1,0,0,0,0,0,0,0,0,0,0
2001,400177,2,1,0,0,0,0,0,0,0,0,0,0
2001,400178,1,1,12,12,12,12,12,12,12,12,12,12
2001,400179,1,1,4,25,10,0,30,22,9,18,16,28
2001,400179,2,1,0,0,0,0,0,0,0,31,0,0
2001,400180,1,1,0,29,0,0,0,0,0,0,15,0
2001,400181,1,1,0,0,0,0,0,0,0,0,0,0
2001,400182,1,1,0,0,0,0,0,0,5,0,0,0
2001,400183,1,1,11,11,11,11,11,11,11,11,11,11
2001,400184,1,1,16,16,16,16,16,16,16,16,16,16
2001,400185,1,1,28,28,28,28,28,28,28,28,28,28
2001,400185,2,1,0,0,0,0,0,0,0,0,0,0
2001,400186,1,1,20,11,14,4,16,7,14,17,14,17
2001,400186,2,1,0,0,0,0,0,0,0,0,0,0
2001,400187,1,1,0,0,16,0,16,16,0,0,0,0
2001,400188,1,1,0,0,0,0,0,0,0,0,0,0
2001,400189,1,1,0,0,0,0,0,0,0,0,0,0
2001,400190,1,1,0,0,0,0,0,0,0,0,0,0
2001,400190,2,1,0,0,0,0,0,0,0,0,0,0
2001,400191,1,1,9,9,9,9,9,9,9,9,9,9
2001,400192,1,1,0,0,0,0,0,0,0,0,0,0
2001,400192,2,1,0,0,0,0,0,0,0,0,0,0
2001,400193,1,1,0,0,0,0,0,0,0,0,0,0
2001,400193,2,1,0,0,0,0,0,0,0,0,0,0
2001,400194,1,1,0,0,0,0,0,0,0,0,0,0
2001,400194,2,1,0,0,0,0,0,0,0,0,0,0
2001,400195,1,1,0,0,0,0,0,0,0,0,0,0
2001,400195,2,1,0,0,0,0,0,0,0,0,0,0
2001,400196,1,1,11,7,11,0,23,12,15,17,27,8
2001,400197,1,1,11,11,11,11,11,11,11,11,11,11
2001,400197,2,1,0,0,0,0,0,0,0,0,0,0
2001,400198,1,1,0,0,0,0,0,0,0,0,0,0
2001,400199,1,1,19,8,0,8,18,8,7,0,9,12
2001,400199,2,1,0,0,0,0,0,0,0,0,0,0
2001,400200,1,1,27,27,27,27,27,27,27,27,27,27
2001,400201,1,1,0,0,0,0,0,8,0,0,0,0
2001,400201,2,1,0,6,0,0,0,0,0,0,0,0
2001,400202,1,1,16,25,9,8,14,0,9,8,0,13
2001,400203,1,11,0,0,0,0,0,0,0,0,12,0
2001,400204,0,1,0,0,0,0,0,0,0,0,0,0
2001,400204,1,1,4,17,9,20,13,14,11,12,0,14
2001,400205,1,1,0,0,0,0,0,0,0,0,0,0
2001,400205,2,1,0,0,0,0,0,0,0,0,0,0
2001,400206,1,1,0,0,0,0,0,0,0,0,0,0
2001,400206,2,1,0,0,0,0,0,0,0,0,0,0
2001,400207,1,1,0,0,0,0,0,0,0,0,0,0
2001,400207,2,1,0,0,0,0,0,0,0,0,0,0
2001,400208,1,1,0,0,0,0,0,0,0,0,0,0
2001,400209,1,1,0,0,0,0,0,0,0,0,0,0
2001,400210,1,1,35,35,35,35,35,35,35,35,35,35
2001,400210,2,1,0,0,0,0,0,0,0,0,0,14
2001,400211,1,1,10,10,10,10,10,10,10,10,10,10
2001,400211,2,1,0,0,0,0,0,0,0,0,0,0
2001,400212,1,1,21,21,21,21,21,21,21,21,21,21
2001,400213,0,1,0,0,0,0,0,0,0,0,0,0
2001,400213,1,1,12,24,17,14,12,12,20,9,19,6
2001,400214,1,1,0,0,0,0,0,0,0,0,9,0
2001,400214,2,1,0,0,3,0,0,0,0,0,0,0
2001,400215,0,1,16,16,16,16,16,16,16,16,16,16
2001,400215,1,1,0,0,0,0,35,0,0,0,0,0
2001,400216,1,1,0,0,0,0,0,0,0,0,0,0
2001,400216,2,1,0,0,0,0,0,0,0,0,0,0
2001,400217,1,1,19,22,21,24,17,17,12,15,18,19
2001,400218,1,1,10,16,15,26,15,0,23,32,7,12
2001,400219,1,1,0,0,0,0,0,0,0,0,0,0
2001,400220,1,1,22,0,0,14,22,15,24,37,30,23
2001,400221,1,1,28,10,17,12,10,22,10,20,12,24
2001,400221,2,1,20,15,0,9,5,4,5,0,48,14
2001,400222,0,1,0,0,0,10,0,0,0,0,0,0
2001,400222,0,2,0,0,0,0,0,0,0,0,0,0
2001,400222,1,1,0,0,0,0,0,0,0,0,0,0
2001,400223,1,1,0,0,0,0,0,0,0,0,0,0
2001,400223,2,1,0,0,0,0,0,0,0,0,0,0
2001,400224,1,1,4,4,4,4,4,4,4,4,4,4
2001,400225,1,1,0,0,0,0,0,0,0,0,0,0
2001,400225,2,1,0,5,8,0,0,6,0,4,7,0
2001,400226,1,1,0,0,0,0,0,0,0,0,0,0
2001,400226,2,1,0,0,0,0,0,0,0,0,0,0
2001,400227,1,1,0,0,0,0,0,0,0,0,0,0
2001,400228,1,1,0,0,0,0,0,0,0,0,0,0
2001,400228,2,1,0,0,0,0,0,0,0,0,23,0
2001,400229,1,1,0,0,0,0,0,0,0,0,0,0
2001,400229,2,1,0,0,0,0,0,0,0,0,0,0
2001,400230,1,1,0,0,0,0,0,0,0,0,0,0
2001,400230,2,1,0,0,0,0,0,0,0,0,0,0
2001,400231,1,1,0,0,0,0,0,0,0,0,0,0
2001,400232,1,1,0,0,0,0,0,21,0,8,0,0
2001,400233,1,1,17,43,29,24,28,25,21,18,12,21
2001,400234,1,1,15,15,15,15,15,15,15,15,15,15
2001,400234,2,1,0,0,0,0,0,0,0,0,0,2
2001,400235,1,1,0,0,11,0,0,0,0,0,14,0
2001,400235,2,1,0,0,0,0,0,0,0,0,0,0
2001,400236,0,1,0,0,8,0,0,0,0,0,0,0
2001,400236,1,1,0,0,0,0,0,0,0,0,0,0
2001,400237,1,1,0,0,0,0,0,0,0,0,0,0
2001,400237,2,1,0,0,0,0,0,0,0,0,0,0
2001,400237,3,1,0,0,0,0,0,0,0,0,0,0
2001,400238,1,1,18,18,18,18,18,18,18,18,18,18
2001,400239,1,1,0,0,0,0,0,0,0,0,0,0
2001,400240,1,1,29,29,29,29,29,29,29,29,29,29
2001,400240,2,1,0,0,0,0,0,0,0,0,0,0
2001,400240,3,1,0,0,0,0,0,0,0,0,0,0
2001,400241,1,1,0,0,0,0,0,0,0,0,0,0
2001,400241,2,1,0,0,0,0,0,0,0,0,0,0
2001,400242,1,1,0,0,0,0,0,0,0,0,0,0
2001,400242,2,1,0,0,0,0,0,0,0,0,0,0
2001,400243,1,1,0,0,0,0,0,0,0,0,0,0