YEAR,st_case,veh_no,per_no,P1,P2,P3,P4,P5,P6,P7,P8,P9,P10
2001,400244,1,1,0,0,0,0,0,0,0,0,0,0
2001,400244,2,1,0,0,0,0,0,0,0,0,0,0
2001,400245,1,1,14,26,15,17,22,22,30,16,16,27
2001,400246,1,1,33,19,25,19,19,29,26,15,22,29
2001,400247,1,1,0,0,0,0,0,0,0,0,0,0
2001,400247,2,1,0,0,0,0,0,0,0,0,0,0
2001,400248,0,1,23,23,23,23,23,23,23,23,23,23
2001,400248,1,1,0,0,0,11,0,0,9,0,0,0
2001,400248,2,1,0,0,12,0,0,0,0,0,0,0
2001,400249,1,1,0,0,0,0,0,0,0,0,0,0
2001,400249,2,1,0,0,0,0,0,0,0,0,0,0
2001,400250,1,1,12,12,12,12,12,12,12,12,12,12
2001,400251,1,1,30,30,30,30,30,30,30,30,30,30
2001,400252,1,1,0,0,0,0,0,0,0,0,0,0
2001,400253,1,1,0,0,0,0,0,0,0,0,0,0
2001,400253,2,1,0,0,0,0,0,0,0,0,0,0
2001,400254,1,1,0,0,0,0,0,0,0,0,0,0
2001,400255,1,1,0,7,0,0,0,0,0,0,8,0
2001,400255,2,1,0,0,0,0,0,0,0,0,0,0
2001,400256,1,1,0,0,0,0,0,0,0,0,0,0
2001,400257,0,1,0,0,0,0,0,0,0,0,0,0
2001,400257,1,1,34,0,0,0,0,0,0,0,0,0
2001,400258,1,1,23,23,23,23,23,23,23,23,23,23
2001,400258,2,1,0,0,0,0,0,0,0,0,0,0
2001,400259,0,1,7,7,7,7,7,7,7,7,7,7
2001,400259,1,1,0,0,0,0,0,0,0,17,0,0
2001,400260,1,1,7,11,15,11,10,11,7,23,11,18
2001,400261,1,1,0,0,0,0,0,0,0,0,0,0
2001,400261,2,1,18,0,0,0,0,0,0,0,0,0
2001,400262,1,1,0,0,0,0,0,0,28,18,0,0
2001,400262,2,1,0,0,0,0,0,0,0,0,0,0
2001,400263,1,1,22,17,16,9,0,7,5,7,33,15
2001,400263,2,1,0,0,0,0,0,0,0,0,0,0
2001,400264,1,1,45,45,45,45,45,45,45,45,45,45
2001,400265,1,1,2,2,2,2,2,2,2,2,2,2
2001,400265,2,1,0,0,0,0,0,0,15,5,0,0
2001,400266,1,1,0,0,0,0,0,0,0,0,0,0
2001,400266,2,1,0,0,0,0,0,0,0,0,12,0
2001,400267,0,1,0,0,0,0,0,0,0,0,0,0
2001,400267,1,1,0,0,0,0,0,0,0,0,0,0
2001,400268,1,1,24,24,24,24,24,24,24,24,24,24
2001,400269,1,1,0,0,0,0,0,0,0,0,0,0
2001,400269,2,1,0,10,0,0,0,0,0,0,0,0
2001,400270,1,1,0,0,0,0,0,0,0,0,0,0
2001,400270,2,1,0,0,0,0,0,0,0,0,0,0
2001,400271,1,1,0,0,0,0,0,0,0,0,0,0
2001,400272,1,1,2,16,21,6,14,9,18,9,5,15
2001,400273,1,1,32,32,32,32,32,32,32,32,32,32
2001,400274,1,1,0,0,0,0,0,0,0,0,0,0
2001,400275,1,1,28,28,28,28,28,28,28,28,28,28
2001,400276,1,1,0,0,0,0,0,0,0,0,0,0
2001,400276,2,1,0,0,0,0,0,0,0,0,0,0
2001,400277,1,1,11,2,8,18,12,17,18,9,19,15
2001,400278,1,1,0,0,0,0,0,0,0,0,0,0
2001,400279,0,1,0,0,0,0,0,0,0,0,0,0
2001,400279,1,1,0,0,0,0,0,0,0,0,0,0
2001,400280,1,1,15,15,15,15,15,15,15,15,15,15
2001,400281,1,1,0,0,0,0,0,19,0,41,0,0
2001,400282,1,1,17,17,17,17,17,17,17,17,17,17
2001,400283,1,1,0,0,0,0,0,0,0,0,0,0
2001,400283,2,1,0,0,0,0,0,0,0,0,0,0
2001,400284,1,1,0,0,0,0,0,0,0,0,0,0
2001,400285,1,1,0,0,0,0,0,0,0,0,0,0
2001,400285,2,1,0,0,0,0,0,0,0,0,0,0
2001,400286,1,1,0,0,0,0,0,0,0,0,0,0
2001,400287,1,1,0,0,0,0,0,0,0,0,0,0
2001,400288,1,1,18,18,18,18,18,18,18,18,18,18
2001,400289,1,1,0,0,0,0,0,0,0,0,0,0
2001,400289,2,1,0,0,0,0,0,0,0,0,0,0
2001,400290,1,1,0,0,0,0,0,0,0,0,0,0
2001,400290,2,1,0,0,0,0,0,0,0,0,0,0
2001,400291,1,1,0,0,0,0,0,0,0,0,0,0
2001,400291,2,1,0,0,0,0,0,0,0,0,0,0
2001,400292,1,1,17,17,17,17,17,17,17,17,17,17
2001,400293,1,1,0,0,0,0,0,8,0,0,0,0
2001,400293,2,1,0,0,0,0,0,0,0,0,0,0
2001,400294,1,1,0,0,0,0,0,0,0,0,0,0
2001,400294,2,1,0,0,0,0,0,0,0,0,0,0
2001,400295,1,1,0,0,0,0,0,0,0,0,0,0
2001,400296,1,1,0,0,0,0,0,0,0,0,0,0
2001,400296,2,1,0,0,0,0,0,0,0,0,0,0
2001,400297,1,1,0,0,0,0,0,0,0,0,0,0
2001,400297,2,1,0,0,0,0,0,0,0,0,0,0
2001,400298,1,1,0,0,0,0,0,0,0,0,0,0
2001,400299,1,1,25,5,13,11,9,13,10,10,17,19
2001,400299,2,1,0,0,0,0,0,0,0,0,0,0
2001,400300,1,1,0,0,0,0,0,19,0,0,0,0
2001,400300,2,1,0,0,0,0,0,0,0,0,0,0
2001,400301,1,1,16,16,16,16,16,16,16,16,16,16
2001,400301,2,1,0,0,0,0,0,0,0,0,0,0
2001,400302,1,1,17,17,17,17,17,17,17,17,17,17
2001,400302,2,1,10,10,10,10,10,10,10,10,10,10
2001,400303,1,1,0,0,0,0,0,0,0,0,0,0
2001,400303,2,1,11,17,13,12,6,28,15,9,28,8
2001,400304,1,1,0,0,0,0,0,0,0,0,0,0
2001,400305,1,1,15,15,15,15,15,15,15,15,15,15
2001,400306,1,1,25,25,25,25,25,25,25,25,25,25
2001,400307,1,1,0,0,0,0,0,0,0,0,0,0
2001,400307,2,1,0,0,0,0,0,0,0,0,0,0
2001,400308,1,1,0,0,0,0,0,0,0,0,0,0
2001,400309,1,1,0,0,0,0,0,0,0,0,0,0
2001,400309,2,1,0,0,0,0,0,0,0,0,0,0
2001,400310,1,1,6,6,6,6,6,6,6,6,6,6
2001,400311,1,1,0,0,0,0,0,0,0,0,0,0
2001,400312,1,1,0,19,16,0,0,16,0,0,0,0
2001,400312,2,1,0,0,0,0,0,0,0,0,0,0
2001,400313,1,1,0,0,0,0,0,0,0,0,0,0
2001,400314,1,1,23,23,23,23,23,23,23,23,23,23
2001,400315,0,1,8,8,8,8,8,8,8,8,8,8
2001,400315,1,1,6,19,16,16,7,20,9,5,9,7
2001,400316,0,1,0,0,0,0,0,0,0,0,0,0
2001,400316,1,1,0,0,0,0,0,0,0,0,0,0
2001,400317,1,1,0,8,17,0,15,11,9,16,25,10
2001,400318,1,1,0,0,0,0,0,0,0,0,0,0
2001,400319,1,1,6,6,6,6,6,6,6,6,6,6
2001,400319,2,1,0,0,0,0,0,0,0,0,0,0
2001,400319,3,1,0,0,0,0,0,0,0,0,0,0
2001,400320,1,1,0,0,0,0,0,0,0,0,0,0
2001,400320,2,1,0,0,0,0,0,0,0,0,0,0
2001,400321,1,1,21,21,21,21,21,21,21,21,21,21
2001,400322,1,1,0,0,0,0,0,0,0,0,0,0
2001,400322,2,1,0,0,15,6,0,0,0,0,0,0
2001,400323,1,1,32,32,32,32,32,32,32,32,32,32
2001,400323,2,1,0,0,10,0,0,0,0,0,0,0
2001,400324,1,1,12,26,43,14,8,0,16,25,5,7
2001,400325,1,1,0,0,0,0,0,0,0,0,0,0
2001,400326,1,1,9,9,9,9,9,9,9,9,9,9
2001,400326,2,1,0,0,0,0,0,0,0,0,0,0
2001,400327,1,1,14,14,14,14,14,14,14,14,14,14
2001,400328,1,1,0,0,0,0,0,0,0,0,0,0
2001,400328,2,1,0,0,0,0,0,0,0,0,0,0
2001,400329,1,1,5,5,5,5,5,5,5,5,5,5
2001,400329,2,1,0,0,0,0,0,0,0,0,0,0
2001,400330,1,1,0,0,0,0,0,0,0,0,0,0
2001,400331,1,1,3,3,3,3,3,3,3,3,3,3
2001,400331,2,1,0,0,0,0,0,0,0,0,0,0
2001,400332,1,1,32,32,32,32,32,32,32,32,32,32
2001,400333,1,1,0,5,14,0,0,21,11,0,0,0
2001,400334,0,1,35,35,35,35,35,35,35,35,35,35
2001,400334,1,1,0,0,0,0,0,0,15,0,17,0
2001,400335,1,1,0,0,0,0,0,0,0,0,0,0
2001,400335,2,1,0,0,0,0,0,0,0,0,0,0
2001,400336,1,1,0,23,0,18,14,12,10,14,0,0
2001,400337,1,1,11,10,12,7,23,0,19,23,21,37
2001,400338,1,1,6,6,6,6,6,6,6,6,6,6
2001,400339,1,1,0,0,0,0,0,0,0,0,0,0
2001,400340,1,1,22,22,22,22,22,22,22,22,22,22
2001,400341,1,1,0,0,0,0,0,0,0,0,0,0
2001,400341,2,1,0,0,0,0,0,0,0,0,0,0
2001,400342,1,1,0,0,0,0,0,0,0,0,0,0
2001,400342,2,1,0,0,0,12,9,21,0,11,6,0
2001,400343,1,1,19,19,19,19,19,19,19,19,19,19
2001,400344,1,1,3,3,3,3,3,3,3,3,3,3
2001,400344,2,1,0,0,0,0,0,0,0,0,0,0
2001,400344,3,1,0,0,0,0,0,0,0,0,0,0
2001,400344,4,1,0,0,0,0,0,0,0,0,0,0
2001,400344,5,1,0,0,0,0,0,0,0,0,0,0
2001,400344,6,1,0,0,0,0,0,0,0,0,0,0
2001,400345,1,1,0,0,0,0,0,0,0,0,0,0
2001,400345,2,1,0,0,0,0,0,0,0,0,0,0
2001,400346,1,1,0,0,0,0,0,0,0,19,0,0
2001,400346,2,1,0,0,18,0,0,0,0,0,0,0
2001,400346,3,1,0,0,0,0,0,0,0,0,0,0
2001,400347,1,1,4,0,0,0,0,0,0,0,0,0
2001,400348,1,1,0,0,0,0,0,0,0,0,0,0
2001,400349,1,1,0,0,0,0,0,0,0,0,0,0
2001,400350,1,1,6,0,10,9,0,12,6,0,18,6
2001,400351,1,1,0,0,0,0,0,0,0,0,0,0
2001,400352,1,1,30,30,30,30,30,30,30,30,30,30
2001,400353,1,1,21,21,21,21,21,21,21,21,21,21
2001,400354,1,1,0,0,0,0,0,0,0,0,0,0
2001,400354,2,1,0,0,0,0,0,0,0,0,0,0
2001,400355,1,1,0,0,0,0,0,0,0,0,0,18
2001,400355,2,1,0,0,0,0,0,0,0,0,0,0
2001,400355,3,1,0,0,0,0,0,0,0,0,0,0
2001,400356,1,1,31,31,31,31,31,31,31,31,31,31
2001,400357,1,1,9,14,6,22,12,3,13,7,11,3
2001,400357,2,1,0,0,0,0,0,0,0,0,0,0
2001,400358,1,1,0,0,0,0,0,0,0,0,0,0
2001,400358,2,1,0,0,0,0,0,0,0,0,0,0
2001,400359,0,1,0,0,0,0,0,0,0,0,0,0
2001,400359,1,1,0,0,0,0,0,0,0,0,0,0
2001,400360,1,1,0,0,0,0,0,0,0,0,0,0
2001,400360,2,1,0,0,0,0,0,0,0,0,0,0
2001,400361,1,1,0,0,0,0,0,0,0,0,0,0
2001,400361,2,1,0,0,0,0,0,0,0,0,0,0
2001,400361,3,1,0,0,0,0,0,0,0,0,0,0
2001,400362,1,1,0,0,0,0,0,0,24,0,0,16
2001,400362,2,1,0,0,0,0,0,0,0,0,0,0
2001,400363,1,1,0,0,0,0,0,0,0,0,0,0
2001,400363,2,1,0,0,0,0,0,0,0,0,0,0
2001,400364,1,1,8,23,18,49,21,30,22,25,24,15
2001,400364,2,1,0,0,0,0,0,0,0,0,0,0
2001,400365,0,1,0,0,0,0,0,0,0,0,0,0
2001,400365,1,1,0,0,0,0,0,0,0,0,0,0
2001,400366,1,1,21,21,21,21,21,21,21,21,21,21
2001,400367,1,1,0,0,0,0,0,0,0,0,0,0
2001,400368,1,1,0,0,0,0,12,0,9,0,6,0
2001,400368,2,1,0,0,0,0,0,0,0,0,0,0
2001,400369,1,1,15,15,15,15,15,15,15,15,15,15
2001,400370,1,1,17,21,3,6,17,15,18,19,7,10
2001,400371,1,1,27,27,27,27,27,27,27,27,27,27
2001,400372,1,1,0,0,0,0,0,0,0,0,14,0
2001,400372,2,1,24,17,8,10,3,12,25,2,24,11
2001,400373,1,1,0,0,0,0,0,0,0,0,0,0
2001,400373,2,1,0,0,0,0,0,0,0,0,0,0
2001,400374,1,1,0,0,0,0,0,0,0,0,0,0
2001,400375,1,1,0,0,0,0,0,0,0,0,0,0
2001,400375,2,1,0,0,0,0,0,0,0,0,0,0
2001,400376,1,1,0,0,0,0,0,0,0,0,0,0
2001,400376,2,1,0,0,0,0,0,0,0,0,0,0
2001,400377,1,1,0,0,0,0,0,0,0,0,0,0
2001,400377,2,1,0,0,0,0,11,0,11,0,0,12
2001,400378,1,1,0,0,0,0,0,0,0,0,8,0
2001,400378,2,1,0,0,0,0,0,0,0,0,0,0
2001,400379,1,1,0,0,0,0,0,0,0,0,0,0
2001,400379,2,1,0,0,0,0,0,0,0,0,0,0
2001,400380,1,1,18,27,6,35,11,27,18,13,0,22
2001,400380,2,1,0,0,0,0,0,0,0,0,0,0
2001,400381,1,1,0,0,0,0,0,0,0,0,0,0
2001,400382,1,1,11,11,11,11,11,11,11,11,11,11
2001,400382,2,1,0,0,0,0,0,0,0,0,0,0
2001,400383,1,1,0,0,0,0,0,0,0,0,0,0
2001,400384,1,1,0,0,0,0,0,0,0,0,0,0
2001,400384,2,1,0,0,0,0,0,0,0,0,0,0
2001,400384,3,1,0,0,0,0,0,5,0,0,0,0
2001,400385,0,1,11,11,11,11,11,11,11,11,11,11
2001,400385,1,1,0,0,13,22,0,17,0,0,0,0
2001,400386,1,1,0,0,0,0,0,10,0,13,0,20
2001,400387,1,1,0,0,0,0,0,0,0,0,0,0
2001,400388,1,1,15,12,0,0,0,0,0,0,10,0
2001,400389,1,1,0,0,0,0,0,0,0,0,0,0
2001,400389,2,1,0,0,0,0,0,0,0,0,0,0
2001,400390,1,1,0,0,0,0,0,0,0,0,0,0
2001,400390,2,1,0,0,0,0,0,0,0,0,0,0
2001,400391,1,1,0,0,0,0,0,0,0,0,0,0
2001,400392,1,1,9,9,9,9,9,9,9,9,9,9
2001,400393,1,1,0,0,0,0,0,0,0,0,0,0
2001,400394,1,1,0,0,0,0,0,0,0,0,0,0
2001,400395,1,1,0,0,0,0,0,0,0,0,0,0
2001,400395,2,1,0,0,0,0,0,0,0,0,0,0
2001,400396,1,1,0,0,0,0,0,0,0,0,0,0
2001,400396,2,1,0,11,0,0,0,0,0,0,0,0
2001,400397,1,1,0,0,0,0,12,0,0,0,0,0
2001,400397,2,1,0,0,0,0,0,0,0,0,0,0
2001,400398,1,1,0,0,0,0,0,0,0,0,0,0
2001,400399,1,1,0,0,0,0,0,0,0,0,0,0
2001,400400,1,1,24,9,11,15,18,12,15,22,8,5
2001,400401,0,1,0,0,0,0,0,0,0,0,0,0
2001,400401,1,1,30,6,20,0,9,39,0,18,9,8
2001,400401,2,1,0,0,0,0,0,0,0,0,0,0
2001,400401,3,1,0,0,0,0,0,0,0,0,0,0
2001,400402,1,1,24,27,0,40,0,0,0,0,0,15
2001,400403,1,1,7,7,7,7,7,7,7,7,7,7
2001,400404,1,1,0,0,0,0,0,0,0,0,0,0
2001,400404,2,1,0,0,0,0,0,0,0,0,0,0
2001,400405,1,1,20,20,20,20,20,20,20,20,20,20
2001,400406,1,1,0,0,0,0,0,0,0,0,0,0
2001,400406,2,1,0,0,0,0,0,0,0,0,0,0
2001,400407,1,1,20,20,20,20,20,20,20,20,20,20
2001,400408,1,1,0,0,0,0,0,0,0,0,0,0
2001,400408,2,1,0,0,0,0,0,0,0,0,0,0
2001,400409,1,1,4,4,4,4,4,4,4,4,4,4
2001,400410,1,1,0,0,0,0,0,0,0,0,0,0
2001,400411,1,1,0,0,0,0,0,0,0,0,0,0
2001,400412,1,1,0,0,0,0,0,0,0,0,0,0
2001,400412,2,1,0,0,0,0,0,0,0,0,0,0
2001,400413,0,1,36,36,36,36,36,36,36,36,36,36
2001,400413,1,1,0,0,0,0,0,0,3,3,0,0
2001,400414,1,1,0,0,0,0,0,0,0,0,0,0
2001,400414,2,1,0,0,0,0,0,0,0,0,0,0
2001,400415,1,1,0,0,0,0,0,0,0,0,0,0
2001,400415,2,1,0,0,0,0,4,0,0,0,0,0
2001,400416,1,1,0,0,0,0,0,0,0,0,0,0
2001,400417,1,1,0,0,0,0,0,0,0,0,0,0
2001,400418,0,1,24,24,24,24,24,24,24,24,24,24
2001,400418,1,1,18,18,18,18,18,18,18,18,18,18
2001,400419,1,1,0,0,0,0,0,0,0,0,0,0
2001,400419,2,1,0,0,0,0,0,0,0,0,0,0
2001,400419,3,1,0,0,0,0,0,0,0,0,0,0
2001,400420,1,1,24,24,24,24,24,24,24,24,24,24
2001,400421,0,1,18,18,18,18,18,18,18,18,18,18
2001,400421,1,1,0,0,0,0,0,0,0,0,0,0
2001,400422,1,1,0,0,0,0,0,0,0,0,0,0
2001,400422,2,1,0,0,0,0,0,0,0,0,0,0
2001,400423,1,1,0,0,0,0,0,0,0,0,0,0
2001,400423,2,1,0,0,0,0,0,0,0,0,0,0
2001,400424,1,1,24,17,14,0,30,17,22,0,27,16
2001,400425,1,1,10,10,10,10,10,10,10,10,10,10
2001,400426,1,1,31,31,31,31,31,31,31,31,31,31
2001,400427,1,1,0,8,24,9,0,25,19,7,17,0
2001,400428,1,1,16,10,12,0,0,0,11,0,8,12
2001,400428,2,1,0,0,0,0,0,0,0,0,0,0
2001,400429,1,1,0,0,0,0,0,0,0,0,0,0
2001,400430,1,1,0,0,0,0,0,0,0,16,0,0
2001,400430,2,1,0,0,0,0,0,0,0,0,0,0
2001,400431,1,1,12,12,12,12,12,12,12,12,12,12
2001,400431,2,1,12,12,12,12,12,12,12,12,12,12
2001,400432,1,1,0,0,0,0,0,0,0,0,0,0
2001,400433,1,1,18,18,18,18,18,18,18,18,18,18
2001,400434,1,1,0,0,0,0,0,0,0,0,0,0
2001,400434,2,1,0,0,0,0,0,0,0,0,0,10
2001,400435,1,1,0,0,0,0,0,0,0,0,0,0
2001,400435,2,1,0,0,0,0,0,0,0,0,0,0
2001,400436,1,1,0,0,0,0,0,0,0,0,0,0
2001,400436,2,1,0,0,0,0,0,0,0,0,0,0
2001,400437,1,1,0,0,0,0,0,0,0,0,0,0
2001,400437,2,1,0,0,0,0,0,0,0,0,0,0
2001,400438,1,1,0,0,0,0,0,0,0,0,0,0
2001,400439,1,1,0,0,0,0,0,0,0,0,0,0
2001,400439,2,1,0,0,0,0,0,0,0,0,0,0
2001,400440,1,1,0,0,0,0,0,0,0,0,0,0
2001,400440,2,1,0,0,0,0,0,0,0,0,0,0
2001,400441,1,1,0,0,0,0,0,0,0,0,0,0
2001,400441,2,1,0,0,0,0,0,0,0,0,0,0
2001,400442,1,1,15,17,23,26,13,16,13,26,21,0
2001,400443,1,1,9,12,21,43,17,21,15,19,32,18
2001,400444,1,1,0,5,0,0,0,0,0,0,0,0
2001,400444,2,1,0,0,0,0,0,0,0,0,0,0
2001,400445,1,1,0,0,0,0,0,0,0,0,0,0
2001,400445,2,1,0,0,0,0,0,0,0,0,0,0
2001,400446,1,1,0,0,4,0,0,0,0,0,0,0
2001,400447,1,1,0,0,0,0,0,0,0,0,0,0
2001,400448,1,1,19,19,19,19,19,19,19,19,19,19
2001,400449,1,1,0,0,0,0,0,0,0,0,0,0
2001,400449,2,1,0,21,0,0,0,0,0,22,0,0
2001,400450,1,1,0,0,10,0,0,0,0,0,0,0
2001,400451,1,1,28,24,16,34,23,24,36,24,26,16
2001,400452,1,1,0,0,0,0,0,0,0,0,0,0
2001,400453,1,1,17,17,17,17,17,17,17,17,17,17
2001,400453,2,1,0,0,0,0,0,0,0,0,0,0
2001,400454,1,1,21,21,21,21,21,21,21,21,21,21
2001,400455,1,1,0,0,0,0,0,0,19,0,0,0
2001,400455,2,1,19,6,8,15,8,12,18,4,9,0
2001,400456,1,1,0,0,0,0,0,0,0,0,0,0
2001,400456,2,1,0,0,0,0,0,0,0,0,0,0
2001,400457,1,1,37,37,37,37,37,37,37,37,37,37
2001,400457,2,1,0,0,0,0,0,0,0,0,0,0
2001,400457,3,1,0,14,0,0,0,0,0,0,0,0
2001,400458,1,1,0,0,0,0,0,0,0,0,2,0
2001,400458,2,1,0,0,0,0,0,0,0,0,4,0
2001,400459,1,1,0,0,0,0,0,0,0,0,0,0
2001,400459,2,1,0,0,0,0,0,0,0,0,0,0
2001,400459,3,1,0,0,0,0,0,0,0,0,0,0
2001,400460,1,1,5,16,19,31,13,0,0,0,0,0
2001,400461,1,1,0,0,0,0,0,0,0,0,0,0
2001,400461,2,1,0,0,0,0,0,0,0,0,0,0
2001,400462,1,1,0,0,0,0,0,0,0,0,0,0
2001,400462,2,1,0,0,0,0,0,0,0,0,0,0
2001,400463,1,1,0,0,0,0,0,0,0,0,0,0
2001,400463,2,1,0,0,0,0,0,0,0,0,0,0
2001,400464,1,1,0,0,0,0,0,0,0,0,0,0
2001,400464,2,1,0,13,0,0,0,0,0,0,0,0
2001,400464,3,1,15,0,0,0,0,0,0,0,10,0
2001,400465,1,1,19,19,19,19,19,19,19,19,19,19
2001,400466,1,1,0,0,0,0,0,0,0,0,0,0
2001,400467,1,1,25,25,25,25,25,25,25,25,25,25
2001,400467,2,1,0,0,0,0,0,0,0,0,0,0
2001,400467,3,1,9,0,0,0,0,0,0,0,0,0
2001,400468,1,1,0,0,0,0,0,0,0,0,0,0
2001,400469,1,1,0,0,0,0,0,0,0,0,0,0
2001,400470,1,1,0,0,0,0,0,0,0,0,0,0
2001,400471,1,1,0,0,0,0,14,0,0,0,14,23
2001,400472,1,1,0,0,0,0,0,0,0,0,0,0
2001,400473,0,1,0,0,0,0,0,0,0,0,0,0
2001,400473,1,1,0,0,0,0,0,0,0,0,0,0
2001,400474,1,1,0,0,0,0,0,0,0,0,0,0
2001,400475,1,1,7,0,27,18,27,15,15,0,14,25
2001,400476,1,1,0,0,0,0,0,0,0,0,0,0
2001,400476,2,1,0,0,0,0,0,0,0,0,0,0
2001,400477,1,1,0,0,0,0,0,0,0,0,0,0
2001,400478,1,1,0,0,22,0,0,0,0,0,13,0
2001,400479,1,1,0,0,0,0,0,0,0,0,0,0
2001,400479,2,1,0,0,0,0,24,0,0,0,0,0
2001,400480,1,1,0,0,0,0,0,0,0,0,0,0
2001,400480,2,1,0,0,0,0,0,0,0,0,0,0
2001,400481,1,1,0,0,0,0,0,0,0,0,0,0
2001,400482,1,1,30,30,30,30,30,30,30,30,30,30
2001,400483,1,1,0,0,0,0,0,0,0,0,0,0
2001,400483,2,1,9,0,0,0,0,6,0,0,0,12
2001,400484,1,1,0,0,0,0,0,0,0,0,0,0
2001,400485,1,1,10,10,10,10,10,10,10,10,10,10
2001,400486,1,1,0,0,0,0,0,0,0,0,0,0
2001,400486,2,1,0,0,0,0,0,9,0,0,0,0
2001,400487,1,1,2,2,2,2,2,2,2,2,2,2
2001,400487,2,1,0,0,0,0,0,0,0,0,0,0
2001,400488,1,1,0,0,0,0,12,0,0,0,0,0
2001,400489,1,1,0,0,0,0,0,0,0,0,0,0
2001,400490,1,1,14,14,14,14,14,14,14,14,14,14
2001,400491,1,1,0,0,0,0,0,0,0,0,0,0
2001,400491,2,1,0,6,0,0,0,0,0,0,0,0
2001,400492,1,1,0,7,0,0,0,0,0,0,4,0
2001,400492,2,1,0,0,0,0,0,0,0,0,0,0
2001,400493,1,1,0,0,19,0,0,0,0,0,0,19
2001,400494,1,1,10,0,17,31,20,18,16,20,0,23
2001,400494,2,1,0,0,0,0,0,0,0,0,0,0
2001,400495,1,1,0,0,0,0,0,0,0,0,0,0
2001,400495,2,1,0,0,0,0,0,0,0,0,0,0
2001,400496,1,1,17,17,17,17,17,17,17,17,17,17
2001,400497,1,1,14,7,12,0,14,9,8,10,13,23
2001,400497,2,1,0,0,0,0,0,0,0,0,0,0
2001,400498,1,1,0,0,0,0,0,0,0,0,0,0
2001,400498,2,1,0,0,0,0,0,0,0,0,0,0
2001,400499,1,1,0,0,0,0,0,0,0,0,0,0
2001,400499,2,1,0,0,0,0,0,0,0,0,0,0
2001,400499,3,1,0,4,0,0,0,0,0,0,0,0
2001,400499,4,1,0,0,0,0,0,0,0,0,0,0
2001,400500,1,1,0,0,0,0,0,0,0,0,0,0
2001,400501,1,1,15,17,15,17,2,20,0,23,14,10
2001,400502,1,1,0,0,0,0,0,0,0,0,0,0
2001,400503,1,1,25,25,25,25,25,25,25,25,25,25
2001,400504,0,1,24,9,0,23,15,32,27,19,4,10
2001,400504,1,1,16,21,14,18,5,16,8,9,24,14
2001,400505,1,1,19,12,18,30,33,0,30,0,28,23
2001,400506,0,1,0,0,35,28,0,0,0,15,21,6
2001,400506,1,1,0,0,0,0,0,0,0,0,0,0
2001,400507,0,1,11,23,22,11,32,22,7,22,22,41
2001,400507,1,1,0,0,0,0,0,0,0,0,0,0
2001,400508,0,1,9,0,14,18,19,26,0,0,30,29
2001,400508,2,1,0,0,0,0,0,0,0,0,0,0
2001,400508,3,1,0,0,0,0,0,0,0,0,0,0
2001,400509,1,1,0,0,0,0,0,0,0,0,0,0
2001,400510,1,1,20,14,19,17,22,5,25,38,19,19
2001,400511,0,1,22,22,22,22,22,22,22,22,22,22
2001,400511,1,1,0,0,0,0,0,0,0,0,0,0
2001,400512,0,1,0,0,0,0,0,0,0,0,0,0
2001,400512,1,1,4,0,0,0,0,0,0,0,0,0
2001,400513,1,1,0,18,11,22,14,18,21,30,22,22
2001,400514,1,1,0,0,0,30,16,23,0,7,34,11
2001,400515,1,1,0,0,0,0,0,0,0,0,0,0
2001,400515,2,1,0,0,0,0,0,0,0,0,0,0
2001,400516,1,1,4,4,4,4,4,4,4,4,4,4
2001,400516,2,1,0,0,0,0,0,0,0,0,0,0
2001,400517,1,1,0,0,0,0,0,0,0,0,0,0
2001,400518,1,1,22,22,22,22,22,22,22,22,22,22
2001,400519,1,1,0,0,0,0,0,0,0,0,0,0
2001,400520,1,1,0,0,0,28,0,24,0,0,0,0
2001,400521,1,1,0,0,0,0,0,0,0,0,0,0
2001,400521,2,1,0,0,0,0,0,0,0,0,0,0
2001,400522,1,1,22,22,22,22,22,22,22,22,22,22
2001,400523,1,1,18,18,18,18,18,18,18,18,18,18
2001,400524,1,1,12,12,12,12,12,12,12,12,12,12
2001,400525,1,1,0,0,0,0,0,0,0,0,0,0
2001,400525,2,1,0,0,0,0,0,0,0,0,0,0
2001,400525,3,1,0,0,0,0,0,0,0,0,0,0
2001,400526,1,1,28,28,28,28,28,28,28,28,28,28
2001,400527,1,1,0,0,0,0,0,0,0,0,0,0
2001,400528,1,1,0,0,0,0,0,0,0,0,22,0
2001,400528,2,1,0,0,0,0,0,0,0,0,7,0
2001,400528,3,1,0,0,0,0,0,0,0,0,0,0
2001,400529,1,1,23,17,0,13,23,0,17,13,6,9
2001,400530,0,1,0,0,0,0,0,0,0,0,0,0
2001,400530,1,1,0,0,0,0,0,0,0,0,0,0
2001,400531,1,1,9,18,16,16,24,10,11,16,25,21
2001,400531,2,1,0,0,0,0,0,0,0,0,0,0
2001,400531,3,1,0,0,0,0,0,0,0,0,0,0
2001,400532,1,1,31,31,31,31,31,31,31,31,31,31
2001,400533,1,1,7,7,7,7,7,7,7,7,7,7
2001,400534,1,1,0,0,0,0,0,0,0,0,0,0