YEAR,st_case,veh_no,per_no,P1,P2,P3,P4,P5,P6,P7,P8,P9,P10
2001,400534,2,1,0,0,0,0,0,0,0,0,0,0
2001,400535,1,1,0,0,0,0,16,0,0,0,0,0
2001,400536,1,1,0,0,19,0,0,0,0,32,0,33
2001,400537,1,1,0,0,0,0,0,0,0,0,0,0
2001,400538,1,1,0,0,0,0,0,0,0,0,0,0
2001,400539,1,1,0,0,0,0,0,0,0,0,0,0
2001,400539,2,1,0,0,0,0,0,0,0,0,0,3
2001,400540,1,1,0,0,0,0,0,0,0,0,0,0
2001,400540,2,1,0,0,0,0,0,0,0,0,0,0
2001,400541,1,1,0,0,0,0,0,0,0,0,0,0
2001,400541,2,1,0,0,0,0,0,0,0,0,0,0
2001,400541,3,1,0,0,0,0,0,0,0,0,0,0
2001,400542,1,1,0,0,0,0,0,0,0,0,0,0
2001,400542,2,1,0,0,0,0,0,0,0,0,0,0
2001,400543,1,1,0,0,0,0,0,0,0,0,0,0
2001,400544,1,1,18,23,5,5,4,13,9,12,15,6
2001,400544,2,1,0,0,0,0,0,0,0,0,0,0
2001,400545,1,1,23,23,23,23,23,23,23,23,23,23
2001,400545,2,1,0,0,0,0,0,0,0,0,0,0
2001,400546,1,1,0,0,0,0,0,0,0,0,0,0
2001,400546,2,1,0,0,0,0,0,0,0,0,0,0
2001,400547,1,1,0,0,0,0,0,20,0,0,0,0
2001,400547,2,1,0,0,0,0,0,0,0,0,0,0
2001,400548,1,1,0,0,0,0,0,0,0,0,0,0
2001,400548,2,1,0,0,0,0,0,0,0,0,0,0
2001,400549,1,1,0,0,0,0,0,0,0,0,0,0
2001,400549,2,1,0,0,0,0,0,0,0,0,0,0
2001,400550,1,1,0,0,0,0,0,0,0,0,0,0
2001,400550,2,1,0,0,0,0,0,0,0,0,0,0
2001,400551,1,1,8,23,18,34,7,26,26,26,22,27
2001,400552,1,1,0,0,0,0,0,10,0,0,0,0
2001,400552,2,1,0,0,0,0,0,0,0,0,0,0
2001,400553,1,1,0,0,0,0,0,0,0,0,0,0
2001,400553,2,1,0,0,0,0,0,0,0,0,0,0
2001,400554,1,1,0,0,0,0,0,0,0,0,0,0
2001,400555,1,1,0,0,0,0,0,20,15,13,23,0
2001,400555,2,1,0,0,0,11,0,0,0,0,0,0
2001,400556,0,1,2,2,2,2,2,2,2,2,2,2
2001,400556,1,1,0,0,0,0,0,0,0,0,23,21
2001,400557,0,1,1,1,1,1,1,1,1,1,1,1
2001,400557,1,1,0,0,0,0,0,11,0,0,0,0
2001,400558,1,1,0,0,0,0,0,0,0,0,0,0
2001,400558,2,1,0,0,0,0,0,0,0,0,0,16
2001,400559,1,1,4,4,4,4,4,4,4,4,4,4
2001,400560,1,1,0,10,0,0,0,0,0,0,0,0
2001,400561,1,1,0,0,21,21,24,0,56,12,0,0
2001,400562,0,1,36,36,36,36,36,36,36,36,36,36
2001,400562,1,1,0,0,0,0,0,0,0,0,0,0
2001,400563,1,1,0,0,0,0,0,0,0,0,0,0
2001,400563,2,1,0,0,0,0,0,0,0,0,9,0
2001,400564,1,1,21,25,18,33,16,22,26,15,38,28
2001,400565,1,1,16,16,16,16,16,16,16,16,16,16
2001,400566,1,1,0,0,6,0,14,0,18,0,30,0
2001,400567,1,1,0,0,0,0,0,0,0,0,0,0
2001,400567,2,1,0,0,0,0,0,0,0,0,0,0
2001,400568,1,1,0,15,0,0,0,0,0,0,0,0
2001,400568,2,1,0,0,0,0,0,0,0,0,0,0
2001,400569,1,1,0,28,0,0,0,0,0,0,0,0
2001,400569,2,1,0,0,0,0,0,0,0,0,0,0
2001,400570,1,1,18,7,27,17,19,18,25,20,16,14
2001,400571,1,1,0,0,0,0,0,0,0,0,0,0
2001,400572,1,1,0,0,0,0,0,0,0,0,0,0
2001,400572,2,1,0,0,0,21,0,0,0,0,0,0
2001,400573,1,1,3,15,8,11,4,15,20,21,8,8
2001,400573,2,1,0,0,0,0,12,0,0,0,0,0
2001,400574,1,1,0,0,0,0,0,0,0,0,0,0
2001,400574,2,1,0,0,0,0,0,0,0,0,8,10
2001,400575,1,1,0,0,0,0,0,0,0,0,0,0
2001,400575,2,1,0,0,0,0,0,0,0,0,0,0
2001,400576,1,1,0,0,0,0,0,0,0,0,0,0
2001,400576,2,1,0,0,0,0,0,0,0,0,0,0
2001,400577,1,1,22,22,22,22,22,22,22,22,22,22
2001,400578,1,1,0,0,0,0,0,0,0,0,0,0
2001,400578,2,1,0,0,0,0,0,0,0,0,0,0
2001,400578,3,1,0,0,0,0,0,0,0,0,0,0
2001,400578,4,1,0,0,0,0,0,0,0,0,0,0
2001,400579,1,1,0,0,0,0,0,0,0,0,0,0
2001,400579,2,1,0,0,0,0,0,0,0,0,0,0
2001,400580,1,1,0,13,0,13,38,10,10,32,16,27
2001,400581,1,1,13,15,9,24,0,31,0,13,17,24
2001,400581,2,1,0,15,0,0,0,32,13,0,0,0
2001,400582,1,1,0,0,18,0,0,0,0,0,0,0
2001,400582,2,1,0,0,0,0,0,8,0,0,0,0
2001,400583,0,1,0,0,26,20,7,0,0,15,18,18
2001,400583,1,1,0,0,10,0,0,15,11,0,0,0
2001,400584,1,1,0,20,5,0,0,0,19,10,0,32
2001,400586,1,1,9,8,7,6,12,23,17,7,8,0
2001,400586,2,1,0,0,0,0,0,0,0,0,0,0
2001,400587,1,1,0,0,0,0,0,0,0,0,0,0
2001,400587,2,1,0,0,15,0,0,0,0,0,0,0
2001,400588,1,1,0,0,0,0,0,0,0,0,0,0
2001,400589,1,1,0,0,0,0,0,0,0,0,0,0
2001,400589,2,1,0,0,0,0,0,0,0,0,0,0
2001,400590,1,1,21,17,11,8,26,26,15,15,6,19
2001,410001,1,1,9,9,9,9,9,9,9,9,9,9
2001,410002,1,1,0,0,0,0,0,0,0,0,0,0
2001,410002,2,1,0,0,0,0,0,0,0,0,0,0
2001,410003,1,1,0,0,0,0,0,0,0,0,0,0
2001,410003,2,1,0,0,0,0,0,0,0,0,0,0
2001,410003,3,1,0,0,0,0,0,0,0,0,0,0
2001,410004,0,1,0,0,0,0,0,0,0,0,0,0
2001,410004,1,1,0,0,0,0,0,0,0,0,0,0
2001,410005,1,1,11,11,11,11,11,11,11,11,11,11
2001,410006,1,1,8,8,8,8,8,8,8,8,8,8
2001,410007,1,1,0,0,0,0,0,0,0,0,0,0
2001,410007,2,1,0,0,0,0,0,0,0,0,0,0
2001,410008,1,1,0,0,0,0,0,0,0,0,0,0
2001,410008,2,1,0,0,0,0,0,0,0,0,0,0
2001,410009,0,1,0,0,0,0,0,0,0,0,0,0
2001,410009,1,1,0,0,0,0,0,0,0,0,0,0
2001,410010,1,1,0,0,0,0,0,0,0,0,0,0
2001,410010,2,1,0,0,0,0,0,0,0,0,0,0
2001,410011,1,1,0,0,0,0,0,0,0,0,0,0
2001,410011,2,1,0,0,0,0,0,0,0,0,0,0
2001,410012,1,1,0,0,0,0,0,0,0,0,0,0
2001,410013,1,1,19,19,19,19,19,19,19,19,19,19
2001,410014,1,1,0,0,0,0,0,0,0,0,0,0
2001,410014,2,1,0,0,0,0,0,0,0,0,0,0
2001,410015,1,1,0,0,0,0,0,0,0,0,0,0
2001,410015,2,1,26,26,26,26,26,26,26,26,26,26
2001,410016,1,1,13,13,13,13,13,13,13,13,13,13
2001,410017,1,1,0,0,0,0,0,0,0,0,0,0
2001,410018,1,1,14,14,14,14,14,14,14,14,14,14
2001,410019,1,1,23,23,23,23,23,23,23,23,23,23
2001,410020,1,1,41,41,41,41,41,41,41,41,41,41
2001,410020,2,1,0,0,0,0,0,0,0,0,0,0
2001,410021,0,1,0,0,0,0,0,0,0,0,0,0
2001,410021,1,1,0,0,0,0,0,0,0,0,0,0
2001,410022,1,1,0,0,0,0,0,0,0,0,0,0
2001,410023,1,1,0,0,0,0,0,0,0,0,0,0
2001,410023,2,1,0,0,0,0,0,0,0,0,0,0
2001,410023,3,1,9,0,0,0,0,0,0,0,0,0
2001,410024,0,1,0,0,0,0,0,0,0,0,0,0
2001,410024,1,1,0,0,0,0,0,0,0,0,0,0
2001,410025,1,1,0,0,0,0,0,0,0,0,0,0
2001,410026,1,1,0,0,0,0,0,0,0,39,0,27
2001,410027,1,1,0,0,0,0,0,0,0,0,0,0
2001,410028,1,1,0,0,0,0,0,0,0,0,0,0
2001,410028,2,1,0,0,0,0,0,0,0,0,0,0
2001,410028,3,1,0,0,0,0,16,0,0,4,0,0
2001,410029,1,1,18,18,18,18,18,18,18,18,18,18
2001,410029,2,1,0,0,0,0,0,0,0,0,0,0
2001,410029,3,1,0,0,0,0,0,0,0,0,0,0
2001,410030,1,1,21,6,10,0,20,0,7,6,8,0
2001,410030,2,1,0,0,0,0,0,0,0,0,0,0
2001,410031,1,1,0,0,0,0,0,0,0,0,0,0
2001,410032,1,1,0,0,0,0,0,0,0,0,0,0
2001,410033,1,1,0,0,0,0,0,0,0,0,0,0
2001,410034,1,1,0,0,0,0,0,0,0,0,0,0
2001,410035,1,1,0,0,0,0,0,0,0,0,0,0
2001,410036,1,1,0,0,0,0,0,0,0,0,0,0
2001,410037,0,1,27,27,27,27,27,27,27,27,27,27
2001,410037,1,1,0,0,0,0,0,0,0,0,0,0
2001,410038,1,1,0,0,0,0,0,0,0,0,0,0
2001,410038,2,1,0,0,0,0,0,0,0,0,0,0
2001,410039,1,1,0,0,0,0,0,0,0,0,0,0
2001,410039,2,1,0,0,0,0,0,0,0,0,0,0
2001,410040,0,1,2,2,2,2,2,2,2,2,2,2
2001,410040,1,1,0,0,0,0,0,0,0,0,0,0
2001,410041,0,1,0,0,0,0,0,0,0,0,0,0
2001,410041,1,1,3,3,3,3,3,3,3,3,3,3
2001,410042,1,1,0,0,0,0,0,0,0,0,0,0
2001,410043,1,1,0,0,0,0,0,0,0,0,0,0
2001,410044,1,1,0,0,0,0,0,0,0,0,0,0
2001,410045,1,1,0,0,0,0,0,0,0,0,0,0
2001,410046,1,1,26,26,26,26,26,26,26,26,26,26
2001,410047,1,1,0,0,0,0,0,0,0,0,0,0
2001,410047,2,1,0,0,0,0,0,0,0,0,0,0
2001,410048,1,1,21,21,21,21,21,21,21,21,21,21
2001,410049,1,1,0,0,0,0,0,0,0,0,0,0
2001,410049,2,1,0,0,0,0,0,0,0,0,0,0
2001,410050,1,1,0,0,0,0,0,0,0,0,0,0
2001,410050,2,1,0,0,0,0,0,0,0,0,0,0
2001,410051,1,1,0,0,0,0,0,0,0,0,0,0
2001,410052,1,1,24,24,24,24,24,24,24,24,24,24
2001,410052,2,1,0,0,0,0,0,0,0,0,0,0
2001,410053,1,1,0,0,0,0,0,0,0,0,0,0
2001,410054,1,1,0,0,0,0,0,0,0,0,0,0
2001,410054,2,1,0,0,0,0,0,0,0,0,0,0
2001,410055,1,1,0,0,0,0,0,0,0,0,0,0
2001,410055,2,1,23,0,0,0,0,0,0,0,0,0
2001,410056,1,1,11,11,11,11,11,11,11,11,11,11
2001,410056,2,1,0,0,0,0,0,0,0,0,0,0
2001,410057,1,1,0,0,0,0,0,0,0,0,0,0
2001,410057,2,1,0,0,0,0,0,0,0,0,0,0
2001,410058,0,1,0,0,0,0,0,0,0,0,0,0
2001,410058,1,1,9,9,9,9,9,9,9,9,9,9
2001,410059,1,1,12,12,12,12,12,12,12,12,12,12
2001,410060,1,1,0,0,0,0,0,0,0,0,0,0
2001,410061,1,1,0,0,0,0,0,0,0,0,0,0
2001,410061,2,1,0,0,0,0,0,0,0,0,0,0
2001,410062,1,1,1,1,1,1,1,1,1,1,1,1
2001,410062,2,1,0,0,0,0,0,0,0,0,0,0
2001,410062,3,1,0,0,0,0,0,0,0,0,0,0
2001,410063,1,1,0,6,0,0,0,0,0,0,14,0
2001,410063,2,1,0,0,0,24,0,0,0,0,0,0
2001,410064,1,1,0,0,0,0,0,11,0,0,0,11
2001,410064,2,1,0,0,0,0,0,0,0,0,0,0
2001,410065,0,1,30,30,30,30,30,30,30,30,30,30
2001,410065,1,1,0,15,0,14,10,12,0,15,0,0
2001,410066,1,1,0,0,0,0,0,0,0,0,0,0
2001,410067,0,1,0,0,0,0,0,0,0,0,0,0
2001,410067,1,1,0,0,0,0,0,0,0,0,0,0
2001,410068,1,1,0,0,0,0,0,0,0,0,0,0
2001,410069,1,1,0,0,0,0,0,0,0,0,0,0
2001,410069,2,1,0,0,0,0,0,0,0,0,0,0
2001,410069,3,1,0,0,0,0,0,0,0,0,0,0
2001,410070,1,1,22,22,22,22,22,22,22,22,22,22
2001,410070,2,1,0,0,0,0,0,0,0,0,0,0
2001,410071,1,1,0,0,0,0,0,0,0,0,0,0
2001,410071,2,1,0,0,0,0,0,0,0,0,0,0
2001,410072,1,1,0,0,0,0,0,0,0,0,0,0
2001,410072,2,1,0,0,0,0,0,0,0,0,0,0
2001,410073,0,1,35,35,35,35,35,35,35,35,35,35
2001,410073,1,1,0,0,0,0,0,0,0,0,0,0
2001,410074,1,1,24,24,24,24,24,24,24,24,24,24
2001,410075,1,1,0,0,0,0,0,0,0,0,0,0
2001,410076,1,1,0,0,0,0,0,0,0,0,0,0
2001,410076,2,1,0,0,0,0,0,0,0,0,0,0
2001,410077,1,1,0,0,0,0,0,0,0,0,0,0
2001,410078,1,1,0,0,0,0,0,0,0,0,0,0
2001,410079,1,1,0,0,0,0,0,0,0,0,0,0
2001,410080,1,1,25,25,25,25,25,25,25,25,25,25
2001,410081,1,1,0,0,0,0,0,0,0,0,0,0
2001,410082,1,1,0,0,0,0,0,0,0,0,0,0
2001,410083,1,1,1,1,1,1,1,1,1,1,1,1
2001,410084,1,1,0,0,0,0,0,0,0,0,0,0
2001,410084,2,1,0,0,0,0,0,0,0,0,0,0
2001,410085,0,1,0,0,0,0,0,0,0,0,0,0
2001,410085,1,1,0,0,0,0,0,0,0,0,0,0
2001,410086,1,1,18,18,18,18,18,18,18,18,18,18
2001,410087,1,1,0,0,0,0,0,11,0,0,0,0
2001,410087,2,1,0,0,0,0,0,0,0,0,0,0
2001,410088,1,1,8,8,8,8,8,8,8,8,8,8
2001,410088,2,1,0,0,0,0,0,0,0,0,0,0
2001,410090,1,1,0,0,0,0,0,0,0,0,0,0
2001,410091,1,1,7,7,7,7,7,7,7,7,7,7
2001,410092,1,1,24,24,24,24,24,24,24,24,24,24
2001,410093,1,1,0,0,0,0,0,0,0,0,0,0
2001,410093,2,1,0,13,0,0,0,0,0,0,0,0
2001,410094,0,1,0,0,0,0,0,0,0,0,0,0
2001,410094,1,1,0,0,0,0,0,0,0,0,0,0
2001,410095,1,1,0,0,0,0,0,0,0,0,0,0
2001,410095,2,1,0,0,0,0,0,0,0,0,0,0
2001,410096,1,1,0,0,0,0,0,0,0,0,0,0
2001,410096,2,1,0,0,0,0,0,0,0,0,0,0
2001,410097,1,1,0,0,0,0,0,0,0,0,0,0
2001,410098,1,1,0,0,0,0,0,0,0,0,0,0
2001,410099,1,1,24,24,24,24,24,24,24,24,24,24
2001,410099,2,1,0,25,0,0,0,0,0,0,0,0
2001,410100,1,1,0,0,0,0,0,0,0,0,0,0
2001,410100,2,1,0,0,0,0,0,0,0,0,0,0
2001,410101,1,1,5,5,5,5,5,5,5,5,5,5
2001,410101,2,1,0,0,0,0,0,0,0,0,0,0
2001,410101,3,1,0,0,0,0,0,0,0,0,0,0
2001,410102,1,1,0,0,0,0,0,0,0,0,0,0
2001,410102,2,1,0,0,0,0,0,0,0,0,0,0
2001,410102,3,1,0,0,0,0,0,0,0,0,0,0
2001,410103,1,1,0,0,0,0,0,0,0,0,0,0
2001,410104,1,1,17,17,17,17,17,17,17,17,17,17
2001,410104,2,1,0,0,0,0,0,0,0,0,0,0
2001,410104,3,1,0,0,0,0,0,0,0,0,0,0
2001,410105,1,1,16,16,16,16,16,16,16,16,16,16
2001,410105,2,1,0,0,0,0,0,0,0,0,8,0
2001,410105,3,1,0,0,0,0,0,0,0,0,0,0
2001,410105,4,1,0,0,0,0,0,0,0,0,0,0
2001,410106,1,1,0,0,0,0,0,0,0,0,0,0
2001,410107,1,1,0,0,0,0,0,0,0,0,0,0
2001,410107,2,1,0,0,0,0,0,0,0,0,0,0
2001,410108,1,1,18,18,18,18,18,18,18,18,18,18
2001,410108,2,1,0,0,0,0,0,0,0,0,0,0
2001,410109,1,1,0,0,0,0,0,0,0,0,0,0
2001,410109,2,1,0,0,0,0,0,0,0,0,0,0
2001,410110,1,1,14,14,14,14,14,14,14,14,14,14
2001,410111,1,1,0,0,0,0,0,0,0,0,0,0
2001,410111,2,1,0,0,0,0,0,0,0,0,0,0
2001,410112,1,1,5,5,5,5,5,5,5,5,5,5
2001,410113,1,1,24,24,24,24,24,24,24,24,24,24
2001,410113,2,1,0,0,0,0,0,12,0,0,0,0
2001,410114,1,1,2,2,2,2,2,2,2,2,2,2
2001,410115,1,1,27,27,27,27,27,27,27,27,27,27
2001,410116,0,1,17,17,17,17,17,17,17,17,17,17
2001,410116,1,1,12,0,0,12,0,10,0,0,11,0
2001,410117,1,1,17,17,17,17,17,17,17,17,17,17
2001,410117,2,1,0,0,0,0,0,0,0,0,0,0
2001,410118,1,1,10,10,10,10,10,10,10,10,10,10
2001,410119,1,1,20,27,9,14,30,0,9,13,25,17
2001,410120,1,1,0,0,0,0,0,0,0,0,0,0
2001,410120,2,1,0,0,0,0,0,0,0,0,0,0
2001,410121,1,1,0,0,0,0,0,0,0,0,0,0
2001,410121,2,1,0,0,0,0,0,0,0,0,0,0
2001,410122,1,1,0,0,0,0,0,0,0,0,0,0
2001,410122,2,1,0,0,0,0,0,0,0,0,0,0
2001,410123,1,1,0,0,0,0,0,0,0,0,0,0
2001,410124,1,1,0,0,0,0,0,0,0,0,0,0
2001,410125,1,1,0,0,0,0,0,0,0,0,0,0
2001,410126,1,1,0,0,0,0,0,0,0,0,0,0
2001,410127,1,1,0,0,0,0,0,0,0,0,0,0
2001,410127,2,1,0,0,0,0,0,0,0,0,0,0
2001,410128,1,1,0,0,0,0,0,0,0,0,0,0
2001,410129,1,1,0,0,0,0,0,0,0,0,0,0
2001,410129,2,1,0,0,0,0,0,0,0,0,0,0
2001,410130,1,1,0,0,0,0,0,11,0,0,0,0
2001,410130,2,1,0,0,0,0,0,0,0,0,0,0
2001,410131,1,1,17,17,17,17,17,17,17,17,17,17
2001,410132,1,1,3,3,3,3,3,3,3,3,3,3
2001,410133,1,1,19,19,19,19,19,19,19,19,19,19
2001,410134,1,1,16,16,16,16,16,16,16,16,16,16
2001,410134,2,1,0,0,0,0,0,0,0,0,5,0
2001,410135,1,1,3,13,15,19,9,15,30,13,9,20
2001,410136,1,1,0,0,0,0,0,0,0,0,0,0
2001,410136,2,1,0,0,0,0,0,0,0,0,0,0
2001,410137,1,1,0,0,0,0,0,0,0,11,0,0
2001,410138,1,1,12,12,12,12,12,12,12,12,12,12
2001,410139,1,1,0,0,0,0,0,0,0,0,0,0
2001,410139,2,1,0,0,0,0,0,0,0,0,0,0
2001,410140,1,1,25,25,25,25,25,25,25,25,25,25
2001,410141,1,1,14,14,14,14,14,14,14,14,14,14
2001,410142,1,1,0,0,0,0,0,0,0,0,0,0
2001,410142,2,1,0,0,0,0,0,0,0,0,16,0
2001,410143,1,1,0,0,0,0,0,0,0,0,0,0
2001,410143,2,1,0,0,0,0,0,0,0,0,0,0
2001,410144,1,1,0,0,0,0,0,0,0,0,0,0
2001,410145,1,1,0,7,0,0,12,0,0,0,16,0
2001,410145,2,1,0,0,0,0,0,0,0,0,0,0
2001,410146,1,1,0,0,0,0,0,0,0,0,0,0
2001,410147,1,1,0,0,0,0,0,0,0,0,0,0
2001,410147,2,1,18,18,18,18,18,18,18,18,18,18
2001,410148,0,1,0,0,0,0,0,0,0,0,0,0
2001,410148,1,1,0,0,4,0,0,0,0,0,0,0
2001,410149,1,1,0,0,0,0,0,0,0,0,0,0
2001,410149,2,1,0,0,0,0,0,0,0,0,0,0
2001,410150,1,1,0,0,0,0,0,0,0,0,0,0
2001,410150,2,1,0,0,0,0,0,0,0,0,0,0
2001,410151,1,1,0,0,0,0,0,0,0,0,0,0
2001,410152,1,1,0,0,0,0,0,0,0,0,0,0
2001,410153,0,1,6,6,6,6,6,6,6,6,6,6
2001,410153,1,1,0,0,0,0,0,0,0,0,0,0
2001,410154,1,1,0,0,0,0,0,0,0,0,0,0
2001,410154,2,1,0,0,0,0,0,0,0,0,0,0
2001,410155,1,1,17,17,17,17,17,17,17,17,17,17
2001,410156,0,1,0,0,0,0,0,0,0,0,0,0
2001,410156,1,1,0,0,0,0,0,0,0,0,0,0
2001,410157,1,1,0,0,0,0,0,0,0,0,0,0
2001,410158,1,1,9,9,9,9,9,9,9,9,9,9
2001,410159,1,1,0,0,0,0,0,0,0,0,0,0
2001,410160,1,1,20,20,20,20,20,20,20,20,20,20
2001,410161,1,1,0,0,0,0,0,0,0,0,0,0
2001,410162,1,1,0,0,0,0,0,0,0,0,0,0
2001,410163,1,1,0,0,0,0,0,0,0,0,0,0
2001,410164,1,1,0,0,0,0,0,0,0,0,0,0
2001,410164,2,1,0,0,0,0,0,0,0,0,0,0
2001,410165,1,1,0,0,0,0,0,0,0,0,0,0
2001,410165,2,1,0,0,0,0,0,0,0,0,0,0
2001,410166,1,1,0,0,0,0,0,0,0,0,0,0
2001,410166,2,1,0,0,0,0,0,0,0,0,0,0
2001,410167,1,1,10,10,10,10,10,10,10,10,10,10
2001,410168,1,1,0,0,0,0,0,0,0,0,0,0
2001,410168,2,1,0,0,0,0,0,0,0,0,0,0
2001,410169,1,1,0,0,0,0,0,0,0,0,0,0
2001,410169,2,1,0,0,0,0,0,0,0,0,0,0
2001,410169,3,1,0,0,0,0,0,0,0,0,0,0
2001,410170,0,1,0,0,0,0,0,0,0,0,0,0
2001,410171,1,1,27,27,27,27,27,27,27,27,27,27
2001,410172,1,1,0,0,0,0,0,0,6,0,0,8
2001,410172,2,1,0,0,0,0,0,0,0,0,0,0
2001,410172,3,1,0,20,9,18,0,0,0,0,0,0
2001,410172,4,1,0,0,0,0,0,0,0,0,0,0
2001,410173,1,1,27,27,27,27,27,27,27,27,27,27
2001,410174,1,1,17,17,17,17,17,17,17,17,17,17
2001,410175,1,1,0,0,0,0,0,0,0,0,0,0
2001,410176,0,1,0,0,0,0,0,0,0,0,0,0
2001,410176,1,1,0,0,0,0,0,0,0,0,0,0
2001,410177,1,1,0,0,0,0,0,0,0,0,0,0
2001,410177,2,1,0,0,0,0,0,0,0,0,0,0
2001,410178,1,1,0,0,0,0,0,0,0,0,0,0
2001,410178,2,1,1,1,1,1,1,1,1,1,1,1
2001,410179,1,1,0,0,0,0,0,0,0,0,0,0
2001,410180,0,1,0,0,0,0,0,0,0,0,0,0
2001,410180,1,1,0,0,0,0,0,0,0,0,0,0
2001,410181,0,1,6,6,6,6,6,6,6,6,6,6
2001,410181,1,1,0,0,0,0,0,0,0,0,0,0
2001,410183,0,1,0,0,0,0,0,0,0,0,0,0
2001,410183,1,1,0,0,0,0,0,0,0,0,0,0
2001,410184,1,1,0,0,0,0,0,0,0,0,0,0
2001,410184,2,1,0,0,0,0,0,0,0,0,0,0
2001,410184,3,1,0,0,0,0,0,0,0,0,0,0
2001,410184,4,1,0,0,0,0,0,0,0,0,0,0
2001,410185,1,1,0,0,0,0,0,0,0,0,0,0
2001,410186,0,1,0,0,0,0,0,0,0,0,0,0
2001,410186,1,1,0,0,0,0,0,0,0,0,0,0
2001,410187,1,1,22,22,22,22,22,22,22,22,22,22
2001,410187,2,1,0,0,0,0,0,0,0,0,0,0
2001,410188,0,1,0,0,0,0,0,0,0,0,0,0
2001,410188,1,1,0,0,0,0,0,0,0,0,0,0
2001,410189,1,1,18,18,18,18,18,18,18,18,18,18
2001,410190,1,1,13,13,13,13,13,13,13,13,13,13
2001,410191,1,1,0,0,0,0,0,0,0,0,0,0
2001,410191,2,1,0,0,0,0,0,0,0,0,0,0
2001,410192,1,1,17,17,17,17,17,17,17,17,17,17
2001,410193,1,1,25,25,25,25,25,25,25,25,25,25
2001,410194,1,1,24,24,24,24,24,24,24,24,24,24
2001,410195,1,1,0,0,0,0,0,0,0,0,0,0
2001,410195,2,1,0,0,0,0,0,0,0,0,0,0
2001,410196,1,1,0,0,0,0,0,0,0,0,0,0
2001,410196,2,1,0,0,0,0,0,0,0,0,0,0
2001,410197,1,1,0,0,0,0,23,0,0,0,0,0
2001,410197,2,1,0,0,0,0,0,0,0,0,0,0
2001,410198,0,1,0,0,0,0,0,0,0,0,0,0
2001,410198,1,1,0,0,0,0,0,0,0,0,0,0
2001,410199,1,1,10,10,10,10,10,10,10,10,10,10
2001,410200,1,1,0,0,0,0,0,0,0,0,0,0
2001,410201,1,1,9,9,9,9,9,9,9,9,9,9
2001,410202,1,1,0,0,0,0,0,0,0,0,0,0
2001,410202,2,1,0,0,0,0,0,0,0,0,0,0
2001,410202,3,1,0,0,0,0,0,0,0,0,0,0
2001,410203,1,1,27,0,0,0,0,0,0,0,0,0
2001,410204,0,1,34,34,34,34,34,34,34,34,34,34
2001,410204,1,1,0,0,0,0,0,0,0,0,0,0
2001,410205,1,1,18,18,18,18,18,18,18,18,18,18
2001,410206,1,1,0,0,0,0,0,0,0,0,0,21
2001,410207,1,1,0,0,0,0,0,0,0,0,0,0
2001,410207,2,1,0,0,0,0,0,0,0,0,0,0
2001,410207,3,1,0,0,0,0,0,0,0,0,0,0
2001,410208,1,1,0,0,0,24,0,0,17,0,0,12
2001,410209,1,1,0,0,0,0,0,0,0,0,0,0
2001,410210,1,1,20,20,20,20,20,20,20,20,20,20
2001,410211,1,1,0,0,0,0,0,0,0,0,0,0
2001,410212,1,1,10,10,10,10,10,10,10,10,10,10
2001,410213,1,1,0,0,0,0,0,0,0,0,0,0
2001,410213,2,1,0,0,0,0,0,0,0,0,0,0
2001,410214,1,1,0,0,0,0,0,0,0,0,0,0
2001,410215,1,1,0,0,0,0,0,0,0,0,0,0
2001,410215,2,1,0,0,0,0,0,0,0,0,0,0
2001,410216,1,1,0,0,0,0,0,0,0,0,0,0
2001,410216,2,1,0,0,0,0,0,0,0,0,0,0
2001,410217,1,1,14,14,14,14,14,14,14,14,14,14
2001,410217,2,1,0,0,0,11,0,0,0,0,0,0
2001,410218,1,1,0,0,0,0,0,0,0,0,0,0
2001,410218,2,1,0,0,0,0,0,0,0,0,0,0
2001,410219,1,1,12,12,12,12,12,12,12,12,12,12
2001,410220,1,1,32,32,32,32,32,32,32,32,32,32
2001,410221,1,1,0,0,0,0,0,0,0,0,0,0
2001,410221,2,1,0,0,0,0,0,0,0,0,0,0
2001,410222,1,1,0,0,0,0,0,0,0,0,0,0
2001,410222,2,1,0,0,0,0,0,0,0,0,0,0
2001,410223,1,1,0,0,0,0,0,5,0,0,0,0
2001,410224,1,1,15,15,15,15,15,15,15,15,15,15
2001,410225,0,1,0,0,0,0,0,0,0,0,0,0
2001,410225,1,1,0,0,0,0,0,0,0,0,0,0
2001,410226,0,1,0,0,0,0,0,0,0,0,0,0
2001,410226,1,1,0,0,0,0,0,0,0,0,0,0
2001,410227,1,1,0,0,0,0,0,0,0,0,0,0
2001,410227,2,1,6,6,6,6,6,6,6,6,6,6
2001,410228,0,1,0,0,0,0,0,0,0,0,0,0
2001,410228,1,1,17,17,17,17,17,17,17,17,17,17
2001,410229,0,1,0,0,0,31,21,22,28,0,0,28
2001,410229,1,1,0,0,0,0,0,0,0,0,0,0
2001,410230,1,1,3,3,3,3,3,3,3,3,3,3
2001,410231,1,1,0,0,0,0,0,0,0,0,0,0
2001,410231,2,1,0,0,0,0,0,0,0,0,0,0
2001,410233,1,1,0,0,0,0,0,0,0,0,0,0
2001,410235,1,1,16,16,16,16,16,16,16,16,16,16