YEAR,st_case,veh_no,per_no,P1,P2,P3,P4,P5,P6,P7,P8,P9,P10
2001,410236,1,1,22,22,22,22,22,22,22,22,22,22
2001,410237,1,1,0,0,0,0,0,0,0,0,0,0
2001,410239,1,1,0,0,0,0,0,0,0,0,0,0
2001,410240,1,1,4,4,4,4,4,4,4,4,4,4
2001,410241,0,1,27,27,27,27,27,27,27,27,27,27
2001,410241,1,1,0,0,0,0,0,0,0,0,0,0
2001,410241,2,1,0,0,0,0,0,0,0,0,0,0
2001,410242,1,1,0,0,0,0,0,0,0,0,0,0
2001,410243,1,1,0,0,0,0,0,0,0,0,0,0
2001,410243,2,1,0,0,0,0,0,0,0,0,0,0
2001,410244,1,1,8,8,8,8,8,8,8,8,8,8
2001,410245,1,1,16,16,16,16,16,16,16,16,16,16
2001,410246,1,1,8,8,8,8,8,8,8,8,8,8
2001,410247,1,1,0,0,0,0,0,0,0,0,0,0
2001,410248,1,1,0,0,0,0,0,0,0,0,0,0
2001,410249,1,1,0,0,0,0,0,0,0,0,0,0
2001,410250,0,1,0,0,0,0,0,0,0,0,0,0
2001,410250,1,1,0,0,0,0,0,0,0,0,0,0
2001,410251,1,1,0,0,0,0,0,0,0,0,0,0
2001,410251,2,1,0,0,0,0,0,0,0,0,0,0
2001,410252,1,1,0,0,0,0,0,0,0,0,28,0
2001,410252,2,1,0,0,0,0,0,0,0,0,0,0
2001,410253,0,1,0,0,0,0,0,0,0,0,0,0
2001,410253,0,2,0,0,0,0,0,0,0,0,0,0
2001,410253,0,3,0,0,0,0,0,0,0,0,0,0
2001,410253,1,1,0,0,0,0,0,0,0,0,0,0
2001,410254,1,1,0,15,20,5,26,14,21,18,13,29
2001,410255,1,1,0,0,0,0,0,0,0,0,0,0
2001,410256,1,1,0,0,0,0,0,0,0,0,0,0
2001,410256,2,1,19,19,19,19,19,19,19,19,19,19
2001,410258,1,1,0,20,0,0,0,0,0,0,18,0
2001,410259,1,1,0,0,0,0,0,0,0,0,0,0
2001,410259,2,1,0,0,0,0,0,6,0,0,0,0
2001,410260,0,1,0,0,0,0,0,0,0,0,0,0
2001,410260,1,1,0,0,0,0,0,0,0,0,0,0
2001,410261,0,1,0,0,0,0,0,0,0,0,0,0
2001,410261,1,1,0,0,0,0,0,0,12,0,0,0
2001,410263,1,1,14,14,14,14,14,14,14,14,14,14
2001,410264,1,1,11,11,11,11,11,11,11,11,11,11
2001,410265,1,1,14,17,0,0,0,0,0,0,0,16
2001,410265,2,1,0,0,0,0,0,0,0,0,0,0
2001,410265,3,1,11,0,0,0,0,0,0,0,0,0
2001,410266,1,1,11,11,11,11,11,11,11,11,11,11
2001,410267,1,1,16,16,16,16,16,16,16,16,16,16
2001,410268,1,1,0,0,0,0,0,0,0,0,0,0
2001,410268,2,1,0,0,0,0,0,0,0,0,0,0
2001,410269,1,1,0,0,0,0,0,0,0,0,0,0
2001,410270,1,1,0,0,0,0,0,0,0,0,0,0
2001,410270,2,1,0,0,0,0,0,0,0,0,0,0
2001,410271,1,1,0,0,0,0,0,0,0,0,0,0
2001,410271,2,1,0,0,0,0,0,0,0,4,0,0
2001,410272,1,1,0,0,0,0,0,0,0,0,0,0
2001,410273,1,1,0,0,0,0,0,0,0,0,0,0
2001,410273,2,1,0,0,0,0,0,0,0,0,0,0
2001,410274,0,1,0,0,0,0,0,0,0,0,0,0
2001,410274,1,1,0,0,0,0,0,0,0,0,0,0
2001,410275,1,1,0,0,0,0,0,0,0,0,0,0
2001,410276,1,1,0,19,0,15,8,26,0,12,0,22
2001,410277,1,1,0,0,0,0,0,0,0,0,0,0
2001,410277,2,1,0,0,0,0,0,0,0,0,0,0
2001,410278,1,1,0,0,0,0,0,0,0,0,0,0
2001,410278,2,1,0,0,0,0,0,0,0,0,0,0
2001,410279,1,1,25,25,25,25,25,25,25,25,25,25
2001,410280,1,1,0,0,0,0,0,0,0,0,0,0
2001,410280,2,1,0,0,0,0,0,0,0,0,0,0
2001,410280,3,1,0,0,0,0,0,0,0,0,0,0
2001,410281,1,1,23,23,23,23,23,23,23,23,23,23
2001,410282,0,1,0,0,0,0,0,0,0,0,0,0
2001,410282,1,1,0,0,0,0,0,0,0,0,0,0
2001,410283,1,1,0,0,0,0,0,0,0,0,0,0
2001,410283,2,1,0,0,0,0,0,0,0,0,0,0
2001,410285,1,1,28,28,28,28,28,28,28,28,28,28
2001,410286,1,1,1,1,1,1,1,1,1,1,1,1
2001,410286,2,1,0,0,0,0,0,0,0,0,0,0
2001,410287,0,1,15,15,15,15,15,15,15,15,15,15
2001,410287,1,1,0,0,0,0,0,0,0,0,0,0
2001,410288,1,1,0,0,0,0,0,0,0,0,0,0
2001,410288,2,1,0,0,0,0,0,0,0,0,0,0
2001,410289,0,1,0,0,0,0,0,0,0,0,0,0
2001,410289,1,1,0,0,0,0,0,0,0,0,0,0
2001,410290,1,1,0,0,0,0,0,0,0,0,0,0
2001,410290,2,1,0,21,0,0,0,0,0,0,0,0
2001,410291,1,1,0,0,0,0,0,0,0,0,0,0
2001,410291,2,1,0,0,0,0,0,0,0,0,0,0
2001,410291,3,1,0,0,0,0,0,0,18,0,0,0
2001,410292,1,1,0,0,0,0,0,0,0,0,0,0
2001,410292,2,1,0,0,0,0,0,0,0,0,0,0
2001,410293,0,1,0,0,0,0,0,0,0,0,0,0
2001,410293,1,1,0,0,0,0,0,0,0,0,0,0
2001,410294,1,1,0,0,0,0,0,0,0,0,0,0
2001,410294,2,1,0,0,0,0,0,0,0,0,0,0
2001,410295,1,1,16,16,16,16,16,16,16,16,16,16
2001,410296,1,1,0,0,0,0,0,0,0,0,0,0
2001,410296,2,1,0,0,0,0,0,0,0,0,0,0
2001,410297,1,1,0,0,0,0,0,0,0,0,0,0
2001,410298,0,1,25,25,25,25,25,25,25,25,25,25
2001,410298,1,1,0,0,0,0,0,0,0,0,0,0
2001,410299,1,1,0,0,0,0,0,0,0,0,0,0
2001,410299,2,1,0,0,0,0,0,0,0,0,0,0
2001,410300,1,1,11,11,11,11,11,11,11,11,11,11
2001,410301,1,1,0,0,0,0,0,0,0,0,0,0
2001,410302,1,1,21,21,21,21,21,21,21,21,21,21
2001,410304,1,1,0,0,0,0,0,0,2,0,0,0
2001,410304,2,1,0,0,0,0,0,0,0,0,0,0
2001,410305,1,1,19,19,19,19,19,19,19,19,19,19
2001,410306,1,1,37,37,37,37,37,37,37,37,37,37
2001,410307,1,1,24,24,24,24,24,24,24,24,24,24
2001,410307,2,1,4,4,4,4,4,4,4,4,4,4
2001,410308,1,1,0,0,0,0,0,0,0,0,0,0
2001,410309,0,1,0,0,0,0,0,0,0,0,0,0
2001,410309,1,1,0,0,0,0,20,0,0,0,0,0
2001,410310,1,1,0,0,0,0,0,0,0,0,0,0
2001,410311,0,1,13,13,13,13,13,13,13,13,13,13
2001,410311,1,1,0,0,0,0,0,0,0,0,0,0
2001,410312,1,1,0,0,0,0,0,0,0,0,0,0
2001,410312,2,1,0,0,0,0,0,0,0,0,0,0
2001,410313,1,1,0,0,0,0,0,0,0,0,0,0
2001,410313,2,1,0,0,0,0,0,0,0,0,0,0
2001,410313,3,1,0,0,0,0,0,0,0,0,0,0
2001,410313,4,1,0,0,0,0,0,0,0,15,0,0
2001,410313,5,1,0,0,0,0,0,0,0,0,26,0
2001,410314,0,1,0,0,0,0,0,0,0,0,0,0
2001,410314,1,1,0,0,0,14,0,0,0,0,0,0
2001,410315,1,1,24,24,24,24,24,24,24,24,24,24
2001,410315,2,1,0,0,0,8,0,0,0,0,4,0
2001,410316,1,1,12,12,12,12,12,12,12,12,12,12
2001,410317,1,1,0,0,0,0,0,0,0,0,0,0
2001,410317,2,1,0,0,0,0,0,0,0,0,0,0
2001,410318,1,1,12,12,12,12,12,12,12,12,12,12
2001,410318,2,1,0,0,0,0,0,0,0,0,0,0
2001,410319,1,1,19,19,19,19,19,19,19,19,19,19
2001,410320,1,1,22,22,22,22,22,22,22,22,22,22
2001,410321,1,1,0,0,0,0,0,0,0,0,0,0
2001,410321,2,1,0,0,0,0,0,0,0,0,0,0
2001,410321,3,1,0,0,0,0,0,0,0,0,0,0
2001,410322,1,1,25,25,25,25,25,25,25,25,25,25
2001,410323,1,1,0,0,0,0,0,0,0,0,0,0
2001,410323,2,1,0,0,0,0,0,0,0,0,0,0
2001,410323,3,1,0,0,0,0,0,0,0,0,0,0
2001,410324,1,1,20,20,20,20,20,20,20,20,20,20
2001,410325,1,1,0,0,0,0,0,0,0,0,0,0
2001,410326,1,1,0,0,0,0,0,0,0,0,0,0
2001,410327,0,1,5,5,5,5,5,5,5,5,5,5
2001,410327,1,1,0,0,0,0,0,0,0,0,0,0
2001,410328,1,1,0,0,0,0,0,0,0,0,0,0
2001,410329,1,1,0,0,0,0,0,0,0,0,0,0
2001,410329,2,1,0,0,0,0,0,0,0,0,0,0
2001,410329,3,1,0,0,0,0,0,0,0,0,0,0
2001,410331,1,1,0,0,0,0,0,0,0,0,0,0
2001,410331,2,1,0,21,14,22,0,0,0,19,0,0
2001,410331,3,1,0,0,0,0,0,0,0,0,0,0
2001,410331,4,1,0,0,0,0,0,0,0,0,0,0
2001,410332,1,1,0,0,0,0,0,6,0,0,0,0
2001,410332,2,1,0,0,0,8,0,0,0,0,0,0
2001,410333,1,1,0,10,0,0,0,0,0,0,0,0
2001,410333,2,1,0,0,0,0,0,0,0,0,0,0
2001,410334,0,1,27,27,27,27,27,27,27,27,27,27
2001,410334,1,1,13,21,16,0,0,17,0,0,0,0
2001,410335,1,1,0,0,0,0,0,0,0,0,0,0
2001,410336,1,1,21,4,54,3,14,7,26,9,16,13
2001,410337,1,1,0,0,0,0,0,0,0,0,0,0
2001,410337,2,1,0,0,0,0,0,0,0,0,0,0
2001,410338,0,1,3,3,3,3,3,3,3,3,3,3
2001,410338,1,1,0,0,0,0,0,0,0,0,0,0
2001,410339,1,1,0,0,0,0,0,0,0,0,0,0
2001,410340,1,1,0,0,0,0,0,0,0,0,0,0
2001,410341,1,1,18,18,18,18,18,18,18,18,18,18
2001,410341,2,1,0,0,0,0,0,0,0,0,0,0
2001,410342,1,1,0,0,0,0,0,0,0,0,0,0
2001,410343,1,1,0,0,0,0,0,0,0,0,0,0
2001,410343,2,1,0,0,0,0,0,0,0,0,0,0
2001,410343,3,1,0,0,0,0,0,0,0,0,0,0
2001,410344,1,1,0,0,0,0,0,0,0,0,0,0
2001,410345,1,1,7,7,7,7,7,7,7,7,7,7
2001,410346,1,1,11,11,11,11,11,11,11,11,11,11
2001,410347,1,1,0,0,0,10,0,0,22,0,0,0
2001,410348,1,1,20,20,20,20,20,20,20,20,20,20
2001,410349,1,1,0,0,0,0,0,0,0,0,0,0
2001,410350,0,1,0,0,0,0,0,0,0,0,0,0
2001,410350,1,1,0,0,0,0,0,0,0,0,0,0
2001,410351,1,1,0,0,0,0,0,0,0,0,0,0
2001,410352,0,1,0,0,0,0,0,0,0,0,0,0
2001,410352,0,2,0,0,0,31,0,0,0,17,0,15
2001,410352,1,1,0,0,0,0,0,0,0,0,0,0
2001,410353,1,1,0,0,0,0,0,0,0,0,0,0
2001,410354,1,1,20,20,20,20,20,20,20,20,20,20
2001,410355,1,1,0,0,0,0,0,0,0,0,0,0
2001,410355,2,1,0,0,0,0,0,0,0,0,0,0
2001,410355,3,1,0,0,0,0,0,0,0,0,0,0
2001,410356,1,1,0,0,0,0,0,0,0,0,0,0
2001,410356,2,1,0,0,0,0,0,0,0,0,0,0
2001,410357,0,1,16,16,16,16,16,16,16,16,16,16
2001,410357,1,1,23,9,8,0,5,8,6,17,5,18
2001,410358,1,1,0,0,0,0,0,0,0,0,0,0
2001,410359,1,1,13,13,13,13,13,13,13,13,13,13
2001,410360,1,1,13,13,13,13,13,13,13,13,13,13
2001,410361,1,1,27,27,27,27,27,27,27,27,27,27
2001,410362,1,1,21,21,21,21,21,21,21,21,21,21
2001,410363,1,1,0,0,0,0,0,0,0,0,0,0
2001,410363,2,1,0,0,0,0,0,0,0,0,0,0
2001,410364,1,1,0,0,0,0,0,0,0,0,0,0
2001,410364,2,1,0,0,0,0,0,0,0,0,0,0
2001,410365,1,1,18,18,18,18,18,18,18,18,18,18
2001,410366,0,1,0,0,0,0,0,0,0,0,0,0
2001,410366,1,1,0,0,0,0,0,0,0,0,0,0
2001,410366,2,1,0,0,0,0,0,0,0,0,0,0
2001,410367,1,1,0,0,0,0,0,0,0,0,0,0
2001,410367,2,1,0,17,0,0,0,20,0,0,0,0
2001,410368,1,1,32,32,32,32,32,32,32,32,32,32
2001,410369,0,1,40,40,40,40,40,40,40,40,40,40
2001,410369,1,1,0,0,0,0,0,0,0,0,0,0
2001,410370,0,1,0,0,0,0,0,0,0,0,0,0
2001,410370,1,1,13,13,13,13,13,13,13,13,13,13
2001,410371,1,1,15,15,15,15,15,15,15,15,15,15
2001,410372,1,1,0,0,0,0,0,0,0,0,0,0
2001,410373,1,1,0,0,0,0,0,0,0,0,0,0
2001,410373,2,1,2,2,2,2,2,2,2,2,2,2
2001,410374,1,1,0,0,0,0,0,0,0,0,0,0
2001,410374,2,1,0,0,0,0,0,0,0,0,0,0
2001,410375,1,1,0,0,0,0,0,0,0,0,0,0
2001,410375,2,1,0,0,0,0,0,0,0,0,0,0
2001,410376,1,1,0,0,0,0,0,0,0,0,0,0
2001,410376,2,1,0,0,0,0,0,0,0,0,9,0
2001,410377,0,1,0,0,0,0,0,0,0,0,0,0
2001,410377,1,1,0,0,0,0,0,0,0,0,0,0
2001,410378,1,1,0,0,0,0,0,0,0,0,0,0
2001,410378,2,1,0,0,0,0,0,0,0,0,0,0
2001,410379,1,1,2,2,2,2,2,2,2,2,2,2
2001,410381,1,1,10,10,10,10,10,10,10,10,10,10
2001,410382,1,1,0,0,0,0,0,0,0,0,0,0
2001,410382,2,1,0,0,0,0,0,0,0,0,0,0
2001,410382,3,1,0,0,0,0,0,0,0,0,0,0
2001,410383,1,1,25,25,25,25,25,25,25,25,25,25
2001,410383,2,1,7,7,7,7,7,7,7,7,7,7
2001,410383,3,1,0,0,0,0,0,0,0,0,0,0
2001,410383,4,1,0,0,0,0,0,0,0,0,0,0
2001,410384,1,1,5,5,5,5,5,5,5,5,5,5
2001,410384,2,1,0,0,0,0,0,0,0,0,0,0
2001,410385,1,1,7,7,7,7,7,7,7,7,7,7
2001,410386,1,1,0,0,0,0,0,0,0,0,7,0
2001,410387,0,1,0,17,0,14,0,0,0,14,18,0
2001,410387,1,1,0,0,0,0,0,0,0,0,0,0
2001,410388,1,1,7,7,7,7,7,7,7,7,7,7
2001,410389,0,1,9,9,9,9,9,9,9,9,9,9
2001,410389,1,1,0,0,0,0,0,0,0,0,0,13
2001,410390,0,1,27,27,27,27,27,27,27,27,27,27
2001,410390,1,1,0,0,0,0,0,0,0,0,0,0
2001,410391,1,1,0,0,0,0,0,0,0,0,0,0
2001,410391,2,1,0,0,0,0,0,0,0,0,0,0
2001,410392,0,1,0,0,0,0,0,0,0,0,0,0
2001,410392,1,1,0,0,0,0,0,0,0,0,0,0
2001,410393,1,1,0,0,0,0,0,0,4,0,17,15
2001,410393,2,1,11,11,11,11,11,11,11,11,11,11
2001,410394,1,1,0,0,0,0,0,0,0,0,0,0
2001,410394,2,1,0,0,0,0,0,0,0,0,0,0
2001,410395,1,1,9,9,9,9,9,9,9,9,9,9
2001,410395,2,1,0,0,0,0,0,0,0,0,0,0
2001,410396,1,1,0,0,0,0,0,0,0,0,0,0
2001,410396,2,1,0,0,0,0,0,0,0,0,0,0
2001,410397,0,1,0,0,0,0,0,0,0,0,0,0
2001,410397,1,1,12,0,0,15,0,0,0,0,0,0
2001,410398,0,1,0,0,0,0,0,0,0,0,0,0
2001,410398,1,1,0,0,0,0,0,0,0,0,0,0
2001,410399,1,1,0,0,0,0,0,0,0,0,0,0
2001,410399,2,1,0,0,0,0,0,0,0,0,0,0
2001,410400,1,1,0,0,0,0,0,0,0,0,0,0
2001,410400,2,1,0,0,0,0,0,0,0,0,0,0
2001,410401,0,1,28,28,28,28,28,28,28,28,28,28
2001,410401,1,1,0,0,0,0,0,0,0,0,0,0
2001,410402,1,1,0,0,0,0,0,0,0,0,0,0
2001,410403,1,1,7,7,7,7,7,7,7,7,7,7
2001,410403,2,1,0,0,0,0,26,24,0,0,0,0
2001,410404,1,1,0,0,0,0,0,0,0,0,0,0
2001,410405,1,1,0,0,0,0,0,0,0,0,0,0
2001,410405,2,1,0,0,0,0,0,0,0,0,0,0
2001,410406,1,1,0,0,0,0,17,0,0,0,0,0
2001,410406,2,1,0,0,0,0,0,0,0,0,0,0
2001,410407,1,1,0,0,10,17,8,23,24,0,9,0
2001,410407,2,1,0,0,0,0,11,0,0,0,0,0
2001,410408,1,1,0,0,0,0,0,0,0,0,0,0
2001,410409,1,1,0,0,0,0,0,0,0,0,0,0
2001,410409,2,1,0,0,0,0,0,0,0,0,0,0
2001,410409,3,1,0,0,0,0,0,0,0,0,0,0
2001,410410,1,1,11,0,0,17,0,0,0,0,14,0
2001,410411,0,1,0,0,0,0,0,0,0,0,0,0
2001,410411,1,1,0,0,0,0,0,0,0,0,0,0
2001,410412,1,1,0,0,0,0,0,0,0,0,0,0
2001,410412,2,1,0,0,0,0,0,0,0,0,0,0
2001,410412,3,1,0,0,0,0,0,0,0,0,0,0
2001,410413,1,1,0,0,0,0,0,0,0,0,0,0
2001,410414,0,1,0,0,8,0,0,0,0,0,0,0
2001,410414,1,1,0,0,0,0,0,0,0,0,0,0
2001,410415,1,1,0,0,0,0,5,0,0,0,0,0
2001,410415,2,1,0,0,0,0,0,0,0,0,0,0
2001,410416,1,1,0,0,0,0,0,0,0,0,0,0
2001,410416,2,1,0,0,0,0,0,0,0,0,0,0
2001,410417,1,1,0,0,0,0,0,0,0,0,0,0
2001,410417,2,1,0,0,0,0,0,0,0,0,0,0
2001,410418,1,1,0,0,0,0,0,0,0,0,0,0
2001,410418,2,1,0,0,0,0,0,0,0,0,0,0
2001,410419,0,1,2,2,2,2,2,2,2,2,2,2
2001,410419,1,1,0,0,0,0,0,0,0,0,0,0
2001,410420,1,1,0,0,0,0,0,0,0,0,0,0
2001,410421,0,1,0,0,0,0,0,0,0,0,0,0
2001,410421,1,1,0,0,0,0,0,0,0,0,0,0
2001,410422,1,1,3,3,3,3,3,3,3,3,3,3
2001,410422,2,1,0,0,0,0,0,0,0,0,0,0
2001,410423,0,1,0,31,0,0,17,0,0,0,33,33
2001,410423,1,1,0,0,12,0,0,15,0,0,0,0
2001,410424,0,1,9,13,0,16,0,0,0,0,0,0
2001,410424,0,2,0,0,0,0,0,0,0,0,0,0
2001,410424,1,1,0,0,0,0,0,0,0,0,0,0
2001,410425,1,1,16,24,17,0,15,0,0,0,0,0
2001,410426,1,1,0,0,0,0,16,0,0,0,0,0
2001,410427,1,1,0,0,0,0,0,0,0,0,0,0
2001,410427,2,1,0,0,0,0,0,0,0,0,0,9
2001,410428,1,1,0,0,0,0,0,0,0,0,0,0
2001,410428,2,1,1,1,1,1,1,1,1,1,1,1
2001,410429,1,1,0,0,0,0,0,0,0,0,0,0
2001,410429,2,1,0,0,0,0,0,0,0,0,0,0
2001,410430,0,1,0,0,0,0,0,0,0,0,0,0
2001,410430,1,1,0,0,0,0,0,0,0,0,0,0
2001,410431,1,1,0,0,0,0,0,0,0,0,0,0
2001,410432,0,1,0,0,0,0,0,0,0,0,0,0
2001,410432,0,2,0,0,0,0,0,0,0,0,0,0
2001,410432,1,1,0,0,0,0,0,0,0,0,0,0
2001,410433,1,1,0,0,0,0,6,0,0,0,0,0
2001,410434,1,1,15,15,15,15,15,15,15,15,15,15
2001,410434,2,1,0,0,0,0,0,0,0,0,0,0
2001,410434,3,1,0,0,0,0,0,0,0,0,0,0
2001,410435,1,1,16,16,16,16,16,16,16,16,16,16
2001,410436,1,1,0,0,0,0,0,0,0,0,0,0
2001,410436,2,1,0,22,0,0,0,16,0,6,0,0
2001,410437,0,1,18,18,18,18,18,18,18,18,18,18
2001,410437,1,1,6,6,6,6,6,6,6,6,6,6
2001,410438,1,1,0,0,0,0,0,0,0,0,0,0
2001,410438,2,1,3,3,3,3,3,3,3,3,3,3
2001,410439,0,1,0,0,0,0,0,0,0,0,0,0
2001,410439,1,1,5,0,0,0,0,0,0,7,0,0
2001,420001,1,1,0,0,0,0,0,0,0,0,0,0
2001,420002,1,1,0,0,0,0,0,0,0,0,0,0
2001,420002,2,1,0,0,0,0,0,0,0,0,0,0
2001,420003,1,1,10,10,10,10,10,10,10,10,10,10
2001,420004,0,1,0,0,0,0,0,0,0,0,0,0
2001,420004,1,1,0,0,0,0,0,0,0,0,0,0
2001,420005,0,1,0,0,0,0,0,0,0,0,0,0
2001,420005,1,1,0,0,0,0,0,0,0,0,0,0
2001,420006,1,1,0,0,0,0,0,0,0,0,0,0
2001,420006,2,1,0,0,0,0,0,0,0,0,11,0
2001,420007,1,1,14,14,14,14,14,14,14,14,14,14
2001,420008,0,1,0,0,0,0,0,0,0,0,0,0
2001,420008,1,1,12,12,12,12,12,12,12,12,12,12
2001,420009,1,1,0,0,0,0,0,0,0,0,0,0
2001,420010,1,1,0,0,12,0,0,0,0,0,0,35
2001,420010,2,1,0,0,0,0,0,0,0,0,0,0
2001,420011,1,1,0,0,18,0,8,0,0,0,15,0
2001,420012,1,1,26,40,0,0,26,0,0,9,0,0
2001,420013,1,1,30,30,30,30,30,30,30,30,30,30
2001,420014,1,1,0,0,20,0,0,14,0,0,0,0
2001,420014,2,1,0,0,0,0,0,0,0,0,0,0
2001,420015,0,1,30,0,0,0,13,0,15,0,0,0
2001,420015,1,1,0,0,0,0,0,0,0,0,0,0
2001,420016,0,1,0,0,0,0,0,0,17,0,0,0
2001,420016,1,1,0,0,0,0,0,0,0,0,0,0
2001,420017,1,1,26,26,26,26,26,26,26,26,26,26
2001,420018,1,1,18,18,18,18,18,18,18,18,18,18
2001,420019,1,1,20,20,20,20,20,20,20,20,20,20
2001,420020,1,1,18,18,18,18,18,18,18,18,18,18
2001,420020,2,1,0,0,0,0,0,0,0,9,25,0
2001,420020,3,1,0,0,0,0,0,0,0,0,0,0
2001,420021,1,1,0,0,0,0,0,0,0,0,0,0
2001,420021,2,1,0,0,0,0,0,0,0,0,0,0
2001,420021,3,1,0,0,0,0,0,0,0,0,0,0
2001,420022,1,1,8,0,0,0,0,0,0,0,0,0
2001,420022,2,1,0,0,0,0,0,0,0,0,0,0
2001,420023,1,1,0,0,0,0,0,0,0,0,0,0
2001,420023,2,1,0,0,0,0,0,0,0,0,0,0
2001,420024,1,1,0,0,0,0,0,0,0,0,0,0
2001,420024,2,1,0,0,0,0,0,0,0,0,0,0
2001,420025,1,1,21,21,21,21,21,21,21,21,21,21
2001,420025,2,1,0,0,0,0,0,0,0,0,0,0
2001,420026,1,1,0,0,0,4,0,0,0,0,0,0
2001,420026,2,1,0,0,0,0,0,0,0,0,0,0
2001,420027,1,1,0,0,0,0,0,0,0,0,0,0
2001,420028,0,1,0,0,0,0,0,0,0,0,0,0
2001,420028,1,1,0,0,0,0,0,0,0,0,0,0
2001,420029,1,1,21,21,21,21,21,21,21,21,21,21
2001,420029,2,1,0,0,0,0,0,0,0,0,0,0
2001,420030,1,1,29,29,29,29,29,29,29,29,29,29
2001,420030,2,1,0,0,0,0,0,0,0,0,0,0
2001,420031,1,1,24,24,24,24,24,24,24,24,24,24
2001,420032,1,1,0,0,0,0,0,12,0,0,0,0
2001,420032,2,1,0,0,0,0,0,0,0,0,0,0
2001,420033,1,1,0,0,0,0,0,0,0,0,0,0
2001,420034,1,1,0,0,0,0,0,0,0,0,0,0
2001,420034,2,1,0,0,0,0,0,0,0,0,0,0
2001,420035,1,1,0,0,0,0,0,0,0,0,0,0
2001,420036,1,1,4,4,4,4,4,4,4,4,4,4
2001,420036,2,1,0,0,19,0,8,0,11,15,24,0
2001,420037,1,1,11,20,6,0,0,0,0,0,0,0
2001,420037,2,1,0,0,0,0,0,0,0,0,0,0
2001,420038,1,1,1,1,1,1,1,1,1,1,1,1
2001,420038,2,1,5,0,0,0,10,0,0,0,12,0
2001,420038,3,1,0,0,0,0,0,0,0,0,0,0
2001,420038,4,1,0,21,0,0,0,15,0,19,0,35
2001,420039,1,1,0,0,0,0,0,0,0,0,0,0
2001,420039,2,1,0,0,0,0,0,0,0,0,0,0
2001,420039,3,1,0,0,0,0,0,0,0,0,0,8
2001,420040,1,1,36,36,36,36,36,36,36,36,36,36
2001,420041,1,1,0,0,0,0,0,0,0,0,0,0
2001,420041,2,1,0,0,0,0,0,0,0,0,0,0
2001,420042,1,1,16,16,16,16,16,16,16,16,16,16
2001,420043,1,1,15,15,15,15,15,15,15,15,15,15
2001,420044,1,1,29,29,29,29,29,29,29,29,29,29
2001,420045,1,1,37,37,37,37,37,37,37,37,37,37
2001,420046,1,1,4,0,0,0,0,0,0,0,0,0
2001,420046,2,1,11,0,0,0,0,0,0,0,0,0
2001,420047,1,1,0,0,0,0,0,0,0,0,0,0
2001,420048,1,1,8,19,15,0,0,16,17,20,0,13
2001,420049,1,1,0,0,0,0,0,0,0,0,0,0
2001,420050,1,1,0,0,0,0,0,0,0,0,0,0
2001,420050,2,1,0,0,0,0,0,0,0,0,0,0
2001,420051,1,1,17,17,17,17,17,17,17,17,17,17
2001,420052,1,1,21,21,21,21,21,21,21,21,21,21
2001,420053,0,1,0,0,0,0,0,0,0,0,0,0
2001,420053,1,1,0,0,0,0,0,0,0,0,0,0
2001,420054,1,1,0,0,0,0,0,0,0,0,0,0
2001,420055,1,1,0,0,0,0,0,0,0,0,0,0
2001,420056,1,1,18,18,18,18,18,18,18,18,18,18
2001,420056,2,1,0,0,0,0,0,0,0,0,0,0
2001,420057,1,1,0,0,0,0,0,0,11,0,10,0
2001,420057,2,1,0,0,0,0,0,0,0,0,0,0
2001,420058,1,1,0,0,0,0,0,0,0,0,0,0
2001,420058,2,1,14,0,0,0,0,0,0,0,0,0
2001,420059,1,1,27,27,27,27,27,27,27,27,27,27
2001,420060,1,1,0,0,0,0,0,0,0,0,0,0
2001,420060,2,1,0,15,6,0,10,0,0,18,0,0
2001,420061,1,1,0,0,0,0,0,0,0,0,0,0
2001,420062,1,1,0,0,0,0,0,0,0,0,0,0
2001,420063,1,1,0,0,0,0,0,0,0,0,0,0
2001,420063,2,1,0,0,0,0,15,0,16,0,0,0
2001,420064,0,1,0,0,20,0,17,23,0,0,0,0
2001,420064,1,1,0,0,0,0,0,0,0,0,0,0
2001,420065,1,1,0,0,0,0,0,0,0,0,0,0
2001,420066,0,1,0,0,0,0,0,0,0,0,11,27
2001,420066,1,1,0,0,0,0,0,0,0,0,0,0
2001,420067,1,1,25,25,25,25,25,25,25,25,25,25
2001,420068,1,1,0,0,0,0,0,0,0,0,0,0
2001,420068,2,1,0,0,0,0,0,0,0,0,0,0
2001,420069,1,1,29,29,29,29,29,29,29,29,29,29
2001,420070,0,1,0,0,0,0,0,0,0,0,0,0
2001,420070,0,2,6,0,0,0,0,0,0,0,12,16
2001,420070,1,1,0,0,0,0,0,0,0,0,0,0
2001,420071,1,1,0,0,0,0,0,0,0,0,0,0
2001,420071,2,1,0,0,0,0,0,0,0,0,0,0
2001,420072,1,1,0,0,0,0,0,0,0,0,0,0
2001,420072,2,1,0,0,0,0,0,0,0,0,0,0
2001,420073,1,1,5,5,5,5,5,5,5,5,5,5
2001,420073,2,1,0,0,0,19,0,0,12,16,0,0
2001,420074,1,1,0,0,0,0,0,0,0,0,0,0
2001,420074,2,1,0,0,0,0,0,0,0,0,0,0
2001,420075,1,1,0,0,0,0,0,0,0,0,0,0
2001,420076,1,1,25,25,25,25,25,25,25,25,25,25