YEAR,st_case,veh_no,per_no,P1,P2,P3,P4,P5,P6,P7,P8,P9,P10
2001,420077,1,1,0,0,0,0,0,0,0,0,0,0
2001,420078,1,1,0,0,0,0,0,0,0,0,0,0
2001,420078,2,1,0,0,0,0,0,0,0,0,0,0
2001,420079,1,1,28,28,28,28,28,28,28,28,28,28
2001,420080,1,1,9,9,9,9,9,9,9,9,9,9
2001,420081,1,1,8,26,3,0,0,13,0,10,33,0
2001,420081,2,1,0,9,11,12,5,0,4,0,0,0
2001,420082,1,1,26,26,26,26,26,26,26,26,26,26
2001,420083,1,1,0,8,0,0,0,0,0,0,0,0
2001,420083,2,1,0,0,0,0,0,0,0,0,0,0
2001,420084,0,1,0,0,0,0,0,0,0,0,0,0
2001,420084,1,1,0,0,0,0,0,0,0,0,0,0
2001,420085,1,1,7,7,7,7,7,7,7,7,7,7
2001,420086,1,1,0,0,0,0,0,0,0,0,0,0
2001,420086,2,1,0,0,0,0,0,0,0,0,0,0
2001,420087,1,1,0,0,0,0,0,0,0,0,0,20
2001,420087,2,1,0,13,0,0,0,26,0,0,0,0
2001,420088,1,1,0,0,0,0,0,0,0,0,0,0
2001,420089,0,1,0,0,0,0,0,0,0,20,0,0
2001,420089,1,1,0,0,0,0,0,0,0,0,0,0
2001,420090,1,1,0,0,0,0,0,0,0,0,0,0
2001,420090,2,1,0,0,0,0,0,0,0,0,0,0
2001,420091,1,1,12,12,12,12,12,12,12,12,12,12
2001,420091,2,1,6,6,6,6,6,6,6,6,6,6
2001,420092,1,1,0,0,2,0,9,30,0,0,0,0
2001,420092,2,1,0,0,0,0,0,0,0,0,0,0
2001,420093,1,1,0,0,0,0,0,0,0,0,0,0
2001,420093,2,1,0,0,0,0,0,0,0,0,0,0
2001,420094,1,1,0,0,0,0,0,0,0,0,0,0
2001,420094,2,1,0,0,0,0,0,0,0,0,0,0
2001,420094,3,1,0,0,0,0,0,0,0,0,0,0
2001,420095,1,1,6,8,12,20,14,16,26,18,16,17
2001,420096,1,1,0,0,0,0,0,0,0,0,0,0
2001,420096,2,1,0,0,0,0,0,0,0,0,0,0
2001,420097,1,1,0,0,12,0,14,0,0,0,0,0
2001,420097,2,1,0,0,0,0,0,0,0,0,0,0
2001,420098,1,1,0,22,0,0,0,11,9,0,0,0
2001,420098,2,1,0,0,0,6,0,0,0,0,7,0
2001,420099,0,1,34,34,34,34,34,34,34,34,34,34
2001,420099,1,1,0,0,0,0,0,0,0,0,0,0
2001,420100,1,1,0,0,0,0,0,0,0,0,0,0
2001,420100,2,1,0,0,0,0,0,0,0,0,0,0
2001,420100,3,1,0,0,0,0,0,0,0,0,0,0
2001,420101,1,1,8,8,8,8,8,8,8,8,8,8
2001,420101,2,1,0,0,3,0,0,0,0,0,0,0
2001,420102,1,1,29,29,29,29,29,29,29,29,29,29
2001,420102,2,1,0,0,0,0,0,0,0,0,0,0
2001,420102,3,1,0,0,0,0,0,0,0,0,0,0
2001,420103,1,1,23,23,23,23,23,23,23,23,23,23
2001,420104,1,1,0,0,0,0,0,0,0,0,0,0
2001,420105,1,1,0,0,0,0,0,0,0,0,0,0
2001,420105,2,1,0,0,0,0,0,0,0,0,0,0
2001,420106,1,1,0,0,0,0,0,0,0,0,0,0
2001,420106,2,1,0,0,0,0,0,0,0,0,0,0
2001,420106,3,1,0,0,0,0,0,0,0,0,0,0
2001,420107,1,1,36,36,36,36,36,36,36,36,36,36
2001,420108,1,1,0,0,0,0,0,0,0,0,0,0
2001,420108,2,1,0,0,0,0,0,0,0,0,0,0
2001,420109,1,1,27,27,27,27,27,27,27,27,27,27
2001,420110,0,1,0,0,0,0,0,0,0,0,0,0
2001,420110,1,1,2,2,2,2,2,2,2,2,2,2
2001,420111,0,1,5,5,5,5,5,5,5,5,5,5
2001,420111,1,1,0,0,0,0,0,0,0,0,0,0
2001,420111,2,1,0,0,0,0,0,0,0,0,0,0
2001,420111,3,1,0,0,0,0,0,0,0,0,0,0
2001,420112,1,1,0,0,0,0,0,0,0,0,0,0
2001,420113,0,1,0,0,0,0,0,0,0,0,0,0
2001,420113,1,1,0,0,0,0,0,0,0,0,0,0
2001,420114,1,1,17,17,17,17,17,17,17,17,17,17
2001,420114,2,1,0,0,0,0,0,0,0,0,0,0
2001,420115,1,1,0,0,0,0,0,0,0,0,0,0
2001,420116,1,1,0,0,0,0,0,0,0,0,0,0
2001,420116,2,1,0,0,0,0,0,0,0,0,0,0
2001,420116,3,1,0,0,0,0,0,0,0,0,0,0
2001,420116,4,1,0,0,0,0,0,0,0,0,0,0
2001,420117,1,1,0,0,0,0,0,0,0,0,0,0
2001,420117,2,1,0,0,0,7,0,0,0,0,0,0
2001,420118,1,1,0,0,0,0,0,0,0,0,0,0
2001,420118,2,1,0,0,0,0,0,0,0,0,0,0
2001,420119,1,1,0,0,0,0,0,0,0,0,0,0
2001,420120,1,1,11,11,11,11,11,11,11,11,11,11
2001,420121,0,1,0,0,0,20,0,0,7,0,0,0
2001,420121,0,2,8,26,0,0,20,0,22,0,0,19
2001,420121,1,1,15,15,15,15,15,15,15,15,15,15
2001,420121,2,1,0,0,0,0,0,0,0,0,0,0
2001,420122,1,1,0,0,0,0,0,0,0,0,0,0
2001,420122,2,1,0,20,0,0,0,0,0,0,0,0
2001,420122,3,1,0,0,0,0,0,0,0,0,0,0
2001,420123,1,1,30,12,18,19,27,19,37,0,12,26
2001,420124,0,1,0,0,0,0,0,0,0,0,0,0
2001,420124,1,1,8,0,0,0,0,0,0,0,0,0
2001,420125,1,1,0,0,0,0,0,0,0,0,0,0
2001,420125,2,1,0,19,0,15,0,0,0,24,0,16
2001,420125,3,1,0,0,0,0,0,0,0,0,0,0
2001,420126,0,1,0,0,0,0,0,0,0,0,0,0
2001,420126,1,1,0,0,22,0,0,10,0,0,0,0
2001,420126,2,1,0,0,0,14,0,0,0,0,0,0
2001,420127,1,1,14,14,14,14,14,14,14,14,14,14
2001,420128,1,1,0,0,0,0,0,0,0,0,0,21
2001,420129,1,1,0,0,0,0,0,0,0,0,0,0
2001,420129,2,1,0,0,0,0,0,0,0,0,0,0
2001,420130,1,1,12,12,12,12,12,12,12,12,12,12
2001,420130,2,1,0,0,13,17,0,0,7,0,0,0
2001,420131,0,1,0,0,0,0,0,0,0,0,0,0
2001,420131,1,1,0,0,0,0,0,0,0,0,0,0
2001,420132,1,1,0,0,0,0,0,0,0,0,0,0
2001,420132,2,1,0,0,0,0,0,0,0,0,0,0
2001,420133,0,1,17,0,0,0,26,0,0,0,0,0
2001,420133,1,1,0,0,0,0,0,0,0,0,0,0
2001,420134,1,1,10,10,10,10,10,10,10,10,10,10
2001,420135,0,1,0,0,0,0,17,0,0,0,0,0
2001,420135,1,1,0,0,0,0,0,0,0,0,0,0
2001,420136,1,1,9,9,9,9,9,9,9,9,9,9
2001,420137,1,1,25,25,25,25,25,25,25,25,25,25
2001,420137,2,1,0,0,0,0,0,0,0,0,0,0
2001,420138,1,1,10,10,10,10,10,10,10,10,10,10
2001,420139,1,1,25,25,25,25,25,25,25,25,25,25
2001,420140,1,1,0,0,0,0,0,0,0,0,0,0
2001,420141,0,1,0,0,0,0,0,0,0,0,0,0
2001,420141,0,2,0,0,0,0,0,0,0,0,0,0
2001,420141,1,1,34,34,34,34,34,34,34,34,34,34
2001,420142,1,1,0,0,0,0,0,0,0,9,0,0
2001,420142,2,1,0,0,0,0,0,0,0,0,0,0
2001,420143,1,1,0,0,0,0,0,0,0,0,0,0
2001,420143,2,1,0,0,0,0,0,0,0,0,0,0
2001,420144,1,1,17,17,17,17,17,17,17,17,17,17
2001,420145,1,1,0,0,0,0,0,0,0,0,0,0
2001,420145,2,1,0,0,0,0,0,0,0,0,0,0
2001,420146,1,1,0,0,18,0,31,0,0,0,0,0
2001,420147,1,1,0,0,0,0,0,0,0,0,0,0
2001,420148,1,1,0,0,0,0,0,0,0,0,0,0
2001,420149,1,1,34,34,34,34,34,34,34,34,34,34
2001,420149,2,1,0,0,0,0,0,0,0,0,0,0
2001,420150,1,1,0,0,0,0,0,0,0,0,0,0
2001,420150,2,1,0,0,0,0,0,0,0,0,0,0
2001,420151,1,1,13,13,13,13,13,13,13,13,13,13
2001,420152,1,1,12,18,20,24,38,10,10,33,14,19
2001,420153,0,1,0,0,0,0,0,0,0,0,0,0
2001,420153,0,2,0,0,0,0,0,0,0,0,0,0
2001,420153,0,3,0,0,0,0,0,0,0,0,0,0
2001,420153,1,1,0,0,0,0,0,0,0,0,0,0
2001,420154,1,1,0,0,0,0,0,0,0,0,0,0
2001,420156,1,1,0,0,5,0,0,0,30,22,0,0
2001,420157,1,1,25,25,25,25,25,25,25,25,25,25
2001,420157,2,1,0,0,0,0,0,0,0,0,0,0
2001,420158,1,1,0,0,0,0,0,0,0,0,0,0
2001,420159,1,1,2,2,2,2,2,2,2,2,2,2
2001,420160,1,1,0,0,0,0,0,0,0,0,0,0
2001,420160,2,1,0,0,0,0,0,0,0,0,0,0
2001,420160,3,1,0,0,0,0,0,0,0,0,0,0
2001,420160,4,1,0,0,0,0,0,0,0,0,0,0
2001,420161,1,1,0,0,0,0,0,0,0,0,0,0
2001,420161,2,1,0,0,18,0,0,0,0,0,0,0
2001,420162,1,1,0,0,0,0,0,0,0,0,0,0
2001,420162,2,1,0,0,0,0,0,0,0,0,0,0
2001,420163,1,1,0,16,0,0,0,0,0,0,0,0
2001,420164,1,1,15,8,11,13,29,19,7,10,17,0
2001,420165,1,1,6,6,6,6,6,6,6,6,6,6
2001,420166,1,1,0,0,0,0,0,0,0,0,0,0
2001,420167,1,1,0,0,0,0,0,0,24,0,0,0
2001,420167,2,1,0,0,0,0,0,0,0,0,0,0
2001,420168,1,1,19,19,19,19,19,19,19,19,19,19
2001,420169,1,1,0,0,0,0,0,0,0,0,0,0
2001,420170,1,1,0,0,0,0,0,0,0,0,0,0
2001,420170,2,1,0,0,0,0,0,0,0,0,0,0
2001,420171,1,1,17,17,17,17,17,17,17,17,17,17
2001,420172,1,1,15,15,15,15,15,15,15,15,15,15
2001,420173,1,1,24,24,24,24,24,24,24,24,24,24
2001,420174,1,1,0,0,0,0,0,0,0,0,0,0
2001,420174,2,1,0,0,0,0,0,0,0,0,0,0
2001,420175,1,1,0,0,0,0,0,0,0,0,0,0
2001,420175,2,1,0,0,0,0,0,0,0,0,0,0
2001,420176,1,1,0,0,0,0,0,0,0,0,0,0
2001,420176,2,1,0,0,0,0,0,0,0,0,0,0
2001,420177,1,1,0,0,0,0,0,0,0,0,0,0
2001,420178,1,1,0,0,0,0,0,0,0,0,0,0
2001,420178,2,1,0,0,0,0,0,0,0,0,0,0
2001,420179,0,1,0,0,0,0,0,0,0,0,0,0
2001,420179,1,1,0,0,0,0,0,0,0,0,0,0
2001,420180,1,1,0,0,0,0,0,0,0,0,12,9
2001,420180,2,1,0,0,0,0,0,0,0,0,0,0
2001,420181,0,1,29,29,29,29,29,29,29,29,29,29
2001,420181,1,1,8,8,8,8,8,8,8,8,8,8
2001,420182,1,1,20,20,20,20,20,20,20,20,20,20
2001,420183,1,1,20,0,29,18,22,18,0,26,20,28
2001,420184,1,1,0,0,0,0,0,0,0,0,0,0
2001,420184,2,1,0,0,0,0,0,0,0,0,0,0
2001,420185,1,1,11,10,24,12,41,21,0,28,15,5
2001,420186,1,1,0,0,0,0,0,0,0,0,0,0
2001,420187,1,1,0,0,0,8,0,0,0,0,0,0
2001,420187,2,1,0,0,0,0,0,0,0,0,0,0
2001,420188,1,1,0,0,0,0,0,0,0,0,0,0
2001,420188,2,1,0,0,0,0,0,0,0,0,0,0
2001,420189,1,1,0,23,0,9,0,16,22,0,0,0
2001,420189,2,1,0,0,0,0,0,0,0,0,0,0
2001,420190,0,1,0,0,0,18,0,0,0,0,0,0
2001,420190,1,1,0,0,0,0,0,0,0,0,0,0
2001,420191,1,1,15,15,15,15,15,15,15,15,15,15
2001,420192,1,1,0,0,0,0,0,0,0,0,0,0
2001,420193,1,1,0,0,0,0,0,0,0,0,0,0
2001,420193,2,1,0,0,0,0,0,0,0,0,12,0
2001,420193,3,1,0,0,10,0,0,0,0,0,0,0
2001,420194,1,1,0,0,0,0,0,0,0,0,0,0
2001,420194,2,1,0,0,0,0,0,0,0,0,8,0
2001,420195,1,1,31,0,0,0,0,12,0,0,0,12
2001,420196,1,1,26,26,26,26,26,26,26,26,26,26
2001,420196,2,1,0,0,0,0,0,0,0,0,0,0
2001,420197,1,1,0,0,0,0,0,0,0,0,0,0
2001,420197,2,1,0,0,0,16,0,0,0,0,0,0
2001,420198,1,1,0,0,0,0,0,0,0,0,0,0
2001,420198,2,1,0,0,0,0,0,0,0,0,0,0
2001,420199,1,1,0,0,15,6,0,41,0,0,0,30
2001,420200,1,1,16,16,16,16,16,16,16,16,16,16
2001,420200,2,1,0,0,0,0,0,0,0,11,0,0
2001,420201,1,1,0,0,0,0,0,0,0,0,0,0
2001,420202,1,1,18,18,18,18,18,18,18,18,18,18
2001,420203,1,1,4,4,4,4,4,4,4,4,4,4
2001,420204,1,1,16,16,16,16,16,16,16,16,16,16
2001,420205,1,1,0,11,16,16,0,11,0,0,8,0
2001,420206,1,1,0,0,0,0,0,0,0,0,0,0
2001,420207,1,1,0,0,0,0,0,0,0,0,0,0
2001,420208,1,1,0,0,0,0,0,0,0,0,0,0
2001,420208,2,1,0,0,0,0,0,0,0,0,0,0
2001,420209,1,1,0,0,0,0,0,0,0,0,0,0
2001,420209,2,1,0,0,0,0,0,0,0,0,0,0
2001,420209,3,1,0,0,0,0,0,0,0,0,0,0
2001,420209,4,1,0,0,0,0,0,0,0,0,0,0
2001,420210,1,1,0,0,0,0,13,0,0,0,0,0
2001,420210,2,1,0,0,0,0,0,0,0,0,0,0
2001,420211,1,1,14,14,14,14,14,14,14,14,14,14
2001,420212,1,1,0,0,0,0,0,0,0,0,0,0
2001,420213,1,1,21,21,21,21,21,21,21,21,21,21
2001,420214,1,1,0,0,0,0,0,0,0,0,0,0
2001,420214,2,1,0,0,0,0,0,0,0,0,0,0
2001,420215,1,1,25,25,25,25,25,25,25,25,25,25
2001,420216,1,1,14,14,14,14,14,14,14,14,14,14
2001,420217,1,1,15,0,0,0,0,29,39,31,13,11
2001,420218,1,1,0,0,0,0,0,0,0,0,0,0
2001,420218,2,1,0,0,0,0,0,0,0,0,0,0
2001,420219,1,1,0,0,0,0,0,0,0,0,0,0
2001,420219,2,1,0,11,0,0,29,0,0,0,0,0
2001,420220,1,1,17,17,17,17,17,17,17,17,17,17
2001,420221,1,1,6,6,6,6,6,6,6,6,6,6
2001,420222,1,1,0,0,0,0,0,0,0,0,0,0
2001,420222,2,1,0,0,0,0,0,0,0,0,0,0
2001,420223,1,1,0,0,0,0,0,0,0,0,0,0
2001,420223,2,1,0,0,0,0,0,0,0,0,0,2
2001,420224,0,1,0,0,0,0,0,0,0,0,0,0
2001,420224,1,1,0,0,0,0,0,0,0,0,0,0
2001,420225,1,1,16,16,16,16,16,16,16,16,16,16
2001,420226,1,1,0,0,0,0,0,0,0,0,0,0
2001,420227,1,1,0,0,0,0,0,0,0,0,0,0
2001,420228,1,1,12,0,12,0,0,17,8,18,10,0
2001,420229,0,1,0,0,10,32,28,30,0,30,16,19
2001,420229,1,1,0,0,19,22,17,18,0,0,0,9
2001,420230,1,1,0,0,0,0,0,0,0,0,0,0
2001,420231,0,1,35,35,35,35,35,35,35,35,35,35
2001,420231,1,1,15,21,0,30,23,0,0,5,14,0
2001,420232,1,1,23,23,23,23,23,23,23,23,23,23
2001,420232,2,1,0,0,0,0,0,0,0,0,0,0
2001,420233,1,1,0,0,0,0,0,0,0,0,0,0
2001,420234,1,1,0,0,0,0,0,0,0,0,0,0
2001,420234,2,1,0,0,0,0,0,0,0,0,0,0
2001,420235,1,1,0,0,0,0,0,0,0,0,0,0
2001,420235,2,1,0,0,0,0,0,0,0,0,0,0
2001,420236,0,1,0,0,0,0,0,0,0,0,0,0
2001,420236,1,1,0,17,0,0,0,0,2,17,17,0
2001,420237,1,1,27,27,27,27,27,27,27,27,27,27
2001,420237,2,1,0,0,0,0,0,0,0,0,0,0
2001,420238,1,1,0,0,0,0,0,0,0,0,0,0
2001,420238,2,1,0,0,0,0,0,0,0,20,0,14
2001,420239,0,1,0,0,0,0,0,0,0,0,0,0
2001,420239,1,1,0,0,0,0,0,0,0,0,0,0
2001,420240,1,1,14,14,14,14,14,14,14,14,14,14
2001,420241,1,1,0,0,0,2,12,13,0,0,20,8
2001,420242,1,1,0,0,0,0,0,0,0,0,0,0
2001,420243,1,1,0,0,0,0,0,0,0,0,0,0
2001,420243,2,1,0,0,0,0,0,0,0,0,0,0
2001,420244,1,1,15,15,15,15,15,15,15,15,15,15
2001,420245,0,1,10,10,10,10,10,10,10,10,10,10
2001,420245,1,1,0,0,0,0,0,0,0,0,0,0
2001,420246,1,1,0,0,0,0,12,0,0,0,0,0
2001,420247,1,1,12,12,12,12,12,12,12,12,12,12
2001,420248,1,1,0,0,0,0,0,0,0,0,0,0
2001,420248,2,1,0,0,0,0,0,0,0,0,0,0
2001,420249,1,1,0,0,0,0,0,0,0,0,0,0
2001,420250,1,1,0,0,0,0,12,0,0,0,0,0
2001,420251,0,1,0,0,0,0,0,0,0,0,0,0
2001,420251,1,1,0,0,0,37,0,21,0,19,17,0
2001,420252,1,1,0,0,0,13,0,0,0,0,0,0
2001,420252,2,1,0,0,0,0,0,0,0,0,0,0
2001,420252,3,1,0,0,0,0,0,0,0,0,0,0
2001,420252,4,1,0,0,3,0,0,0,0,0,0,0
2001,420252,5,1,0,0,0,0,0,0,0,0,0,0
2001,420253,1,1,0,0,0,0,0,0,0,0,0,0
2001,420253,2,1,0,0,0,0,0,0,0,0,0,0
2001,420254,1,1,16,16,16,16,16,16,16,16,16,16
2001,420255,1,1,0,0,0,0,0,0,0,0,0,0
2001,420255,2,1,0,0,0,0,0,0,0,0,0,0
2001,420256,1,1,0,0,0,0,0,0,0,0,0,0
2001,420256,2,1,0,0,0,0,0,0,0,0,0,0
2001,420257,1,1,9,9,9,9,9,9,9,9,9,9
2001,420257,2,1,0,0,0,0,0,0,0,0,0,0
2001,420258,1,1,0,0,0,0,0,0,0,0,0,0
2001,420258,2,1,0,0,0,0,0,0,0,0,0,0
2001,420259,1,1,0,0,0,0,4,0,0,0,0,0
2001,420260,1,1,0,0,0,0,0,0,0,0,0,0
2001,420260,2,1,0,0,0,0,0,0,0,0,0,0
2001,420261,1,1,0,0,0,0,0,0,0,0,0,0
2001,420261,2,1,0,0,0,0,0,0,0,0,0,0
2001,420261,3,1,0,0,0,0,0,0,0,0,0,0
2001,420262,1,1,0,0,0,0,0,0,0,0,0,0
2001,420263,1,1,0,0,0,0,0,0,0,0,0,0
2001,420263,2,1,0,0,0,0,0,0,0,0,0,0
2001,420264,1,1,25,25,25,25,25,25,25,25,25,25
2001,420265,1,1,0,0,0,0,0,0,0,0,0,0
2001,420265,2,1,9,0,0,0,7,0,0,0,0,0
2001,420266,1,1,23,23,23,23,23,23,23,23,23,23
2001,420267,1,1,0,0,0,0,0,0,0,0,0,0
2001,420268,1,1,0,0,0,0,0,0,0,0,0,0
2001,420268,2,1,0,0,0,0,0,0,0,0,0,0
2001,420269,0,1,15,15,15,15,15,15,15,15,15,15
2001,420269,1,1,0,0,0,0,0,0,0,0,0,0
2001,420270,1,1,0,0,0,0,0,0,0,10,0,0
2001,420270,2,1,11,11,11,11,11,11,11,11,11,11
2001,420271,1,1,0,0,0,0,0,0,0,0,0,0
2001,420271,2,1,0,0,0,0,0,0,0,0,0,0
2001,420272,1,1,0,0,0,18,11,0,0,0,0,0
2001,420273,1,1,0,0,0,0,0,0,0,0,0,0
2001,420275,0,1,0,0,0,0,0,0,0,0,0,0
2001,420275,1,1,7,7,7,7,7,7,7,7,7,7
2001,420276,1,1,25,25,25,25,25,25,25,25,25,25
2001,420277,1,1,18,18,18,18,18,18,18,18,18,18
2001,420277,2,1,0,0,0,0,0,0,0,0,0,0
2001,420277,3,1,0,0,0,0,0,0,0,0,0,0
2001,420278,1,1,20,20,20,20,20,20,20,20,20,20
2001,420279,1,1,0,0,0,0,0,0,0,0,0,0
2001,420279,2,1,0,0,0,0,0,0,0,0,0,0
2001,420279,3,1,0,0,0,0,0,0,0,0,0,0
2001,420280,1,1,12,12,12,12,12,12,12,12,12,12
2001,420281,1,1,0,0,0,0,0,0,0,0,0,0
2001,420281,2,1,0,0,0,0,0,0,0,0,0,0
2001,420282,1,1,0,0,0,0,0,0,0,0,14,0
2001,420283,1,1,0,0,0,0,0,0,0,0,0,0
2001,420283,2,1,0,0,0,0,0,0,0,0,0,0
2001,420283,3,1,0,0,0,0,0,0,0,0,0,11
2001,420284,1,1,0,0,0,0,0,0,0,0,0,0
2001,420284,2,1,0,0,0,0,0,0,0,0,0,0
2001,420285,0,1,0,0,0,0,0,0,0,0,0,0
2001,420285,1,1,0,0,0,0,0,0,0,0,0,0
2001,420286,1,1,0,0,0,0,0,0,0,0,0,0
2001,420287,1,1,0,0,0,0,0,0,0,0,0,0
2001,420287,2,1,0,0,0,0,0,0,0,0,0,0
2001,420288,0,1,10,0,10,0,0,0,0,0,0,0
2001,420288,1,1,11,0,20,0,7,4,0,24,5,0
2001,420289,0,1,0,0,0,0,0,0,0,0,0,0
2001,420289,1,1,0,0,0,0,0,0,0,0,0,0
2001,420290,1,1,20,20,20,20,20,20,20,20,20,20
2001,420291,1,1,15,15,15,15,15,15,15,15,15,15
2001,420291,2,1,0,0,0,0,0,0,0,0,0,0
2001,420292,0,1,32,21,0,9,0,0,19,0,35,21
2001,420292,1,1,23,12,3,0,9,10,5,0,19,0
2001,420293,1,1,0,17,16,16,9,15,0,8,0,0
2001,420293,2,1,17,17,17,17,17,17,17,17,17,17
2001,420294,1,1,22,19,18,42,6,18,16,19,0,29
2001,420295,1,1,0,0,0,0,0,0,0,0,0,0
2001,420296,0,1,0,0,3,12,0,0,0,13,0,25
2001,420296,1,1,0,0,0,0,0,0,0,0,0,0
2001,420296,2,1,0,0,0,0,0,0,0,0,0,22
2001,420297,1,1,0,0,0,0,0,0,0,0,0,0
2001,420297,2,1,0,0,9,0,0,0,0,0,0,0
2001,420297,3,1,0,0,0,0,0,0,0,0,0,0
2001,420297,4,1,0,0,0,0,0,0,0,0,0,0
2001,420297,5,1,0,0,0,0,0,0,0,0,0,0
2001,420297,6,1,0,0,0,0,0,0,0,0,0,0
2001,420298,0,1,8,0,0,0,4,0,0,0,23,0
2001,420298,0,2,0,0,0,0,0,0,0,0,0,0
2001,420298,1,1,0,0,0,0,0,0,0,0,0,0
2001,420299,0,1,0,0,0,0,0,0,0,0,0,24
2001,420299,1,1,0,0,0,0,0,0,0,0,0,0
2001,420300,0,1,17,17,17,17,17,17,17,17,17,17
2001,420300,0,2,20,20,20,20,20,20,20,20,20,20
2001,420300,1,1,0,0,0,0,0,0,0,0,0,0
2001,420301,1,1,27,27,27,27,27,27,27,27,27,27
2001,420302,1,1,0,0,0,0,0,0,0,0,0,0
2001,420302,2,1,0,0,0,0,0,0,0,0,0,0
2001,420303,1,1,0,0,0,0,0,0,0,0,0,0
2001,420303,2,1,0,0,0,0,0,0,0,0,0,0
2001,420304,1,1,0,0,0,0,0,0,0,0,0,0
2001,420305,1,1,0,0,0,0,0,0,0,0,0,0
2001,420306,1,1,0,0,0,0,0,0,0,0,0,0
2001,420307,1,1,0,0,0,0,0,0,0,0,0,0
2001,420307,2,1,0,0,0,0,0,0,0,0,0,0
2001,420308,1,1,0,0,0,0,0,0,0,0,0,0
2001,420308,2,1,0,0,0,0,0,0,0,0,0,0
2001,420309,1,1,7,7,7,7,7,7,7,7,7,7
2001,420310,1,1,0,0,0,0,0,0,0,0,0,0
2001,420310,2,1,0,0,0,0,0,0,0,0,0,0
2001,420311,1,1,0,0,0,0,0,0,0,0,0,0
2001,420311,2,1,0,0,0,0,0,0,0,0,0,0
2001,420311,3,1,0,0,0,0,0,0,0,0,0,0
2001,420312,1,1,20,20,20,20,20,20,20,20,20,20
2001,420313,1,1,0,0,0,0,23,0,0,0,0,0
2001,420313,2,1,0,0,0,0,0,0,0,0,0,0
2001,420314,0,1,0,0,0,0,0,0,0,0,0,0
2001,420314,1,1,0,0,0,0,0,0,0,0,0,0
2001,420315,1,1,0,0,0,0,0,0,0,0,0,0
2001,420315,2,1,0,0,0,0,0,0,0,0,0,0
2001,420316,1,1,38,38,38,38,38,38,38,38,38,38
2001,420316,2,1,0,0,0,0,0,0,0,0,0,0
2001,420317,1,1,0,0,0,0,0,0,0,0,0,0
2001,420317,2,1,0,0,0,0,0,0,0,0,0,0
2001,420318,1,1,0,0,0,0,0,0,0,0,0,0
2001,420319,0,1,25,25,25,25,25,25,25,25,25,25
2001,420319,1,1,0,0,0,0,0,0,0,0,0,0
2001,420320,1,1,0,0,0,0,0,0,0,0,0,0
2001,420320,2,1,0,0,24,0,0,0,0,0,0,0
2001,420321,0,1,24,0,0,0,28,13,17,0,25,9
2001,420321,1,1,0,0,0,26,0,19,0,0,0,0
2001,420321,2,1,0,0,0,0,0,0,0,0,0,0
2001,420322,1,1,0,0,0,0,0,0,0,0,0,0
2001,420323,0,1,0,0,0,0,0,0,0,0,0,0
2001,420323,1,1,0,0,0,0,0,0,0,0,0,0
2001,420324,0,1,0,0,0,0,0,0,3,0,0,0
2001,420325,0,1,23,22,0,25,0,0,24,2,0,11
2001,420325,1,1,0,18,0,11,0,4,8,8,0,22
2001,420326,1,1,14,14,14,14,14,14,14,14,14,14
2001,420327,1,1,21,21,21,21,21,21,21,21,21,21
2001,420328,1,1,0,0,0,0,0,0,0,0,0,0
2001,420329,1,1,0,0,0,0,0,0,0,0,0,0
2001,420329,2,1,0,0,0,0,0,0,0,0,0,0
2001,420330,1,1,24,24,24,24,24,24,24,24,24,24
2001,420331,1,1,14,0,0,0,0,12,0,8,0,0
2001,420332,1,1,0,0,0,0,0,0,0,0,0,0
2001,420332,2,1,0,0,0,0,0,0,0,0,0,0
2001,420333,1,1,0,0,0,0,0,0,0,0,0,0
2001,420333,2,1,0,0,0,0,0,0,0,0,0,0
2001,420334,0,1,0,0,0,0,18,0,29,0,0,0
2001,420334,1,1,0,0,0,0,0,0,0,0,0,0
2001,420335,0,1,21,23,6,0,0,39,14,0,0,0
2001,420335,1,1,0,0,0,0,0,0,0,0,0,0
2001,420336,1,1,0,0,0,0,0,0,0,0,0,0
2001,420336,2,1,0,0,0,0,0,0,0,0,0,0
2001,420337,1,1,21,21,21,21,21,21,21,21,21,21
2001,420338,1,1,0,0,0,0,0,0,7,0,0,0
2001,420338,2,1,0,0,0,0,0,0,0,0,0,0
2001,420340,0,1,0,0,0,0,0,0,0,0,0,0
2001,420341,0,1,24,23,25,12,22,0,14,0,21,0
2001,420341,1,1,7,7,7,7,7,7,7,7,7,7
2001,420342,1,1,0,0,0,9,0,0,0,0,3,0
2001,420342,2,1,4,4,4,4,4,4,4,4,4,4
2001,420343,1,1,22,22,22,22,22,22,22,22,22,22
2001,420344,1,1,0,0,0,0,0,0,0,0,0,0
2001,420344,2,1,0,0,0,0,0,0,0,0,0,0
2001,420345,1,1,13,13,13,13,13,13,13,13,13,13
2001,420346,1,1,0,0,0,0,0,0,0,0,0,0
2001,420346,2,1,0,0,0,0,0,0,0,0,0,0
2001,420347,1,1,18,18,18,18,18,18,18,18,18,18
2001,420348,1,1,24,24,24,24,24,24,24,24,24,24
2001,420349,1,1,0,0,0,0,0,0,0,0,0,0