YEAR,st_case,veh_no,per_no,P1,P2,P3,P4,P5,P6,P7,P8,P9,P10
2001,440039,2,1,0,0,0,13,0,0,15,0,0,0
2001,440040,1,1,0,0,0,0,0,0,0,0,0,0
2001,440040,2,1,0,0,0,0,0,0,0,0,0,0
2001,440041,1,2,0,5,20,0,12,13,0,0,10,0
2001,440042,1,2,0,0,0,0,0,0,0,0,0,0
2001,440042,2,1,0,0,9,0,0,0,0,0,0,0
2001,440043,1,1,20,20,20,20,20,20,20,20,20,20
2001,440044,1,2,9,2,14,16,3,5,4,6,11,10
2001,440045,1,1,12,12,12,12,12,12,12,12,12,12
2001,440046,1,1,15,15,15,15,15,15,15,15,15,15
2001,440047,0,1,0,0,0,0,0,0,0,0,0,0
2001,440047,1,1,8,3,0,3,0,0,0,5,0,7
2001,440048,1,1,20,20,20,20,20,20,20,20,20,20
2001,440049,1,2,0,0,0,0,0,0,0,0,0,0
2001,440049,2,1,0,0,0,0,0,0,0,0,0,0
2001,440049,3,1,0,0,0,0,0,0,0,0,0,0
2001,440050,1,1,0,0,0,0,0,0,0,0,0,0
2001,440050,2,1,4,9,20,11,24,7,23,0,18,10
2001,440051,1,1,13,13,13,13,13,13,13,13,13,13
2001,440051,2,1,0,0,0,0,10,0,0,0,10,0
2001,440052,0,1,33,33,33,33,33,33,33,33,33,33
2001,440052,1,1,7,3,0,0,21,0,0,0,0,0
2001,440053,1,1,0,0,0,0,0,0,0,0,0,0
2001,440053,2,1,0,0,0,0,0,0,0,0,0,0
2001,440054,1,1,0,0,0,0,0,0,0,0,0,9
2001,440055,1,2,0,0,0,0,0,0,0,0,0,0
2001,440056,1,2,17,17,17,17,17,17,17,17,17,17
2001,440057,0,1,0,0,0,0,0,0,0,0,0,0
2001,440057,1,1,0,0,0,0,0,0,0,0,0,0
2001,440058,1,1,2,2,2,2,2,2,2,2,2,2
2001,440058,2,1,0,0,0,0,0,0,0,0,0,0
2001,440059,1,1,0,0,0,0,0,0,0,0,0,0
2001,440060,1,1,16,16,16,16,16,16,16,16,16,16
2001,440061,1,1,9,9,9,9,9,9,9,9,9,9
2001,440062,1,1,14,14,14,14,14,14,14,14,14,14
2001,440063,1,1,11,11,11,11,11,11,11,11,11,11
2001,440064,1,1,0,0,0,0,0,0,0,0,0,0
2001,440064,2,1,0,0,0,0,0,0,0,0,0,0
2001,440065,1,1,0,0,0,0,0,0,0,0,0,0
2001,440065,2,1,0,0,0,0,0,0,0,0,0,0
2001,440065,3,1,0,0,0,0,0,0,0,0,0,0
2001,440065,4,1,0,0,0,0,0,0,0,0,0,0
2001,440066,1,1,0,0,0,0,0,0,0,0,0,0
2001,440066,2,1,18,0,0,0,0,16,7,13,0,0
2001,440067,1,1,9,9,9,9,9,9,9,9,9,9
2001,440067,2,1,0,0,0,0,0,14,22,0,0,0
2001,440067,3,1,0,0,0,0,0,0,0,0,0,0
2001,440068,1,1,0,0,0,0,0,0,0,0,0,0
2001,440068,2,1,0,0,0,0,0,0,0,0,0,0
2001,440069,1,1,0,0,0,0,0,0,0,0,0,0
2001,440070,0,1,0,0,0,0,0,0,0,0,0,0
2001,440070,1,1,11,0,0,0,0,0,0,0,0,0
2001,440071,1,2,7,22,5,15,3,21,0,19,21,0
2001,440072,1,1,0,0,0,0,0,0,0,0,0,0
2001,440072,2,1,1,1,1,1,1,1,1,1,1,1
2001,440072,3,1,0,0,0,0,0,0,0,0,0,0
2001,440073,1,2,0,0,0,0,0,0,0,0,0,0
2001,440073,2,1,0,0,0,0,0,0,0,0,0,0
2001,440073,3,1,0,0,0,0,0,0,0,0,0,0
2001,440073,4,1,0,0,0,0,0,0,0,0,0,0
2001,440073,5,1,0,0,0,0,0,0,0,0,0,0
2001,440074,1,1,13,13,13,13,13,13,13,13,13,13
2001,440074,2,1,0,0,0,17,0,0,0,8,0,0
2001,440074,3,1,0,0,0,7,0,22,0,0,24,0
2001,440075,0,1,11,11,11,11,11,11,11,11,11,11
2001,440075,1,1,0,0,0,0,0,0,0,0,10,0
2001,440076,1,1,0,0,0,0,0,0,0,0,0,0
2001,440077,1,2,0,0,0,6,0,17,0,17,0,0
2001,440077,2,1,0,18,0,0,0,0,8,0,0,0
2001,440078,1,2,11,0,0,11,0,0,0,12,6,0
2001,440078,2,1,16,15,26,9,13,22,13,18,17,10
2001,450002,1,1,0,0,0,0,0,0,0,0,0,0
2001,450003,1,1,5,5,5,5,5,5,5,5,5,5
2001,450004,0,1,17,17,17,17,17,17,17,17,17,17
2001,450004,1,1,0,0,0,0,0,0,0,0,0,0
2001,450005,1,1,15,15,15,15,15,15,15,15,15,15
2001,450006,1,1,0,18,17,0,20,0,0,0,0,0
2001,450007,1,1,0,0,0,0,0,0,0,0,0,0
2001,450007,2,1,0,0,0,0,0,0,0,0,0,0
2001,450008,1,1,0,0,0,0,0,0,0,0,0,0
2001,450008,2,1,0,0,0,0,0,0,0,0,0,0
2001,450009,1,1,11,13,12,20,10,23,10,23,7,7
2001,450010,1,1,0,0,0,0,0,0,0,0,0,0
2001,450011,1,1,0,0,0,0,0,0,0,0,0,0
2001,450011,2,1,0,0,0,0,0,0,0,0,0,0
2001,450012,0,1,9,22,14,13,9,32,8,19,19,34
2001,450012,1,1,0,0,0,0,0,0,0,0,0,0
2001,450013,1,1,13,9,0,0,8,0,28,0,0,0
2001,450013,2,1,0,0,11,0,0,0,0,24,0,0
2001,450014,1,1,0,0,0,0,0,0,0,0,0,0
2001,450015,1,1,24,24,24,24,24,24,24,24,24,24
2001,450016,1,1,0,0,0,0,0,0,0,0,0,0
2001,450016,2,1,0,0,0,0,33,0,0,0,0,0
2001,450017,1,1,3,23,11,27,5,0,10,16,25,14
2001,450017,2,1,9,9,0,0,0,0,0,0,0,0
2001,450018,1,1,10,0,0,0,0,0,0,0,0,0
2001,450019,1,1,25,0,0,33,0,21,0,13,0,0
2001,450020,1,1,0,0,0,0,0,0,0,0,0,0
2001,450020,2,1,0,0,0,0,0,0,0,0,0,0
2001,450020,3,1,0,0,0,0,0,0,0,0,0,0
2001,450020,4,1,0,0,0,0,0,0,0,0,0,0
2001,450020,5,1,0,0,10,0,0,0,0,0,0,0
2001,450020,6,1,0,0,0,0,0,0,0,0,0,0
2001,450020,7,1,0,0,0,0,0,0,0,0,0,0
2001,450021,1,1,0,0,0,0,0,0,0,0,0,0
2001,450022,1,1,35,24,11,21,6,15,21,0,8,8
2001,450022,2,1,0,0,0,0,0,0,0,0,0,0
2001,450023,1,1,18,18,18,18,18,18,18,18,18,18
2001,450024,1,1,0,0,0,0,0,0,0,0,0,0
2001,450024,2,1,0,0,0,17,0,0,0,0,0,0
2001,450025,1,1,0,0,0,0,0,0,0,0,0,0
2001,450026,1,1,0,0,0,0,0,0,0,0,0,0
2001,450026,2,1,0,0,0,0,0,0,0,0,0,0
2001,450027,1,1,0,12,0,0,0,2,0,10,0,0
2001,450027,2,1,13,13,13,13,13,13,13,13,13,13
2001,450029,1,1,29,29,29,29,29,29,29,29,29,29
2001,450030,1,1,0,0,0,0,0,0,0,0,0,0
2001,450031,0,1,27,27,27,27,27,27,27,27,27,27
2001,450031,1,1,0,0,0,4,0,0,0,0,0,0
2001,450032,1,1,0,0,18,26,0,12,0,12,0,17
2001,450033,1,1,0,0,0,0,0,0,0,0,0,0
2001,450034,1,1,0,0,0,0,0,0,0,0,0,0
2001,450035,1,1,7,23,8,24,14,0,19,30,26,16
2001,450036,1,1,25,25,25,25,25,25,25,25,25,25
2001,450037,1,1,0,0,0,0,0,0,0,0,0,0
2001,450039,0,1,0,0,38,0,0,0,0,0,0,0
2001,450039,1,1,0,0,0,0,0,0,0,0,0,26
2001,450041,1,1,0,0,0,0,0,0,0,0,0,0
2001,450042,1,1,0,0,0,0,0,0,0,0,0,0
2001,450042,2,1,0,0,0,0,0,0,0,0,0,0
2001,450043,1,1,13,0,0,0,0,11,22,13,0,0
2001,450045,1,1,0,0,0,0,0,0,0,0,0,0
2001,450045,2,1,0,2,0,6,0,0,2,0,0,0
2001,450046,1,1,0,0,0,0,0,0,0,0,0,0
2001,450047,0,1,9,0,0,14,0,19,22,0,7,12
2001,450047,1,1,0,0,0,0,17,0,0,0,0,0
2001,450048,1,1,0,0,0,0,0,0,0,0,0,0
2001,450049,1,1,0,0,0,0,0,15,0,0,0,0
2001,450049,2,1,0,0,0,0,0,0,0,0,0,0
2001,450050,1,1,0,0,0,0,0,0,0,0,0,0
2001,450050,2,1,0,0,0,0,0,0,0,0,0,0
2001,450051,1,1,0,0,0,0,17,0,0,0,0,6
2001,450051,2,1,19,17,0,0,0,25,0,0,0,23
2001,450052,1,1,24,24,24,24,24,24,24,24,24,24
2001,450053,1,1,0,0,0,0,0,0,0,0,0,0
2001,450054,1,1,0,0,0,0,0,0,0,0,0,0
2001,450054,2,1,0,0,0,0,0,0,0,0,0,0
2001,450055,0,1,0,0,3,0,0,0,0,0,0,0
2001,450055,1,1,0,0,0,0,0,0,0,0,0,0
2001,450056,1,1,18,18,18,18,18,18,18,18,18,18
2001,450056,2,1,0,0,0,0,0,0,0,0,0,0
2001,450057,1,1,0,0,40,0,0,13,0,0,0,21
2001,450058,1,1,0,0,0,0,0,0,0,0,0,0
2001,450058,2,1,0,0,0,0,0,0,0,0,0,0
2001,450059,1,1,6,0,0,10,0,9,7,0,0,20
2001,450059,2,1,0,21,8,8,0,2,22,0,22,24
2001,450060,1,1,25,25,25,25,25,25,25,25,25,25
2001,450060,2,1,0,0,0,0,0,0,0,0,0,0
2001,450062,1,1,23,23,23,23,23,23,23,23,23,23
2001,450062,2,1,0,4,16,0,0,5,16,0,0,0
2001,450062,3,1,0,0,0,0,0,0,0,0,0,0
2001,450062,4,1,0,0,0,0,0,0,0,0,0,0
2001,450062,5,1,0,0,0,0,0,0,0,0,0,0
2001,450062,6,1,0,0,0,0,0,0,0,0,0,0
2001,450063,1,1,0,0,0,12,0,0,0,0,0,0
2001,450063,2,1,0,0,0,0,0,0,0,0,0,0
2001,450064,1,1,14,6,0,10,15,9,9,22,0,0
2001,450064,2,1,16,22,11,10,6,11,16,22,7,0
2001,450065,1,1,11,20,17,20,5,31,0,0,0,24
2001,450066,1,1,0,0,0,0,0,0,0,0,0,0
2001,450066,2,1,23,23,23,23,23,23,23,23,23,23
2001,450067,1,1,0,0,0,0,0,0,0,0,0,0
2001,450067,2,1,0,0,0,0,0,0,0,0,0,0
2001,450068,1,1,33,33,33,33,33,33,33,33,33,33
2001,450069,1,1,24,24,24,24,24,24,24,24,24,24
2001,450069,2,1,0,0,14,0,7,0,0,0,0,31
2001,450070,1,1,23,23,23,23,23,23,23,23,23,23
2001,450071,1,1,0,0,0,0,0,0,0,0,0,0
2001,450073,1,1,0,0,0,0,0,4,0,0,13,0
2001,450073,2,1,0,0,0,0,0,0,0,0,0,0
2001,450074,1,1,16,13,8,7,13,0,24,14,6,4
2001,450075,1,1,20,20,20,20,20,20,20,20,20,20
2001,450077,1,1,0,0,0,0,0,0,0,0,0,0
2001,450077,2,1,0,0,0,0,0,0,0,0,0,0
2001,450078,1,1,0,0,0,0,0,0,0,0,0,0
2001,450079,1,1,21,12,20,28,8,5,23,16,7,5
2001,450079,2,1,22,0,10,0,18,19,0,0,0,12
2001,450080,1,1,0,9,7,19,18,10,22,16,16,26
2001,450080,2,1,0,0,9,6,0,0,8,0,22,0
2001,450081,0,1,0,0,0,0,0,0,0,0,0,0
2001,450081,1,1,0,0,0,0,0,0,0,0,0,0
2001,450082,0,1,0,0,0,0,0,0,0,0,0,0
2001,450082,1,1,0,0,0,0,0,0,10,0,0,0
2001,450083,1,1,0,0,0,0,0,0,0,0,0,0
2001,450083,2,1,8,0,19,18,19,7,20,0,3,10
2001,450084,1,1,0,0,0,0,0,0,0,0,0,0
2001,450084,2,1,0,0,0,0,0,0,0,0,0,0
2001,450085,1,1,14,14,14,14,14,14,14,14,14,14
2001,450086,0,1,28,28,28,28,28,28,28,28,28,28
2001,450086,1,1,0,3,21,9,0,16,0,7,6,20
2001,450087,1,1,0,14,18,0,15,13,0,0,0,0
2001,450087,2,1,0,0,0,0,0,0,0,0,0,0
2001,450088,1,1,0,0,0,0,0,0,0,0,0,0
2001,450088,2,1,16,0,0,0,0,0,0,0,0,0
2001,450088,3,1,0,0,0,0,0,0,0,0,0,0
2001,450089,1,1,0,0,0,0,0,0,0,0,0,0
2001,450090,0,1,0,0,0,0,0,0,0,0,0,0
2001,450090,1,1,13,0,33,0,0,7,0,0,16,0
2001,450091,1,1,3,3,3,3,3,3,3,3,3,3
2001,450092,1,1,12,14,0,0,0,0,18,0,8,18
2001,450093,1,1,28,7,0,23,19,18,8,12,0,0
2001,450094,1,1,23,7,21,32,19,0,0,13,11,20
2001,450096,1,1,23,23,23,23,23,23,23,23,23,23
2001,450097,1,1,22,22,22,22,22,22,22,22,22,22
2001,450098,1,1,12,27,27,28,16,34,18,6,33,14
2001,450100,1,1,0,0,0,0,0,0,0,2,0,0
2001,450100,2,1,0,0,0,0,0,0,0,0,0,0
2001,450101,1,1,0,0,0,7,0,0,0,0,0,0
2001,450101,2,1,0,0,0,0,0,0,0,0,0,0
2001,450102,1,1,0,0,0,0,0,0,0,0,0,0
2001,450102,2,1,0,16,9,0,0,0,0,0,0,0
2001,450103,1,1,0,0,0,0,0,0,0,0,0,0
2001,450103,2,1,0,0,0,0,0,0,0,0,0,0
2001,450104,1,1,26,7,27,0,0,18,0,0,0,23
2001,450105,0,1,0,0,0,0,0,0,0,0,0,0
2001,450105,1,1,0,6,8,12,4,20,17,7,12,13
2001,450106,1,1,0,0,0,0,0,0,0,0,0,0
2001,450107,1,1,17,11,21,27,28,11,9,11,17,14
2001,450108,1,1,0,0,0,0,0,0,0,0,0,0
2001,450108,2,1,11,12,13,0,26,0,15,16,9,11
2001,450109,1,1,0,0,0,0,0,0,0,0,0,0
2001,450110,0,1,0,29,27,0,0,0,0,0,0,0
2001,450110,1,1,0,0,0,0,0,0,0,0,0,0
2001,450111,1,1,0,0,0,0,0,0,0,4,0,0
2001,450111,2,1,13,36,0,28,0,13,0,0,0,0
2001,450112,1,1,10,10,10,5,9,3,3,4,10,6
2001,450112,2,1,0,17,0,0,0,0,0,17,0,0
2001,450113,0,1,2,2,2,2,2,2,2,2,2,2
2001,450113,1,1,7,12,0,0,0,22,10,13,27,0
2001,450114,1,1,0,0,0,0,0,0,0,0,0,0
2001,450114,2,1,27,27,27,27,27,27,27,27,27,27
2001,450115,1,1,4,4,4,4,4,4,4,4,4,4
2001,450115,2,1,6,0,10,13,9,11,17,3,8,11
2001,450116,1,1,4,18,17,26,17,20,17,0,0,21
2001,450117,1,1,0,0,0,0,0,0,0,0,0,0
2001,450117,2,1,0,0,0,0,0,0,0,0,0,0
2001,450118,1,1,13,13,13,13,13,13,13,13,13,13
2001,450119,0,1,0,0,0,24,0,0,0,39,13,0
2001,450119,0,2,0,9,0,0,0,0,0,0,0,0
2001,450119,1,1,0,0,0,0,16,0,0,0,0,0
2001,450120,0,1,19,19,19,19,19,19,19,19,19,19
2001,450120,1,1,0,28,0,7,11,0,0,0,0,0
2001,450121,1,1,0,0,0,0,0,0,0,0,0,0
2001,450121,2,1,0,0,0,0,0,0,0,0,0,0
2001,450122,1,1,17,28,24,10,29,16,23,11,15,12
2001,450123,1,1,2,18,0,0,0,12,0,0,0,0
2001,450123,2,1,0,0,0,0,0,0,0,0,0,0
2001,450124,1,1,0,4,0,0,0,0,0,0,9,0
2001,450124,2,1,0,0,0,23,0,0,0,15,18,0
2001,450125,1,1,0,0,0,0,0,0,0,0,0,0
2001,450125,2,1,0,0,0,0,0,16,0,0,0,0
2001,450126,1,1,0,0,0,0,0,0,0,0,0,0
2001,450126,2,1,25,25,25,25,25,25,25,25,25,25
2001,450127,1,1,0,0,0,0,0,0,0,0,0,0
2001,450127,2,1,0,0,0,0,7,0,0,0,0,0
2001,450128,1,1,15,15,15,15,15,15,15,15,15,15
2001,450129,1,1,0,0,0,0,0,0,0,0,0,0
2001,450129,2,1,0,0,0,0,0,0,0,0,0,0
2001,450130,1,1,0,0,0,0,0,0,0,0,0,0
2001,450131,0,1,0,0,0,0,0,0,0,0,0,0
2001,450131,1,1,0,0,0,0,0,0,0,0,0,0
2001,450132,1,1,1,1,1,1,1,1,1,1,1,1
2001,450132,2,1,11,2,11,8,6,12,0,9,6,13
2001,450132,3,1,0,0,0,0,3,0,0,0,0,0
2001,450133,1,1,0,0,0,0,0,0,0,0,0,0
2001,450134,1,1,8,9,0,0,13,0,0,23,0,12
2001,450135,1,1,0,0,0,0,0,0,11,0,0,0
2001,450135,2,1,20,20,20,20,20,20,20,20,20,20
2001,450136,1,1,40,30,0,19,27,0,20,23,44,22
2001,450137,1,1,14,14,14,14,14,14,14,14,14,14
2001,450138,0,1,0,0,28,0,0,0,4,28,0,28
2001,450138,1,1,0,0,0,0,0,0,0,0,0,0
2001,450139,0,1,0,0,0,0,0,0,0,0,0,0
2001,450139,1,1,0,0,0,0,0,0,0,0,0,0
2001,450140,1,1,26,26,26,26,26,26,26,26,26,26
2001,450142,1,1,25,25,25,25,25,25,25,25,25,25
2001,450143,1,1,26,26,26,26,26,26,26,26,26,26
2001,450144,0,1,0,0,0,10,0,0,0,20,0,0
2001,450144,1,1,0,0,0,0,0,0,0,0,0,0
2001,450145,1,1,27,27,27,27,27,27,27,27,27,27
2001,450146,1,1,23,23,23,23,23,23,23,23,23,23
2001,450147,1,1,28,28,28,28,28,28,28,28,28,28
2001,450149,1,1,20,0,0,24,47,20,0,13,14,12
2001,450150,1,1,28,28,28,28,28,28,28,28,28,28
2001,450151,1,1,0,20,0,9,13,16,8,9,0,0
2001,450151,2,1,31,10,0,9,0,17,0,21,0,0
2001,450152,1,1,0,0,0,0,0,0,0,0,0,0
2001,450153,1,1,0,0,0,0,0,0,0,0,0,0
2001,450153,2,1,13,9,0,0,0,0,0,0,0,0
2001,450154,1,1,0,0,0,0,16,21,0,0,0,8
2001,450154,2,1,0,0,0,13,21,0,0,0,0,10
2001,450156,1,1,18,18,18,18,18,18,18,18,18,18
2001,450157,1,1,17,17,17,17,17,17,17,17,17,17
2001,450158,1,1,0,0,0,0,0,0,0,0,0,0
2001,450159,1,1,11,7,14,18,23,17,19,18,0,12
2001,450160,1,1,0,0,0,0,0,0,0,0,0,0
2001,450160,2,1,26,26,26,26,26,26,26,26,26,26
2001,450161,1,1,0,0,0,20,0,0,0,0,0,0
2001,450161,2,1,0,0,11,0,0,0,0,0,0,0
2001,450161,3,1,0,0,0,0,0,0,0,0,0,0
2001,450162,1,1,20,20,20,20,20,20,20,20,20,20
2001,450163,1,1,0,0,0,0,0,0,0,0,0,0
2001,450163,2,1,0,0,0,0,0,0,0,0,0,0
2001,450164,1,1,0,0,0,0,0,0,0,0,0,0
2001,450164,2,1,0,0,0,0,0,0,0,0,0,0
2001,450164,3,1,0,0,0,0,0,0,0,0,0,0
2001,450165,1,1,23,23,23,23,23,23,23,23,23,23
2001,450166,1,1,0,0,0,0,0,0,0,0,0,0
2001,450166,2,1,0,0,0,0,0,0,0,0,0,0
2001,450167,0,1,0,0,0,0,0,0,0,0,0,0
2001,450167,1,1,14,9,3,0,0,13,10,5,0,13
2001,450168,1,1,0,0,0,0,0,0,0,0,0,0
2001,450169,1,1,0,0,0,0,0,0,0,0,0,0
2001,450170,1,1,12,15,0,14,23,22,0,5,0,9
2001,450171,1,1,0,2,32,9,23,32,23,19,17,17
2001,450172,1,1,0,0,0,0,0,0,0,0,0,0
2001,450173,1,1,0,0,0,0,0,0,0,0,0,0
2001,450173,2,1,23,10,0,0,0,11,2,17,0,0
2001,450175,1,1,0,0,0,0,0,0,0,0,0,0
2001,450175,2,1,0,0,0,0,0,0,0,0,0,0
2001,450176,1,1,25,25,25,25,25,25,25,25,25,25
2001,450177,0,1,23,0,38,8,24,8,0,19,0,20
2001,450177,1,1,0,0,0,0,0,0,6,0,0,5
2001,450177,2,1,0,0,0,0,0,0,0,0,0,0
2001,450178,1,1,0,0,37,15,0,20,14,16,8,14
2001,450179,1,1,8,0,5,0,0,0,0,0,0,0
2001,450180,1,1,0,0,0,0,0,0,0,0,0,0
2001,450181,1,1,2,2,2,2,2,2,2,2,2,2
2001,450181,2,1,0,0,0,0,0,0,0,0,0,0
2001,450182,1,1,0,0,0,0,0,0,0,0,0,0
2001,450182,2,1,0,0,0,0,0,0,0,0,0,0
2001,450183,1,1,0,0,0,0,0,0,0,0,0,0
2001,450184,1,1,0,0,0,0,0,0,0,0,0,0
2001,450184,2,1,0,0,0,0,0,0,0,0,0,0
2001,450185,1,1,0,0,0,0,0,0,0,0,0,0
2001,450185,2,1,15,0,0,0,0,0,0,0,0,13
2001,450186,1,1,19,19,19,19,19,19,19,19,19,19
2001,450187,1,1,0,0,0,6,0,0,0,0,0,0
2001,450187,2,1,0,0,0,0,18,0,0,0,0,19
2001,450188,1,1,0,0,0,0,0,0,0,0,0,0
2001,450188,2,1,0,0,0,0,0,0,0,0,36,0
2001,450189,1,1,0,0,0,0,0,0,0,0,0,0
2001,450191,1,1,0,0,0,0,0,0,0,0,0,0
2001,450191,2,1,0,0,0,0,0,0,0,0,0,0
2001,450192,0,1,0,0,0,0,0,0,0,8,0,0
2001,450192,1,1,0,0,0,0,0,0,0,0,0,0
2001,450193,1,1,0,9,0,0,0,11,0,0,11,0
2001,450193,2,1,0,0,0,0,0,0,14,0,0,0
2001,450194,1,1,0,0,0,0,0,0,0,0,0,0
2001,450194,2,1,16,16,16,16,16,16,16,16,16,16
2001,450196,1,1,27,27,27,27,27,27,27,27,27,27
2001,450197,1,1,23,23,23,23,23,23,23,23,23,23
2001,450198,1,1,0,0,0,0,0,0,0,0,0,0
2001,450198,2,1,0,0,0,10,0,0,0,0,0,0
2001,450199,1,1,0,0,0,0,0,0,0,0,0,0
2001,450200,1,1,0,0,0,0,0,0,0,0,0,0
2001,450200,2,1,6,12,16,27,7,9,22,25,20,14
2001,450201,1,1,0,0,0,0,0,0,0,0,0,0
2001,450201,2,1,0,0,0,0,0,0,0,0,0,0
2001,450201,3,1,0,0,0,0,0,0,0,0,0,0
2001,450202,1,1,0,0,0,0,0,0,0,0,0,0
2001,450202,2,1,0,9,0,0,0,0,0,0,0,0
2001,450203,1,1,14,14,14,14,14,14,14,14,14,14
2001,450203,2,1,0,0,0,0,0,0,18,0,16,0
2001,450204,1,1,26,26,26,26,26,26,26,26,26,26
2001,450205,1,1,13,13,13,13,13,13,13,13,13,13
2001,450205,2,1,10,0,0,8,0,0,0,0,0,0
2001,450207,1,1,17,17,17,17,17,17,17,17,17,17
2001,450208,1,1,0,0,0,0,0,0,0,0,4,0
2001,450208,2,1,0,0,0,0,0,0,0,0,0,0
2001,450209,1,1,25,24,12,5,29,11,0,26,5,22
2001,450210,1,1,0,0,0,0,0,0,0,0,0,0
2001,450210,2,1,0,0,0,0,0,0,0,0,0,0
2001,450211,1,1,0,0,0,0,0,0,0,0,0,0
2001,450212,1,1,0,0,0,0,0,0,0,0,0,0
2001,450212,2,1,18,18,18,18,18,18,18,18,18,18
2001,450213,1,1,0,0,0,0,0,0,0,0,0,0
2001,450214,1,1,0,0,0,21,0,0,0,0,0,0
2001,450214,2,1,12,12,12,12,12,12,12,12,12,12
2001,450215,0,1,4,4,4,4,4,4,4,4,4,4
2001,450215,1,1,7,0,0,0,0,10,0,0,0,15
2001,450216,1,1,0,0,0,0,0,0,0,0,0,0
2001,450216,2,1,25,25,25,25,25,25,25,25,25,25
2001,450217,1,1,0,0,0,0,0,0,0,0,4,0
2001,450217,2,1,13,13,13,13,13,13,13,13,13,13
2001,450218,0,1,14,14,14,14,14,14,14,14,14,14
2001,450218,0,2,11,0,22,24,22,38,0,0,8,0
2001,450218,1,1,25,0,10,11,0,25,0,15,0,0
2001,450219,1,1,0,0,0,0,0,0,0,0,0,0
2001,450219,2,1,0,0,0,0,0,0,0,0,0,0
2001,450220,1,1,25,13,10,9,6,12,15,13,16,11
2001,450220,2,1,0,0,15,0,0,0,0,0,0,0
2001,450221,1,1,21,37,8,15,16,43,12,17,17,8
2001,450222,1,1,0,0,0,0,0,0,0,0,0,0
2001,450223,1,1,7,7,7,7,7,7,7,7,7,7
2001,450224,1,1,23,23,23,23,23,23,23,23,23,23
2001,450225,1,1,16,16,16,16,16,16,16,16,16,16
2001,450226,1,1,14,10,48,29,9,12,16,30,41,0
2001,450226,2,1,13,13,13,13,13,13,13,13,13,13
2001,450227,1,1,0,0,11,17,0,0,0,0,0,0
2001,450227,2,1,17,17,17,17,17,17,17,17,17,17
2001,450228,1,1,0,0,0,0,0,22,0,19,0,0
2001,450229,1,1,16,9,26,16,0,14,8,0,23,0
2001,450230,0,1,0,0,0,0,0,0,0,0,0,0
2001,450230,1,1,0,0,0,0,0,0,0,0,0,0
2001,450231,1,1,13,13,13,13,13,13,13,13,13,13
2001,450232,1,1,4,4,4,4,4,4,4,4,4,4
2001,450233,1,1,0,6,19,13,12,22,10,9,0,0
2001,450234,1,1,0,0,16,12,0,0,28,0,15,0
2001,450235,1,1,0,0,0,0,0,0,0,0,0,3
2001,450236,1,1,0,0,0,0,0,0,0,0,0,0
2001,450236,2,1,0,0,0,0,0,0,0,0,0,0
2001,450237,0,1,25,25,25,25,25,25,25,25,25,25
2001,450237,1,1,0,23,0,0,0,0,0,0,0,10
2001,450238,1,1,0,0,0,0,0,0,0,0,0,0
2001,450239,1,1,0,0,0,0,0,0,0,0,0,0
2001,450239,2,1,0,0,0,0,0,0,0,0,0,0
2001,450240,1,1,19,19,19,19,19,19,19,19,19,19
2001,450241,1,1,22,22,22,22,22,22,22,22,22,22
2001,450242,1,1,0,0,0,0,0,0,0,0,0,0
2001,450242,2,1,8,0,2,0,7,0,3,2,0,6
2001,450243,1,1,14,14,14,14,14,14,14,14,14,14
2001,450244,1,1,0,0,0,0,0,0,0,0,0,0
2001,450245,1,1,6,14,20,16,12,23,17,20,0,32
2001,450246,1,1,0,6,15,32,11,0,17,0,18,9
2001,450247,1,1,0,0,0,0,0,0,17,0,0,0
2001,450247,2,1,6,22,12,5,0,17,13,0,0,0
2001,450248,1,1,0,0,0,0,0,0,0,0,0,0
2001,450248,2,1,22,19,6,0,14,11,0,0,0,0
2001,450249,1,1,41,14,0,11,21,18,24,12,19,24
2001,450250,1,1,34,34,34,34,34,34,34,34,34,34
2001,450251,1,1,0,0,0,0,0,0,0,0,0,0
2001,450252,1,1,0,0,0,0,6,0,0,0,7,0
2001,450252,2,1,0,0,0,0,0,0,0,0,0,0
2001,450253,1,1,32,0,18,9,0,0,0,15,0,11
2001,450254,1,1,0,0,0,0,0,0,0,0,0,0
2001,450254,2,1,0,0,0,11,14,0,0,0,0,0
2001,450255,1,1,0,0,0,0,0,0,0,0,0,0
2001,450255,2,1,0,0,0,0,0,0,0,0,0,0
2001,450256,1,1,1,1,1,1,1,1,1,1,1,1
2001,450257,1,1,0,0,0,0,0,0,0,0,0,0