YEAR,st_case,veh_no,per_no,P1,P2,P3,P4,P5,P6,P7,P8,P9,P10
2001,450539,1,1,21,21,21,21,21,21,21,21,21,21
2001,450540,1,1,3,3,3,3,3,3,3,3,3,3
2001,450541,1,1,0,0,0,0,0,0,0,0,0,0
2001,450541,2,1,15,15,15,15,15,15,15,15,15,15
2001,450542,0,1,14,14,14,14,14,14,14,14,14,14
2001,450542,1,1,23,13,10,0,12,0,0,0,27,15
2001,450543,1,1,0,0,0,0,0,0,0,0,0,0
2001,450544,1,1,0,0,0,0,0,0,0,0,0,0
2001,450545,1,1,0,0,0,0,0,0,0,0,4,0
2001,450545,2,1,0,0,0,0,0,0,0,0,0,0
2001,450546,1,1,0,0,0,0,0,0,0,0,0,11
2001,450546,2,1,0,0,0,0,0,0,0,0,0,0
2001,450547,1,1,16,16,16,16,16,16,16,16,16,16
2001,450548,0,1,0,0,0,0,0,0,0,0,0,0
2001,450548,1,1,3,3,3,3,3,3,3,3,3,3
2001,450549,1,1,0,0,0,0,0,0,0,0,0,0
2001,450550,1,1,24,24,24,24,24,24,24,24,24,24
2001,450550,2,1,0,0,0,0,0,0,7,0,0,0
2001,450551,1,1,0,0,0,0,0,0,0,0,0,19
2001,450551,2,1,0,0,3,12,7,18,0,19,21,12
2001,450552,1,1,0,0,0,0,0,0,0,0,0,0
2001,450552,2,1,16,16,16,16,16,16,16,16,16,16
2001,450553,1,1,6,6,6,6,6,6,6,6,6,6
2001,450554,1,1,12,26,14,7,12,17,23,18,14,3
2001,450555,1,1,10,10,10,10,10,10,10,10,10,10
2001,450556,1,1,0,0,0,0,0,0,0,2,0,0
2001,450557,1,1,16,16,16,16,16,16,16,16,16,16
2001,450559,1,1,31,30,19,11,32,10,11,17,22,16
2001,450561,1,1,0,0,0,0,0,0,0,0,0,0
2001,450561,2,1,0,0,0,0,0,0,0,0,0,0
2001,450562,1,1,20,0,20,0,9,10,14,0,13,19
2001,450563,1,1,14,14,14,14,14,14,14,14,14,14
2001,450564,0,1,25,25,25,25,25,25,25,25,25,25
2001,450564,1,1,0,0,0,0,0,0,0,0,0,21
2001,450565,1,1,10,10,10,10,10,10,10,10,10,10
2001,450567,0,1,25,25,25,25,25,25,25,25,25,25
2001,450567,1,1,13,14,6,4,7,4,0,2,23,0
2001,450568,0,1,0,0,0,0,0,0,0,0,0,0
2001,450568,1,1,0,0,0,0,0,0,0,0,0,0
2001,450569,0,1,0,0,0,0,0,0,0,10,0,0
2001,450569,1,1,0,0,0,0,0,0,0,0,0,0
2001,450570,0,1,0,0,0,0,0,0,0,0,0,0
2001,450570,1,1,0,0,0,0,0,0,0,0,0,0
2001,450571,1,1,0,0,0,0,0,0,0,0,0,0
2001,450571,2,1,0,0,0,0,0,0,0,0,0,0
2001,450572,1,1,23,23,23,23,23,23,23,23,23,23
2001,450573,1,1,0,0,0,0,0,0,0,0,0,0
2001,450573,2,1,0,0,0,0,0,0,0,0,0,0
2001,450574,0,1,28,28,28,28,28,28,28,28,28,28
2001,450574,1,1,27,32,8,8,7,13,12,0,25,0
2001,450575,1,1,12,12,12,12,12,12,12,12,12,12
2001,450576,1,1,28,23,21,0,20,0,0,0,13,18
2001,450577,1,1,0,0,0,0,0,0,0,0,0,0
2001,450577,2,1,0,20,0,12,0,0,0,12,0,4
2001,450578,0,1,0,25,8,24,25,31,29,7,10,0
2001,450578,1,1,0,6,0,0,0,0,0,16,0,0
2001,450579,1,1,12,12,12,12,12,12,12,12,12,12
2001,450580,0,1,2,2,2,2,2,2,2,2,2,2
2001,450580,1,1,0,20,5,10,24,12,0,8,29,10
2001,450581,1,1,0,0,0,0,0,0,0,0,0,0
2001,450581,2,1,13,0,0,16,10,0,0,16,21,0
2001,450582,1,1,0,0,0,0,0,0,0,0,0,0
2001,450583,1,1,0,0,0,0,0,0,0,0,0,0
2001,450583,2,1,0,0,0,0,0,0,0,0,0,0
2001,450584,1,1,0,0,0,0,0,0,0,0,0,0
2001,450585,0,1,0,0,30,0,0,18,30,0,0,0
2001,450585,0,2,19,13,0,8,17,27,13,13,14,30
2001,450585,1,1,6,0,0,0,5,0,0,0,9,0
2001,450586,1,1,15,15,15,15,15,15,15,15,15,15
2001,450587,1,1,0,0,0,0,0,11,16,16,26,0
2001,450587,2,1,0,0,0,0,0,0,0,0,0,0
2001,450588,1,1,0,0,0,0,0,0,0,0,0,0
2001,450589,1,1,0,0,0,0,0,0,0,0,0,0
2001,450589,2,1,0,0,0,0,0,0,0,0,0,0
2001,450590,1,1,0,0,0,0,0,0,0,0,0,0
2001,450590,2,1,0,4,8,14,2,9,0,16,20,21
2001,450591,1,1,0,0,0,21,0,0,0,0,0,0
2001,450591,2,1,0,0,0,0,0,0,24,0,0,0
2001,450592,1,1,18,0,0,0,0,0,14,10,14,0
2001,450592,2,1,0,19,8,14,5,17,21,0,19,11
2001,450593,1,1,10,27,19,5,0,20,18,15,2,0
2001,450594,1,1,0,18,15,12,0,0,0,0,0,4
2001,450594,2,1,0,0,0,0,0,0,0,0,0,0
2001,450595,1,1,20,19,14,0,15,29,28,35,24,38
2001,450596,1,1,0,0,0,0,0,0,0,0,0,0
2001,450596,2,1,16,4,12,5,10,19,0,12,13,0
2001,450597,1,1,0,0,0,0,0,0,0,0,0,0
2001,450597,2,1,0,0,0,0,0,0,0,0,0,0
2001,450598,1,1,0,0,0,0,0,0,0,0,0,0
2001,450598,2,1,0,0,0,0,0,0,0,0,0,0
2001,450599,0,1,16,16,16,16,16,16,16,16,16,16
2001,450599,1,1,0,0,0,0,0,0,7,0,0,0
2001,450600,1,1,5,0,11,3,14,8,12,27,8,0
2001,450601,1,1,0,0,4,0,0,0,0,0,0,0
2001,450601,2,1,0,0,0,0,0,0,0,0,0,0
2001,450601,3,1,11,0,0,0,6,0,0,0,13,10
2001,450602,1,1,7,16,37,31,16,22,17,29,11,5
2001,450603,1,1,0,0,0,0,0,0,0,0,0,0
2001,450604,1,1,0,0,0,0,0,0,0,0,0,0
2001,450604,2,1,0,0,0,0,0,0,0,0,0,0
2001,450605,1,1,0,0,0,0,0,0,0,0,0,0
2001,450605,2,1,0,0,0,0,0,0,0,0,0,0
2001,450606,0,1,9,0,0,0,0,7,0,9,0,0
2001,450606,1,1,0,0,0,0,0,0,0,0,0,0
2001,450607,1,1,0,0,0,0,0,0,0,0,0,0
2001,450607,2,1,0,0,0,0,0,0,0,7,0,0
2001,450608,1,1,0,0,0,0,0,0,0,0,0,0
2001,450608,2,1,17,9,12,25,12,8,13,26,24,17
2001,450610,1,1,0,0,0,0,0,0,0,0,0,0
2001,450610,2,1,0,0,0,0,0,0,0,0,0,0
2001,450611,1,1,0,0,0,0,0,0,0,0,0,0
2001,450611,2,1,0,0,0,0,0,0,0,0,0,0
2001,450612,1,1,24,14,0,0,0,3,0,0,11,0
2001,450612,2,1,0,0,0,0,0,0,0,0,0,0
2001,450613,1,1,18,18,18,18,18,18,18,18,18,18
2001,450613,2,1,0,0,0,0,0,0,0,0,0,0
2001,450613,3,1,0,0,0,0,0,0,0,0,0,0
2001,450614,1,1,0,9,4,2,0,13,12,22,10,8
2001,450615,1,1,15,15,15,15,15,15,15,15,15,15
2001,450616,1,1,0,0,0,0,0,0,0,2,0,0
2001,450616,2,1,0,0,0,0,0,0,0,0,0,0
2001,450617,1,1,0,20,9,0,10,0,23,0,25,20
2001,450618,1,1,0,0,0,0,0,0,0,0,0,0
2001,450618,2,1,0,0,0,0,0,0,0,0,0,0
2001,450619,0,1,0,15,19,17,0,42,14,17,30,26
2001,450619,1,1,0,0,0,0,0,0,0,0,0,0
2001,450620,0,1,0,0,0,15,21,0,21,0,33,14
2001,450620,1,1,0,0,0,0,0,0,0,0,0,0
2001,450621,1,1,27,27,27,27,27,27,27,27,27,27
2001,450623,1,1,0,0,0,7,0,0,0,0,0,0
2001,450623,2,1,0,0,0,0,0,7,0,0,0,0
2001,450624,1,1,0,0,0,0,0,0,0,0,0,0
2001,450624,2,1,0,0,0,0,0,0,0,0,0,0
2001,450625,1,1,0,0,0,0,0,0,0,0,0,0
2001,450625,2,1,2,2,2,2,2,2,2,2,2,2
2001,450626,1,1,8,28,13,0,6,0,0,0,28,11
2001,450627,1,1,0,0,0,0,0,0,0,0,0,0
2001,450627,2,1,0,0,0,0,0,0,0,0,0,0
2001,450627,3,1,0,0,0,0,0,0,0,0,0,0
2001,450628,1,1,10,6,17,8,26,37,14,0,6,17
2001,450629,1,1,0,0,0,0,0,0,0,22,0,0
2001,450629,2,1,0,0,0,0,0,0,0,0,0,0
2001,450630,1,1,32,32,32,32,32,32,32,32,32,32
2001,450631,1,1,16,0,16,20,19,22,17,15,26,0
2001,450632,1,1,19,19,19,19,19,19,19,19,19,19
2001,450633,1,1,0,0,0,0,0,0,0,0,0,0
2001,450634,1,1,26,26,26,26,26,26,26,26,26,26
2001,450635,1,1,10,10,10,10,10,10,10,10,10,10
2001,450636,1,1,8,0,0,0,18,29,27,0,0,21
2001,450636,2,1,34,34,34,34,34,34,34,34,34,34
2001,450637,1,1,19,19,19,19,19,19,19,19,19,19
2001,450638,1,1,0,0,0,0,0,0,0,0,0,0
2001,450638,2,1,0,0,0,0,0,0,0,0,0,0
2001,450638,3,1,0,0,0,0,0,0,0,0,0,0
2001,450639,1,1,0,0,0,0,0,0,0,0,0,0
2001,450639,2,1,0,0,0,0,0,0,0,0,0,0
2001,450640,1,1,0,0,0,0,0,0,0,0,0,0
2001,450641,1,1,0,0,0,0,0,0,0,0,0,0
2001,450641,2,1,2,2,2,2,2,2,2,2,2,2
2001,450642,1,1,0,0,0,0,0,0,0,0,0,0
2001,450643,1,1,0,0,0,0,0,0,0,0,0,0
2001,450644,1,1,0,0,0,0,0,0,0,0,0,0
2001,450645,1,1,0,0,0,0,0,0,0,0,0,0
2001,450645,2,1,0,0,0,0,0,0,0,0,0,19
2001,450646,1,1,0,0,0,0,0,18,0,0,0,0
2001,450646,2,1,10,10,10,10,10,10,10,10,10,10
2001,450647,1,1,0,0,0,0,0,0,0,0,0,0
2001,450647,2,1,0,0,0,0,5,0,0,0,0,0
2001,450648,1,1,0,0,0,0,0,0,0,0,0,0
2001,450648,2,1,19,0,0,0,0,0,0,0,0,0
2001,450652,1,1,32,32,32,32,32,32,32,32,32,32
2001,450652,2,1,0,0,7,0,0,0,0,0,0,0
2001,450653,1,1,0,0,0,0,0,0,0,0,0,0
2001,450654,1,1,22,22,22,22,22,22,22,22,22,22
2001,450655,0,1,0,0,0,16,6,0,20,0,0,0
2001,450655,1,1,0,0,0,0,0,0,0,0,0,0
2001,450656,0,1,0,22,29,0,21,4,14,26,11,9
2001,450656,1,1,7,7,7,7,7,7,7,7,7,7
2001,450657,1,1,12,12,12,12,12,12,12,12,12,12
2001,450658,1,1,10,23,10,13,28,21,0,10,21,15
2001,450659,1,1,0,0,0,0,0,0,0,0,0,0
2001,450660,1,1,0,0,29,6,7,23,8,20,34,0
2001,450660,2,1,0,0,0,29,0,0,0,0,0,0
2001,450661,1,1,30,30,30,30,30,30,30,30,30,30
2001,450662,1,1,0,0,0,0,0,0,0,0,0,0
2001,450662,2,1,0,0,0,0,0,0,0,0,0,0
2001,450662,3,1,0,18,0,19,0,0,0,0,0,0
2001,450663,1,1,17,17,17,17,17,17,17,17,17,17
2001,450664,1,1,0,0,0,0,0,0,0,0,0,0
2001,450664,2,1,0,0,0,0,0,0,0,0,0,0
2001,450665,1,1,26,26,26,26,26,26,26,26,26,26
2001,450666,1,1,6,6,6,6,6,6,6,6,6,6
2001,450667,1,1,19,19,19,19,19,19,19,19,19,19
2001,450668,1,1,10,10,10,10,10,10,10,10,10,10
2001,450669,1,1,0,0,0,0,0,0,0,0,0,0
2001,450669,2,1,0,0,0,0,0,0,0,0,0,0
2001,450670,1,1,0,0,0,0,0,0,0,0,0,0
2001,450670,2,1,0,0,0,0,8,17,0,14,20,14
2001,450671,0,1,24,24,24,24,24,24,24,24,24,24
2001,450671,1,1,0,8,0,0,0,0,0,0,16,0
2001,450672,1,1,0,0,0,0,0,0,0,0,0,0
2001,450672,2,1,0,0,0,0,0,0,0,0,0,0
2001,450673,1,1,0,0,0,0,0,0,0,0,0,0
2001,450674,1,1,25,25,25,25,25,25,25,25,25,25
2001,450674,2,1,0,0,0,6,0,5,0,0,24,0
2001,450675,0,1,0,0,0,0,0,0,0,0,0,0
2001,450675,0,2,0,0,0,0,0,0,0,0,0,0
2001,450675,1,1,14,16,11,20,21,12,5,32,21,8
2001,450676,0,1,0,0,0,0,0,0,0,0,0,0
2001,450676,1,1,7,0,9,2,0,6,0,8,0,7
2001,450677,0,1,34,34,34,34,34,34,34,34,34,34
2001,450677,1,1,0,19,21,0,17,42,0,0,0,0
2001,450678,1,1,0,0,0,0,0,0,0,0,0,0
2001,450679,1,1,25,25,25,25,25,25,25,25,25,25
2001,450680,0,1,0,0,27,0,0,20,20,15,33,0
2001,450680,1,1,0,0,9,0,0,0,0,0,0,0
2001,450681,1,1,23,23,23,23,23,23,23,23,23,23
2001,450682,0,1,0,0,0,4,0,0,0,0,0,0
2001,450682,0,2,0,0,0,0,0,0,0,0,0,0
2001,450682,1,1,0,0,0,0,0,0,0,0,0,0
2001,450683,1,1,0,11,9,0,19,0,0,0,0,15
2001,450683,2,1,0,0,0,18,0,0,0,0,0,24
2001,450684,1,1,24,24,24,24,24,24,24,24,24,24
2001,450685,1,1,16,16,16,16,16,16,16,16,16,16
2001,450686,1,1,16,16,16,16,16,16,16,16,16,16
2001,450687,1,1,0,0,0,0,0,0,0,0,0,0
2001,450687,2,1,0,0,0,0,0,0,0,0,0,0
2001,450688,0,1,28,0,27,5,18,14,38,10,0,13
2001,450688,1,1,14,13,15,8,21,9,26,13,12,9
2001,450689,1,1,0,0,0,0,0,0,0,0,0,0
2001,450689,2,1,0,0,0,0,0,0,0,0,0,0
2001,450690,1,1,0,0,0,0,0,0,0,0,0,0
2001,450691,1,1,0,0,0,0,0,14,0,0,0,0
2001,450692,1,1,0,0,0,0,0,0,0,0,0,0
2001,450693,1,1,0,0,0,0,0,0,0,0,0,0
2001,450693,2,1,0,0,20,0,0,0,0,0,0,0
2001,450694,1,1,16,0,18,9,10,0,32,4,7,0
2001,450695,0,1,1,1,1,1,1,1,1,1,1,1
2001,450695,1,1,0,0,0,0,0,0,0,0,0,0
2001,450696,1,1,25,27,2,28,19,0,0,14,14,11
2001,450696,2,1,0,0,0,0,0,0,0,0,0,0
2001,450697,0,1,29,29,29,29,29,29,29,29,29,29
2001,450697,1,1,0,0,0,0,0,9,0,0,8,0
2001,450698,1,1,25,25,25,25,25,25,25,25,25,25
2001,450699,1,1,24,24,24,24,24,24,24,24,24,24
2001,450700,1,1,18,18,18,18,18,18,18,18,18,18
2001,450701,1,1,0,0,0,0,0,0,0,12,0,0
2001,450701,2,1,0,0,0,0,0,0,0,0,0,0
2001,450702,1,1,0,0,0,0,0,0,0,0,0,0
2001,450702,2,1,0,0,0,0,0,0,0,0,0,0
2001,450703,1,1,18,16,8,0,20,5,32,20,9,18
2001,450704,1,1,0,0,0,0,0,0,0,0,0,0
2001,450704,2,1,16,30,0,24,7,24,25,0,28,9
2001,450705,0,1,0,0,0,0,0,0,0,0,0,0
2001,450705,1,1,0,0,0,0,0,0,0,0,0,0
2001,450706,1,1,0,0,0,0,0,0,0,0,0,0
2001,450706,2,1,0,0,0,0,0,0,0,0,0,0
2001,450707,0,1,39,39,39,39,39,39,39,39,39,39
2001,450707,1,1,0,0,0,0,0,0,0,0,0,0
2001,450708,1,1,0,0,0,0,0,0,0,0,0,0
2001,450708,2,1,0,0,0,0,0,0,0,0,0,0
2001,450709,0,1,22,22,22,22,22,22,22,22,22,22
2001,450709,1,1,0,0,0,0,0,0,0,0,0,0
2001,450710,1,1,17,0,0,14,0,0,3,3,0,11
2001,450710,2,1,21,0,0,0,0,0,0,0,0,0
2001,450711,1,1,9,9,9,9,9,9,9,9,9,9
2001,450712,1,1,0,0,0,0,0,0,0,9,0,0
2001,450713,1,1,0,0,0,17,0,14,0,0,0,0
2001,450713,2,1,0,0,0,0,0,0,21,0,0,0
2001,450714,1,1,4,4,4,4,4,4,4,4,4,4
2001,450714,2,1,0,0,0,0,0,0,0,0,0,0
2001,450714,3,1,0,0,0,0,0,0,0,0,0,0
2001,450715,0,1,30,30,30,30,30,30,30,30,30,30
2001,450715,1,1,5,0,0,0,17,0,12,0,0,0
2001,450716,1,1,0,0,16,0,0,0,0,0,0,14
2001,450716,2,1,21,7,0,0,0,19,3,0,8,0
2001,450717,1,1,13,13,13,13,13,13,13,13,13,13
2001,450718,1,1,19,19,19,19,19,19,19,19,19,19
2001,450719,1,1,0,0,0,0,0,0,0,14,0,0
2001,450719,2,1,0,0,0,0,0,0,0,0,0,0
2001,450720,1,1,40,40,40,40,40,40,40,40,40,40
2001,450721,1,1,25,25,25,25,25,25,25,25,25,25
2001,450722,1,1,20,20,20,20,20,20,20,20,20,20
2001,450723,1,1,21,11,6,16,22,0,10,15,19,15
2001,450724,1,1,0,22,12,0,8,9,0,4,0,0
2001,450725,1,1,36,30,28,16,4,15,8,8,0,20
2001,450725,2,1,0,0,0,0,0,0,0,0,0,0
2001,450726,1,1,18,18,18,18,18,18,18,18,18,18
2001,450726,2,1,0,27,0,0,0,0,20,0,0,0
2001,450727,1,4,11,11,11,11,11,11,11,11,11,11
2001,450728,1,1,0,18,0,0,0,0,0,0,0,0
2001,450729,1,1,0,0,0,0,0,0,0,0,0,0
2001,450729,2,1,0,0,0,0,0,0,0,0,0,0
2001,450730,1,1,0,0,0,0,0,0,0,0,0,0
2001,450731,1,1,0,0,0,0,0,0,0,0,0,0
2001,450731,2,1,0,0,0,0,0,0,0,0,0,0
2001,450732,1,1,0,0,0,0,0,0,0,0,0,0
2001,450732,2,1,0,0,0,0,0,0,0,8,0,8
2001,450733,1,1,13,13,13,13,13,13,13,13,13,13
2001,450734,1,1,0,13,0,36,0,0,12,0,18,0
2001,450734,2,1,0,0,0,7,6,10,0,18,0,0
2001,450735,1,1,0,0,0,0,0,0,0,0,0,0
2001,450735,2,1,0,0,0,0,0,0,0,0,0,0
2001,450736,1,1,19,19,19,19,19,19,19,19,19,19
2001,450737,1,1,0,0,0,0,0,0,0,0,0,0
2001,450738,1,1,0,0,0,0,0,0,0,0,0,0
2001,450738,2,1,18,32,19,22,25,18,35,15,26,16
2001,450739,1,1,0,0,0,21,0,0,0,13,0,0
2001,450740,1,1,20,20,20,20,20,20,20,20,20,20
2001,450741,1,1,0,0,0,0,0,0,0,0,0,0
2001,450742,0,1,0,0,0,0,0,0,0,0,0,0
2001,450742,1,1,0,0,0,0,0,0,0,0,0,0
2001,450743,1,1,0,0,5,14,0,0,0,0,0,0
2001,450743,2,1,0,0,0,0,0,0,0,0,0,0
2001,450744,0,1,0,0,0,0,0,0,0,0,0,0
2001,450744,1,1,11,4,19,0,17,3,8,17,15,23
2001,450745,1,1,7,12,6,0,0,0,0,0,0,0
2001,450745,2,1,0,0,0,0,0,0,0,0,0,0
2001,450746,1,1,0,0,0,0,0,0,0,0,0,0
2001,450747,1,1,0,0,0,0,17,0,0,0,0,16
2001,450747,2,1,4,31,15,11,0,15,0,13,0,0
2001,450749,0,1,26,26,26,26,26,26,26,26,26,26
2001,450749,1,1,0,9,0,0,0,0,0,0,0,0
2001,450750,0,1,7,29,25,28,23,14,0,21,21,28
2001,450750,1,1,0,0,0,11,0,0,0,0,0,0
2001,450750,2,1,0,0,0,0,0,0,0,0,0,0
2001,450751,1,1,0,0,0,20,0,0,0,0,0,0
2001,450751,2,1,0,0,0,0,0,0,0,0,0,0
2001,450752,1,1,7,7,7,7,7,7,7,7,7,7
2001,450753,1,1,6,6,6,6,6,6,6,6,6,6
2001,450754,1,1,16,16,16,16,16,16,16,16,16,16
2001,450755,1,1,10,33,31,11,0,0,0,21,0,20
2001,450756,1,1,0,0,0,0,0,0,0,0,0,0
2001,450757,1,1,0,0,0,0,0,0,0,0,0,0
2001,450757,2,1,11,9,0,25,0,0,15,0,0,0
2001,450758,1,1,0,9,20,8,0,11,0,0,0,0
2001,450759,0,1,28,13,35,18,0,10,0,31,11,30
2001,450759,1,1,0,0,0,0,0,0,0,0,0,0
2001,450760,1,1,0,0,0,0,0,0,0,0,0,16
2001,450760,2,1,0,7,0,16,0,11,18,11,0,14
2001,450761,1,1,0,0,0,17,17,0,0,0,0,0
2001,450761,2,1,0,0,0,0,0,0,0,0,0,0
2001,450762,1,1,0,0,0,0,5,16,0,0,0,0
2001,450762,2,1,36,36,36,36,36,36,36,36,36,36
2001,450763,1,1,0,0,0,0,0,0,0,0,0,0
2001,450763,2,1,0,0,0,0,0,0,0,0,6,0
2001,450764,1,1,16,20,21,24,12,18,14,31,22,30
2001,450765,1,1,18,18,18,18,18,18,18,18,18,18
2001,450766,1,1,1,1,1,1,1,1,1,1,1,1
2001,450767,1,1,0,0,0,0,0,0,0,0,0,0
2001,450767,2,1,0,0,0,0,0,0,0,0,0,0
2001,450768,1,1,21,21,21,21,21,21,21,21,21,21
2001,450769,0,1,0,0,24,16,0,15,0,5,0,0
2001,450769,1,1,0,0,0,0,0,0,0,0,0,0
2001,450770,1,1,0,0,0,0,0,0,0,0,0,0
2001,450770,2,1,0,0,0,0,0,0,0,0,0,0
2001,450770,3,1,0,9,0,0,0,0,0,0,0,0
2001,450771,1,1,0,0,0,0,0,0,0,0,0,0
2001,450772,1,1,27,27,27,27,27,27,27,27,27,27
2001,450773,0,1,28,28,28,28,28,28,28,28,28,28
2001,450773,1,1,0,0,0,0,0,0,0,0,0,0
2001,450774,1,1,40,40,40,40,40,40,40,40,40,40
2001,450775,0,1,13,24,0,37,21,0,25,0,0,9
2001,450775,0,2,0,11,0,0,6,0,0,0,0,0
2001,450775,1,1,3,0,5,3,0,3,0,0,3,7
2001,450776,1,1,17,17,17,17,17,17,17,17,17,17
2001,450777,1,1,0,0,0,0,0,0,0,0,0,0
2001,450777,2,1,0,0,0,0,0,0,0,0,0,0
2001,450778,1,1,16,16,16,16,16,16,16,16,16,16
2001,450779,1,1,21,21,21,21,21,21,21,21,21,21
2001,450780,0,1,0,0,0,0,0,0,0,0,0,0
2001,450780,1,1,5,8,0,22,35,16,7,20,12,11
2001,450781,1,1,0,0,0,0,0,0,0,0,0,0
2001,450781,2,1,0,0,0,0,0,0,0,0,0,0
2001,450782,1,1,14,0,0,14,10,0,0,0,0,0
2001,450783,1,1,0,0,0,0,0,0,0,0,0,0
2001,450784,1,1,0,0,0,0,20,0,0,21,0,0
2001,450785,1,1,33,6,25,28,15,14,21,11,12,25
2001,450786,1,1,0,0,0,0,0,0,0,0,0,0
2001,450787,1,1,0,0,30,0,0,24,26,0,0,18
2001,450788,1,1,0,0,0,0,0,0,0,0,0,0
2001,450788,2,1,37,2,6,26,5,18,0,9,0,0
2001,450789,1,1,0,0,0,0,0,0,0,0,0,0
2001,450789,2,1,0,0,0,0,0,0,0,0,0,0
2001,450790,1,1,2,15,0,12,0,0,0,11,6,0
2001,450791,1,1,0,0,0,0,0,0,0,0,0,0
2001,450792,1,1,0,0,0,0,0,0,0,0,0,0
2001,450792,2,1,0,0,0,0,0,0,0,0,0,0
2001,450792,3,1,0,14,0,0,0,0,25,34,13,20
2001,450793,1,1,0,0,0,0,0,0,0,0,0,0
2001,450794,1,1,0,30,25,0,0,0,0,9,0,0
2001,450795,1,1,0,37,27,0,18,9,0,13,0,4
2001,450796,1,1,15,15,4,7,19,5,11,7,19,23
2001,450797,1,1,0,0,0,0,19,0,0,0,0,0
2001,450797,2,1,0,0,0,0,0,0,0,0,0,0
2001,450798,1,2,0,0,0,0,0,0,0,0,0,0
2001,450799,0,1,14,29,0,0,0,28,0,0,0,0
2001,450799,1,1,5,0,0,0,11,0,0,0,0,0
2001,450800,1,1,15,20,24,10,19,27,26,11,18,18
2001,450801,1,1,5,5,5,5,5,5,5,5,5,5
2001,450801,2,1,0,0,0,0,0,0,0,0,0,0
2001,450802,1,1,13,13,13,13,13,13,13,13,13,13
2001,450803,1,1,0,0,0,0,0,0,0,0,0,0
2001,450803,2,1,2,2,2,2,2,2,2,2,2,2
2001,450804,1,1,0,0,0,0,6,0,0,0,0,0
2001,450805,1,1,0,0,0,0,0,0,0,0,0,0
2001,450805,2,1,0,0,0,0,0,0,0,0,0,0
2001,450806,1,1,22,22,22,22,22,22,22,22,22,22
2001,450807,1,1,22,22,22,22,22,22,22,22,22,22
2001,450808,1,1,16,16,16,16,16,16,16,16,16,16
2001,450809,1,1,0,0,0,0,0,0,0,0,0,0
2001,450809,2,1,0,0,0,0,0,0,0,0,0,0
2001,450810,1,1,0,0,0,0,0,0,0,0,0,0
2001,450810,2,1,0,0,0,0,0,0,0,0,0,0
2001,450811,1,1,24,24,24,24,24,24,24,24,24,24
2001,450812,0,1,16,16,16,16,16,16,16,16,16,16
2001,450812,1,1,0,0,0,0,0,0,0,0,0,0
2001,450812,2,1,0,0,0,0,0,0,0,0,9,0
2001,450813,1,1,21,16,6,2,0,2,13,12,9,33
2001,450813,2,1,0,0,0,0,0,0,0,0,0,0
2001,450814,1,1,0,0,0,0,0,6,0,0,0,0
2001,450815,1,1,24,24,24,24,24,24,24,24,24,24
2001,450816,1,1,10,0,14,0,19,0,0,0,0,0
2001,450816,2,1,6,6,6,6,6,6,6,6,6,6
2001,450817,1,1,33,7,7,38,22,24,22,0,33,42
2001,450818,1,1,18,18,18,18,18,18,18,18,18,18
2001,450819,1,1,0,0,0,0,0,0,0,0,0,0
2001,450819,2,1,0,0,0,0,0,0,0,0,0,0
2001,450819,3,1,0,0,0,0,0,13,0,0,0,0
2001,450820,1,1,17,17,17,17,17,17,17,17,17,17
2001,450821,1,1,0,0,0,0,0,0,0,0,0,0
2001,450821,2,1,0,0,0,0,0,0,0,0,0,0
2001,450822,1,1,29,29,29,29,29,29,29,29,29,29
2001,450823,1,1,0,0,0,0,0,0,0,0,0,0
2001,450823,2,1,0,0,0,0,0,0,0,0,0,0
2001,450824,1,1,0,0,0,0,0,0,0,0,0,0
2001,450824,2,1,0,0,0,0,0,0,0,16,0,0
2001,450824,3,1,0,0,0,0,0,0,0,0,0,0
2001,450824,4,1,0,0,0,0,0,0,0,0,0,0
2001,450824,5,1,0,0,0,0,0,0,0,0,14,0
2001,450824,6,1,0,0,0,0,0,0,0,0,0,0
2001,450824,7,1,0,0,0,0,0,0,0,0,0,0
2001,450824,8,1,0,0,0,0,0,0,0,0,0,0
2001,450824,9,1,0,0,0,0,0,0,0,0,0,0
2001,450824,10,1,0,0,0,0,0,0,0,0,0,0
2001,450824,11,1,0,0,0,0,0,0,0,0,0,0
2001,450825,0,1,12,12,12,12,12,12,12,12,12,12
2001,450825,1,1,0,0,0,0,13,0,0,0,0,0
2001,450826,1,1,0,0,0,0,0,0,0,0,0,0