YEAR,st_case,veh_no,per_no,P1,P2,P3,P4,P5,P6,P7,P8,P9,P10
2001,450826,2,1,2,2,2,2,2,2,2,2,2,2
2001,450827,0,1,0,0,0,0,0,0,0,0,0,0
2001,450827,1,1,0,14,14,0,17,0,8,0,5,0
2001,450828,1,1,0,0,33,0,0,10,4,0,0,0
2001,450829,1,1,0,0,0,0,0,0,0,0,0,0
2001,450829,2,1,1,14,5,0,5,0,10,0,13,9
2001,450830,1,1,16,29,18,26,9,21,8,11,9,19
2001,450831,0,1,36,36,36,36,36,36,36,36,36,36
2001,450831,1,1,12,12,12,12,12,12,12,12,12,12
2001,450832,0,1,24,24,24,24,24,24,24,24,24,24
2001,450832,1,1,11,0,0,0,0,0,0,15,0,0
2001,450833,1,1,0,0,0,0,0,0,0,0,0,7
2001,450833,2,1,4,5,0,0,1,10,0,0,0,0
2001,450834,1,1,11,13,21,10,16,15,0,34,34,10
2001,450835,1,1,0,0,0,0,0,0,0,0,0,0
2001,450835,2,1,0,0,0,0,0,0,0,0,0,0
2001,450836,0,1,11,0,29,31,3,27,0,0,17,10
2001,450836,1,1,8,0,2,6,16,14,0,15,0,0
2001,450837,0,1,0,0,0,0,0,0,0,0,0,0
2001,450837,1,1,0,0,0,0,0,0,0,0,0,0
2001,450838,1,1,26,18,17,26,16,23,13,0,24,13
2001,450839,1,1,0,0,0,0,0,0,0,0,0,0
2001,450839,2,1,3,3,3,3,3,3,3,3,3,3
2001,450840,1,1,30,30,30,30,30,30,30,30,30,30
2001,450841,1,1,17,17,17,17,17,17,17,17,17,17
2001,450841,2,1,0,0,0,0,0,21,0,8,22,0
2001,450842,1,1,0,0,0,0,0,0,0,0,0,0
2001,450843,1,1,30,30,30,30,30,30,30,30,30,30
2001,450844,1,1,25,15,12,27,15,13,5,38,24,7
2001,450845,1,1,0,0,0,0,0,0,3,0,0,10
2001,450845,2,1,0,0,0,0,0,0,0,0,0,0
2001,450846,1,1,12,12,12,12,12,12,12,12,12,12
2001,450847,1,1,0,0,14,0,0,0,0,8,0,0
2001,450847,2,1,0,0,9,0,0,0,0,31,0,0
2001,450848,1,1,14,14,14,14,14,14,14,14,14,14
2001,450849,1,1,27,27,27,27,27,27,27,27,27,27
2001,450850,1,1,0,0,0,0,0,0,0,0,0,0
2001,450850,2,1,21,21,21,21,21,21,21,21,21,21
2001,450851,1,1,0,0,0,0,0,0,0,0,0,0
2001,450851,2,1,0,0,0,0,0,0,0,0,0,0
2001,450852,1,1,12,12,12,12,12,12,12,12,12,12
2001,450853,0,1,0,0,0,0,0,0,0,0,0,0
2001,450853,1,1,0,0,0,0,16,10,0,0,10,0
2001,450854,1,1,0,0,0,0,0,0,0,0,0,10
2001,450854,2,1,0,0,0,0,0,0,0,0,0,0
2001,450855,1,1,0,0,0,0,0,0,0,0,0,0
2001,450856,1,1,7,0,5,0,0,0,0,0,0,0
2001,450856,2,1,13,0,0,0,0,0,0,0,0,10
2001,450856,3,1,0,0,0,0,0,0,0,0,0,0
2001,450857,1,1,11,11,11,11,11,11,11,11,11,11
2001,450858,1,1,0,0,0,0,0,0,0,0,0,0
2001,450858,2,1,7,12,8,7,14,0,22,10,16,0
2001,450859,1,1,0,0,0,0,0,0,0,0,0,0
2001,450859,2,1,0,0,0,0,9,0,0,20,0,11
2001,450860,1,1,16,16,16,16,16,16,16,16,16,16
2001,450860,2,1,18,0,0,0,0,0,0,0,0,0
2001,450861,1,1,0,0,0,0,0,0,0,0,0,0
2001,450862,1,1,13,13,13,13,13,13,13,13,13,13
2001,450863,1,1,0,0,0,0,0,0,0,0,0,0
2001,450863,2,1,0,0,0,0,0,0,0,0,0,0
2001,450864,1,1,19,21,0,0,15,12,5,5,11,23
2001,450865,1,1,0,0,0,0,0,0,0,0,0,0
2001,450865,2,1,0,0,0,0,0,0,0,0,0,0
2001,450865,3,1,0,0,0,0,0,0,0,0,0,0
2001,450866,1,1,0,0,0,0,0,0,0,0,0,18
2001,450866,2,1,0,0,0,0,0,0,0,0,0,0
2001,450867,1,1,13,13,13,13,13,13,13,13,13,13
2001,450868,1,1,0,35,13,31,35,0,0,13,0,20
2001,450869,0,1,0,0,48,41,25,25,27,40,9,10
2001,450869,1,1,0,0,0,0,0,0,0,0,0,0
2001,450870,1,1,0,0,0,0,0,0,0,0,0,0
2001,450870,2,1,0,0,0,0,0,0,0,0,0,0
2001,450871,1,1,27,20,21,7,15,27,24,14,18,19
2001,450871,2,1,0,0,0,0,0,0,0,0,0,0
2001,450872,1,1,0,0,0,0,0,0,0,0,0,0
2001,450872,2,1,0,0,0,0,0,0,0,0,0,0
2001,450873,1,1,15,15,15,15,15,15,15,15,15,15
2001,450873,2,1,0,0,0,0,0,0,0,0,0,0
2001,450874,1,1,29,29,29,29,29,29,29,29,29,29
2001,450875,1,1,0,0,0,0,0,0,0,0,22,0
2001,450875,2,1,0,0,19,0,23,0,9,20,0,9
2001,450876,1,1,0,0,0,0,0,0,0,0,0,0
2001,450877,1,1,15,15,15,15,15,15,15,15,15,15
2001,450878,1,1,29,30,28,19,25,17,0,20,11,12
2001,450879,1,1,17,19,10,9,2,0,0,22,14,0
2001,450880,0,1,18,0,0,0,0,0,0,0,0,0
2001,450880,0,2,0,18,0,0,21,5,0,0,0,0
2001,450880,0,3,0,0,0,0,14,0,15,0,0,0
2001,450880,1,1,0,0,0,0,0,0,0,13,0,0
2001,450881,1,1,0,0,0,0,0,0,0,0,0,0
2001,450882,1,1,4,28,5,0,18,6,15,0,13,7
2001,450883,0,1,0,0,0,19,0,26,0,0,0,0
2001,450883,1,1,0,0,0,0,0,0,0,0,0,0
2001,450884,1,1,0,0,0,0,0,0,0,0,0,0
2001,450884,2,1,0,0,0,0,0,0,0,0,0,0
2001,450885,1,1,0,0,0,0,0,0,0,0,0,0
2001,450885,2,1,0,0,0,0,0,0,0,0,0,0
2001,450886,1,1,0,0,0,0,0,0,0,0,0,11
2001,450886,2,1,0,0,0,0,0,0,0,0,0,0
2001,450887,1,1,0,0,0,14,0,0,0,0,0,0
2001,450887,2,1,0,15,9,19,13,0,2,15,9,12
2001,450888,1,1,0,7,0,0,0,0,0,0,0,0
2001,450889,1,1,18,18,18,18,18,18,18,18,18,18
2001,450890,1,1,20,20,20,20,20,20,20,20,20,20
2001,450891,1,1,0,0,0,0,29,0,0,0,0,0
2001,450891,2,1,0,0,0,0,0,0,0,0,0,0
2001,450891,3,1,0,0,0,0,0,0,0,0,0,0
2001,450892,1,1,28,28,28,28,28,28,28,28,28,28
2001,450893,1,1,28,28,28,28,28,28,28,28,28,28
2001,450894,1,1,0,0,0,0,0,0,0,0,0,0
2001,450895,0,1,0,13,8,0,0,0,0,0,0,0
2001,450895,1,1,0,0,0,0,0,0,0,0,0,8
2001,450896,1,1,7,13,8,13,13,15,16,6,32,10
2001,450897,1,1,0,0,0,0,0,0,0,0,0,0
2001,450897,2,1,24,31,6,30,24,5,29,25,14,11
2001,450898,1,1,0,0,0,0,0,0,0,0,0,0
2001,450899,1,1,26,21,17,13,8,23,15,32,37,0
2001,450900,1,1,0,0,0,13,12,22,0,0,0,0
2001,450901,1,1,0,0,0,0,0,0,0,0,0,0
2001,450901,2,1,0,0,0,0,0,0,0,0,0,0
2001,450902,1,1,31,29,29,20,0,19,12,30,8,23
2001,450903,1,1,20,20,20,20,20,20,20,20,20,20
2001,450904,1,1,0,0,0,0,0,0,9,0,0,23
2001,450905,1,1,0,0,0,0,0,0,0,0,0,0
2001,450906,1,1,0,0,24,0,8,11,0,0,0,9
2001,450907,1,1,19,35,17,19,24,13,19,25,9,19
2001,450908,1,1,0,0,0,0,0,0,0,0,0,0
2001,450908,2,1,0,0,0,0,0,3,0,0,0,0
2001,450909,0,1,0,0,0,0,0,0,0,0,0,7
2001,450909,0,2,0,0,0,22,0,0,0,0,0,0
2001,450909,1,1,0,0,0,0,0,0,0,0,0,0
2001,450910,1,1,0,0,0,0,0,0,0,0,0,0
2001,450910,2,1,0,0,0,0,0,10,0,0,0,0
2001,450911,1,1,9,18,20,21,22,19,12,13,18,29
2001,450912,0,1,43,12,15,0,28,12,13,13,0,34
2001,450912,1,1,15,11,10,15,0,10,14,9,0,15
2001,450913,0,1,40,40,40,40,40,40,40,40,40,40
2001,450913,1,1,26,8,11,11,12,0,17,24,23,15
2001,450914,1,1,0,0,0,11,0,0,0,0,0,21
2001,450914,2,1,0,0,0,3,0,0,0,16,0,0
2001,450914,3,1,0,0,0,0,0,12,0,0,0,0
2001,450915,1,1,0,0,0,0,0,0,0,0,0,0
2001,450915,2,1,0,0,0,0,15,8,0,0,0,17
2001,450916,1,1,0,0,0,0,0,0,28,0,0,24
2001,450916,2,1,0,0,16,0,0,0,0,0,0,0
2001,450917,1,1,21,21,21,21,21,21,21,21,21,21
2001,450918,1,1,0,10,0,0,0,0,9,0,13,0
2001,450919,1,1,0,0,0,0,0,0,0,0,0,0
2001,450920,1,1,17,16,42,17,25,29,7,8,17,14
2001,450921,1,1,0,0,0,0,0,0,0,0,0,0
2001,450921,2,1,0,0,0,0,0,0,0,0,0,0
2001,450922,1,1,14,4,13,0,9,0,0,0,0,0
2001,450922,2,1,12,23,0,10,29,16,11,13,14,0
2001,450923,1,1,0,0,0,0,0,0,0,0,0,0
2001,450925,1,1,18,18,18,18,18,18,18,18,18,18
2001,450926,0,1,40,40,40,40,40,40,40,40,40,40
2001,450926,1,1,0,0,14,0,0,0,0,0,0,0
2001,450927,1,1,17,17,17,17,17,17,17,17,17,17
2001,450928,1,1,0,0,0,0,0,0,0,0,0,0
2001,450928,2,1,0,0,0,0,0,0,0,0,0,0
2001,450929,1,1,0,0,0,0,0,0,0,0,0,0
2001,450929,2,1,0,0,0,0,0,0,0,0,0,0
2001,450930,1,1,22,9,0,14,29,20,12,16,21,0
2001,450931,0,1,18,19,15,0,24,0,26,12,20,11
2001,450931,1,1,6,7,26,15,0,4,16,20,18,0
2001,450932,0,1,4,0,19,0,0,0,0,21,0,22
2001,450932,1,1,0,0,0,0,0,0,0,0,0,0
2001,450933,1,1,14,14,14,14,14,14,14,14,14,14
2001,450934,1,1,0,0,0,0,0,0,0,0,0,0
2001,450934,2,1,0,0,0,0,0,0,0,0,0,0
2001,450935,1,1,6,0,0,0,0,0,0,0,0,0
2001,450936,1,1,0,11,31,0,4,12,0,6,13,0
2001,450936,2,1,0,0,0,0,0,0,8,3,0,0
2001,450937,1,1,15,14,12,15,28,16,20,17,12,14
2001,450938,1,1,0,0,0,0,0,0,0,0,0,0
2001,450938,2,1,0,0,0,0,0,0,0,2,0,0
2001,450939,1,1,13,25,22,31,11,27,28,15,26,34
2001,450940,1,1,0,0,0,0,0,0,0,0,0,0
2001,450941,1,1,18,0,0,0,0,0,0,0,0,0
2001,450941,2,1,0,13,0,0,0,0,0,0,0,0
2001,450942,1,1,9,0,0,13,0,27,0,8,26,3
2001,450942,2,1,4,4,4,4,4,4,4,4,4,4
2001,450942,3,1,0,0,0,0,0,0,0,0,0,10
2001,450943,0,1,27,27,27,27,27,27,27,27,27,27
2001,450943,1,1,0,0,0,0,15,0,0,0,0,0
2001,450944,1,1,0,0,0,0,0,0,0,0,0,0
2001,450944,2,1,0,0,0,0,0,0,3,0,0,0
2001,450945,1,1,0,0,0,0,0,0,0,0,0,0
2001,450946,1,1,28,28,28,28,28,28,28,28,28,28
2001,450947,1,1,22,0,0,0,0,9,0,17,0,0
2001,450948,1,1,0,0,20,0,0,0,0,0,0,0
2001,450948,2,1,0,0,0,0,0,0,0,0,3,0
2001,450949,1,1,0,0,0,0,0,0,0,0,0,0
2001,450950,1,1,0,24,17,9,0,0,0,17,0,0
2001,450951,0,1,12,12,12,12,12,12,12,12,12,12
2001,450951,1,1,0,0,0,11,0,0,13,0,0,0
2001,450952,1,1,16,21,0,5,0,0,0,8,31,0
2001,450953,1,1,1,1,1,1,1,1,1,1,1,1
2001,450954,1,1,0,26,0,0,0,0,0,0,0,0
2001,450955,0,1,0,0,0,0,0,0,0,0,0,0
2001,450955,1,1,0,0,0,0,0,0,0,0,0,0
2001,450956,0,1,27,27,27,27,27,27,27,27,27,27
2001,450956,1,1,0,0,0,7,0,0,0,0,18,0
2001,450957,1,1,19,19,19,19,19,19,19,19,19,19
2001,450958,1,1,21,21,21,21,21,21,21,21,21,21
2001,450959,1,1,0,4,0,0,0,0,0,0,9,0
2001,450960,1,1,22,0,12,0,0,0,0,9,0,0
2001,450961,1,1,0,0,0,0,0,0,0,0,0,0
2001,450961,2,1,0,0,0,0,0,0,0,0,0,0
2001,450962,1,1,10,23,21,0,0,0,0,13,18,9
2001,450963,0,1,11,11,11,11,11,11,11,11,11,11
2001,450963,1,1,20,0,0,0,8,26,34,0,9,0
2001,450964,1,1,0,0,0,0,0,0,0,0,0,0
2001,450965,1,1,0,0,0,0,0,0,0,0,0,0
2001,450965,2,1,0,0,0,0,0,0,0,0,0,0
2001,450966,1,1,13,13,11,16,23,27,0,8,0,11
2001,450967,1,1,0,0,0,0,0,0,0,0,0,0
2001,450968,1,1,8,0,6,23,19,0,31,3,24,13
2001,450968,2,1,16,23,0,21,11,15,23,16,20,23
2001,450969,0,1,0,0,0,0,0,0,0,0,0,0
2001,450969,1,1,0,0,0,0,0,0,0,0,0,0
2001,450971,1,1,0,0,0,0,0,0,0,0,0,0
2001,450971,2,1,0,0,0,0,10,0,0,0,0,0
2001,450972,1,1,5,7,26,18,5,8,0,11,7,12
2001,450972,2,1,37,37,37,37,37,37,37,37,37,37
2001,450973,1,1,0,0,0,0,0,0,0,0,0,0
2001,450973,2,1,0,0,0,0,0,0,0,0,0,0
2001,450974,0,1,15,9,14,21,13,49,30,20,0,12
2001,450974,1,1,0,11,20,0,20,0,0,0,0,0
2001,450975,1,1,22,22,22,22,22,22,22,22,22,22
2001,450976,1,1,0,0,0,0,0,0,0,0,0,0
2001,450976,2,1,0,0,0,0,0,0,0,0,14,0
2001,450977,1,1,0,39,26,8,17,32,10,14,26,22
2001,450978,1,1,29,29,29,29,29,29,29,29,29,29
2001,450979,1,1,13,13,13,13,13,13,13,13,13,13
2001,450980,1,1,0,0,0,0,0,0,0,0,0,0
2001,450980,2,1,0,0,0,0,0,4,0,0,0,0
2001,450981,1,1,0,0,0,0,0,0,0,0,0,19
2001,450981,2,1,0,0,0,0,0,0,0,0,0,0
2001,450982,1,1,16,0,19,17,18,15,32,0,0,0
2001,450983,1,1,0,0,0,0,0,0,0,0,0,0
2001,450984,1,1,15,15,15,15,15,15,15,15,15,15
2001,450985,1,1,0,0,0,9,0,0,0,0,0,0
2001,450985,2,1,0,0,0,0,0,0,0,0,10,0
2001,450986,1,1,22,22,22,22,22,22,22,22,22,22
2001,450988,1,1,0,0,25,27,13,0,22,23,10,31
2001,450989,0,1,0,0,0,0,0,0,0,0,0,0
2001,450989,1,1,0,0,0,0,0,0,0,0,0,0
2001,450991,1,1,17,17,17,17,17,17,17,17,17,17
2001,450993,1,1,21,21,21,21,21,21,21,21,21,21
2001,450995,1,1,0,36,0,0,0,0,7,0,0,0
2001,450995,2,1,8,18,7,10,18,35,18,24,15,11
2001,450996,1,1,9,9,9,9,9,9,9,9,9,9
2001,450996,2,1,0,0,0,0,0,0,0,0,0,0
2001,450998,0,1,0,0,0,0,0,0,0,0,0,0
2001,450998,1,1,0,0,0,0,17,0,0,0,0,9
2001,451001,1,1,18,18,18,18,18,18,18,18,18,18
2001,451002,0,1,19,19,19,19,19,19,19,19,19,19
2001,451002,1,1,14,0,0,0,9,0,4,0,19,0
2001,451003,0,1,5,5,5,5,5,5,5,5,5,5
2001,451003,1,1,22,19,0,0,13,20,24,8,15,20
2001,460001,1,1,29,29,29,29,29,29,29,29,29,29
2001,460002,1,1,0,0,0,0,0,0,0,0,0,0
2001,460003,1,1,20,20,20,20,20,20,20,20,20,20
2001,460003,2,1,21,21,21,21,21,21,21,21,21,21
2001,460004,1,1,0,0,0,0,0,0,0,2,18,0
2001,460004,2,1,0,0,0,0,0,0,0,0,0,0
2001,460005,1,1,0,0,0,0,0,0,0,0,0,0
2001,460006,1,1,0,0,0,0,0,0,0,0,0,0
2001,460006,2,1,0,0,0,0,0,0,0,0,0,0
2001,460006,3,1,0,0,12,0,0,0,0,0,0,0
2001,460007,0,1,0,0,0,0,0,0,0,0,0,0
2001,460007,1,1,0,0,0,0,0,0,0,0,0,0
2001,460008,1,1,0,0,0,0,0,0,0,0,0,0
2001,460009,0,1,19,19,19,19,19,19,19,19,19,19
2001,460009,1,1,6,6,6,6,6,6,6,6,6,6
2001,460010,1,1,26,26,26,26,26,26,26,26,26,26
2001,460011,1,1,26,26,26,26,26,26,26,26,26,26
2001,460012,1,1,0,0,0,0,0,0,0,0,0,0
2001,460012,2,1,0,0,0,0,0,0,0,0,0,0
2001,460013,1,1,22,22,22,22,22,22,22,22,22,22
2001,460014,1,1,22,22,22,22,22,22,22,22,22,22
2001,460014,2,1,0,0,0,0,0,0,0,0,0,0
2001,460015,1,1,0,0,8,0,0,0,0,0,0,15
2001,460015,2,1,0,0,0,0,0,0,0,0,0,0
2001,460015,3,1,0,0,0,0,0,0,0,0,0,0
2001,460016,1,1,0,0,0,0,0,0,0,0,0,0
2001,460016,2,1,0,0,9,13,0,16,0,0,0,0
2001,460017,1,1,0,0,0,0,0,0,0,0,0,0
2001,460017,2,1,0,0,0,0,0,0,0,0,0,0
2001,460018,1,1,0,0,0,0,0,0,0,0,0,0
2001,460018,2,1,0,0,0,0,0,0,0,0,0,0
2001,460019,1,1,20,20,20,20,20,20,20,20,20,20
2001,460020,1,1,14,14,14,14,14,14,14,14,14,14
2001,460020,2,1,0,0,0,0,0,0,0,0,0,0
2001,460021,1,1,0,0,0,0,0,0,0,0,0,0
2001,460021,2,1,0,0,0,0,0,0,0,0,0,0
2001,460021,3,1,0,0,0,0,0,0,0,0,0,0
2001,460022,1,1,0,0,0,0,0,0,0,0,0,0
2001,460022,2,1,0,0,0,0,0,0,0,0,0,0
2001,460023,1,1,0,0,0,0,0,0,0,0,0,0
2001,460023,2,1,0,0,0,0,0,0,0,0,0,0
2001,460024,1,1,0,0,0,0,0,0,0,0,0,0
2001,460025,1,1,20,20,20,20,20,20,20,20,20,20
2001,460026,1,1,17,17,17,17,17,17,17,17,17,17
2001,460026,2,1,0,0,0,0,0,0,0,0,0,0
2001,460027,1,1,0,0,0,0,0,0,0,0,0,0
2001,460028,1,1,0,0,0,0,0,0,0,0,0,0
2001,460029,1,1,0,5,0,0,0,3,0,14,0,0
2001,460029,2,1,0,0,0,0,0,17,0,0,0,0
2001,460030,0,1,31,31,31,31,31,31,31,31,31,31
2001,460030,1,1,0,0,0,0,0,0,0,0,0,0
2001,460031,1,1,0,0,0,19,0,0,0,0,0,0
2001,460032,1,1,0,0,0,0,0,0,0,0,0,0
2001,460032,2,1,0,0,0,0,0,0,0,0,0,0
2001,460033,1,1,20,20,20,20,20,20,20,20,20,20
2001,460034,1,1,15,15,15,15,15,15,15,15,15,15
2001,460035,1,1,5,5,5,5,5,5,5,5,5,5
2001,460036,1,1,0,0,0,0,14,0,0,0,0,0
2001,460036,2,1,0,0,0,0,0,0,0,0,0,0
2001,460037,1,1,0,0,0,0,0,0,0,0,0,0
2001,460038,1,1,0,0,0,0,0,0,0,0,0,0
2001,460038,2,1,23,23,23,23,23,23,23,23,23,23
2001,460039,1,1,0,0,0,0,0,0,0,0,0,0
2001,460040,1,1,0,0,0,0,0,0,0,0,0,0
2001,460041,1,1,0,0,0,0,0,0,0,0,0,0
2001,460041,2,1,0,0,0,0,0,0,0,0,0,0
2001,460042,1,1,0,0,0,0,0,0,0,0,0,0
2001,460043,1,1,14,14,14,14,14,14,14,14,14,14
2001,460044,1,1,0,0,0,0,0,0,0,0,0,0
2001,460044,2,1,0,0,0,0,0,0,0,0,3,0
2001,460044,3,1,0,0,0,0,0,0,0,0,0,0
2001,460045,1,1,17,17,17,17,17,17,17,17,17,17
2001,460046,1,1,0,0,0,0,0,0,0,0,0,0
2001,460047,1,1,0,0,0,0,0,0,0,0,0,0
2001,460048,1,1,13,13,13,13,13,13,13,13,13,13
2001,460049,0,1,0,11,32,11,0,23,0,0,12,0
2001,460049,1,1,0,0,0,0,0,0,0,0,0,0
2001,460050,1,1,0,0,0,0,0,0,0,12,0,0
2001,460051,1,3,0,0,0,0,25,0,5,5,13,0
2001,460052,1,1,28,28,28,28,28,28,28,28,28,28
2001,460052,2,1,0,0,0,0,0,0,0,0,0,0
2001,460052,3,1,8,8,8,8,8,8,8,8,8,8
2001,460053,1,1,0,0,0,0,0,0,0,0,0,0
2001,460054,1,1,0,0,0,0,0,0,0,0,0,0
2001,460054,2,1,0,0,0,0,0,0,0,0,0,0
2001,460055,1,1,0,0,0,0,0,0,0,0,0,0
2001,460055,2,1,23,23,23,23,23,23,23,23,23,23
2001,460056,1,1,0,0,0,0,0,0,0,0,0,0
2001,460057,1,1,5,5,5,5,5,5,5,5,5,5
2001,460058,1,1,19,19,19,19,19,19,19,19,19,19
2001,460059,1,1,11,11,11,11,11,11,11,11,11,11
2001,460060,1,1,24,24,24,24,24,24,24,24,24,24
2001,460061,1,1,0,0,0,0,0,0,0,0,0,0
2001,460062,0,1,0,0,0,0,0,0,0,0,0,0
2001,460062,1,1,0,16,0,0,0,0,0,0,0,0
2001,460063,1,1,1,1,1,1,1,1,1,1,1,1
2001,460063,2,1,0,0,0,0,0,0,0,0,0,0
2001,460064,1,1,1,1,1,1,1,1,1,1,1,1
2001,460064,2,1,0,0,0,0,0,0,0,0,0,0
2001,460065,1,1,0,0,0,0,0,0,0,0,0,0
2001,460065,2,1,0,0,0,0,0,0,0,0,0,0
2001,460066,1,1,0,0,0,0,0,0,0,0,0,0
2001,460066,2,1,0,0,0,0,0,0,0,0,0,0
2001,460067,1,1,0,0,0,0,0,0,0,0,0,0
2001,460067,2,1,0,0,0,0,18,0,0,0,0,0
2001,460068,1,1,0,0,0,0,0,0,0,0,0,0
2001,460068,2,1,0,0,0,0,0,0,0,0,0,0
2001,460069,1,1,0,0,0,0,0,0,0,0,0,0
2001,460069,2,1,9,9,9,9,9,9,9,9,9,9
2001,460070,1,1,12,12,12,12,12,12,12,12,12,12
2001,460071,1,1,4,23,0,0,27,0,22,9,0,6
2001,460072,1,1,0,0,0,0,0,0,0,0,0,0
2001,460073,1,1,14,14,14,14,14,14,14,14,14,14
2001,460074,1,1,4,4,4,4,4,4,4,4,4,4
2001,460075,1,1,0,0,0,0,0,0,0,0,0,0
2001,460075,2,1,0,0,0,0,0,0,0,0,0,0
2001,460076,1,1,0,0,0,0,0,0,0,0,0,0
2001,460076,2,1,0,0,0,0,0,0,0,0,9,6
2001,460077,0,1,2,0,13,0,0,0,0,0,0,0
2001,460077,0,2,0,0,0,0,0,0,0,0,0,0
2001,460077,1,1,12,13,0,0,8,0,9,7,31,4
2001,460078,1,1,12,12,12,12,12,12,12,12,12,12
2001,460079,1,1,0,0,0,0,0,0,0,0,0,0
2001,460079,2,1,0,0,0,0,0,0,0,0,0,0
2001,460080,1,1,0,0,0,0,0,0,0,0,0,0
2001,460081,0,1,0,0,0,0,28,0,0,0,4,21
2001,460081,0,2,0,0,0,0,0,0,0,0,0,0
2001,460081,1,1,0,0,0,0,0,0,0,0,0,0
2001,460082,1,1,0,0,0,0,0,0,0,0,0,0
2001,460083,1,1,19,19,19,19,19,19,19,19,19,19
2001,460084,1,1,0,0,0,0,0,0,0,0,0,0
2001,460084,2,1,0,0,0,0,0,0,0,0,0,0
2001,460085,1,1,26,26,26,26,26,26,26,26,26,26
2001,460086,1,1,0,0,0,0,0,0,0,0,0,0
2001,460086,2,1,0,0,0,0,0,0,0,0,0,0
2001,460087,1,1,29,29,29,29,29,29,29,29,29,29
2001,460088,1,1,0,0,0,0,0,0,0,0,0,0
2001,460089,1,1,0,0,33,0,18,9,16,13,0,9
2001,460089,2,1,0,0,0,0,0,0,0,0,0,0
2001,460090,1,1,0,0,0,0,0,0,0,0,0,0
2001,460090,2,1,0,0,0,0,0,0,0,0,0,0
2001,460091,1,1,0,0,0,0,0,0,0,0,0,0
2001,460092,1,1,0,0,0,0,0,0,0,0,0,0
2001,460093,1,1,17,17,17,17,17,17,17,17,17,17
2001,460094,1,1,31,16,23,16,8,23,24,16,30,22
2001,460095,1,1,0,0,0,0,0,0,0,0,0,0
2001,460096,0,1,0,0,0,0,0,0,25,0,26,0
2001,460096,1,1,0,0,0,0,0,0,0,0,0,0
2001,460097,1,1,0,0,0,0,0,0,0,0,0,0
2001,460097,2,1,0,0,0,0,0,0,0,0,0,0
2001,460098,1,1,0,0,0,0,0,0,0,0,0,0
2001,460098,2,1,16,16,16,16,16,16,16,16,16,16
2001,460099,1,1,0,0,0,0,0,0,0,0,10,0
2001,460100,1,1,16,11,12,6,16,21,21,14,11,24
2001,460101,1,1,14,14,14,14,14,14,14,14,14,14
2001,460102,0,1,0,0,0,3,0,16,0,0,0,0
2001,460102,1,1,2,0,0,0,0,0,0,0,0,0
2001,460103,1,1,0,0,0,0,0,0,0,0,0,0
2001,460104,1,1,0,0,0,0,0,0,0,0,0,0
2001,460104,2,1,0,0,0,0,0,0,0,0,0,0
2001,460105,1,1,30,30,30,30,30,30,30,30,30,30
2001,460106,1,1,0,0,0,0,0,0,0,0,0,0
2001,460106,2,1,26,26,26,26,26,26,26,26,26,26
2001,460107,1,1,0,0,0,0,0,0,0,0,0,0
2001,460107,2,1,0,0,0,0,0,0,0,0,0,0
2001,460108,1,1,0,0,0,0,0,0,0,0,0,0
2001,460108,2,1,0,18,0,0,0,0,0,0,0,0
2001,460109,1,1,18,18,18,18,18,18,18,18,18,18
2001,460110,1,1,0,0,0,0,0,0,0,0,0,0
2001,460111,1,1,0,0,0,0,0,0,0,0,0,0
2001,460111,2,1,0,0,0,0,0,0,0,0,0,0
2001,460112,1,1,20,0,2,0,0,3,0,0,0,0
2001,460113,1,1,0,0,0,0,0,0,0,0,0,0
2001,460114,1,1,16,16,16,16,16,16,16,16,16,16
2001,460114,2,1,0,0,0,0,0,0,0,0,0,0
2001,460114,3,1,0,16,0,0,0,0,0,0,0,0
2001,460115,1,1,19,19,19,19,19,19,19,19,19,19
2001,460115,2,1,0,0,0,0,0,0,0,0,0,0
2001,460116,1,1,12,12,12,12,12,12,12,12,12,12
2001,460117,1,1,0,0,0,0,0,27,0,0,0,0
2001,460118,1,1,0,0,0,0,0,0,0,0,0,0
2001,460118,2,1,0,0,0,0,0,0,0,0,0,0
2001,460119,1,1,0,0,0,0,0,0,0,0,0,0
2001,460119,2,1,0,0,0,0,0,0,0,0,0,0
2001,460120,1,1,0,0,0,0,0,0,0,0,0,0
2001,460120,2,1,0,0,0,0,0,0,0,0,0,0
2001,460121,1,1,0,0,0,0,0,0,0,0,0,0
2001,460122,1,1,3,3,3,3,3,3,3,3,3,3
2001,460123,1,1,29,29,29,29,29,29,29,29,29,29