YEAR,st_case,veh_no,per_no,P1,P2,P3,P4,P5,P6,P7,P8,P9,P10
2001,460123,2,1,0,0,0,0,0,0,0,0,0,0
2001,460124,1,1,0,0,0,0,0,0,0,0,0,0
2001,460125,1,1,0,5,14,16,11,11,18,3,13,0
2001,460126,1,1,6,6,6,6,6,6,6,6,6,6
2001,460127,1,1,0,0,0,0,0,0,0,0,0,0
2001,460128,1,1,0,0,0,0,0,0,0,0,0,0
2001,460129,0,1,0,0,15,21,0,29,0,13,0,0
2001,460129,1,1,16,6,0,15,0,10,0,8,0,0
2001,460130,1,1,17,0,0,35,0,0,0,0,0,0
2001,460131,1,1,0,15,16,14,0,21,46,0,23,0
2001,460132,1,1,21,21,21,21,21,21,21,21,21,21
2001,460133,0,1,0,0,0,0,0,0,0,0,0,0
2001,460133,0,2,0,0,0,0,0,0,0,0,0,0
2001,460133,1,1,25,25,25,25,25,25,25,25,25,25
2001,460134,1,1,21,21,21,21,21,21,21,21,21,21
2001,460135,1,1,6,6,6,6,6,6,6,6,6,6
2001,460135,2,1,0,0,0,0,0,0,0,0,0,0
2001,460136,1,1,21,21,21,21,21,21,21,21,21,21
2001,460137,1,1,18,18,18,18,18,18,18,18,18,18
2001,460138,1,1,16,16,16,16,16,16,16,16,16,16
2001,460138,2,1,0,0,0,0,0,0,0,0,0,0
2001,460139,1,1,0,0,0,0,0,0,0,0,0,0
2001,460139,2,1,0,0,0,0,0,0,0,0,0,0
2001,460140,1,1,23,23,23,23,23,23,23,23,23,23
2001,460140,2,1,0,0,0,0,0,0,0,0,0,0
2001,460141,1,1,25,25,25,25,25,25,25,25,25,25
2001,460142,1,1,0,0,0,0,0,0,0,0,0,0
2001,460142,2,1,0,0,0,0,0,0,0,20,0,0
2001,460143,0,1,18,18,18,18,18,18,18,18,18,18
2001,460143,0,2,14,14,14,14,14,14,14,14,14,14
2001,460143,1,1,19,19,19,19,19,19,19,19,19,19
2001,460144,0,1,13,23,21,24,19,8,23,3,15,18
2001,460144,1,1,8,11,0,1,16,2,0,5,0,0
2001,460145,0,1,26,35,20,17,29,0,15,6,33,19
2001,460145,1,1,10,9,3,5,16,2,5,2,15,9
2001,460146,1,1,16,16,16,16,16,16,16,16,16,16
2001,460147,1,1,0,0,0,29,13,0,0,22,0,0
2001,460147,2,1,0,11,0,0,0,0,0,0,0,0
2001,460148,1,1,0,0,0,0,0,0,0,0,0,0
2001,460148,2,1,0,0,0,0,0,0,0,0,0,0
2001,460149,0,1,34,11,20,27,13,11,25,18,0,23
2001,460149,1,1,0,0,0,0,0,0,0,0,0,0
2001,460150,1,1,0,18,11,15,17,13,17,20,6,24
2001,460151,1,1,0,0,0,0,0,16,0,13,0,0
2001,460152,0,1,0,0,16,12,0,0,0,0,0,0
2001,460152,1,1,0,0,0,0,0,0,0,0,0,0
2001,460152,3,1,13,0,0,0,0,0,0,0,0,0
2001,460153,1,1,0,0,0,0,0,0,0,0,0,0
2001,460154,1,1,0,0,0,0,0,0,0,0,0,0
2001,460154,2,1,0,0,0,0,0,3,0,0,0,0
2001,470001,1,1,0,0,0,0,0,0,0,0,0,0
2001,470001,2,1,0,0,0,0,0,0,0,0,0,0
2001,470001,3,1,0,0,0,0,0,0,22,0,0,0
2001,470002,1,1,0,0,0,15,0,0,0,0,0,0
2001,470002,2,1,0,0,0,0,0,0,0,0,0,0
2001,470003,0,1,16,0,0,13,0,29,0,5,7,0
2001,470003,1,1,0,20,0,0,0,0,5,19,0,10
2001,470003,3,1,0,0,0,0,0,0,0,0,0,0
2001,470004,1,1,0,0,0,0,0,0,0,0,0,0
2001,470004,2,1,0,0,0,0,0,0,0,0,0,0
2001,470005,1,1,0,20,7,0,0,5,18,7,0,12
2001,470005,2,1,0,0,0,0,0,0,0,0,0,0
2001,470006,1,1,15,15,15,15,15,15,15,15,15,15
2001,470006,2,1,0,0,0,0,0,0,0,0,0,0
2001,470006,3,1,0,0,0,0,0,0,0,0,0,0
2001,470007,1,1,21,17,5,0,0,0,0,2,17,4
2001,470008,1,1,0,0,0,0,0,0,0,0,0,0
2001,470009,1,1,0,0,0,0,5,0,0,18,0,15
2001,470009,2,1,0,0,0,0,0,0,0,0,0,0
2001,470009,3,1,0,0,0,0,0,0,0,0,0,0
2001,470009,4,1,0,0,0,0,0,0,0,0,0,0
2001,470010,1,1,0,0,0,0,0,0,0,0,0,0
2001,470010,2,1,0,0,0,0,0,0,0,0,0,0
2001,470011,1,1,29,31,0,29,12,22,16,15,15,38
2001,470012,1,1,10,10,10,10,10,10,10,10,10,10
2001,470014,1,1,0,0,0,0,0,0,0,0,0,0
2001,470014,2,1,0,0,0,0,0,0,0,0,0,0
2001,470015,1,1,10,8,5,14,10,26,17,19,45,17
2001,470015,2,1,0,14,0,0,0,0,0,0,0,0
2001,470016,1,1,0,0,0,0,0,0,0,0,0,0
2001,470016,2,1,0,0,0,0,0,0,0,0,0,0
2001,470017,1,1,0,0,0,0,0,0,0,0,0,0
2001,470018,1,1,0,4,0,0,20,17,19,0,20,13
2001,470019,1,1,10,28,20,24,0,31,18,17,0,23
2001,470020,1,1,17,15,8,15,15,11,32,0,46,20
2001,470021,1,1,15,32,6,24,9,4,0,0,0,0
2001,470021,2,1,0,0,0,0,0,0,0,0,0,0
2001,470022,1,1,0,0,0,0,0,0,0,0,0,0
2001,470022,2,1,0,0,0,0,0,0,12,0,0,0
2001,470023,0,1,21,5,0,38,11,0,0,0,0,15
2001,470023,1,1,0,0,0,0,0,0,0,0,0,0
2001,470024,1,1,0,0,0,0,0,0,0,0,0,0
2001,470024,2,1,0,0,0,0,0,0,0,0,12,0
2001,470025,1,1,0,0,0,0,0,0,0,0,0,0
2001,470025,2,1,0,0,0,0,0,0,0,0,0,0
2001,470026,1,1,0,0,0,0,0,0,0,0,0,0
2001,470026,2,1,0,0,0,0,0,0,0,0,0,0
2001,470027,1,1,31,12,12,16,30,17,20,7,21,10
2001,470030,1,1,0,0,13,21,46,0,0,17,16,0
2001,470031,1,1,0,0,0,0,0,0,0,0,0,0
2001,470031,2,1,0,0,6,0,0,0,16,0,0,0
2001,470032,1,1,28,31,0,7,14,0,16,0,14,25
2001,470033,1,1,0,8,0,35,0,0,21,28,0,0
2001,470033,2,1,0,0,0,0,0,0,0,0,23,0
2001,470033,3,1,0,0,0,0,0,0,0,0,0,0
2001,470034,1,1,0,0,0,0,0,0,0,0,0,0
2001,470034,2,1,0,0,0,0,0,0,0,0,0,0
2001,470036,1,1,0,0,0,0,0,0,0,0,0,0
2001,470036,2,1,0,0,0,0,0,0,0,0,0,0
2001,470036,3,1,0,0,0,0,12,0,0,0,0,0
2001,470037,1,1,0,0,0,0,0,0,0,0,0,0
2001,470037,2,1,0,0,0,0,0,0,0,0,0,0
2001,470038,0,1,0,0,0,0,0,0,0,0,0,0
2001,470038,1,1,0,0,0,0,0,0,0,0,0,0
2001,470039,1,1,3,0,16,0,0,22,8,16,6,12
2001,470039,2,1,0,0,0,0,0,0,0,0,0,0
2001,470040,1,1,0,0,0,0,0,0,0,0,0,0
2001,470041,1,1,0,0,0,0,0,0,0,0,0,0
2001,470041,2,1,0,0,0,0,0,0,0,0,0,0
2001,470041,3,1,0,0,0,0,0,0,0,0,0,0
2001,470042,1,1,0,0,0,0,0,0,0,0,0,0
2001,470043,0,1,0,11,21,23,0,0,0,11,0,0
2001,470043,1,1,10,13,10,0,0,7,7,17,20,16
2001,470044,1,1,20,20,20,20,20,20,20,20,20,20
2001,470045,1,1,23,23,23,23,23,23,23,23,23,23
2001,470046,1,1,0,0,0,0,0,0,18,0,0,0
2001,470046,2,1,0,0,0,0,0,0,0,0,0,0
2001,470047,1,1,17,13,7,24,17,22,11,17,21,15
2001,470048,1,1,0,21,4,6,4,17,5,9,16,2
2001,470049,1,1,16,16,16,16,16,16,16,16,16,16
2001,470050,0,1,30,16,14,17,11,0,14,2,53,0
2001,470050,1,1,0,0,0,0,0,0,0,0,0,0
2001,470051,1,1,20,14,18,15,9,25,21,12,21,25
2001,470052,0,1,0,9,0,0,24,0,0,0,0,0
2001,470052,1,1,9,11,4,0,0,9,0,6,20,11
2001,470053,0,1,31,12,23,22,22,22,24,29,25,23
2001,470053,1,1,0,0,0,0,0,0,0,0,0,0
2001,470054,1,1,0,0,0,0,0,0,0,0,0,0
2001,470055,1,1,23,12,8,13,15,18,23,30,27,17
2001,470056,1,1,0,0,0,0,19,10,0,0,0,0
2001,470057,1,1,8,15,6,19,0,15,23,21,0,13
2001,470058,0,1,0,0,0,0,0,0,0,0,0,0
2001,470058,1,1,9,0,0,6,25,0,0,13,0,0
2001,470059,1,1,20,24,10,17,29,0,14,0,0,13
2001,470059,2,1,0,0,8,0,0,0,13,0,0,0
2001,470059,3,1,0,10,19,14,9,0,0,0,0,0
2001,470061,1,1,12,0,0,0,0,0,0,0,11,0
2001,470062,1,1,0,0,0,0,0,0,0,0,0,0
2001,470062,2,1,0,0,0,0,0,0,0,0,0,0
2001,470062,3,1,0,0,0,0,0,0,0,0,0,3
2001,470062,4,1,0,0,0,0,0,0,0,0,0,0
2001,470063,0,1,15,5,0,0,17,26,0,31,4,29
2001,470063,1,1,0,0,14,0,0,0,0,0,4,0
2001,470064,1,1,12,30,14,16,0,7,10,18,13,12
2001,470064,2,1,0,0,0,0,0,0,0,0,0,0
2001,470066,1,1,11,26,0,12,0,6,15,13,23,11
2001,470067,1,1,3,3,3,3,3,3,3,3,3,3
2001,470067,2,1,26,26,26,26,26,26,26,26,26,26
2001,470068,1,1,0,0,0,0,0,0,0,0,0,0
2001,470069,1,1,14,14,14,14,14,14,14,14,14,14
2001,470070,1,1,0,17,0,5,0,36,17,19,15,12
2001,470071,1,1,0,0,0,0,0,0,0,0,0,0
2001,470071,2,1,0,0,0,0,0,0,0,0,0,0
2001,470072,1,1,0,0,0,0,0,0,0,0,0,0
2001,470072,2,1,0,0,4,0,0,0,0,0,0,0
2001,470073,1,1,0,0,0,0,0,0,0,0,0,0
2001,470073,2,1,0,0,0,9,0,0,0,0,0,0
2001,470074,1,1,20,27,22,21,23,19,4,2,7,27
2001,470074,2,1,22,0,0,25,0,0,0,15,0,24
2001,470075,1,1,12,28,9,15,4,0,18,0,11,21
2001,470075,2,1,0,0,0,0,0,11,0,0,0,16
2001,470076,1,1,0,0,0,0,0,0,0,0,0,0
2001,470077,1,1,24,24,24,24,24,24,24,24,24,24
2001,470078,1,1,0,0,0,0,0,0,0,0,0,0
2001,470078,2,1,0,0,0,0,0,0,0,0,0,0
2001,470078,3,1,0,0,0,0,0,0,0,0,0,0
2001,470079,1,1,9,4,0,22,22,0,15,9,25,13
2001,470080,1,1,0,0,0,0,0,24,0,0,0,0
2001,470080,2,1,27,0,9,0,0,0,0,0,6,20
2001,470081,1,1,25,20,2,7,18,19,33,19,18,10
2001,470082,1,1,0,0,0,0,0,0,0,0,0,0
2001,470082,2,1,0,0,0,0,0,18,0,0,0,0
2001,470083,1,1,0,0,13,0,20,0,19,0,0,26
2001,470084,1,1,0,0,18,0,0,0,11,0,0,0
2001,470085,1,1,0,0,0,0,0,22,0,0,0,0
2001,470085,2,1,0,0,0,0,0,0,0,0,0,0
2001,470086,1,1,0,0,0,0,0,0,0,7,0,0
2001,470087,1,1,16,13,16,11,0,21,22,27,22,7
2001,470088,1,1,26,12,8,0,0,9,15,17,22,15
2001,470088,2,1,0,0,11,7,15,6,12,0,0,28
2001,470089,1,1,0,0,0,0,0,0,0,0,0,0
2001,470089,2,1,0,0,0,0,0,0,0,0,0,0
2001,470090,1,1,11,15,0,3,29,13,0,0,0,14
2001,470090,2,1,0,0,0,0,0,0,0,0,0,0
2001,470091,1,1,21,12,21,12,9,13,35,27,7,34
2001,470091,2,1,0,0,0,0,10,0,0,0,0,0
2001,470092,1,1,0,0,0,0,0,0,0,0,0,0
2001,470092,2,1,0,0,0,0,0,0,0,0,0,0
2001,470093,1,1,0,15,0,25,13,19,50,18,38,19
2001,470094,1,1,0,0,0,0,0,0,0,0,0,0
2001,470095,1,1,0,0,0,0,0,0,0,0,0,0
2001,470095,2,1,0,0,0,0,0,0,0,0,10,0
2001,470096,1,1,0,0,0,0,0,0,0,0,11,9
2001,470097,1,1,0,22,38,24,15,34,21,19,25,23
2001,470098,1,1,17,0,0,0,0,0,0,0,0,0
2001,470098,2,1,0,0,38,0,20,0,28,17,24,20
2001,470099,0,1,0,0,0,0,0,0,0,0,0,0
2001,470099,1,1,0,0,0,0,0,0,4,14,0,0
2001,470100,1,1,0,0,0,0,0,0,0,0,0,0
2001,470100,2,1,0,18,0,24,0,24,0,0,0,0
2001,470101,1,1,15,0,13,21,0,0,8,8,0,33
2001,470101,2,1,0,0,0,8,0,0,0,0,0,0
2001,470102,0,1,7,19,36,0,19,8,0,15,8,17
2001,470102,1,1,0,0,0,0,0,0,0,0,0,0
2001,470103,1,1,0,20,13,12,0,0,0,0,0,0
2001,470104,1,1,0,0,0,0,0,0,0,0,0,0
2001,470105,1,1,0,0,0,0,0,0,0,0,0,0
2001,470105,2,1,0,0,0,0,0,0,0,0,0,0
2001,470106,1,1,0,0,0,0,0,0,0,0,0,0
2001,470106,2,1,0,0,7,0,0,0,0,0,0,0
2001,470107,1,1,22,24,15,19,12,42,17,34,50,16
2001,470108,1,1,21,21,21,21,21,21,21,21,21,21
2001,470109,1,1,14,13,17,0,21,0,0,0,27,34
2001,470109,2,1,0,0,0,0,0,0,0,0,0,0
2001,470110,1,1,8,8,8,8,8,8,8,8,8,8
2001,470111,0,1,19,0,0,0,24,0,0,0,0,0
2001,470111,1,1,0,0,0,0,0,0,0,0,0,0
2001,470112,0,1,0,0,0,0,0,0,0,0,0,0
2001,470112,1,1,0,0,0,0,0,0,0,0,0,0
2001,470113,0,1,0,0,0,0,0,0,0,0,0,0
2001,470113,1,1,0,0,0,0,0,0,0,0,0,0
2001,470114,1,1,25,28,25,28,25,36,15,0,22,26
2001,470115,1,1,22,20,5,8,0,7,4,22,0,21
2001,470116,1,1,0,18,0,0,0,0,26,0,0,0
2001,470116,2,1,0,0,0,3,17,0,0,0,0,0
2001,470116,3,1,0,0,0,0,0,0,0,0,0,0
2001,470117,0,1,0,0,0,0,0,0,0,0,0,0
2001,470117,1,1,0,0,0,0,0,0,0,12,0,0
2001,470117,2,1,4,11,0,18,0,7,0,0,8,12
2001,470118,1,1,0,0,0,0,0,12,0,0,0,0
2001,470119,1,1,17,13,22,8,0,4,22,0,3,11
2001,470120,1,1,12,0,0,22,0,12,37,20,0,0
2001,470121,1,1,17,4,9,15,16,2,13,19,24,0
2001,470122,1,1,0,0,0,0,0,0,0,0,0,0
2001,470122,2,1,0,0,0,0,0,2,0,0,0,0
2001,470122,3,1,0,0,0,0,0,0,0,0,0,0
2001,470122,4,1,0,0,0,0,0,0,0,0,0,3
2001,470123,1,1,0,0,0,26,0,13,0,0,21,0
2001,470123,2,1,0,0,0,0,0,0,0,0,0,0
2001,470124,1,1,13,0,23,15,0,0,17,0,17,14
2001,470125,1,1,14,0,0,0,0,0,0,0,0,0
2001,470125,2,1,0,0,0,0,0,0,0,0,0,0
2001,470126,1,1,8,0,0,15,13,7,6,11,0,0
2001,470127,1,1,0,18,0,0,0,0,0,0,0,16
2001,470128,1,1,5,0,15,0,0,16,0,15,0,12
2001,470129,1,1,0,0,0,0,0,0,11,0,0,0
2001,470129,2,1,0,0,0,0,0,30,0,24,0,0
2001,470129,3,1,0,0,0,0,0,0,0,0,0,0
2001,470129,4,1,0,0,0,0,0,0,0,0,0,0
2001,470130,0,1,0,0,0,0,0,0,0,0,0,0
2001,470130,0,2,0,6,13,24,7,12,17,34,22,0
2001,470130,1,1,0,0,0,0,0,0,0,0,0,0
2001,470131,1,1,0,0,0,0,0,0,0,0,0,0
2001,470132,1,1,0,0,0,0,0,0,0,0,0,0
2001,470132,2,1,0,0,0,15,0,0,8,0,15,0
2001,470132,3,1,0,0,0,0,0,0,0,0,0,0
2001,470133,0,1,12,12,12,12,12,12,12,12,12,12
2001,470133,0,2,12,12,12,12,12,12,12,12,12,12
2001,470133,1,1,0,0,0,0,0,0,0,0,0,0
2001,470134,1,1,0,0,0,0,14,0,0,0,0,0
2001,470134,2,1,0,0,0,23,19,5,0,0,16,7
2001,470135,1,1,0,0,0,0,0,0,0,0,0,0
2001,470136,0,1,0,0,0,0,0,0,0,0,0,0
2001,470137,1,1,0,0,0,0,0,0,0,0,0,0
2001,470137,2,1,0,0,0,0,0,0,0,0,0,0
2001,470138,1,1,0,0,0,0,0,0,0,0,0,0
2001,470138,2,1,21,21,21,21,21,21,21,21,21,21
2001,470139,1,1,0,17,0,0,0,0,10,0,10,0
2001,470140,0,1,0,27,16,0,0,0,0,0,11,0
2001,470140,0,2,0,0,0,13,0,29,9,22,33,12
2001,470140,1,1,10,17,14,16,6,10,25,13,20,14
2001,470141,1,1,0,0,0,0,0,0,0,0,0,0
2001,470142,1,1,18,18,18,18,18,18,18,18,18,18
2001,470143,0,1,14,15,0,19,18,8,8,26,44,12
2001,470143,1,1,8,8,8,8,8,8,8,8,8,8
2001,470144,1,1,0,0,0,0,0,0,0,0,0,0
2001,470144,2,1,0,0,0,0,0,0,0,0,0,0
2001,470145,1,1,0,0,0,0,0,0,0,0,0,0
2001,470145,2,1,0,0,0,0,0,0,0,0,0,0
2001,470147,0,1,20,12,15,0,19,0,14,0,20,27
2001,470147,1,1,0,0,0,0,0,0,0,0,0,0
2001,470148,1,1,0,0,0,0,0,0,0,0,0,0
2001,470148,2,1,0,0,0,0,0,0,0,0,0,0
2001,470149,1,1,0,21,0,7,12,8,20,30,21,0
2001,470150,0,1,14,0,0,0,0,13,0,25,0,0
2001,470150,1,1,0,0,0,0,0,0,0,0,0,9
2001,470151,1,1,0,0,0,0,0,0,25,0,0,0
2001,470151,2,1,22,12,33,13,25,10,18,10,21,12
2001,470153,1,1,0,0,0,0,0,0,0,0,0,0
2001,470154,1,1,0,0,0,0,7,0,0,0,0,0
2001,470156,0,1,0,0,0,0,0,0,0,0,0,0
2001,470156,1,1,0,0,0,0,0,0,0,0,0,0
2001,470156,2,1,0,0,0,0,0,0,0,0,0,0
2001,470157,1,1,0,28,0,0,21,0,0,0,0,19
2001,470157,2,1,0,0,0,0,0,0,0,0,0,0
2001,470158,1,1,0,0,0,0,0,17,15,0,13,11
2001,470159,1,1,0,0,0,0,0,0,0,0,0,0
2001,470159,2,1,14,16,41,0,15,23,5,7,11,22
2001,470159,3,1,0,0,0,0,0,0,0,0,0,0
2001,470160,1,1,0,0,0,0,0,0,0,0,0,0
2001,470160,2,1,0,0,0,0,0,0,0,0,0,0
2001,470161,1,1,0,0,0,9,0,0,10,0,0,0
2001,470162,1,1,0,0,0,0,0,0,13,0,0,0
2001,470162,2,1,0,0,0,0,0,0,0,0,0,0
2001,470162,3,1,0,0,0,0,0,0,0,0,0,0
2001,470163,1,1,0,0,0,0,0,0,0,0,0,0
2001,470164,1,1,0,17,0,0,0,7,0,0,0,13
2001,470164,2,1,6,0,0,0,0,0,0,0,0,0
2001,470165,1,1,0,0,0,0,0,0,0,0,0,0
2001,470165,2,1,0,0,0,0,0,0,0,0,0,0
2001,470166,1,1,35,22,34,19,0,21,0,16,0,28
2001,470167,1,1,0,0,0,0,0,0,0,0,0,0
2001,470167,2,1,0,0,0,0,0,0,0,0,8,0
2001,470168,1,1,0,0,0,0,0,0,0,0,0,0
2001,470168,2,1,21,21,21,21,21,21,21,21,21,21
2001,470169,1,1,0,0,0,0,0,0,0,6,0,0
2001,470170,0,1,0,0,0,0,0,0,0,11,0,0
2001,470170,1,1,0,0,0,0,0,0,0,0,0,0
2001,470171,1,1,5,5,5,5,5,5,5,5,5,5
2001,470171,2,1,11,11,11,11,11,11,11,11,11,11
2001,470172,1,1,0,0,0,10,26,0,0,30,15,17
2001,470172,2,1,0,0,0,0,0,0,0,0,0,0
2001,470173,1,1,0,0,3,0,0,0,0,0,0,0
2001,470173,2,1,0,0,0,0,0,0,0,0,0,0
2001,470174,1,1,0,0,0,0,0,0,0,0,0,0
2001,470174,2,1,0,0,0,0,0,0,0,5,0,0
2001,470175,1,1,14,0,14,0,7,35,0,13,25,9
2001,470177,1,1,8,8,0,8,0,0,13,0,19,3
2001,470178,1,1,0,0,0,0,0,0,0,0,0,0
2001,470178,2,1,0,0,0,0,0,0,0,0,0,0
2001,470179,1,1,7,7,7,7,7,7,7,7,7,7
2001,470179,2,1,0,0,0,0,0,0,0,0,0,0
2001,470180,1,1,23,29,23,22,15,16,6,21,8,23
2001,470180,2,1,0,0,0,0,0,0,0,0,0,0
2001,470181,1,1,0,0,0,0,0,0,0,0,0,0
2001,470181,2,1,0,0,0,0,0,0,0,0,0,0
2001,470182,1,1,14,0,0,0,0,0,18,0,0,0
2001,470182,2,1,0,0,0,0,0,0,0,0,0,0
2001,470183,1,1,0,0,0,0,0,0,0,0,0,0
2001,470183,2,1,0,0,0,0,0,0,0,0,0,12
2001,470184,1,1,0,0,0,0,0,21,0,21,0,0
2001,470185,1,1,0,0,0,19,0,0,0,0,0,0
2001,470186,0,1,0,0,11,0,0,0,0,0,0,0
2001,470186,1,1,0,0,0,0,0,0,0,0,0,0
2001,470186,2,1,0,0,0,0,0,0,0,0,0,0
2001,470187,1,1,0,0,0,15,0,0,0,0,0,0
2001,470187,2,1,0,0,0,0,0,13,0,19,0,0
2001,470190,1,1,0,0,0,0,0,0,0,0,0,0
2001,470190,2,1,0,0,0,0,0,0,0,0,0,0
2001,470191,1,1,21,21,21,21,21,21,21,21,21,21
2001,470192,1,1,0,0,0,0,0,0,0,0,0,0
2001,470192,2,1,0,0,0,0,0,0,0,0,0,0
2001,470194,0,1,24,37,8,22,0,26,0,0,28,0
2001,470194,1,1,7,0,0,0,0,0,0,0,0,0
2001,470194,2,1,0,4,0,0,0,0,0,0,0,0
2001,470196,1,1,0,0,0,0,0,0,0,0,0,0
2001,470196,2,1,20,20,20,20,20,20,20,20,20,20
2001,470197,1,1,0,0,0,0,12,0,0,0,0,0
2001,470198,1,1,0,19,13,12,42,0,13,4,28,0
2001,470199,0,1,14,30,18,19,0,12,12,20,15,17
2001,470199,1,1,0,0,0,0,0,0,0,0,6,0
2001,470200,1,1,0,0,0,0,0,0,0,0,0,0
2001,470200,2,1,0,0,30,0,0,0,0,0,0,0
2001,470201,1,1,19,14,24,6,8,27,19,17,22,27
2001,470202,1,1,0,0,8,0,0,0,0,0,4,0
2001,470202,2,1,0,0,0,0,0,0,0,0,12,10
2001,470203,1,1,0,0,0,0,0,0,0,0,0,0
2001,470204,1,1,17,40,4,23,4,21,29,8,20,22
2001,470205,1,1,0,0,25,0,14,7,0,0,0,0
2001,470206,1,1,0,0,0,0,0,0,0,0,0,0
2001,470206,2,1,0,0,0,0,0,0,0,0,0,0
2001,470207,1,1,0,0,0,0,0,0,0,0,0,0
2001,470207,2,1,0,0,0,0,0,0,0,15,0,0
2001,470208,1,1,20,20,6,4,9,16,19,17,15,24
2001,470209,1,1,0,0,0,20,15,0,9,15,3,20
2001,470209,2,1,9,10,11,6,0,9,8,7,12,16
2001,470210,1,1,19,18,8,16,18,6,24,27,28,10
2001,470210,2,1,0,0,0,0,0,0,0,0,0,0
2001,470211,1,1,0,0,0,0,0,0,0,0,0,0
2001,470211,2,1,14,14,14,14,14,14,14,14,14,14
2001,470212,1,1,0,0,0,0,0,0,0,0,0,0
2001,470213,1,1,0,0,0,0,0,0,0,0,0,0
2001,470213,2,1,0,0,0,0,0,0,0,0,0,0
2001,470214,1,1,0,0,0,0,0,0,0,0,0,0
2001,470214,2,1,0,0,0,0,0,0,0,0,0,0
2001,470215,1,1,10,24,0,0,0,20,7,20,22,0
2001,470216,1,1,0,17,8,24,12,0,17,22,15,0
2001,470217,1,1,0,0,0,0,0,0,0,17,0,0
2001,470217,2,1,0,0,0,0,0,0,0,0,0,0
2001,470218,1,1,31,0,0,30,13,15,0,0,13,34
2001,470219,1,1,0,17,3,29,36,0,0,6,0,21
2001,470220,1,1,0,0,0,0,0,0,0,17,0,0
2001,470220,2,1,0,0,0,0,0,0,0,0,0,0
2001,470221,1,1,10,0,15,0,0,0,0,25,12,0
2001,470222,1,1,0,0,0,0,0,0,0,0,0,0
2001,470223,1,1,0,30,0,0,0,0,8,0,0,0
2001,470224,1,1,7,0,0,0,0,0,0,0,0,0
2001,470224,2,1,0,11,19,0,0,23,0,0,0,0
2001,470225,1,1,28,0,23,5,0,0,0,7,10,0
2001,470226,1,1,0,0,0,0,0,0,0,0,0,0
2001,470226,2,1,0,0,0,0,0,0,0,0,0,0
2001,470226,3,1,0,0,0,0,0,0,0,0,0,0
2001,470226,4,1,0,0,0,0,0,0,0,0,0,0
2001,470226,5,1,0,0,0,0,0,0,0,0,0,0
2001,470226,6,1,0,0,0,0,0,0,0,0,0,0
2001,470227,1,1,0,0,0,0,0,0,0,0,0,0
2001,470227,2,1,0,0,0,0,0,0,0,0,0,0
2001,470228,1,1,0,0,0,9,0,0,0,0,0,0
2001,470229,1,1,0,23,6,12,30,46,29,31,11,13
2001,470229,2,1,0,0,17,20,0,0,10,0,0,10
2001,470230,1,1,19,16,13,22,0,16,0,0,0,10
2001,470231,1,1,0,0,0,0,0,0,0,0,0,0
2001,470231,2,1,0,0,0,0,0,0,0,0,0,0
2001,470231,3,1,0,0,0,0,0,0,0,0,0,0
2001,470232,1,1,15,0,0,0,7,0,0,0,10,0
2001,470233,1,1,0,0,27,21,0,7,17,12,26,22
2001,470234,1,1,0,0,0,0,0,0,0,0,0,0
2001,470234,2,1,4,0,0,0,6,0,0,0,0,0
2001,470235,1,1,0,0,14,0,0,0,0,17,33,0
2001,470236,1,1,0,0,0,0,9,0,0,27,0,0
2001,470236,2,1,13,15,0,15,17,0,26,9,37,0
2001,470237,1,1,0,0,0,0,0,0,0,0,0,0
2001,470237,2,1,0,0,0,0,0,0,0,0,0,0
2001,470237,3,1,0,0,0,0,0,0,0,0,8,0
2001,470238,1,1,33,0,0,0,0,0,0,0,0,0
2001,470238,2,1,0,0,0,0,0,0,0,0,4,0
2001,470239,1,1,0,22,14,0,0,0,0,0,0,0
2001,470239,2,1,0,0,10,26,17,0,17,0,13,13
2001,470239,3,1,0,0,0,0,0,0,9,0,0,0
2001,470239,4,1,0,0,9,0,0,0,0,0,0,0
2001,470239,5,1,0,0,0,0,0,0,0,0,0,0
2001,470239,6,1,0,0,0,0,0,0,0,0,0,0
2001,470240,1,1,0,0,0,0,0,0,0,0,0,0
2001,470240,2,1,0,0,0,0,0,0,0,0,0,0
2001,470241,1,1,0,8,0,0,0,0,8,10,0,0
2001,470241,2,1,0,0,0,0,0,0,0,0,0,0
2001,470241,3,1,0,0,0,0,0,0,0,0,0,12
2001,470242,1,1,0,0,0,16,0,20,0,0,0,0
2001,470242,2,1,0,0,0,0,0,0,0,0,0,0
2001,470243,1,1,0,0,0,0,0,0,0,0,0,0
2001,470243,2,1,0,0,0,0,0,0,0,0,0,0
2001,470243,3,1,0,0,0,0,0,0,0,0,0,0
2001,470244,1,1,23,22,0,0,0,0,14,15,29,0
2001,470245,1,1,0,0,0,0,0,0,0,0,0,0
2001,470245,2,1,0,0,0,0,0,0,0,0,0,0
2001,470246,1,1,14,19,11,20,12,23,0,0,17,33
2001,470247,1,1,0,0,0,0,5,0,0,0,0,0