YEAR,st_case,veh_no,per_no,P1,P2,P3,P4,P5,P6,P7,P8,P9,P10
2001,470248,1,1,0,0,0,0,0,0,0,0,0,0
2001,470249,1,1,0,0,0,0,0,0,0,0,0,0
2001,470249,2,1,0,0,0,0,0,0,0,0,0,0
2001,470250,1,1,0,0,0,0,0,0,0,0,0,0
2001,470251,1,1,0,0,0,0,0,0,0,0,0,27
2001,470251,2,1,0,0,0,0,0,0,0,0,0,0
2001,470252,1,1,7,7,7,7,7,7,7,7,7,7
2001,470252,2,1,0,0,0,0,0,0,0,0,12,0
2001,470252,3,1,0,0,0,0,0,0,0,0,0,0
2001,470252,4,1,0,0,0,0,0,0,0,0,0,0
2001,470253,0,1,28,28,28,28,28,28,28,28,28,28
2001,470253,1,1,0,0,0,0,0,0,0,0,0,0
2001,470254,1,1,0,0,0,0,0,0,0,0,0,0
2001,470254,2,1,0,0,0,0,0,21,0,0,0,0
2001,470255,1,1,24,15,15,6,7,0,11,0,0,0
2001,470255,2,1,0,0,0,0,0,0,0,0,0,0
2001,470256,1,1,7,25,0,16,0,15,0,12,0,18
2001,470257,1,1,0,0,0,0,0,0,0,0,0,0
2001,470258,1,1,37,36,33,18,24,37,15,13,20,13
2001,470259,1,1,13,22,36,18,9,27,7,13,8,16
2001,470260,1,1,24,24,24,24,24,24,24,24,24,24
2001,470261,1,1,0,0,0,0,0,0,0,0,0,0
2001,470262,1,1,34,0,23,0,18,0,25,6,0,6
2001,470263,1,1,0,0,0,0,0,0,0,0,0,0
2001,470264,1,1,22,16,0,0,14,0,12,19,18,4
2001,470265,1,1,16,16,16,16,16,16,16,16,16,16
2001,470266,1,1,0,0,0,0,0,0,0,0,0,0
2001,470267,1,1,21,21,21,21,21,21,21,21,21,21
2001,470268,1,1,0,0,0,0,0,0,0,0,0,0
2001,470268,2,1,0,0,0,0,0,0,0,0,0,0
2001,470269,1,1,16,16,16,16,16,16,16,16,16,16
2001,470269,2,1,0,0,0,0,0,0,0,0,0,0
2001,470270,1,1,0,0,0,0,0,0,0,0,0,0
2001,470271,1,1,0,22,12,14,0,9,9,15,15,11
2001,470272,1,1,8,0,30,0,11,0,0,0,9,0
2001,470273,1,1,0,0,0,0,0,0,0,0,0,0
2001,470274,1,1,0,0,0,0,0,0,0,0,0,0
2001,470275,1,1,0,0,0,0,0,0,0,0,0,0
2001,470275,2,1,0,0,0,0,0,0,0,0,0,0
2001,470276,1,1,0,0,12,24,20,0,21,0,0,4
2001,470277,1,1,10,10,10,10,10,10,10,10,10,10
2001,470278,1,1,8,8,8,8,8,8,8,8,8,8
2001,470279,1,1,23,0,6,18,0,0,27,12,0,0
2001,470280,1,1,0,0,0,0,0,0,0,0,0,0
2001,470281,1,1,6,6,6,6,6,6,6,6,6,6
2001,470282,1,1,0,29,0,0,0,0,0,0,0,0
2001,470283,1,1,0,0,0,0,0,0,0,0,0,0
2001,470283,2,1,0,0,0,0,0,0,0,0,0,0
2001,470284,1,1,25,0,6,21,0,8,0,0,0,0
2001,470285,1,1,25,25,14,20,17,7,11,0,19,17
2001,470286,1,1,0,0,0,0,0,0,0,0,0,0
2001,470286,2,1,0,0,0,0,0,0,0,0,0,0
2001,470287,1,1,0,0,0,0,17,0,0,0,0,0
2001,470287,2,1,0,0,0,0,0,0,0,0,0,0
2001,470287,3,1,0,0,0,0,0,0,0,0,0,0
2001,470287,4,1,0,0,0,0,0,0,0,0,0,0
2001,470288,1,1,2,2,2,2,2,2,2,2,2,2
2001,470289,1,1,0,6,0,23,0,0,0,0,29,0
2001,470290,1,1,8,15,24,20,8,21,10,35,9,27
2001,470291,1,1,0,0,0,0,0,0,0,0,0,0
2001,470292,1,1,0,0,0,0,0,0,0,0,0,0
2001,470292,2,1,0,0,0,0,0,0,0,0,0,0
2001,470293,1,1,8,8,8,8,8,8,8,8,8,8
2001,470294,1,1,19,20,39,21,25,20,20,14,0,0
2001,470295,0,1,0,0,31,0,0,0,0,0,0,0
2001,470295,0,2,0,14,0,24,0,33,0,0,17,0
2001,470295,1,1,0,0,0,15,0,0,0,0,0,0
2001,470296,1,1,0,0,0,0,0,0,0,0,0,0
2001,470296,2,1,0,0,0,0,0,0,0,0,0,0
2001,470297,1,1,0,0,13,6,0,13,6,14,0,0
2001,470298,1,1,23,22,17,12,12,25,21,16,18,21
2001,470299,1,1,0,0,0,0,0,0,0,0,0,0
2001,470299,2,1,0,0,0,0,0,0,0,0,0,0
2001,470300,1,1,11,0,10,0,0,0,17,0,15,0
2001,470301,1,1,0,0,0,0,0,0,0,0,0,0
2001,470302,1,1,12,33,24,13,36,3,14,21,22,34
2001,470303,1,1,0,0,0,0,0,0,0,0,0,0
2001,470304,1,1,0,0,0,0,0,0,0,0,0,0
2001,470304,2,1,0,0,0,0,0,0,0,0,5,0
2001,470305,1,1,0,0,0,0,0,0,0,0,0,0
2001,470306,1,1,0,0,0,0,0,0,0,0,0,0
2001,470307,1,1,0,0,8,0,0,0,0,0,0,0
2001,470307,2,1,0,0,0,0,0,0,0,0,0,0
2001,470308,1,1,0,0,0,0,0,0,0,0,0,0
2001,470308,2,1,0,0,0,0,0,0,0,0,0,0
2001,470309,1,1,10,5,11,15,9,7,20,11,13,9
2001,470310,1,1,22,14,34,20,13,29,9,34,21,32
2001,470311,1,1,1,1,1,1,1,1,1,1,1,1
2001,470311,2,1,0,0,0,0,0,0,0,0,0,0
2001,470312,1,1,0,0,0,0,0,0,0,0,0,0
2001,470312,2,1,0,0,0,0,0,0,0,0,0,0
2001,470313,1,1,0,0,0,0,0,0,0,0,0,0
2001,470313,2,1,0,0,0,0,0,0,0,0,0,0
2001,470314,1,1,0,0,0,0,0,0,0,0,0,0
2001,470314,2,1,7,7,7,7,7,7,7,7,7,7
2001,470315,1,1,22,13,18,6,10,19,0,31,22,20
2001,470316,1,1,0,0,0,0,0,0,0,0,0,0
2001,470317,1,1,0,0,0,0,0,0,0,0,0,0
2001,470318,1,1,0,0,0,0,0,0,0,0,0,0
2001,470319,1,1,24,24,24,24,24,24,24,24,24,24
2001,470320,1,1,0,0,0,0,0,0,0,0,0,0
2001,470321,1,1,15,15,15,15,15,15,15,15,15,15
2001,470322,1,1,0,0,0,0,0,0,0,0,0,0
2001,470322,2,1,0,0,0,0,0,0,0,0,0,0
2001,470323,1,1,6,0,0,0,0,22,0,18,0,0
2001,470324,1,1,0,0,0,0,0,0,0,0,0,0
2001,470324,2,1,0,0,0,0,0,0,0,0,0,0
2001,470325,1,1,0,0,0,0,0,0,0,0,0,0
2001,470325,2,1,0,0,0,0,0,0,0,0,0,0
2001,470325,3,1,0,0,0,0,0,0,0,0,0,0
2001,470326,1,1,20,20,20,20,20,20,20,20,20,20
2001,470327,1,1,27,18,0,23,13,0,26,5,0,7
2001,470328,1,1,0,0,0,0,0,0,0,0,0,0
2001,470328,2,1,0,0,0,0,0,0,0,0,0,0
2001,470328,3,1,0,0,0,0,0,0,0,0,0,0
2001,470329,1,1,5,5,5,5,5,5,5,5,5,5
2001,470330,1,1,23,23,23,23,23,23,23,23,23,23
2001,470330,2,1,0,0,0,0,0,0,12,0,0,0
2001,470330,3,1,0,0,0,0,0,0,0,0,0,0
2001,470331,1,1,0,0,0,0,0,0,0,0,0,0
2001,470331,2,1,0,0,0,0,0,0,0,0,0,0
2001,470332,0,1,19,19,19,19,19,19,19,19,19,19
2001,470332,1,1,0,0,0,0,0,0,0,0,0,0
2001,470333,1,1,0,0,20,0,0,30,0,0,0,13
2001,470333,2,1,0,0,0,14,0,0,0,0,0,0
2001,470334,1,1,0,0,0,0,0,0,0,0,0,0
2001,470334,2,1,0,0,0,0,0,0,0,0,0,0
2001,470334,3,1,0,0,0,0,0,0,0,0,0,0
2001,470334,4,1,0,23,0,0,0,0,0,0,0,0
2001,470335,1,1,0,0,0,0,0,0,0,0,0,0
2001,470335,2,1,0,0,0,0,0,0,0,0,0,0
2001,470336,1,1,20,17,19,6,18,18,14,19,26,25
2001,470337,1,1,30,22,16,41,11,14,30,23,10,13
2001,470338,1,1,0,0,0,0,0,0,0,0,0,0
2001,470338,2,1,0,0,0,0,0,0,0,0,0,0
2001,470339,1,1,10,10,10,10,10,10,10,10,10,10
2001,470340,1,1,19,13,21,15,10,29,10,0,14,22
2001,470341,1,1,32,15,15,26,21,29,20,0,36,14
2001,470342,1,1,0,0,0,42,0,0,0,0,0,26
2001,470342,2,1,0,0,0,0,0,0,0,0,0,0
2001,470343,1,1,0,0,0,0,0,20,0,0,0,0
2001,470344,1,1,0,0,0,0,0,0,0,0,0,0
2001,470345,1,1,16,16,16,16,16,16,16,16,16,16
2001,470346,1,1,0,0,0,0,0,0,0,0,0,0
2001,470347,1,1,0,0,0,0,0,0,0,0,0,0
2001,470348,1,1,0,0,0,0,0,0,0,0,0,0
2001,470349,1,1,0,0,0,24,0,0,23,19,14,0
2001,470350,1,1,0,0,0,0,20,0,0,0,7,0
2001,470351,1,1,0,3,10,0,9,0,0,6,13,3
2001,470351,2,1,0,0,0,0,0,0,0,0,0,0
2001,470352,1,1,18,18,18,18,18,18,18,18,18,18
2001,470352,2,1,10,10,10,10,10,10,10,10,10,10
2001,470353,1,1,0,0,0,0,0,0,0,0,0,0
2001,470353,2,1,0,0,0,0,0,0,0,0,0,0
2001,470354,1,1,22,14,10,27,0,8,0,17,26,22
2001,470354,2,1,0,0,0,0,0,0,0,0,0,0
2001,470355,1,1,0,0,0,0,0,0,0,0,0,0
2001,470356,1,1,0,0,0,0,9,21,10,16,0,0
2001,470357,1,1,0,0,0,0,19,0,0,0,0,12
2001,470357,2,1,4,0,0,0,0,5,0,0,0,5
2001,470358,1,1,23,14,23,3,16,21,12,18,3,7
2001,470359,1,1,0,0,0,0,0,24,0,0,6,0
2001,470360,1,1,0,0,0,0,7,0,0,0,0,17
2001,470360,2,1,0,0,0,0,0,0,0,0,0,0
2001,470361,1,1,0,0,0,0,0,0,0,0,0,0
2001,470361,2,1,0,0,17,0,0,12,14,16,0,0
2001,470361,3,1,0,0,0,0,0,0,0,0,0,0
2001,470361,4,1,0,19,0,6,0,13,0,0,0,0
2001,470361,5,1,0,0,0,0,0,0,0,0,0,0
2001,470361,6,1,0,0,0,0,0,16,0,0,0,0
2001,470361,7,1,0,0,0,0,0,0,0,0,0,0
2001,470362,1,1,0,0,0,0,0,0,0,0,0,0
2001,470363,1,1,0,0,0,0,0,0,0,0,0,0
2001,470365,1,1,0,0,0,0,0,0,0,0,0,0
2001,470365,2,1,6,23,39,14,9,25,16,12,22,16
2001,470366,1,1,26,26,26,26,26,26,26,26,26,26
2001,470367,1,1,19,14,0,0,0,0,12,34,0,0
2001,470368,1,1,14,25,14,15,14,18,15,25,22,18
2001,470369,1,1,15,0,0,0,0,0,0,0,0,0
2001,470369,2,1,0,0,0,0,0,21,0,0,0,0
2001,470370,1,1,0,0,0,0,0,0,0,0,0,0
2001,470370,2,1,0,0,0,0,0,0,0,0,0,0
2001,470372,1,1,28,28,28,28,28,28,28,28,28,28
2001,470373,1,1,0,0,0,0,0,0,11,0,0,0
2001,470374,1,1,0,0,2,0,0,0,0,0,0,0
2001,470374,2,1,0,0,0,0,0,0,0,0,13,0
2001,470374,3,1,0,0,0,0,0,0,0,0,0,0
2001,470375,1,1,0,0,0,0,0,0,0,0,0,0
2001,470376,1,1,0,0,0,0,0,0,9,0,0,0
2001,470377,1,1,0,0,0,0,0,0,0,0,0,0
2001,470377,2,1,0,0,0,0,0,0,0,0,0,0
2001,470378,1,1,23,16,8,15,5,15,7,21,18,18
2001,470379,1,1,0,0,0,0,0,0,0,14,0,0
2001,470379,2,1,0,0,0,0,0,0,0,0,0,0
2001,470380,1,1,0,0,0,0,0,0,0,0,9,0
2001,470381,1,1,20,11,50,0,0,9,23,0,34,0
2001,470382,0,1,0,0,0,0,0,0,0,0,0,0
2001,470382,1,1,0,0,0,0,0,0,0,0,0,0
2001,470382,2,1,0,0,0,0,0,0,0,0,28,0
2001,470382,3,1,0,0,0,12,0,0,0,0,0,0
2001,470383,1,1,0,0,0,0,0,0,0,0,0,0
2001,470383,2,1,0,0,0,0,0,0,0,0,0,0
2001,470384,1,1,0,0,0,0,0,0,0,0,0,0
2001,470384,2,1,15,15,15,15,15,15,15,15,15,15
2001,470385,1,1,0,0,0,0,0,0,0,0,0,0
2001,470385,2,1,0,0,0,0,0,0,0,0,0,0
2001,470386,1,1,0,0,0,0,0,0,0,0,0,0
2001,470386,2,1,0,0,0,0,0,0,0,0,0,0
2001,470386,3,1,0,0,0,0,0,0,0,0,0,0
2001,470387,1,1,16,16,16,16,16,16,16,16,16,16
2001,470387,2,1,0,0,0,0,0,0,0,0,0,0
2001,470387,3,1,0,0,0,0,0,0,0,0,0,0
2001,470387,4,1,0,0,0,0,0,0,12,0,17,0
2001,470388,1,1,0,0,0,0,0,0,0,0,0,0
2001,470388,2,1,0,0,0,0,0,0,0,0,0,0
2001,470389,1,1,0,0,0,0,0,0,0,0,0,0
2001,470389,2,1,0,0,8,8,4,0,0,0,0,0
2001,470390,1,1,8,0,0,23,0,0,0,0,0,0
2001,470390,2,1,17,10,0,0,24,15,5,20,6,10
2001,470391,1,1,0,0,0,0,0,0,0,0,0,0
2001,470392,1,1,7,7,7,7,7,7,7,7,7,7
2001,470392,2,1,0,0,0,0,0,0,0,0,0,0
2001,470393,1,1,30,0,19,0,21,20,4,6,29,32
2001,470394,1,1,0,0,0,0,0,0,0,0,0,0
2001,470394,2,1,0,0,0,0,0,0,0,0,0,0
2001,470395,1,1,0,0,0,0,0,0,0,0,0,0
2001,470396,1,1,0,0,0,0,0,0,0,0,0,0
2001,470396,2,1,0,0,0,0,0,0,0,0,0,0
2001,470397,1,1,0,0,13,0,0,0,0,0,0,0
2001,470397,2,1,7,8,4,7,7,3,6,4,12,9
2001,470398,1,1,14,14,14,14,14,14,14,14,14,14
2001,470398,2,1,7,27,40,22,13,18,0,0,16,12
2001,470399,1,1,0,0,7,0,0,0,0,0,0,0
2001,470399,2,1,0,0,0,0,0,0,0,0,0,0
2001,470400,1,1,0,0,0,0,0,0,0,0,0,0
2001,470400,2,1,0,0,0,0,0,0,0,0,0,0
2001,470401,1,1,0,0,0,0,0,0,0,0,0,3
2001,470402,1,1,20,10,16,4,14,17,22,10,20,10
2001,470402,2,1,0,0,0,0,0,0,0,0,0,0
2001,470403,1,1,19,19,19,19,19,19,19,19,19,19
2001,470404,1,1,0,0,0,0,0,0,0,0,0,0
2001,470404,2,1,0,0,0,0,0,0,0,0,0,0
2001,470405,0,1,0,0,0,0,0,0,0,0,0,0
2001,470405,1,1,0,0,0,0,0,0,0,0,0,0
2001,470406,1,1,0,0,0,0,0,0,0,0,0,0
2001,470407,1,1,0,0,0,0,0,0,0,0,0,0
2001,470407,2,1,0,0,0,0,0,0,0,0,0,0
2001,470408,1,1,0,0,0,0,0,0,0,0,0,0
2001,470408,2,1,3,0,13,0,0,6,18,13,9,19
2001,470409,1,1,0,0,0,0,0,0,0,0,0,0
2001,470409,2,1,3,0,0,0,0,0,0,0,0,0
2001,470410,1,1,0,0,0,0,0,0,0,0,0,0
2001,470411,1,1,0,0,0,0,0,0,0,0,0,0
2001,470411,2,1,0,0,0,0,0,0,0,0,0,0
2001,470412,1,1,18,18,18,18,18,18,18,18,18,18
2001,470413,1,1,0,0,0,0,0,0,0,0,0,0
2001,470413,2,1,11,12,8,0,17,19,21,5,10,14
2001,470413,3,1,0,0,0,0,0,0,0,0,0,0
2001,470414,1,1,24,20,19,15,17,23,30,18,21,13
2001,470415,1,1,14,14,14,14,14,14,14,14,14,14
2001,470416,1,1,0,0,0,0,0,0,0,0,0,0
2001,470417,1,1,0,0,0,0,0,0,0,0,3,0
2001,470418,1,1,0,0,0,0,0,0,0,0,0,0
2001,470418,2,1,0,0,0,0,0,0,0,0,0,0
2001,470419,1,1,8,16,14,20,17,12,28,21,20,12
2001,470419,2,1,0,0,0,0,0,0,0,0,0,0
2001,470420,1,1,0,0,12,0,0,0,0,0,0,0
2001,470420,2,1,0,0,0,0,0,0,0,0,0,0
2001,470421,1,1,0,0,0,0,0,0,0,0,0,0
2001,470421,2,1,0,0,0,0,0,0,0,0,0,0
2001,470422,1,1,13,13,13,13,13,13,13,13,13,13
2001,470423,1,1,0,0,0,0,0,0,0,0,0,0
2001,470424,1,1,0,0,0,0,0,0,0,0,0,0
2001,470424,2,1,0,0,0,0,0,0,0,0,0,0
2001,470425,1,1,15,15,15,15,15,15,15,15,15,15
2001,470426,1,1,0,0,0,0,0,0,0,0,0,0
2001,470427,1,1,40,40,40,40,40,40,40,40,40,40
2001,470428,1,1,0,0,0,0,4,0,0,0,0,0
2001,470428,2,1,7,11,2,0,7,13,0,25,7,15
2001,470429,1,1,14,19,32,0,14,22,0,0,23,22
2001,470429,2,1,0,0,0,0,0,0,0,0,0,0
2001,470430,1,1,6,6,6,6,6,6,6,6,6,6
2001,470431,1,1,0,0,0,0,0,0,0,0,0,0
2001,470432,1,1,0,0,0,0,0,0,0,0,0,0
2001,470433,1,1,0,16,15,0,0,24,16,0,23,0
2001,470434,1,1,0,0,0,0,0,0,0,0,0,0
2001,470435,1,1,32,19,5,35,6,11,12,7,13,34
2001,470436,1,1,0,0,0,0,0,0,0,0,0,0
2001,470436,2,1,0,0,10,0,0,0,0,0,0,0
2001,470437,1,1,24,33,22,20,22,18,25,16,24,17
2001,470438,1,1,0,0,0,0,0,0,0,0,0,0
2001,470439,1,1,0,0,0,0,0,0,0,0,0,0
2001,470440,1,1,0,0,0,0,5,0,0,0,0,0
2001,470441,1,1,14,11,13,8,12,11,12,37,17,9
2001,470442,1,1,0,20,0,19,0,0,0,0,0,0
2001,470443,1,1,0,14,13,11,21,22,26,8,9,19
2001,470444,1,1,11,11,11,11,11,11,11,11,11,11
2001,470445,1,1,0,0,0,0,0,0,0,0,0,0
2001,470446,1,1,26,0,0,0,0,0,0,0,0,0
2001,470447,1,1,0,0,12,20,31,19,6,18,15,0
2001,470448,1,1,0,0,0,0,0,0,0,0,0,0
2001,470448,2,1,0,0,0,0,0,0,0,0,0,0
2001,470449,1,1,0,0,36,0,0,0,17,0,9,0
2001,470450,1,1,22,22,22,22,22,22,22,22,22,22
2001,470451,1,1,22,22,22,22,22,22,22,22,22,22
2001,470452,1,1,0,0,0,0,0,0,0,0,0,0
2001,470452,2,1,12,12,12,12,12,12,12,12,12,12
2001,470453,1,1,6,6,6,6,6,6,6,6,6,6
2001,470454,1,1,0,0,0,0,0,0,0,0,0,0
2001,470455,1,1,0,0,0,0,0,0,0,0,0,0
2001,470455,2,1,33,33,33,33,33,33,33,33,33,33
2001,470456,1,1,10,10,10,10,10,10,10,10,10,10
2001,470456,2,1,0,0,0,0,0,0,0,0,0,0
2001,470457,1,1,7,7,7,7,7,7,7,7,7,7
2001,470458,1,1,0,0,0,0,0,0,0,0,0,0
2001,470458,2,1,0,0,0,0,0,0,0,0,0,0
2001,470459,1,1,33,19,10,22,39,0,17,0,14,24
2001,470460,1,1,0,0,0,19,29,0,27,12,0,0
2001,470461,1,1,0,0,0,0,10,0,0,0,0,22
2001,470462,1,1,0,0,0,4,0,0,0,7,6,0
2001,470463,1,1,0,0,0,0,0,0,0,0,0,0
2001,470464,1,1,20,20,20,20,20,20,20,20,20,20
2001,470465,1,1,0,0,0,0,0,0,0,0,0,0
2001,470465,2,1,0,0,0,0,0,0,0,0,0,0
2001,470466,1,1,23,0,3,0,0,0,0,0,0,0
2001,470467,1,1,0,0,0,0,0,0,0,0,0,0
2001,470467,2,1,0,0,0,0,0,0,0,0,0,0
2001,470468,1,1,0,0,0,0,5,0,0,0,0,0
2001,470468,2,1,0,0,0,0,0,0,0,0,0,0
2001,470469,1,1,0,0,0,0,0,0,0,0,0,0
2001,470469,2,1,0,0,0,0,0,0,0,0,0,0
2001,470470,1,1,0,0,0,0,0,0,0,0,0,0
2001,470470,2,1,0,0,0,0,0,0,0,2,0,0
2001,470471,1,1,0,0,0,0,0,0,0,0,0,0
2001,470472,1,1,0,0,15,29,0,10,23,9,0,16
2001,470473,1,1,14,12,16,15,22,29,32,19,22,12
2001,470474,1,1,0,0,0,0,0,0,0,0,0,0
2001,470474,2,1,0,0,0,0,0,0,0,0,0,0
2001,470475,1,1,0,0,0,0,0,0,0,0,0,0
2001,470475,2,1,0,0,0,0,0,11,0,0,0,0
2001,470476,1,1,0,0,0,0,0,0,0,0,0,0
2001,470476,2,1,25,25,25,25,25,25,25,25,25,25
2001,470477,1,1,0,0,0,0,0,0,0,0,0,0
2001,470478,1,1,0,0,14,0,0,8,18,0,0,21
2001,470479,1,1,0,0,0,0,0,10,0,0,0,0
2001,470479,2,1,0,0,0,0,0,0,0,0,0,0
2001,470479,3,1,0,0,0,0,0,0,0,0,0,0
2001,470480,1,1,0,0,0,0,0,0,0,0,0,0
2001,470480,2,1,0,0,0,0,0,0,0,0,0,0
2001,470480,3,1,0,0,0,0,0,0,0,0,0,0
2001,470480,4,1,0,0,0,0,0,0,0,0,0,0
2001,470480,5,1,0,0,0,0,0,0,0,0,0,0
2001,470481,1,1,5,5,5,5,5,5,5,5,5,5
2001,470482,1,1,0,0,0,0,0,0,0,0,0,0
2001,470483,1,1,0,0,0,0,0,0,0,0,0,0
2001,470483,2,1,0,0,0,0,0,0,0,0,0,0
2001,470484,1,1,20,20,20,20,20,20,20,20,20,20
2001,470485,1,1,0,3,0,0,0,0,0,0,0,0
2001,470486,1,1,0,11,34,33,0,0,20,37,0,15
2001,470487,1,1,8,8,8,8,8,8,8,8,8,8
2001,470488,1,1,22,22,22,22,22,22,22,22,22,22
2001,470489,1,1,12,20,24,13,22,11,19,4,9,17
2001,470490,1,1,0,0,0,0,0,0,0,0,0,0
2001,470490,2,1,0,0,0,0,0,0,0,0,0,0
2001,470491,1,1,8,0,0,9,0,0,0,0,0,0
2001,470492,1,1,23,23,23,23,23,23,23,23,23,23
2001,470493,0,1,21,21,21,21,21,21,21,21,21,21
2001,470493,1,1,0,0,0,0,0,0,0,0,0,0
2001,470494,1,1,23,23,23,23,23,23,23,23,23,23
2001,470494,2,1,0,0,0,0,0,0,0,0,0,0
2001,470495,0,1,0,0,0,0,0,0,0,0,0,0
2001,470495,1,1,0,0,0,0,0,0,0,0,0,0
2001,470496,1,1,12,12,12,12,12,12,12,12,12,12
2001,470497,1,1,0,0,0,0,0,0,0,0,0,0
2001,470497,2,1,0,0,0,0,0,0,0,0,0,0
2001,470498,1,1,5,5,5,5,5,5,5,5,5,5
2001,470499,1,1,13,13,13,13,13,13,13,13,13,13
2001,470500,1,1,0,0,0,0,0,0,0,0,0,0
2001,470500,2,1,0,0,0,0,0,0,0,0,0,0
2001,470501,1,1,2,2,2,2,2,2,2,2,2,2
2001,470501,2,1,0,0,0,0,0,0,0,0,0,0
2001,470501,3,1,14,0,0,13,14,13,0,14,15,0
2001,470502,1,1,0,0,0,0,0,0,0,0,0,0
2001,470503,1,1,0,0,0,0,0,0,0,0,18,0
2001,470503,2,1,0,0,0,0,0,0,0,0,0,0
2001,470504,0,1,0,0,0,0,0,0,0,0,0,0
2001,470504,1,1,0,0,0,0,0,0,0,0,0,0
2001,470505,1,1,19,19,19,19,19,19,19,19,19,19
2001,470505,2,1,0,0,0,0,0,0,0,0,0,0
2001,470506,1,1,0,0,0,0,0,0,0,0,0,0
2001,470506,2,1,18,0,0,0,0,0,0,0,0,0
2001,470507,1,1,0,0,0,0,0,0,0,0,0,0
2001,470507,2,1,0,0,0,0,0,0,0,0,0,0
2001,470508,1,1,34,14,30,12,10,0,0,0,21,17
2001,470509,1,1,0,0,0,0,0,0,0,0,0,0
2001,470509,2,1,7,10,0,19,0,34,17,0,24,30
2001,470510,1,1,0,0,0,0,0,0,0,0,0,0
2001,470510,2,1,0,0,0,0,0,0,0,0,0,0
2001,470511,1,1,8,8,8,8,8,8,8,8,8,8
2001,470512,1,1,0,0,0,0,0,0,0,0,0,0
2001,470512,2,1,0,0,0,0,0,0,0,0,0,0
2001,470513,1,1,0,0,0,0,0,0,0,0,0,0
2001,470513,2,1,0,0,0,0,0,0,0,0,0,0
2001,470514,1,1,11,12,0,9,19,21,0,23,13,24
2001,470515,1,1,0,0,0,0,0,0,0,0,0,0
2001,470516,1,1,9,0,0,0,0,0,22,0,0,0
2001,470517,0,1,0,0,0,0,0,0,0,0,0,0
2001,470518,1,1,16,16,16,16,16,16,16,16,16,16
2001,470518,2,1,5,5,5,5,5,5,5,5,5,5
2001,470519,1,1,0,0,0,0,0,0,0,0,7,0
2001,470519,2,1,0,4,0,0,0,0,0,0,0,0
2001,470520,1,1,0,0,0,0,12,0,0,0,0,0
2001,470521,1,1,0,0,0,0,0,0,0,0,0,0
2001,470521,2,1,0,0,0,0,0,0,0,0,0,0
2001,470522,1,1,0,0,0,0,0,0,0,0,0,0
2001,470523,1,1,0,0,0,0,0,0,0,0,0,0
2001,470524,1,1,0,0,3,0,0,0,13,0,6,0
2001,470525,1,1,0,0,0,0,0,0,0,0,0,0
2001,470526,1,1,11,11,11,11,11,11,11,11,11,11
2001,470527,1,1,0,19,0,0,21,15,23,11,21,0
2001,470527,2,1,0,0,0,0,0,0,0,0,0,0
2001,470528,1,1,16,16,16,16,16,16,16,16,16,16
2001,470529,1,1,0,0,0,0,0,0,11,0,0,0
2001,470529,2,1,0,0,0,0,0,0,0,0,0,0
2001,470530,1,1,0,0,9,0,0,0,0,0,0,0
2001,470531,1,1,0,0,0,0,0,0,0,0,0,0
2001,470531,2,1,0,0,0,0,0,0,0,0,0,0
2001,470532,1,1,0,0,0,0,0,11,0,0,0,0
2001,470533,1,1,0,21,0,0,0,28,0,20,0,52
2001,470534,1,1,18,18,18,18,18,18,18,18,18,18
2001,470535,1,1,10,10,10,10,10,10,10,10,10,10
2001,470536,1,1,0,0,0,0,0,0,0,0,0,0
2001,470536,2,1,0,0,0,0,0,0,0,0,0,0
2001,470537,1,1,11,28,0,0,0,0,0,0,0,0
2001,470537,2,1,0,0,0,0,0,0,0,0,0,0
2001,470538,1,1,0,14,18,15,18,9,15,21,27,36
2001,470539,1,1,23,23,23,23,23,23,23,23,23,23
2001,470540,1,1,3,23,0,20,24,26,20,23,8,26
2001,470541,1,1,0,0,0,0,0,0,0,0,0,0
2001,470541,2,1,15,15,15,15,15,15,15,15,15,15
2001,470542,1,1,0,0,0,0,0,0,0,0,0,0
2001,470543,1,1,0,0,0,0,0,0,0,0,0,0
2001,470543,2,1,0,0,0,0,0,0,0,0,0,0
2001,470544,1,1,0,0,0,0,0,0,0,0,0,0
2001,470544,2,1,0,0,17,0,19,0,22,23,8,28
2001,470545,1,1,18,18,18,18,18,18,18,18,18,18
2001,470547,1,1,0,0,0,0,8,0,17,0,0,17
2001,470547,2,1,10,10,10,10,10,10,10,10,10,10
2001,470548,1,1,18,18,18,18,18,18,18,18,18,18
2001,470548,2,1,0,0,0,0,0,0,0,0,0,0
2001,470549,1,1,0,0,0,0,0,0,0,0,0,0
2001,470549,2,1,0,0,0,0,0,0,13,0,0,0
2001,470550,1,1,28,0,0,14,0,0,0,0,0,0
2001,470551,1,1,0,0,0,0,0,0,0,0,0,0
2001,470551,2,1,0,0,0,0,0,0,0,0,0,0
2001,470552,1,1,0,0,0,0,0,0,0,0,23,0
2001,470552,2,1,0,0,0,0,0,0,0,0,0,0
2001,470553,1,1,0,0,0,0,0,0,0,0,0,0