YEAR,st_case,veh_no,per_no,P1,P2,P3,P4,P5,P6,P7,P8,P9,P10
2001,470553,2,1,0,0,0,0,0,0,0,0,0,0
2001,470554,1,1,0,0,0,0,0,17,0,0,0,0
2001,470555,1,1,0,0,0,0,0,0,0,0,0,0
2001,470556,1,1,13,13,13,13,13,13,13,13,13,13
2001,470557,1,1,12,12,12,12,12,12,12,12,12,12
2001,470558,1,1,0,0,0,0,0,0,0,0,0,0
2001,470558,2,1,0,0,0,0,0,0,0,0,0,0
2001,470559,1,1,0,0,0,0,0,0,0,0,0,0
2001,470559,2,1,0,0,0,0,0,0,0,0,0,0
2001,470560,1,1,21,21,21,21,21,21,21,21,21,21
2001,470561,1,1,17,0,0,21,0,13,0,0,0,6
2001,470562,1,1,0,0,0,0,7,0,0,0,0,23
2001,470563,1,1,0,0,0,0,0,0,0,0,0,0
2001,470564,1,1,0,0,0,0,0,0,0,0,0,0
2001,470564,2,1,0,11,0,22,0,0,0,28,0,0
2001,470566,1,1,0,0,0,0,0,0,0,0,0,0
2001,470566,2,1,23,19,10,6,14,21,4,31,16,6
2001,470567,1,1,0,0,0,0,32,21,0,0,0,22
2001,470568,1,1,0,0,0,0,0,0,0,0,0,0
2001,470568,2,1,0,8,0,0,13,11,0,30,11,0
2001,470569,0,1,0,16,0,12,0,15,22,20,0,0
2001,470569,1,1,0,0,19,0,0,0,0,0,0,0
2001,470570,1,1,0,0,0,0,0,0,0,0,0,0
2001,470571,1,1,0,0,0,0,0,0,0,0,0,0
2001,470572,1,1,0,0,0,0,0,0,0,0,0,0
2001,470573,1,1,0,0,0,0,0,0,0,0,0,0
2001,470573,2,1,0,0,0,0,0,0,0,0,0,0
2001,470574,1,1,0,0,0,0,0,0,19,0,0,0
2001,470574,2,1,0,0,0,0,0,0,9,0,0,0
2001,470575,1,1,0,0,0,0,0,0,0,0,0,0
2001,470575,2,1,0,0,0,0,0,0,0,0,0,0
2001,470576,1,1,35,18,20,4,10,22,23,9,17,28
2001,470577,1,1,0,0,0,0,0,0,0,0,0,0
2001,470578,1,1,0,0,0,0,0,0,0,0,0,0
2001,470579,0,1,18,0,0,0,25,0,10,0,0,30
2001,470579,1,1,0,0,0,0,0,0,0,0,0,0
2001,470580,1,1,0,0,0,0,0,0,0,0,0,0
2001,470580,2,1,0,0,0,0,0,0,0,0,0,0
2001,470581,1,1,0,0,0,0,0,0,0,0,0,0
2001,470581,2,1,0,0,0,0,0,0,0,0,0,0
2001,470582,1,1,2,2,2,2,2,2,2,2,2,2
2001,470582,2,1,0,0,0,0,0,0,0,0,0,0
2001,470583,1,1,0,0,0,0,0,0,0,0,0,0
2001,470584,1,1,0,0,0,0,0,0,0,0,0,0
2001,470584,2,1,0,0,0,0,0,0,0,0,0,0
2001,470585,1,1,28,28,28,28,28,28,28,28,28,28
2001,470586,1,1,5,5,5,5,5,5,5,5,5,5
2001,470587,1,1,0,0,0,0,0,0,0,0,0,0
2001,470588,1,1,0,0,0,0,0,0,0,0,0,0
2001,470588,2,1,0,0,0,0,0,0,0,0,0,0
2001,470589,1,1,0,0,0,0,0,0,0,0,0,0
2001,470589,2,1,0,0,0,0,0,0,0,0,0,0
2001,470590,1,1,0,0,0,0,0,0,0,0,0,0
2001,470591,1,1,15,15,15,15,15,15,15,15,15,15
2001,470592,1,1,9,0,0,0,0,0,0,0,0,0
2001,470592,2,1,19,19,19,19,19,19,19,19,19,19
2001,470593,0,1,0,0,0,0,0,0,0,0,0,0
2001,470593,1,1,0,0,0,0,0,0,0,0,0,0
2001,470594,1,1,11,11,11,11,11,11,11,11,11,11
2001,470595,1,1,0,0,0,0,0,0,0,0,0,0
2001,470596,1,1,19,19,19,19,19,19,19,19,19,19
2001,470597,1,1,0,0,0,0,0,0,0,0,0,0
2001,470598,1,1,0,0,0,0,0,0,0,0,0,0
2001,470598,2,1,0,0,0,0,0,0,0,0,0,0
2001,470599,1,1,5,5,5,5,5,5,5,5,5,5
2001,470600,1,1,0,10,0,17,0,5,4,0,2,0
2001,470601,1,1,0,32,0,0,0,17,0,0,0,13
2001,470602,1,1,19,19,19,19,19,19,19,19,19,19
2001,470603,1,1,0,0,0,0,0,0,0,0,0,0
2001,470603,2,1,0,0,0,0,0,0,19,0,0,27
2001,470604,1,1,0,0,0,0,0,0,0,0,0,0
2001,470605,1,1,0,0,0,0,0,0,0,0,0,0
2001,470605,2,1,0,0,0,0,4,0,0,0,0,0
2001,470606,1,1,26,0,14,12,14,0,0,0,8,0
2001,470607,1,1,30,24,20,25,10,28,12,11,19,16
2001,470608,1,1,20,20,20,20,20,20,20,20,20,20
2001,470609,1,1,0,0,0,0,0,0,0,0,0,0
2001,470610,1,1,25,25,25,25,25,25,25,25,25,25
2001,470611,1,1,0,26,37,0,25,32,0,14,16,21
2001,470612,1,1,29,0,12,3,0,0,0,3,0,14
2001,470613,1,1,0,0,0,0,0,0,0,0,0,0
2001,470613,2,1,0,0,0,0,0,0,0,0,0,0
2001,470614,1,1,12,12,12,12,12,12,12,12,12,12
2001,470615,1,1,0,0,0,0,0,0,0,0,0,0
2001,470616,1,1,0,0,0,0,0,0,0,0,0,0
2001,470617,1,1,11,15,6,23,9,23,9,25,8,14
2001,470617,2,1,0,0,0,0,0,0,0,0,0,0
2001,470618,1,1,27,15,17,14,15,20,6,17,13,5
2001,470619,1,1,0,0,0,0,0,0,0,0,0,0
2001,470620,1,1,7,7,6,20,11,17,8,16,19,8
2001,470621,1,1,3,3,3,3,3,3,3,3,3,3
2001,470622,1,1,11,0,0,25,11,22,15,15,24,0
2001,470623,1,1,24,24,24,24,24,24,24,24,24,24
2001,470623,2,1,0,0,0,0,0,0,0,0,0,0
2001,470624,1,1,3,3,3,3,3,3,3,3,3,3
2001,470624,2,1,0,0,0,0,0,0,0,0,0,0
2001,470625,1,1,8,8,8,8,8,8,8,8,8,8
2001,470626,1,1,12,19,39,25,17,0,26,29,11,30
2001,470627,1,1,42,14,18,4,17,12,12,26,13,17
2001,470628,1,1,0,0,11,0,0,0,0,0,0,0
2001,470629,1,1,0,0,0,0,0,0,0,0,0,0
2001,470630,1,1,0,0,0,0,0,0,0,0,0,0
2001,470630,2,1,0,0,0,0,0,0,0,0,0,0
2001,470630,3,1,0,0,0,0,0,0,0,0,0,0
2001,470631,1,1,0,0,0,0,0,0,0,0,0,0
2001,470631,2,1,14,0,0,0,0,0,0,0,0,0
2001,470631,3,1,0,0,0,0,0,0,0,0,0,0
2001,470632,1,1,0,0,0,0,0,0,0,0,0,0
2001,470633,1,1,0,0,0,0,0,0,81,0,0,0
2001,470633,2,1,0,0,0,0,0,0,0,0,0,0
2001,470634,1,1,0,0,0,0,0,0,0,0,0,0
2001,470634,2,1,0,0,0,0,0,0,0,0,0,0
2001,470635,1,1,18,18,18,18,18,18,18,18,18,18
2001,470636,1,1,17,17,17,17,17,17,17,17,17,17
2001,470636,2,1,0,0,0,0,0,0,0,0,0,0
2001,470637,1,1,0,0,0,0,0,0,0,0,0,0
2001,470637,2,1,0,0,0,0,0,0,0,0,0,0
2001,470638,1,1,5,7,5,0,9,21,0,12,7,8
2001,470638,2,1,13,0,0,0,0,6,0,0,0,0
2001,470639,1,1,0,0,0,0,0,0,0,0,0,0
2001,470640,1,1,30,0,0,21,8,12,37,16,0,0
2001,470641,1,1,10,0,10,38,30,13,38,0,19,30
2001,470642,1,1,7,7,7,7,7,7,7,7,7,7
2001,470643,1,1,0,0,0,0,0,0,0,0,0,0
2001,470644,1,1,0,0,0,0,18,28,0,0,0,21
2001,470645,1,1,0,0,0,0,0,0,0,0,0,0
2001,470645,2,1,0,0,0,0,0,0,16,0,0,18
2001,470646,1,1,0,0,0,0,0,0,0,0,0,0
2001,470647,1,1,0,0,0,0,0,0,0,0,0,0
2001,470647,2,1,0,0,0,0,0,0,0,0,0,0
2001,470647,3,1,0,0,0,0,0,0,0,0,0,0
2001,470648,1,1,0,0,0,0,0,0,0,0,0,14
2001,470648,2,1,0,0,0,0,0,0,0,0,0,0
2001,470649,1,1,0,0,0,0,0,0,0,0,0,0
2001,470649,2,1,0,0,0,0,0,0,0,0,0,0
2001,470649,3,1,0,0,0,0,0,0,0,0,0,0
2001,470650,0,1,29,0,22,28,0,35,0,12,0,0
2001,470650,1,1,0,0,0,0,0,0,0,0,0,0
2001,470651,1,1,29,29,29,29,29,29,29,29,29,29
2001,470652,1,1,0,0,0,0,0,0,0,0,0,0
2001,470653,1,1,0,0,0,0,0,0,0,0,0,0
2001,470653,2,1,0,0,0,0,0,0,0,0,0,0
2001,470654,1,1,11,11,11,11,11,11,11,11,11,11
2001,470655,1,1,0,0,0,0,0,0,0,0,0,0
2001,470655,2,1,0,0,0,0,0,0,0,0,0,0
2001,470656,1,1,0,0,0,0,0,0,0,0,0,0
2001,470656,2,1,0,0,0,0,0,0,0,0,3,0
2001,470657,1,1,0,0,0,0,0,0,0,0,0,0
2001,470657,2,1,0,0,0,0,0,0,0,0,0,0
2001,470658,1,1,29,29,29,29,29,29,29,29,29,29
2001,470659,1,1,23,0,0,0,13,9,0,9,12,0
2001,470659,2,1,0,0,0,0,0,0,0,0,0,0
2001,470659,3,1,0,0,0,0,0,0,0,0,0,0
2001,470660,1,1,0,0,0,18,0,0,0,0,0,0
2001,470661,1,1,14,3,12,17,8,4,0,14,8,22
2001,470661,2,1,0,0,0,0,0,0,0,0,0,0
2001,470661,3,1,0,0,0,0,0,0,0,0,16,0
2001,470662,1,1,0,0,0,0,0,0,0,0,0,0
2001,470662,2,1,0,0,0,0,0,0,0,0,13,0
2001,470663,1,1,0,0,0,0,0,0,0,0,0,0
2001,470663,2,1,3,3,3,3,3,3,3,3,3,3
2001,470664,1,1,13,17,24,15,19,23,16,8,33,32
2001,470665,1,1,0,0,0,0,0,0,0,0,0,0
2001,470665,2,1,0,0,0,0,0,0,0,0,0,0
2001,470666,1,1,16,11,21,19,0,0,0,14,18,0
2001,470666,2,1,0,0,0,0,0,0,0,0,0,0
2001,470667,1,1,0,0,0,0,0,0,0,0,0,0
2001,470667,2,1,0,0,0,0,0,0,0,0,0,0
2001,470668,1,1,0,0,0,0,0,0,0,0,0,0
2001,470669,1,1,8,0,0,0,0,8,0,0,0,0
2001,470669,2,1,0,0,0,0,0,0,0,0,0,0
2001,470670,0,1,0,0,0,0,15,22,10,0,0,0
2001,470670,1,1,0,0,0,0,0,0,0,0,0,0
2001,470671,0,1,32,0,0,37,0,21,18,0,0,27
2001,470671,1,1,0,13,0,0,0,6,0,30,22,0
2001,470672,1,1,0,0,0,15,0,0,0,0,0,0
2001,470672,2,1,0,0,7,0,0,0,0,0,0,0
2001,470673,1,1,0,0,0,0,0,0,0,0,0,0
2001,470674,1,1,0,0,0,0,9,4,0,14,0,0
2001,470674,2,1,9,9,9,9,9,9,9,9,9,9
2001,470675,1,1,0,0,0,0,0,0,0,0,0,0
2001,470675,2,1,0,0,0,0,0,0,0,0,0,0
2001,470676,0,1,0,0,24,0,13,10,0,21,0,17
2001,470676,1,1,0,0,0,0,0,0,0,0,0,0
2001,470677,1,1,0,0,0,0,0,0,0,0,0,0
2001,470677,2,1,0,0,0,0,0,0,0,0,0,0
2001,470678,1,1,0,16,52,0,15,0,12,0,28,0
2001,470679,1,1,26,17,27,3,15,26,12,38,8,18
2001,470679,2,1,0,0,0,0,0,0,0,0,0,0
2001,470679,3,1,0,0,0,0,0,0,0,0,0,0
2001,470680,1,1,22,0,11,0,3,0,9,0,20,0
2001,470681,1,1,0,0,0,27,0,10,0,20,0,17
2001,470681,2,1,17,0,0,0,0,25,0,0,0,0
2001,470682,1,1,16,10,12,16,28,21,20,24,8,26
2001,470683,1,1,0,0,0,0,0,0,0,0,0,0
2001,470683,2,1,0,0,0,0,0,0,0,0,0,0
2001,470684,1,1,0,0,0,0,0,0,0,0,0,0
2001,470684,2,1,0,8,5,0,0,0,0,0,0,0
2001,470685,1,1,10,0,0,0,5,0,0,0,0,0
2001,470685,2,1,0,0,0,14,0,0,0,0,0,0
2001,470686,1,1,0,0,0,0,0,0,0,0,0,0
2001,470687,1,1,0,0,0,0,0,0,0,0,0,0
2001,470687,2,1,0,0,0,0,0,0,25,0,0,0
2001,470688,1,1,6,4,3,23,8,15,22,24,17,9
2001,470689,1,1,0,0,0,0,0,0,0,0,0,0
2001,470690,1,1,0,0,0,0,0,0,0,0,0,0
2001,470691,1,1,0,17,0,0,0,0,0,0,0,0
2001,470692,1,1,0,0,0,0,0,0,0,0,0,0
2001,470693,1,1,0,0,0,0,0,17,0,0,0,0
2001,470694,1,1,0,0,0,0,0,0,0,0,0,0
2001,470694,2,1,0,0,0,0,0,0,0,0,0,0
2001,470694,3,1,0,0,0,0,22,0,0,0,0,0
2001,470695,1,1,0,0,0,0,0,0,0,0,0,21
2001,470696,1,1,19,16,9,15,17,33,18,23,13,9
2001,470697,1,1,0,0,17,0,0,25,0,0,0,0
2001,470698,1,1,11,21,5,7,10,19,9,11,16,23
2001,470699,1,1,2,2,2,2,2,2,2,2,2,2
2001,470699,2,1,0,0,0,0,0,0,0,0,0,0
2001,470700,1,1,27,23,0,0,0,0,17,30,39,4
2001,470700,2,1,0,0,0,0,0,0,0,0,0,0
2001,470701,1,1,0,0,0,0,0,0,0,0,0,0
2001,470701,2,1,0,0,0,0,0,0,0,0,0,0
2001,470702,1,1,0,0,0,0,0,0,0,0,4,0
2001,470703,1,1,0,0,0,0,0,0,0,0,0,0
2001,470705,1,1,0,0,0,0,0,0,0,0,0,0
2001,470705,2,1,0,0,0,0,0,0,0,0,0,0
2001,470706,1,1,9,11,23,19,32,11,3,7,22,6
2001,470707,1,1,4,4,4,4,4,4,4,4,4,4
2001,470707,2,1,0,0,0,0,0,0,0,0,0,0
2001,470708,1,1,22,5,17,14,0,20,7,14,20,25
2001,470709,1,1,0,0,0,0,0,0,0,0,0,0
2001,470710,1,1,0,8,17,24,19,0,18,0,16,5
2001,470711,1,1,0,0,0,0,0,0,0,0,0,0
2001,470711,2,1,0,0,0,0,0,0,0,0,0,0
2001,470712,1,1,0,0,0,0,0,0,0,0,0,0
2001,470713,1,1,9,9,9,9,9,9,9,9,9,9
2001,470714,1,1,0,0,0,20,0,30,15,25,0,0
2001,470715,1,1,0,0,0,0,0,0,0,0,0,0
2001,470715,2,1,0,0,0,0,0,0,0,0,0,0
2001,470716,1,1,0,0,0,0,0,0,0,0,0,0
2001,470717,1,1,0,0,0,0,0,0,0,0,0,0
2001,470717,2,1,0,0,0,0,0,0,0,0,0,0
2001,470718,1,1,30,17,10,12,8,8,24,14,10,10
2001,470719,1,1,0,0,0,0,0,0,0,0,0,0
2001,470719,2,1,6,0,0,0,0,0,0,0,0,0
2001,470720,1,1,0,0,0,0,0,0,0,0,0,0
2001,470721,1,1,0,0,0,0,0,0,0,0,0,0
2001,470722,1,1,0,0,0,0,0,0,0,0,0,0
2001,470722,2,1,0,0,0,0,0,0,0,0,0,0
2001,470723,1,1,0,0,0,0,0,0,0,0,0,0
2001,470724,1,1,8,8,8,8,8,8,8,8,8,8
2001,470725,0,1,36,17,36,0,0,0,0,0,5,29
2001,470725,1,1,8,9,13,13,16,0,10,5,15,11
2001,470726,1,1,17,17,17,17,17,17,17,17,17,17
2001,470727,1,1,0,33,0,10,9,11,5,0,0,0
2001,470727,2,1,0,0,0,0,0,0,0,0,11,0
2001,470728,1,1,0,0,0,0,0,0,0,0,0,0
2001,470729,1,1,28,28,28,28,28,28,28,28,28,28
2001,470730,1,1,29,29,29,29,29,29,29,29,29,29
2001,470730,2,1,0,0,18,0,0,0,0,0,0,0
2001,470731,1,1,22,22,22,22,22,22,22,22,22,22
2001,470732,1,1,5,20,11,15,26,34,11,27,17,21
2001,470733,0,1,0,0,0,0,0,0,0,0,0,0
2001,470733,1,1,0,0,0,0,0,0,0,0,0,0
2001,470734,1,1,5,5,5,5,5,5,5,5,5,5
2001,470734,2,1,0,0,0,0,0,0,0,0,0,0
2001,470735,1,1,0,0,0,0,0,0,0,0,0,0
2001,470735,2,1,0,0,0,0,0,0,0,0,0,0
2001,470736,1,1,0,0,8,0,0,0,0,0,0,0
2001,470737,1,1,25,0,0,0,0,0,17,6,27,0
2001,470738,1,1,16,16,16,16,16,16,16,16,16,16
2001,470738,2,1,5,0,17,0,18,0,0,9,20,0
2001,470739,1,1,25,23,30,20,19,15,23,40,43,17
2001,470740,1,1,0,0,0,13,0,0,0,0,0,0
2001,470741,1,1,0,0,0,0,0,0,0,0,0,0
2001,470741,2,1,0,0,0,0,0,30,22,0,0,0
2001,470742,1,1,0,19,11,13,8,24,0,22,31,10
2001,470743,1,1,44,8,0,0,12,25,0,22,0,18
2001,470744,1,1,15,18,0,9,11,19,14,6,11,15
2001,470745,0,1,0,0,0,0,0,0,0,0,0,0
2001,470745,1,1,0,0,0,0,0,0,0,0,0,0
2001,470746,1,1,17,15,13,24,0,26,0,14,0,0
2001,470747,1,1,6,19,5,12,8,11,16,14,8,18
2001,470747,2,1,0,18,0,0,0,23,25,10,0,0
2001,470748,1,1,0,0,0,0,0,0,0,0,0,0
2001,470748,2,1,15,15,15,15,15,15,15,15,15,15
2001,470749,0,1,0,0,0,0,0,0,0,0,0,0
2001,470749,1,1,14,0,0,0,0,0,0,0,0,0
2001,470750,1,1,4,0,0,0,0,0,0,0,0,0
2001,470750,2,1,23,20,0,0,8,0,7,16,26,22
2001,470751,1,1,0,0,0,0,14,0,30,0,0,0
2001,470751,2,1,0,0,0,13,0,0,0,0,0,0
2001,470752,1,1,26,24,17,0,14,14,29,18,33,18
2001,470753,1,1,22,12,23,21,19,15,18,8,23,22
2001,470754,0,1,0,0,0,0,0,0,0,0,0,0
2001,470754,0,2,0,0,0,0,0,0,0,0,0,7
2001,470754,0,3,0,0,0,0,0,0,0,0,0,0
2001,470754,1,1,16,8,0,0,0,0,9,0,0,0
2001,470755,1,1,0,0,0,0,0,0,0,0,0,0
2001,470755,2,1,15,0,0,4,0,0,0,0,0,17
2001,470756,1,1,0,0,0,0,0,0,0,0,0,0
2001,470756,2,1,0,0,0,0,0,0,0,0,0,0
2001,470756,3,1,0,0,0,0,0,0,0,0,0,0
2001,470757,1,1,0,0,0,0,0,0,5,0,0,0
2001,470758,1,1,0,0,0,0,0,0,0,0,0,0
2001,470758,2,1,0,0,0,0,0,0,0,0,0,0
2001,470759,1,1,0,0,0,0,0,0,0,0,0,0
2001,470760,1,1,22,22,22,22,22,22,22,22,22,22
2001,470761,1,1,0,0,0,0,0,0,0,0,0,0
2001,470761,2,1,0,0,0,0,0,0,0,0,0,0
2001,470761,3,1,0,0,0,0,0,0,0,0,0,0
2001,470761,4,1,0,0,0,0,0,0,0,0,0,0
2001,470761,5,1,0,0,0,0,0,0,0,0,0,0
2001,470761,6,1,0,0,0,0,0,0,0,0,0,0
2001,470761,7,1,0,0,0,0,0,0,0,0,0,0
2001,470762,0,1,22,7,37,24,25,0,25,27,26,0
2001,470762,1,1,0,0,0,0,0,0,0,0,0,0
2001,470763,1,1,0,0,0,0,0,0,0,0,0,0
2001,470763,2,1,0,0,0,0,0,0,0,0,0,0
2001,470764,1,1,20,30,10,11,13,23,20,20,27,16
2001,470765,1,1,0,0,0,0,0,0,0,0,0,0
2001,470766,1,1,0,0,0,0,14,12,0,0,8,9
2001,470767,1,1,0,0,0,0,0,16,0,0,0,0
2001,470767,2,1,0,15,15,0,0,10,25,17,0,0
2001,470768,0,1,14,22,0,14,32,0,0,22,17,18
2001,470768,1,1,19,9,21,7,4,13,11,5,12,29
2001,470768,2,1,0,0,0,0,0,0,0,0,0,0
2001,470768,3,1,0,0,0,0,0,0,0,0,0,0
2001,470769,1,1,0,0,0,0,0,0,0,0,0,0
2001,470769,2,1,20,28,19,24,39,32,29,22,14,20
2001,470769,3,1,0,0,0,0,0,0,0,0,0,0
2001,470770,1,1,20,20,20,20,20,20,20,20,20,20
2001,470771,1,1,4,4,4,4,4,4,4,4,4,4
2001,470772,1,1,0,0,0,0,0,0,0,0,0,0
2001,470773,0,1,0,0,0,0,0,0,0,0,0,0
2001,470773,1,1,0,0,0,0,0,0,0,0,0,0
2001,470773,2,1,0,0,0,0,0,0,0,0,0,0
2001,470773,3,1,0,0,0,0,0,0,0,0,0,0
2001,470774,1,1,0,0,0,0,0,0,0,0,0,0
2001,470774,2,1,0,0,0,0,0,0,0,0,0,0
2001,470775,1,1,0,0,0,0,0,0,0,0,0,0
2001,470775,2,1,0,0,0,0,0,0,0,0,0,0
2001,470776,1,1,5,5,5,5,5,5,5,5,5,5
2001,470776,2,1,0,0,0,0,0,0,0,0,0,0
2001,470776,3,1,2,2,2,2,2,2,2,2,2,2
2001,470777,1,1,16,16,16,16,16,16,16,16,16,16
2001,470777,2,1,0,0,0,0,0,0,0,0,0,0
2001,470778,1,1,16,16,16,16,16,16,16,16,16,16
2001,470778,2,1,0,0,0,0,0,0,0,0,0,0
2001,470779,1,1,0,36,27,0,12,0,12,22,0,25
2001,470780,1,1,20,13,16,23,14,19,24,16,22,22
2001,470781,1,1,12,12,12,12,12,12,12,12,12,12
2001,470781,2,1,0,0,0,0,0,0,0,0,0,0
2001,470782,1,1,16,16,16,16,16,16,16,16,16,16
2001,470783,1,1,0,0,0,0,0,0,0,0,0,0
2001,470783,2,1,0,0,0,0,0,0,0,0,0,0
2001,470784,1,1,23,23,23,23,23,23,23,23,23,23
2001,470785,1,1,0,0,0,0,0,0,0,0,0,0
2001,470786,1,1,0,0,0,0,0,0,0,0,0,0
2001,470786,2,1,0,0,0,0,0,0,0,0,0,0
2001,470787,1,1,0,0,0,0,22,0,0,0,0,0
2001,470788,1,1,11,11,11,11,11,11,11,11,11,11
2001,470789,1,1,17,17,17,17,17,17,17,17,17,17
2001,470790,1,1,0,0,0,0,0,0,0,0,0,0
2001,470790,2,1,0,0,0,0,0,0,0,0,0,0
2001,470791,1,1,39,27,11,16,12,21,21,11,24,23
2001,470792,1,1,0,0,0,0,0,0,0,0,0,0
2001,470792,2,1,0,0,0,0,0,0,0,0,0,0
2001,470793,1,1,13,13,13,13,13,13,13,13,13,13
2001,470794,1,1,0,10,0,0,0,0,0,0,0,21
2001,470794,2,1,0,0,8,0,0,0,0,0,8,0
2001,470795,1,1,0,4,0,0,0,0,0,0,0,0
2001,470796,1,1,18,0,23,0,0,0,0,0,0,0
2001,470796,2,1,0,0,0,0,0,0,0,0,0,0
2001,470797,1,1,11,0,12,0,0,0,6,9,16,13
2001,470798,1,1,0,0,0,0,0,0,0,0,0,0
2001,470799,1,1,0,0,0,0,0,0,0,0,0,0
2001,470799,2,1,2,15,5,5,13,8,8,9,9,6
2001,470800,1,1,0,23,0,0,0,9,14,0,33,11
2001,470801,1,1,0,0,0,0,0,0,0,0,0,0
2001,470801,2,1,0,0,0,0,0,4,0,0,0,0
2001,470802,1,1,22,11,8,22,28,10,13,0,30,9
2001,470803,1,1,0,0,0,0,0,0,0,0,0,0
2001,470804,1,1,0,0,0,0,0,0,25,0,0,0
2001,470805,1,1,0,0,0,0,0,0,21,2,0,0
2001,470805,2,1,0,0,0,0,0,0,0,0,0,0
2001,470806,1,1,0,0,0,0,0,0,0,0,0,15
2001,470807,1,1,0,0,0,0,0,0,0,0,0,0
2001,470808,1,1,0,0,21,8,35,0,21,0,0,20
2001,470809,1,1,15,30,0,0,23,10,0,0,0,0
2001,470810,1,1,14,14,14,14,14,14,14,14,14,14
2001,470811,1,1,19,0,0,0,0,0,0,0,0,24
2001,470811,2,1,0,0,0,0,0,0,0,0,0,0
2001,470812,1,1,0,0,0,0,0,0,0,0,0,0
2001,470813,0,1,0,0,0,0,0,0,0,0,0,25
2001,470813,0,2,0,22,0,0,0,0,0,0,0,0
2001,470813,1,1,0,0,0,0,0,0,0,0,0,0
2001,470814,1,1,0,0,25,12,0,0,0,0,0,0
2001,470814,2,1,17,19,31,13,20,21,26,33,21,21
2001,470815,1,1,0,0,0,0,0,0,0,0,0,0
2001,470815,2,1,15,15,15,15,15,15,15,15,15,15
2001,470816,1,1,0,0,0,20,0,0,0,5,0,0
2001,470816,2,1,0,0,0,0,0,0,0,0,0,0
2001,470816,3,1,0,0,0,0,0,0,0,0,0,22
2001,470817,1,1,16,5,0,0,0,13,0,0,0,0
2001,470818,1,1,0,0,0,0,0,0,0,0,0,0
2001,470819,1,1,0,0,0,22,0,0,0,0,0,0
2001,470819,2,1,0,0,0,0,0,0,0,0,0,0
2001,470820,1,1,0,0,0,0,0,0,0,0,0,0
2001,470820,2,1,0,0,0,0,0,0,0,0,0,0
2001,470821,1,1,21,15,21,0,22,24,13,21,15,8
2001,470822,1,1,0,0,0,9,0,0,0,16,22,0
2001,470822,2,1,0,24,41,8,11,12,0,0,16,16
2001,470823,1,1,0,0,0,0,0,0,0,0,0,0
2001,470823,2,1,0,0,0,0,0,0,0,0,33,0
2001,470824,1,1,27,14,6,3,20,24,37,20,12,11
2001,470825,1,1,0,0,0,0,0,0,0,0,0,0
2001,470825,2,1,0,0,0,0,0,0,0,0,0,0
2001,470826,1,1,0,0,0,0,0,0,0,0,0,0
2001,470826,2,1,0,0,0,0,0,0,0,0,0,0
2001,470827,1,1,0,0,0,0,0,0,0,0,0,0
2001,470828,1,1,14,14,13,0,12,19,13,0,0,0
2001,470828,2,1,0,0,0,0,0,0,0,0,0,0
2001,470829,1,1,0,0,0,0,4,0,0,0,0,0
2001,470829,2,1,0,0,0,0,0,0,0,0,0,0
2001,470830,1,1,0,0,0,0,0,0,23,8,0,11
2001,470830,2,1,0,16,21,17,30,18,17,0,0,13
2001,470831,1,1,0,0,0,0,0,0,0,0,0,0
2001,470832,1,1,0,0,0,0,0,0,0,0,0,0
2001,470833,0,1,0,20,0,0,0,0,0,24,0,0
2001,470833,1,1,0,0,0,0,0,0,0,0,0,0
2001,470834,1,1,0,0,0,0,4,0,0,0,0,0
2001,470834,2,1,0,0,0,0,10,0,15,12,0,0
2001,470835,1,1,10,15,12,14,5,13,10,5,9,0
2001,470835,2,1,0,0,0,0,0,0,0,13,5,0
2001,470836,1,1,0,0,0,0,0,0,0,6,0,0
2001,470836,2,1,0,6,0,0,0,0,18,10,0,0
2001,470837,1,1,20,7,23,3,18,21,36,0,34,27
2001,470838,1,1,0,0,0,0,0,0,0,0,0,0
2001,470838,2,1,0,0,0,0,0,0,0,0,0,0
2001,470839,1,1,0,0,0,0,0,0,0,0,0,0
2001,470839,2,1,0,0,0,0,0,0,0,0,0,0
2001,470839,3,1,0,0,0,0,0,0,0,0,0,0
2001,470839,4,1,0,0,0,0,0,0,0,0,0,0
2001,470839,5,1,0,0,0,0,0,0,0,0,0,0
2001,470839,6,1,0,0,26,0,0,0,0,0,0,0
2001,470840,1,1,22,18,32,35,17,15,24,23,21,30
2001,470841,1,1,17,18,15,19,11,35,7,15,7,8
2001,470842,1,1,0,15,0,0,0,0,0,0,0,0
2001,470843,1,1,17,0,22,22,21,12,9,0,0,22
2001,470844,1,1,18,17,8,39,8,20,3,22,0,15
2001,470845,1,1,0,15,22,0,44,14,9,27,0,0
2001,470846,1,1,8,8,8,8,8,8,8,8,8,8
2001,470847,1,1,0,0,0,0,0,0,0,0,0,0
2001,470847,2,1,0,0,0,0,0,0,0,0,0,0
2001,470848,0,1,0,0,0,0,0,0,0,0,0,0
2001,470848,1,1,0,0,0,0,0,0,0,0,0,0
2001,470849,1,1,0,0,0,0,0,0,0,0,0,0
2001,470849,2,1,0,0,0,0,0,0,0,0,0,0