YEAR,st_case,veh_no,per_no,P1,P2,P3,P4,P5,P6,P7,P8,P9,P10
2001,470850,0,1,0,12,0,0,0,0,0,0,0,0
2001,470850,1,1,22,28,0,12,0,28,19,34,20,0
2001,470851,0,1,13,10,27,0,11,20,28,16,0,12
2001,470851,1,1,0,0,6,0,0,0,0,0,0,0
2001,470852,1,1,22,22,18,0,0,0,18,16,17,0
2001,470853,0,1,0,6,0,0,0,0,0,0,0,4
2001,470854,1,1,0,0,18,0,0,21,0,0,0,0
2001,470855,1,1,25,25,25,25,25,25,25,25,25,25
2001,470856,1,1,0,0,0,0,0,0,0,0,0,0
2001,470856,2,1,0,0,0,0,0,0,0,0,0,0
2001,470857,1,1,0,0,0,0,0,0,2,0,0,0
2001,470857,2,1,0,0,0,0,0,0,0,0,0,0
2001,470858,1,1,0,0,0,0,0,0,0,0,8,0
2001,470859,1,1,6,6,6,6,6,6,6,6,6,6
2001,470860,1,2,27,0,18,30,0,24,8,0,17,12
2001,470861,1,1,0,0,0,0,0,0,0,0,0,0
2001,470861,2,1,0,0,0,0,0,0,0,0,0,0
2001,470862,1,1,5,0,0,6,0,0,16,0,4,15
2001,470863,1,1,5,5,5,5,5,5,5,5,5,5
2001,470863,2,1,0,0,0,0,0,0,0,0,0,0
2001,470864,1,1,0,0,0,0,0,0,0,0,0,0
2001,470865,1,1,0,0,0,0,0,0,0,0,0,0
2001,470865,2,1,0,0,0,0,0,0,0,0,0,0
2001,470865,3,1,0,0,0,0,0,0,0,0,0,0
2001,470866,1,1,0,0,0,0,0,0,0,0,0,0
2001,470867,1,1,12,12,12,12,12,12,12,12,12,12
2001,470868,1,1,0,0,0,0,0,0,0,0,0,0
2001,470868,2,1,0,0,0,0,0,0,0,0,0,0
2001,470869,1,1,29,23,20,21,14,8,19,0,26,0
2001,470870,1,1,20,0,0,0,13,10,18,0,16,0
2001,470871,1,1,19,14,13,10,2,19,6,9,9,0
2001,470872,1,1,16,16,37,13,0,8,25,6,13,0
2001,470872,2,1,8,0,3,5,13,8,4,12,0,0
2001,470873,1,1,4,0,12,0,0,0,0,0,0,0
2001,470874,1,1,0,0,0,0,0,0,0,0,0,0
2001,470874,2,1,0,0,0,0,0,0,5,0,0,0
2001,470875,1,1,20,12,34,23,29,17,8,20,26,43
2001,470875,2,1,0,25,0,0,0,0,0,0,0,0
2001,470876,1,1,0,24,19,10,23,16,6,28,22,11
2001,470877,1,1,0,0,11,0,0,0,0,0,0,0
2001,470877,2,1,0,0,0,0,0,0,0,0,0,0
2001,470878,1,1,31,0,5,0,21,0,9,9,16,20
2001,470879,1,1,7,0,11,0,0,0,14,0,25,0
2001,470879,2,1,0,0,0,0,0,0,0,0,0,0
2001,470880,1,1,28,11,46,12,12,29,8,38,18,10
2001,470881,1,1,36,36,36,36,36,36,36,36,36,36
2001,470882,1,1,0,0,0,0,0,0,0,0,0,0
2001,470882,2,1,14,0,0,0,0,0,0,0,0,0
2001,470883,1,1,17,29,13,14,20,20,17,16,25,26
2001,470884,1,1,21,21,21,21,21,21,21,21,21,21
2001,470884,2,1,0,0,0,0,0,0,0,0,0,0
2001,470885,1,1,5,0,0,0,13,15,0,0,12,0
2001,470886,1,1,0,0,0,0,0,23,11,0,0,0
2001,470887,1,1,0,0,0,0,0,0,0,0,0,0
2001,470887,2,1,28,0,0,0,0,0,9,0,0,0
2001,470887,3,1,0,0,0,0,0,0,0,0,0,0
2001,470888,1,1,0,0,0,0,0,0,0,0,0,15
2001,470889,1,1,0,0,20,0,12,0,3,0,0,21
2001,470890,1,1,16,0,27,5,12,29,8,12,21,0
2001,470891,1,1,26,26,26,26,26,26,26,26,26,26
2001,470892,1,1,0,0,23,0,16,0,0,0,16,17
2001,470893,1,1,0,0,0,0,0,0,0,0,0,0
2001,470894,1,1,14,0,0,0,0,7,0,15,0,0
2001,470895,0,1,16,0,38,0,0,21,0,0,0,0
2001,470895,0,2,20,10,15,38,0,30,30,41,12,17
2001,470895,3,1,0,10,0,0,0,0,0,0,0,0
2001,470896,1,1,7,37,22,28,14,26,9,37,14,8
2001,470897,1,1,0,0,0,0,0,0,0,0,0,0
2001,470898,1,1,0,0,0,0,0,18,0,0,0,0
2001,470898,2,1,26,26,26,26,26,26,26,26,26,26
2001,470899,1,1,0,0,0,0,0,0,0,0,0,0
2001,470899,2,1,0,0,0,0,0,0,0,0,0,0
2001,470900,1,1,0,0,0,0,0,0,5,0,0,0
2001,470900,2,1,0,0,0,0,0,0,0,0,0,0
2001,470901,1,1,0,0,0,0,0,0,0,0,0,0
2001,470902,1,1,0,0,0,0,0,0,0,0,0,0
2001,470902,2,1,0,0,0,0,0,0,0,0,0,0
2001,470902,3,1,0,0,0,0,0,0,0,0,0,0
2001,470902,4,1,0,0,0,0,0,0,0,0,0,0
2001,470902,5,1,0,0,0,0,0,0,0,5,0,0
2001,470902,6,1,0,0,0,0,0,0,0,0,0,0
2001,470902,7,1,0,0,0,0,0,0,0,0,0,0
2001,470903,1,1,0,0,0,26,0,0,0,15,0,0
2001,470904,1,1,0,0,0,0,0,0,0,0,0,0
2001,470904,2,1,0,30,0,0,0,0,0,0,0,21
2001,470905,1,1,23,14,25,10,25,14,17,14,7,22
2001,470906,1,1,0,0,0,9,0,0,0,0,0,0
2001,470906,2,1,0,0,0,0,0,0,0,0,10,0
2001,470907,1,1,0,0,0,0,21,0,0,12,12,26
2001,470908,1,1,0,0,0,0,0,0,0,0,0,0
2001,470908,2,1,0,0,0,0,0,0,0,0,0,0
2001,470909,1,1,6,27,5,25,0,0,28,0,0,0
2001,470910,1,1,14,16,10,12,8,26,10,16,24,0
2001,470911,0,1,0,0,0,0,0,0,0,0,12,0
2001,470911,1,1,0,0,0,0,0,0,0,0,0,0
2001,470911,2,1,0,0,0,0,0,0,0,0,0,0
2001,470911,3,1,0,0,0,0,0,0,0,0,0,0
2001,470912,0,1,20,20,20,20,20,20,20,20,20,20
2001,470912,1,1,0,0,0,0,0,0,0,0,0,0
2001,470913,1,1,12,32,0,11,36,0,0,0,0,11
2001,470914,1,1,0,0,0,0,0,0,0,0,0,0
2001,470915,1,1,0,0,0,0,0,0,0,0,0,0
2001,470915,2,1,0,0,0,0,0,0,0,0,0,0
2001,470916,1,1,0,0,0,0,0,0,9,0,0,0
2001,470917,1,1,0,0,0,0,0,0,0,0,0,0
2001,470918,1,1,0,0,0,0,0,0,0,0,0,0
2001,470918,2,1,0,0,0,0,0,0,0,0,0,0
2001,470919,0,1,0,0,0,0,0,0,0,0,0,0
2001,470919,1,1,0,0,0,0,0,0,0,4,0,0
2001,470920,1,1,0,0,0,0,0,0,0,0,0,0
2001,470920,2,1,0,0,0,0,0,0,0,0,0,0
2001,470921,1,1,0,0,0,0,0,0,0,0,0,0
2001,470921,2,1,0,0,0,0,0,0,0,0,0,0
2001,470922,1,1,0,0,0,0,0,0,0,0,0,0
2001,470922,2,1,0,0,0,0,0,0,0,0,0,0
2001,470923,1,1,0,0,0,0,0,0,0,0,0,0
2001,470923,2,1,23,23,23,23,23,23,23,23,23,23
2001,470924,1,1,16,16,16,16,16,16,16,16,16,16
2001,470925,1,1,5,5,5,5,5,5,5,5,5,5
2001,470925,2,1,0,0,0,0,0,0,0,0,0,0
2001,470926,1,1,30,7,22,22,0,25,8,0,27,14
2001,470927,1,1,0,11,0,26,0,7,19,20,0,14
2001,470928,1,1,0,7,0,0,0,0,0,22,0,0
2001,470928,2,1,23,23,23,23,23,23,23,23,23,23
2001,470929,1,1,21,29,32,13,0,23,0,0,20,0
2001,470930,1,1,4,0,5,0,0,8,7,0,19,0
2001,470930,2,1,0,25,0,0,0,0,0,0,0,0
2001,470931,1,1,13,13,11,22,11,23,16,22,11,7
2001,470932,1,1,20,20,20,20,20,20,20,20,20,20
2001,470933,1,1,0,0,0,0,0,0,0,0,0,0
2001,470933,2,1,0,0,0,0,0,0,0,0,0,0
2001,470934,1,1,0,0,0,0,0,0,6,0,0,0
2001,470935,1,1,0,18,10,14,15,28,0,14,29,0
2001,470936,1,1,0,18,0,0,0,0,0,0,0,0
2001,470936,2,1,0,0,0,0,0,0,0,0,0,0
2001,470937,1,1,0,0,0,0,0,0,0,0,0,0
2001,470937,2,1,0,0,0,0,0,0,0,0,0,0
2001,470938,0,1,0,0,0,0,0,0,0,0,0,0
2001,470938,1,1,0,0,0,0,0,0,0,0,0,0
2001,470939,1,1,0,13,0,13,0,0,0,0,0,0
2001,470940,1,1,0,0,0,0,0,0,0,0,0,0
2001,470941,1,1,0,0,0,0,0,0,0,0,0,0
2001,470941,2,1,0,25,0,0,0,0,0,0,0,0
2001,470942,1,1,0,0,0,0,0,0,0,0,0,0
2001,470942,2,1,0,0,0,0,0,0,0,24,16,0
2001,470943,1,1,0,0,0,0,0,17,0,0,0,0
2001,470943,2,1,23,25,17,28,23,14,21,27,33,8
2001,470944,1,1,0,0,0,0,21,20,19,0,0,21
2001,470945,1,1,0,0,7,0,2,0,0,0,0,0
2001,470945,2,1,10,0,0,0,0,0,0,0,0,0
2001,470945,3,1,7,0,0,0,38,0,13,0,0,0
2001,470946,1,1,0,8,0,0,0,0,0,0,0,0
2001,470946,2,1,0,0,0,0,0,0,0,0,0,0
2001,470947,1,1,0,0,0,0,0,0,0,0,0,0
2001,470948,1,1,8,0,0,0,11,12,0,10,0,9
2001,470949,1,1,0,8,0,15,0,0,0,0,0,0
2001,470950,1,1,0,0,0,0,0,0,0,0,0,0
2001,470950,2,1,0,0,0,0,0,0,0,0,0,0
2001,470951,0,1,0,0,0,0,0,0,0,0,0,0
2001,470951,1,1,0,0,0,0,0,0,0,0,0,0
2001,470952,1,1,17,15,15,0,20,42,28,18,9,13
2001,470953,1,1,0,0,0,0,0,0,0,0,0,0
2001,470953,2,1,0,0,0,0,0,0,0,0,0,0
2001,470953,3,1,0,0,0,0,0,0,0,0,0,0
2001,470954,1,1,17,17,17,17,17,17,17,17,17,17
2001,470955,0,1,9,0,13,26,33,0,0,15,12,22
2001,470955,1,1,12,12,12,12,12,12,12,12,12,12
2001,470956,1,1,11,26,15,14,20,9,30,22,12,4
2001,470957,1,1,0,2,0,0,0,0,0,0,0,0
2001,470957,2,1,0,0,0,0,0,0,0,0,0,0
2001,470957,3,1,0,0,0,0,0,0,0,0,0,0
2001,470958,1,1,0,0,0,0,0,0,0,0,0,0
2001,470958,2,1,0,0,7,0,0,30,0,0,0,0
2001,470959,1,1,20,29,36,13,18,25,29,9,18,12
2001,470960,1,1,22,17,12,0,0,13,0,3,2,0
2001,470961,1,1,0,0,0,0,4,0,0,0,0,0
2001,470961,2,1,0,0,0,0,0,0,0,0,0,0
2001,470962,1,1,0,0,0,0,0,0,0,6,0,0
2001,470963,1,1,0,0,0,0,0,0,0,0,0,22
2001,470964,1,1,0,0,0,0,0,0,0,0,0,0
2001,470964,2,1,0,0,0,0,0,0,0,0,0,0
2001,470965,1,1,22,22,22,22,22,22,22,22,22,22
2001,470966,1,1,0,0,0,0,0,0,0,0,0,0
2001,470966,2,1,0,0,0,0,0,0,0,0,0,0
2001,470966,3,1,7,13,15,13,8,19,24,0,0,12
2001,470966,4,1,0,0,0,0,0,0,0,0,14,0
2001,470967,1,1,0,0,0,0,0,0,0,0,0,0
2001,470967,2,1,0,0,0,0,0,0,0,0,0,0
2001,470968,1,1,0,0,10,0,0,0,0,0,0,0
2001,470969,0,1,0,12,0,19,29,0,0,39,0,22
2001,470969,2,1,0,0,0,0,0,0,0,0,0,0
2001,470970,1,1,0,0,0,0,0,0,0,0,0,0
2001,470971,1,1,29,29,29,29,29,29,29,29,29,29
2001,470972,1,1,0,0,0,0,0,0,0,0,0,0
2001,470972,2,1,0,0,0,0,0,0,0,0,0,0
2001,470973,1,1,23,27,21,28,0,0,9,0,21,0
2001,470974,1,1,9,26,0,0,0,0,0,0,5,0
2001,470975,1,1,0,0,0,0,0,0,0,0,4,0
2001,470976,1,1,23,23,23,23,23,23,23,23,23,23
2001,470977,1,1,16,16,16,16,16,16,16,16,16,16
2001,470978,1,1,25,25,25,25,25,25,25,25,25,25
2001,470979,0,1,14,0,0,0,0,0,0,0,15,0
2001,470979,0,2,14,0,0,46,11,0,14,0,0,0
2001,470979,0,3,8,0,0,33,17,21,19,0,21,0
2001,470979,1,1,0,0,0,0,0,0,0,19,0,0
2001,470980,1,1,0,0,0,0,0,0,0,0,0,0
2001,470980,2,1,0,0,0,0,0,0,0,0,0,0
2001,470981,1,1,0,0,0,0,0,0,0,0,0,0
2001,470981,2,1,0,0,0,0,0,0,0,0,0,0
2001,470981,3,1,0,0,0,0,0,0,0,0,0,0
2001,470982,1,1,0,0,0,0,0,0,0,0,0,0
2001,470982,2,1,0,0,0,0,0,0,0,0,0,0
2001,470983,1,1,0,10,15,14,6,11,0,0,7,19
2001,470983,2,1,0,0,0,0,0,0,0,0,0,0
2001,470984,1,1,24,0,15,32,29,12,16,31,18,0
2001,470985,1,1,13,14,0,0,18,8,0,8,0,13
2001,470986,1,1,0,23,0,0,0,0,0,0,0,0
2001,470987,1,1,0,0,0,0,0,0,9,0,17,0
2001,470987,2,1,0,0,0,0,16,0,0,0,0,25
2001,470988,1,1,26,10,11,25,14,12,21,9,4,15
2001,470989,1,1,22,30,0,0,26,0,31,11,7,23
2001,470989,2,1,0,0,0,0,0,0,0,0,0,0
2001,470990,1,1,0,20,0,0,0,0,0,0,0,0
2001,470991,1,1,0,0,0,0,0,0,0,0,0,0
2001,470991,2,1,0,0,0,29,0,0,0,0,0,0
2001,470991,3,1,0,0,0,0,0,0,0,0,0,0
2001,470992,1,1,11,11,11,11,11,11,11,11,11,11
2001,470992,2,1,0,0,0,0,0,0,14,6,0,0
2001,470992,3,1,0,0,0,0,0,12,0,0,0,0
2001,470992,4,1,0,0,0,20,0,0,0,0,0,0
2001,470992,5,1,0,0,0,0,0,0,0,0,0,0
2001,470993,1,1,0,0,14,13,0,16,0,24,27,14
2001,470994,1,1,0,0,0,0,0,0,0,0,0,0
2001,470995,1,1,0,0,19,16,7,0,11,0,23,0
2001,470996,1,1,0,0,0,29,0,0,0,10,28,34
2001,470997,0,1,9,0,0,13,17,0,0,0,32,15
2001,470997,1,1,0,0,0,0,0,0,0,0,0,0
2001,470997,2,1,0,0,0,0,0,0,0,0,0,0
2001,470997,3,1,8,16,8,7,8,10,1,0,14,3
2001,470997,4,1,7,0,11,4,7,0,0,21,0,18
2001,470998,1,1,10,10,16,23,15,6,6,25,17,32
2001,470999,0,1,0,0,0,0,0,0,0,0,0,0
2001,470999,1,1,0,0,0,0,0,0,0,0,0,0
2001,471000,0,1,0,30,0,0,0,0,0,0,0,0
2001,471000,2,1,0,0,0,0,0,0,0,0,0,0
2001,471001,1,1,0,0,30,25,21,30,32,0,29,0
2001,471002,0,1,0,0,0,0,0,0,0,0,0,0
2001,471002,1,1,0,0,0,0,0,0,0,0,0,0
2001,471003,1,1,0,0,0,0,0,0,12,0,0,0
2001,471003,2,1,0,0,0,0,0,0,0,0,0,0
2001,471004,0,1,0,0,0,0,0,0,0,6,0,0
2001,471004,1,1,20,0,0,0,0,0,0,0,0,0
2001,471005,0,1,0,0,0,20,0,0,0,4,0,0
2001,471005,1,1,0,8,0,0,0,0,0,7,0,0
2001,471006,1,1,0,0,0,0,0,0,0,4,0,0
2001,471007,1,1,0,0,0,0,0,0,0,0,0,0
2001,471007,2,1,10,10,10,10,10,10,10,10,10,10
2001,471008,1,1,0,0,0,0,8,0,0,0,0,0
2001,471009,1,1,0,0,0,0,0,0,0,0,0,0
2001,471009,2,1,0,0,0,0,0,0,0,0,0,0
2001,471009,3,1,0,0,0,0,0,0,0,0,0,0
2001,471010,1,1,17,31,6,42,27,25,5,37,9,14
2001,471011,1,1,0,0,0,0,0,0,0,0,0,0
2001,471011,2,1,0,0,0,0,0,0,0,0,0,0
2001,471012,1,1,0,0,0,0,0,0,0,0,0,0
2001,471013,1,1,14,13,0,0,0,5,0,14,4,0
2001,471014,1,1,13,13,13,13,13,13,13,13,13,13
2001,471014,2,1,0,0,0,0,0,0,0,0,0,0
2001,471015,1,1,0,0,0,0,0,0,0,0,0,0
2001,471015,2,1,0,0,0,0,0,0,0,0,0,0
2001,471016,1,1,0,0,0,0,0,0,0,0,0,0
2001,471016,2,1,0,0,0,0,0,0,0,0,0,0
2001,471017,1,1,0,0,0,0,0,0,0,0,0,0
2001,471017,2,1,0,0,0,0,0,0,0,0,0,0
2001,471018,1,1,8,8,8,8,8,8,8,8,8,8
2001,471018,2,1,18,18,18,18,18,18,18,18,18,18
2001,471019,1,1,0,0,0,0,0,0,0,0,0,0
2001,471020,1,1,0,0,0,0,0,0,0,0,0,0
2001,471020,2,1,0,0,0,0,0,0,0,0,0,0
2001,471021,1,1,0,0,0,0,0,0,0,0,0,0
2001,471021,2,1,0,0,0,0,0,0,0,0,0,0
2001,471022,1,1,24,31,21,21,24,15,7,30,23,12
2001,471023,1,1,19,0,0,0,0,13,13,0,0,8
2001,471024,1,1,0,0,0,0,0,0,0,0,0,0
2001,471025,1,1,0,0,0,0,0,0,0,0,0,0
2001,471026,1,1,0,21,0,24,16,26,6,14,10,9
2001,471027,1,1,0,0,0,0,0,0,0,0,14,0
2001,471028,1,1,0,0,0,0,0,0,0,0,0,0
2001,471029,1,1,0,0,0,0,0,0,0,0,0,0
2001,471029,2,1,0,0,0,0,0,0,0,0,0,0
2001,471030,1,1,0,0,0,0,0,0,0,0,0,0
2001,471030,2,1,0,0,0,0,0,0,0,0,0,0
2001,471031,1,1,21,15,11,0,23,18,19,48,11,0
2001,471032,1,2,0,0,0,0,0,0,0,0,0,0
2001,471033,1,1,0,0,0,0,0,0,0,0,0,0
2001,471033,2,1,0,0,0,0,0,0,0,0,0,0
2001,471034,0,1,16,15,13,11,26,25,14,17,36,27
2001,471034,1,1,0,0,0,0,0,0,10,19,0,0
2001,471035,0,1,26,0,13,0,0,23,0,0,28,0
2001,471035,0,2,6,0,32,26,23,24,17,0,8,6
2001,471035,1,1,14,18,10,33,14,24,5,10,19,13
2001,471036,0,1,0,0,0,0,17,0,0,0,0,0
2001,471036,1,1,0,0,0,0,0,0,0,0,0,0
2001,471037,1,1,0,0,0,0,0,0,0,0,0,0
2001,471038,1,1,25,25,16,19,16,12,0,13,0,8
2001,471039,1,1,18,22,26,24,5,11,15,25,18,9
2001,471040,1,1,0,14,0,0,0,0,0,0,0,0
2001,471040,2,1,0,0,0,0,0,0,0,0,0,0
2001,471040,3,1,0,0,0,0,0,0,0,0,0,0
2001,471040,4,1,0,0,0,0,10,0,0,0,0,0
2001,471041,1,1,0,0,10,0,0,0,0,0,0,0
2001,471042,1,1,26,15,19,9,25,21,29,0,19,19
2001,471042,2,1,0,0,0,0,0,0,10,0,0,0
2001,471042,3,1,0,0,0,0,26,0,0,0,0,0
2001,471042,4,1,0,0,0,0,0,0,0,0,0,0
2001,471042,5,1,35,0,0,0,0,0,0,0,17,0
2001,471042,6,1,0,0,0,0,0,0,0,0,0,0
2001,471043,1,1,15,21,0,22,0,19,0,18,32,21
2001,471043,2,1,0,0,0,0,0,0,0,0,0,0
2001,471044,1,1,0,0,8,0,0,0,0,0,0,0
2001,471044,2,1,22,0,0,0,0,0,0,0,0,0
2001,471045,1,1,0,0,9,0,0,0,0,0,0,0
2001,471046,1,1,36,11,6,23,9,7,20,19,11,3
2001,471046,2,1,10,35,13,21,29,5,13,22,14,11
2001,471047,1,1,14,14,14,14,14,14,14,14,14,14
2001,471048,1,1,0,5,0,0,0,0,0,29,19,0
2001,471049,1,1,9,12,15,12,16,0,5,8,20,12
2001,471050,1,1,20,41,16,20,13,25,9,14,21,19
2001,471051,1,1,0,0,0,0,0,0,0,0,0,0
2001,471051,2,1,17,17,17,17,17,17,17,17,17,17
2001,471052,1,1,0,0,0,0,0,0,0,0,10,0
2001,471052,2,1,0,0,0,0,0,0,0,0,0,0
2001,471053,1,1,0,0,0,0,0,0,0,0,0,0
2001,471053,2,1,0,0,0,0,0,0,0,0,0,0
2001,471054,1,1,0,0,0,0,0,0,0,0,0,0
2001,471054,2,1,0,0,0,0,0,0,0,0,0,0
2001,471055,1,1,0,0,0,0,0,0,0,0,0,0
2001,471055,2,1,0,0,0,0,0,0,0,0,0,0
2001,471056,1,1,0,0,0,0,12,0,0,0,0,0
2001,471057,1,1,0,0,0,0,0,0,0,0,19,0
2001,471057,2,1,0,0,0,0,7,0,0,0,0,0
2001,471058,1,1,15,0,0,0,0,0,0,0,4,0
2001,471058,2,1,0,0,0,0,0,0,0,0,0,0
2001,471059,1,1,0,0,0,0,0,0,0,0,0,0
2001,471060,0,1,0,0,0,0,0,0,0,0,0,0
2001,471060,0,2,0,0,10,0,0,0,25,0,0,0
2001,471060,1,1,0,0,0,0,0,0,0,0,13,0
2001,471061,1,1,0,0,0,0,0,0,0,0,0,0
2001,471061,2,1,0,0,0,0,0,0,0,0,0,0
2001,471061,3,1,0,0,0,0,0,0,0,0,0,0
2001,471062,1,1,16,14,7,7,0,11,23,17,12,21
2001,471063,1,1,0,0,0,0,0,21,0,0,0,15
2001,471063,2,1,0,0,0,0,0,0,0,0,0,0
2001,471064,0,1,0,0,0,0,18,0,0,0,0,0
2001,471064,1,1,8,0,0,0,0,0,0,0,0,0
2001,471065,1,1,5,0,0,28,0,0,0,0,19,0
2001,471065,2,1,0,0,0,0,0,0,0,0,0,0
2001,471066,1,1,4,10,8,25,16,19,19,9,21,31
2001,471067,0,1,0,0,0,0,0,0,0,0,0,0
2001,471068,1,1,14,28,15,25,12,30,26,23,0,15
2001,471069,1,1,0,0,0,0,0,0,0,0,0,0
2001,471069,2,1,0,0,0,0,0,0,0,0,0,0
2001,471070,1,1,8,0,0,0,39,0,0,41,0,0
2001,471070,2,1,0,0,0,0,0,0,0,0,0,0
2001,471070,3,1,0,0,0,0,0,0,0,0,0,0
2001,471071,1,1,0,0,0,0,18,19,23,10,0,23
2001,471072,1,1,23,23,23,23,23,23,23,23,23,23
2001,471073,1,1,0,0,0,0,0,0,0,0,0,0
2001,471073,2,1,0,0,0,0,0,0,0,0,0,0
2001,471074,0,1,0,0,0,0,0,0,0,0,0,0
2001,471074,1,1,0,0,0,0,0,0,0,0,0,0
2001,471075,1,1,0,0,0,0,0,0,22,0,0,10
2001,471076,1,1,9,0,11,3,0,25,6,0,0,0
2001,471077,1,1,0,0,0,0,0,0,0,0,0,0
2001,471078,1,1,0,0,0,0,0,0,0,0,0,0
2001,471078,2,1,0,0,0,0,0,0,0,0,0,0
2001,471079,1,1,0,0,0,31,0,18,0,0,35,0
2001,471080,1,1,0,0,0,0,0,0,0,0,0,0
2001,471080,2,1,0,0,0,0,0,0,0,0,0,0
2001,471081,1,1,0,0,0,0,0,0,0,0,0,0
2001,471082,1,1,0,18,26,10,0,0,15,0,7,0
2001,471083,1,1,0,0,0,0,0,0,0,0,0,0
2001,471083,2,1,0,0,0,0,0,0,0,0,0,0
2001,471083,3,1,0,0,0,0,0,0,0,0,0,0
2001,471084,1,1,0,0,0,0,0,0,0,0,0,0
2001,471085,1,1,0,8,0,0,0,0,0,0,0,0
2001,471086,1,1,0,0,0,0,0,0,0,0,0,0
2001,471086,2,1,0,0,0,0,0,0,0,0,0,0
2001,471086,3,1,0,0,0,0,0,0,0,0,0,0
2001,471087,1,1,0,0,0,0,0,0,0,0,0,0
2001,471087,2,1,19,19,19,19,19,19,19,19,19,19
2001,471088,1,1,0,0,0,0,23,8,0,0,0,0
2001,471089,1,1,0,0,0,0,0,0,0,0,0,0
2001,471089,2,1,0,0,0,0,0,0,0,0,0,0
2001,471090,1,1,0,15,0,0,0,0,3,0,14,11
2001,471091,0,1,8,0,0,0,0,0,0,0,0,13
2001,471091,1,1,0,0,0,0,0,0,0,0,0,0
2001,471092,1,1,23,0,0,6,13,25,12,17,0,10
2001,471092,2,1,0,0,0,0,0,0,0,0,21,0
2001,471093,1,1,20,30,25,17,18,21,0,16,29,21
2001,471094,1,1,0,0,0,0,0,0,0,0,0,0
2001,471094,2,1,9,9,9,9,9,9,9,9,9,9
2001,471095,1,1,0,0,0,0,0,0,0,0,0,0
2001,471095,2,1,0,0,0,0,0,0,10,0,0,0
2001,471095,3,1,0,0,11,0,0,0,0,0,0,0
2001,471096,1,1,0,0,0,0,0,0,0,0,0,0
2001,471096,2,1,0,0,0,0,0,0,0,0,0,0
2001,471097,1,1,0,0,0,0,20,0,15,0,0,0
2001,471097,2,1,0,0,15,21,0,0,5,30,0,0
2001,471098,1,1,0,0,0,16,0,0,0,24,14,0
2001,471099,1,1,0,0,0,0,0,0,0,0,0,0
2001,471100,1,1,0,12,10,33,28,26,0,31,22,12
2001,471101,1,1,0,0,0,0,0,0,0,0,0,0
2001,471101,2,1,0,0,0,0,0,0,0,0,0,0
2001,471102,1,1,0,0,0,0,0,0,0,0,0,0
2001,471102,2,1,0,0,0,0,0,0,0,0,0,0
2001,471102,3,1,0,0,0,0,0,0,0,0,0,0
2001,471103,1,1,0,0,0,0,0,0,6,0,0,0
2001,471103,2,1,0,0,22,0,0,0,11,6,8,0
2001,471104,1,1,0,0,0,0,0,0,0,0,0,0
2001,471105,1,1,0,0,0,0,0,14,0,0,0,0
2001,471105,2,1,0,0,0,0,0,0,0,0,0,0
2001,471106,1,1,15,10,0,9,54,17,0,36,8,21
2001,471107,1,1,0,0,7,0,0,0,0,0,0,0
2001,471107,2,1,0,0,0,0,0,0,0,0,0,0
2001,471108,1,1,0,0,0,0,0,0,0,0,0,0
2001,471108,2,1,0,0,0,0,0,0,0,0,0,5
2001,471109,0,1,0,0,0,0,0,0,0,0,0,13
2001,471109,1,1,0,0,0,0,0,0,0,0,0,0
2001,471110,1,1,29,24,11,20,18,0,21,25,0,15
2001,471110,2,1,6,0,0,0,0,0,0,0,0,0
2001,471111,1,1,0,10,10,0,5,18,27,8,30,14
2001,471112,1,1,0,0,0,0,0,25,21,0,0,0
2001,471113,1,1,15,15,15,15,15,15,15,15,15,15
2001,471114,1,1,20,20,20,20,20,20,20,20,20,20
2001,471115,1,1,0,0,0,0,0,0,0,0,0,0
2001,471115,2,1,0,0,0,0,0,0,0,0,0,0
2001,471116,1,1,15,15,15,15,15,15,15,15,15,15
2001,471117,1,1,0,0,0,0,0,0,0,0,0,0
2001,471117,2,1,0,0,0,0,0,0,0,0,0,0
2001,471118,1,1,9,9,9,9,9,9,9,9,9,9
2001,471119,1,1,0,0,0,0,0,0,0,0,0,0
2001,471119,2,1,29,29,0,0,0,20,0,16,0,7
2001,471120,1,1,0,0,0,0,0,0,0,0,0,0
2001,471121,1,1,0,0,0,0,0,0,21,0,0,0
2001,471122,1,1,12,12,12,12,12,12,12,12,12,12
2001,471122,2,1,0,0,0,0,0,0,0,0,0,0
2001,471123,1,1,11,11,11,11,11,11,11,11,11,11
2001,471123,2,1,0,0,0,0,0,0,0,0,0,0
2001,471124,1,1,31,9,24,10,22,0,0,24,0,32
2001,471125,1,1,0,0,0,0,0,0,0,0,0,0
2001,471126,1,1,27,23,20,0,11,29,4,14,26,38
2001,471127,1,1,0,0,0,0,0,0,0,0,0,0
2001,471127,2,1,0,0,0,0,0,0,0,0,0,0
2001,471128,1,1,0,0,0,0,0,0,0,0,0,0
2001,471129,1,1,10,10,10,10,10,10,10,10,10,10
2001,471130,0,1,0,0,0,0,0,0,0,0,0,0
2001,471130,1,1,0,0,0,0,0,8,0,0,0,30
2001,471131,1,1,5,21,0,0,34,0,0,0,0,0