YEAR,st_case,veh_no,per_no,P1,P2,P3,P4,P5,P6,P7,P8,P9,P10
2001,471132,1,1,16,0,0,20,0,14,12,0,0,32
2001,471133,1,1,29,19,13,24,21,19,6,18,19,22
2001,471134,1,1,0,0,0,0,20,0,0,0,0,0
2001,471134,2,1,0,0,0,0,0,0,0,0,0,0
2001,471135,1,1,0,0,0,0,0,0,0,0,0,0
2001,471135,2,1,0,0,0,0,0,0,0,0,0,0
2001,471136,0,1,21,21,0,15,0,25,0,0,25,19
2001,471136,1,1,0,0,0,0,0,0,0,0,0,0
2001,471137,1,1,0,0,12,0,0,0,0,0,0,0
2001,471138,0,1,0,0,0,0,0,0,0,0,0,0
2001,471138,1,1,0,0,4,0,0,16,12,0,0,0
2001,471139,0,1,0,0,0,0,0,0,0,0,0,0
2001,471139,1,1,0,0,0,0,0,0,0,0,14,0
2001,471140,1,1,32,16,17,23,23,0,4,15,27,17
2001,471141,0,1,0,0,0,0,0,0,0,0,0,0
2001,471141,1,1,0,0,0,0,0,0,0,0,0,0
2001,471142,1,1,0,0,0,0,0,0,0,0,0,0
2001,471143,1,1,0,0,0,0,0,0,0,0,0,0
2001,471143,2,1,0,0,0,0,0,0,0,0,0,0
2001,471144,1,1,0,0,8,0,0,0,0,0,0,4
2001,471145,1,1,8,13,24,0,0,9,21,0,14,0
2001,480001,1,1,19,19,19,19,19,19,19,19,19,19
2001,480002,0,1,0,0,32,0,0,0,10,0,20,32
2001,480002,1,1,0,0,21,9,0,0,0,0,0,0
2001,480003,1,1,33,0,0,9,11,22,0,0,30,17
2001,480004,0,4,0,25,0,0,28,13,6,0,0,18
2001,480004,0,5,0,0,0,0,9,0,0,0,0,0
2001,480004,1,1,0,0,7,0,0,0,0,0,0,0
2001,480004,2,1,0,0,0,0,0,0,0,0,0,0
2001,480005,0,1,0,0,0,0,0,0,0,0,0,0
2001,480005,1,1,0,0,0,0,0,0,0,0,0,0
2001,480006,1,1,0,0,0,0,9,0,0,13,0,0
2001,480007,1,1,0,0,0,0,0,0,0,19,0,0
2001,480007,2,1,0,0,0,0,0,0,0,0,0,0
2001,480007,3,1,0,0,0,0,0,0,0,0,0,0
2001,480008,1,1,0,0,0,0,0,0,0,0,0,0
2001,480008,2,1,15,15,15,15,15,15,15,15,15,15
2001,480009,1,1,0,0,0,0,0,0,0,0,0,0
2001,480010,1,1,0,0,0,0,0,0,0,10,0,0
2001,480011,1,1,15,0,0,0,0,0,0,0,0,11
2001,480011,2,1,20,6,19,0,20,0,31,0,15,4
2001,480011,3,1,0,0,0,0,0,0,0,0,0,0
2001,480012,1,1,0,0,0,7,0,0,0,0,0,0
2001,480013,1,1,0,0,0,0,0,0,0,0,0,0
2001,480013,2,1,0,0,0,0,0,0,0,0,0,0
2001,480014,1,1,19,0,0,0,0,0,0,0,0,0
2001,480015,0,1,0,0,0,0,0,0,0,0,0,0
2001,480015,1,1,0,0,0,0,0,0,0,0,0,0
2001,480016,1,1,27,27,27,27,27,27,27,27,27,27
2001,480017,1,1,0,0,0,0,0,0,0,0,0,0
2001,480017,2,1,3,20,20,0,0,0,0,0,19,0
2001,480018,0,1,0,0,0,0,0,0,0,0,0,0
2001,480018,1,1,0,0,0,0,0,0,0,0,0,0
2001,480019,1,1,0,0,0,0,0,0,0,0,0,0
2001,480020,1,1,0,0,0,0,0,0,0,0,0,0
2001,480020,2,1,0,0,10,0,0,0,0,17,0,0
2001,480020,3,1,0,0,0,0,0,0,0,0,0,0
2001,480021,1,1,0,0,0,0,0,0,0,0,0,0
2001,480022,1,1,0,0,0,0,0,0,1,0,0,0
2001,480022,2,1,0,0,12,0,0,0,0,0,6,0
2001,480023,1,1,21,21,21,21,21,21,21,21,21,21
2001,480024,1,1,0,0,15,0,0,29,0,0,0,0
2001,480024,2,1,0,5,0,0,0,20,13,6,0,0
2001,480025,1,1,0,0,0,0,0,0,0,0,0,0
2001,480026,0,1,0,0,0,0,0,0,0,0,0,0
2001,480026,1,1,0,0,0,0,0,0,0,11,0,0
2001,480027,1,1,0,0,0,0,0,0,0,0,0,0
2001,480027,2,1,0,0,0,0,0,0,0,0,0,0
2001,480028,1,1,28,28,28,28,28,28,28,28,28,28
2001,480029,1,1,0,0,0,0,0,0,0,0,0,0
2001,480029,2,1,16,0,0,0,0,0,0,0,12,0
2001,480030,1,1,0,0,0,0,0,0,0,0,0,0
2001,480030,2,1,0,0,0,0,0,0,0,0,0,0
2001,480031,1,1,0,0,0,17,0,0,0,0,0,0
2001,480032,1,1,0,0,0,0,0,0,0,6,0,0
2001,480032,2,1,0,0,0,0,0,0,0,0,0,0
2001,480033,1,1,0,0,0,0,0,0,0,0,0,0
2001,480033,2,1,0,0,0,0,0,0,0,15,0,0
2001,480034,1,1,16,16,16,16,16,16,16,16,16,16
2001,480034,2,1,0,0,0,0,11,0,25,10,0,0
2001,480034,3,1,18,0,0,10,0,0,0,0,0,17
2001,480035,1,1,0,0,0,0,0,0,0,0,0,0
2001,480035,2,1,0,0,0,0,0,0,0,0,0,0
2001,480036,1,1,17,17,17,17,17,17,17,17,17,17
2001,480036,2,1,0,0,20,0,0,0,0,0,0,0
2001,480036,3,1,0,0,0,19,2,5,0,7,7,0
2001,480037,1,1,24,24,24,24,24,24,24,24,24,24
2001,480037,2,1,0,0,0,0,0,0,0,0,0,0
2001,480037,3,1,0,0,23,14,0,30,0,14,16,28
2001,480038,0,1,20,16,35,24,21,26,17,0,12,18
2001,480038,1,1,0,0,0,0,0,0,0,0,0,0
2001,480039,1,1,13,18,12,29,15,34,30,15,25,20
2001,480040,1,1,0,19,0,0,0,17,23,0,0,18
2001,480040,2,1,0,20,0,0,0,0,0,0,0,0
2001,480040,3,1,0,0,0,0,0,0,0,0,0,0
2001,480041,1,1,0,0,0,0,0,0,0,0,0,0
2001,480041,2,1,0,0,0,0,0,0,0,0,0,0
2001,480042,1,1,0,0,0,0,0,0,0,0,0,0
2001,480043,1,1,0,22,16,0,0,0,0,16,9,8
2001,480043,2,1,0,0,0,0,0,0,0,0,0,0
2001,480044,1,1,11,11,0,0,21,21,0,13,11,0
2001,480045,1,1,5,0,17,0,0,24,0,14,11,17
2001,480046,1,1,11,17,26,28,11,19,11,10,20,19
2001,480047,1,1,0,0,0,0,0,0,0,0,0,0
2001,480047,2,1,0,0,0,0,0,0,0,0,0,0
2001,480048,0,1,0,0,0,0,0,0,0,0,0,0
2001,480048,1,1,0,0,0,0,0,0,0,0,0,0
2001,480048,2,1,0,0,15,0,0,17,0,0,0,0
2001,480049,0,1,0,0,0,0,0,0,0,0,0,0
2001,480049,1,1,0,0,0,0,0,0,0,10,0,0
2001,480050,1,1,20,0,8,17,0,9,0,11,0,0
2001,480051,0,1,0,0,0,0,0,0,0,0,0,0
2001,480051,1,1,7,0,0,9,0,2,0,0,0,0
2001,480051,2,1,0,5,0,0,0,0,0,0,0,0
2001,480051,3,1,0,0,17,0,13,0,0,0,0,20
2001,480051,4,1,0,0,0,0,0,0,0,0,0,0
2001,480051,5,1,28,0,0,0,0,0,0,0,0,0
2001,480051,6,1,16,0,0,0,0,0,0,0,0,0
2001,480051,7,1,0,0,0,0,0,0,0,0,0,0
2001,480051,8,1,0,0,0,0,0,0,0,0,0,0
2001,480051,9,1,0,0,0,0,13,0,0,0,0,0
2001,480052,0,1,0,0,0,0,0,31,0,0,0,0
2001,480052,1,1,16,0,0,0,0,0,0,20,0,0
2001,480053,0,1,0,4,0,0,9,8,15,20,0,13
2001,480053,1,1,0,0,0,0,0,0,0,0,0,0
2001,480054,1,1,0,0,0,0,0,0,0,0,0,0
2001,480054,2,1,0,0,0,0,0,0,0,0,0,0
2001,480055,1,1,0,0,0,0,0,0,0,0,0,0
2001,480056,1,1,0,0,0,0,0,0,0,0,0,0
2001,480056,2,1,0,10,0,0,0,0,0,0,0,0
2001,480057,1,1,0,0,0,0,0,0,0,0,0,0
2001,480057,2,1,0,0,0,0,0,0,0,0,0,0
2001,480058,1,1,0,0,0,0,20,0,0,0,0,0
2001,480058,2,1,0,20,23,0,0,29,0,23,0,0
2001,480059,1,1,0,0,0,0,0,0,0,0,0,0
2001,480060,1,1,0,0,0,0,0,0,0,0,0,0
2001,480060,2,1,0,0,0,0,0,0,0,0,0,0
2001,480061,0,1,18,9,44,13,41,17,22,8,24,34
2001,480061,1,1,0,0,0,0,0,0,9,0,0,0
2001,480062,0,1,23,0,0,25,0,0,22,20,42,0
2001,480062,1,1,0,0,0,0,0,0,0,0,0,22
2001,480063,1,1,7,0,28,8,0,16,0,0,0,0
2001,480064,1,1,20,20,20,20,20,20,20,20,20,20
2001,480065,1,1,19,19,19,19,19,19,19,19,19,19
2001,480066,1,1,16,16,16,16,16,16,16,16,16,16
2001,480067,1,1,0,0,0,0,0,0,0,0,0,0
2001,480067,2,1,0,0,0,0,0,0,0,0,0,0
2001,480068,1,1,13,0,18,12,20,5,15,21,14,16
2001,480069,1,1,0,0,0,0,0,0,0,0,0,0
2001,480069,2,1,0,0,0,0,0,0,14,0,0,0
2001,480070,1,1,0,0,11,15,0,0,22,4,0,0
2001,480070,2,1,0,0,0,0,0,0,0,0,0,7
2001,480071,1,1,0,0,0,0,3,0,0,0,0,0
2001,480071,2,1,0,0,0,0,0,0,0,0,0,0
2001,480071,3,1,4,12,8,0,9,9,5,15,13,3
2001,480072,1,1,0,0,0,0,0,0,0,19,0,0
2001,480072,2,1,9,0,14,0,0,0,0,0,0,0
2001,480073,1,1,0,0,0,0,0,0,0,0,0,0
2001,480073,2,1,0,0,0,0,18,12,0,0,0,0
2001,480074,1,1,2,2,2,2,2,2,2,2,2,2
2001,480074,2,1,0,21,19,0,22,18,16,15,0,0
2001,480075,1,1,23,0,0,0,0,13,0,9,0,0
2001,480076,1,1,5,5,5,5,5,5,5,5,5,5
2001,480077,0,1,15,0,0,24,0,0,0,9,35,0
2001,480077,1,1,2,0,26,18,8,0,0,0,7,6
2001,480078,1,1,22,22,22,22,22,22,22,22,22,22
2001,480079,1,1,0,0,0,0,0,0,0,0,0,0
2001,480080,1,1,32,7,9,20,27,29,16,0,22,14
2001,480081,1,1,17,17,17,17,17,17,17,17,17,17
2001,480081,2,1,0,0,0,0,0,0,0,0,0,0
2001,480082,1,1,0,0,0,0,0,0,0,0,0,0
2001,480083,0,1,0,0,0,0,0,0,0,0,0,0
2001,480083,1,1,0,0,0,0,0,0,0,0,0,0
2001,480084,1,1,5,5,5,5,5,5,5,5,5,5
2001,480084,2,1,0,0,0,0,0,0,0,0,0,0
2001,480085,1,1,0,0,0,0,0,0,10,0,34,10
2001,480086,1,1,18,0,0,11,11,8,0,12,0,0
2001,480086,2,1,0,0,0,0,11,0,0,0,0,0
2001,480087,1,1,0,0,0,0,0,0,0,0,0,0
2001,480088,1,1,27,0,15,24,26,27,12,16,11,28
2001,480089,1,1,0,0,0,0,0,0,0,0,0,0
2001,480089,2,1,0,0,0,0,0,0,0,0,0,0
2001,480090,0,1,0,16,13,21,0,0,0,0,18,0
2001,480090,1,1,19,19,0,0,0,32,0,17,0,0
2001,480090,2,1,11,26,23,0,0,13,0,0,0,20
2001,480090,3,1,0,0,4,16,0,14,10,5,7,0
2001,480090,4,1,0,0,0,0,0,0,0,0,0,0
2001,480091,1,1,12,8,0,0,0,0,0,0,0,0
2001,480092,1,1,0,0,0,0,0,0,0,0,0,0
2001,480092,2,1,0,0,0,0,0,0,0,0,0,0
2001,480093,1,1,7,20,0,18,27,18,12,14,0,29
2001,480093,2,1,0,0,0,0,0,0,0,0,0,0
2001,480094,1,1,0,0,0,0,0,0,5,0,0,0
2001,480094,2,1,0,0,0,0,0,0,0,0,0,0
2001,480095,1,1,0,0,0,0,0,0,15,0,0,0
2001,480095,2,1,0,0,14,0,0,0,0,0,0,0
2001,480096,1,1,0,0,0,0,0,0,0,0,0,0
2001,480096,2,1,0,0,0,0,0,0,0,0,0,0
2001,480097,1,1,0,0,0,0,0,0,0,0,0,0
2001,480098,1,1,0,0,0,0,0,0,0,0,0,0
2001,480098,2,1,0,0,0,0,0,0,0,0,0,0
2001,480099,1,1,0,0,0,0,0,0,0,0,0,0
2001,480099,2,1,0,0,0,0,0,0,0,0,0,0
2001,480100,1,1,0,0,0,0,0,0,0,0,0,0
2001,480100,2,1,0,0,0,0,0,0,0,18,0,0
2001,480101,1,1,0,16,0,22,0,15,29,32,0,0
2001,480102,1,1,0,0,0,0,0,0,0,0,0,0
2001,480102,2,1,0,0,0,0,15,0,0,0,16,0
2001,480103,1,1,33,33,33,33,33,33,33,33,33,33
2001,480104,1,1,0,0,0,0,0,0,0,0,0,0
2001,480104,2,1,0,0,0,0,0,0,0,0,0,0
2001,480105,1,1,0,0,0,0,0,19,7,0,0,0
2001,480105,2,1,0,0,0,0,0,0,0,0,0,0
2001,480106,1,1,21,21,21,21,21,21,21,21,21,21
2001,480107,0,1,8,0,0,0,0,0,8,14,0,0
2001,480107,0,2,0,0,14,20,0,0,0,0,0,0
2001,480107,1,1,15,15,15,15,15,15,15,15,15,15
2001,480108,1,1,17,17,17,17,17,17,17,17,17,17
2001,480109,1,1,0,0,0,0,0,0,0,0,0,0
2001,480109,2,1,17,0,0,0,0,20,0,15,0,0
2001,480110,0,1,33,0,0,0,0,0,0,0,11,0
2001,480110,1,1,17,0,0,2,0,7,0,0,9,20
2001,480111,0,1,13,0,0,0,0,0,0,0,0,0
2001,480111,1,1,0,0,0,0,0,0,0,0,0,0
2001,480112,1,1,0,0,0,0,0,0,0,0,0,0
2001,480113,0,1,0,0,0,0,0,0,0,0,0,0
2001,480113,1,1,0,0,0,0,0,0,0,0,0,9
2001,480114,0,1,0,0,0,0,0,0,0,0,0,0
2001,480114,1,1,0,0,0,0,0,0,0,0,0,0
2001,480115,1,1,26,24,20,48,20,0,16,14,18,0
2001,480116,1,1,0,0,0,0,0,0,0,0,14,0
2001,480117,1,1,29,29,29,29,29,29,29,29,29,29
2001,480117,2,1,0,0,0,0,0,7,0,0,0,0
2001,480118,1,1,0,0,0,0,0,0,0,0,0,0
2001,480118,2,1,0,0,0,11,0,0,0,0,51,0
2001,480119,1,1,11,7,22,6,24,26,8,7,3,7
2001,480120,1,1,21,21,21,21,21,21,21,21,21,21
2001,480120,2,1,0,0,0,0,0,0,0,0,0,0
2001,480121,1,1,13,16,1,0,35,24,17,12,28,12
2001,480121,2,1,0,0,0,0,0,0,0,0,0,0
2001,480121,3,1,0,0,0,0,0,0,0,0,0,0
2001,480122,1,1,0,9,31,0,0,0,7,19,0,0
2001,480123,1,1,9,9,9,9,9,9,9,9,9,9
2001,480123,2,1,0,0,0,0,0,0,0,0,0,0
2001,480124,0,1,0,0,0,33,0,0,9,0,0,0
2001,480124,1,1,0,0,0,0,0,0,0,0,0,0
2001,480125,1,1,21,0,21,0,0,34,0,16,23,14
2001,480126,1,1,0,0,0,0,0,0,0,0,0,0
2001,480126,2,1,0,4,0,0,0,0,0,0,0,0
2001,480127,1,1,0,0,0,0,0,0,0,0,0,0
2001,480127,2,1,0,0,9,0,0,0,0,0,0,0
2001,480127,3,1,18,0,0,14,0,0,0,0,11,0
2001,480128,1,1,0,0,0,0,0,0,0,0,0,0
2001,480129,1,1,26,26,26,26,26,26,26,26,26,26
2001,480130,1,1,0,0,0,0,0,0,0,0,0,0
2001,480130,2,1,0,0,0,0,0,17,0,0,0,7
2001,480131,1,1,0,18,10,14,13,3,11,0,34,15
2001,480132,1,1,2,2,2,2,2,2,2,2,2,2
2001,480133,1,1,0,0,0,12,8,17,10,15,6,8
2001,480133,2,1,11,13,0,5,5,7,31,10,17,17
2001,480134,1,1,0,0,16,0,0,0,0,0,0,20
2001,480135,1,1,3,3,3,3,3,3,3,3,3,3
2001,480135,2,1,0,0,0,0,0,0,0,0,0,0
2001,480135,3,1,0,0,0,0,0,0,0,0,0,0
2001,480136,1,1,0,0,0,0,0,0,0,0,0,0
2001,480137,1,1,0,0,0,0,0,0,0,0,0,0
2001,480137,2,1,0,0,0,0,0,0,0,0,0,0
2001,480138,0,1,9,9,9,9,9,9,9,9,9,9
2001,480138,1,1,9,11,0,0,0,10,0,0,0,0
2001,480139,1,1,23,0,0,0,0,0,0,0,0,0
2001,480139,2,1,0,0,0,0,0,0,0,0,0,0
2001,480140,1,1,0,0,9,0,0,0,0,16,0,0
2001,480141,0,1,26,26,26,26,26,26,26,26,26,26
2001,480141,1,1,0,0,0,0,0,0,0,0,0,0
2001,480141,2,1,0,0,20,0,18,0,0,0,0,26
2001,480142,1,1,30,30,30,30,30,30,30,30,30,30
2001,480143,1,1,0,0,0,11,0,0,0,0,0,0
2001,480143,2,1,0,0,0,0,0,0,0,0,0,0
2001,480144,1,1,0,0,0,12,10,20,0,22,23,0
2001,480144,2,1,10,14,0,0,0,0,0,21,0,15
2001,480145,1,1,0,0,0,0,0,0,0,0,23,0
2001,480145,2,1,0,5,0,0,0,0,0,0,0,0
2001,480146,1,1,0,0,0,0,0,0,0,0,0,0
2001,480146,2,1,0,0,0,0,0,0,0,0,0,0
2001,480147,1,1,0,21,0,0,10,0,0,0,0,17
2001,480147,2,1,0,0,0,0,8,0,0,0,0,0
2001,480148,1,1,0,11,0,0,0,0,0,6,1,0
2001,480148,2,1,0,0,0,0,0,0,0,0,11,0
2001,480149,1,1,0,27,0,0,19,0,18,0,0,0
2001,480150,1,1,9,9,9,9,9,9,9,9,9,9
2001,480151,1,1,0,0,0,0,0,0,0,0,0,0
2001,480152,1,1,29,29,29,29,29,29,29,29,29,29
2001,480153,1,1,20,20,20,20,20,20,20,20,20,20
2001,480154,1,1,0,0,0,0,0,0,0,0,0,0
2001,480155,1,1,0,0,0,0,0,0,0,0,0,0
2001,480156,1,1,18,0,14,28,0,0,15,0,0,9
2001,480157,1,1,0,0,0,0,0,0,0,0,0,0
2001,480157,2,1,0,0,0,0,0,0,0,0,0,0
2001,480158,1,1,11,7,33,17,0,0,0,0,0,12
2001,480159,1,1,0,0,0,0,0,0,0,0,10,0
2001,480160,1,1,0,0,0,0,0,0,0,0,0,0
2001,480160,2,1,0,0,0,0,0,0,5,0,0,0
2001,480160,3,1,0,0,0,0,0,0,0,0,0,0
2001,480160,4,1,20,0,0,0,0,0,0,7,0,0
2001,480161,1,1,19,19,19,19,19,19,19,19,19,19
2001,480162,0,1,0,0,0,0,0,0,0,0,0,0
2001,480162,1,1,0,0,0,0,0,0,0,0,0,0
2001,480163,1,1,27,27,27,27,27,27,27,27,27,27
2001,480164,1,1,0,0,12,0,0,0,0,0,0,0
2001,480164,2,1,0,0,0,0,0,0,0,0,0,0
2001,480165,1,1,0,0,0,0,0,0,0,0,0,0
2001,480165,2,1,0,0,0,0,0,0,0,0,0,0
2001,480166,1,1,0,19,0,0,9,0,0,0,25,31
2001,480166,2,1,16,7,7,10,8,14,26,0,0,4
2001,480167,0,1,0,0,0,0,0,0,0,0,17,0
2001,480167,1,1,0,0,0,0,16,9,0,0,0,0
2001,480168,0,1,31,3,0,0,0,7,0,0,8,18
2001,480168,1,1,27,10,5,0,0,0,21,28,0,0
2001,480169,1,1,0,0,0,0,0,0,13,16,14,33
2001,480170,0,1,0,12,10,0,0,0,0,0,26,0
2001,480170,1,1,0,8,0,0,0,0,0,0,0,0
2001,480171,1,1,28,31,0,20,16,17,26,12,26,25
2001,480172,1,1,0,0,0,0,0,0,0,0,0,0
2001,480172,2,1,0,0,0,0,0,0,0,0,0,0
2001,480173,1,1,0,12,14,0,0,28,16,12,15,12
2001,480174,1,1,14,14,14,14,14,14,14,14,14,14
2001,480175,0,1,0,0,0,0,37,17,16,0,11,36
2001,480175,1,1,0,9,0,0,0,11,0,0,0,0
2001,480176,1,1,0,0,0,0,3,0,0,0,0,0
2001,480176,2,1,8,8,8,8,8,8,8,8,8,8
2001,480177,1,1,0,0,0,3,0,6,0,0,0,0
2001,480178,1,1,0,0,0,0,0,0,0,0,0,0
2001,480178,2,1,0,0,0,0,0,0,0,0,0,0
2001,480179,1,1,0,28,13,0,17,10,0,13,17,19
2001,480180,1,1,0,0,0,0,0,0,0,0,0,0
2001,480180,2,1,0,0,0,0,9,0,0,0,0,0
2001,480181,1,1,0,0,0,0,0,0,0,0,0,0
2001,480182,1,1,22,22,22,22,22,22,22,22,22,22
2001,480183,1,1,3,3,3,3,3,3,3,3,3,3
2001,480184,1,1,0,0,0,0,0,0,0,0,0,0
2001,480185,1,1,0,0,0,0,0,0,0,0,0,0
2001,480186,1,1,9,9,9,9,9,9,9,9,9,9
2001,480187,1,1,25,25,25,25,25,25,25,25,25,25
2001,480188,1,1,0,16,10,0,0,0,0,13,0,20
2001,480188,2,1,12,0,0,19,0,0,0,35,0,0
2001,480188,3,1,0,11,9,15,0,0,20,0,0,17
2001,480189,0,1,29,29,29,29,29,29,29,29,29,29
2001,480189,1,1,0,0,0,0,0,0,20,14,0,0
2001,480190,1,1,26,26,26,26,26,26,26,26,26,26
2001,480191,1,1,0,8,18,13,15,19,16,10,13,20
2001,480192,1,1,14,14,14,14,14,14,14,14,14,14
2001,480193,1,1,0,0,0,0,0,0,0,0,0,0
2001,480194,1,1,0,0,0,15,0,0,0,0,20,0
2001,480194,2,1,22,15,26,3,11,14,0,25,0,0
2001,480194,3,1,0,10,11,0,0,21,7,0,17,0
2001,480194,4,1,0,1,12,0,0,0,9,15,0,12
2001,480195,1,1,0,0,0,0,0,0,0,0,0,0
2001,480196,1,1,0,0,0,0,0,0,0,0,0,0
2001,480196,2,1,0,0,0,0,0,0,0,0,0,0
2001,480197,1,1,0,0,0,0,0,0,0,0,0,0
2001,480198,1,1,23,14,21,13,5,19,16,13,23,19
2001,480199,1,1,0,0,0,0,0,0,0,0,0,0
2001,480199,2,1,16,30,0,0,18,0,0,4,0,0
2001,480200,1,1,0,0,0,0,0,0,0,22,0,0
2001,480200,2,1,0,0,0,0,0,0,0,12,0,0
2001,480201,1,1,0,0,0,0,0,0,0,0,12,0
2001,480201,2,1,0,0,0,0,0,31,13,0,0,0
2001,480202,1,1,0,0,0,0,0,0,0,0,0,0
2001,480202,2,1,0,0,0,0,0,0,0,0,0,0
2001,480203,1,1,0,0,0,0,0,0,0,0,0,0
2001,480203,2,1,0,0,0,0,0,16,0,0,6,15
2001,480204,0,1,0,0,0,0,0,0,0,0,8,0
2001,480204,1,1,0,0,0,0,14,0,0,0,0,0
2001,480205,1,1,0,0,0,0,0,0,0,0,0,0
2001,480205,2,1,0,0,0,0,0,0,0,0,0,0
2001,480205,3,1,0,0,0,0,0,0,0,0,0,0
2001,480206,1,1,0,0,0,0,0,0,0,24,6,0
2001,480206,2,1,0,0,0,0,0,0,0,0,0,0
2001,480207,1,1,0,0,0,0,0,0,0,0,0,0
2001,480207,2,1,0,0,0,0,0,0,0,0,0,0
2001,480207,3,1,0,0,0,0,0,0,0,0,0,0
2001,480207,4,1,0,0,0,0,0,0,0,0,0,0
2001,480208,1,1,0,16,17,0,0,0,9,22,0,14
2001,480208,2,1,0,0,0,0,0,0,0,0,0,0
2001,480208,3,1,0,0,0,0,0,0,0,0,0,0
2001,480209,1,1,23,11,17,11,0,9,4,19,0,14
2001,480210,1,1,9,12,18,13,17,20,19,14,23,20
2001,480210,2,1,0,0,0,0,19,0,0,17,28,0
2001,480211,0,1,0,28,0,30,0,10,16,0,14,0
2001,480211,1,1,0,0,0,0,13,0,0,0,12,0
2001,480212,0,1,0,16,19,14,14,26,0,0,0,0
2001,480212,1,1,0,0,0,0,0,0,0,0,0,0
2001,480213,1,1,0,0,0,0,0,0,0,0,0,0
2001,480213,2,1,0,0,0,0,0,0,0,0,0,0
2001,480213,3,1,0,0,0,0,0,0,0,0,0,0
2001,480213,4,1,0,0,0,0,0,20,0,0,0,0
2001,480214,0,1,21,23,0,16,18,0,0,4,23,19
2001,480214,1,1,0,0,0,9,22,0,0,17,0,0
2001,480215,1,1,11,11,0,0,21,0,18,12,9,0
2001,480215,2,1,0,0,0,0,14,0,0,24,0,0
2001,480216,1,1,24,14,0,0,0,19,14,18,0,7
2001,480217,1,1,9,9,9,9,9,9,9,9,9,9
2001,480217,2,1,0,0,0,0,0,0,0,0,7,0
2001,480218,1,1,0,0,0,0,0,0,18,21,17,18
2001,480219,1,1,0,0,0,0,0,0,0,0,0,0
2001,480219,2,1,0,0,0,0,0,0,0,0,0,0
2001,480220,1,1,0,0,0,0,0,0,0,10,0,0
2001,480220,2,1,0,0,0,0,8,0,0,0,0,0
2001,480221,1,1,3,0,0,0,0,9,0,14,0,0
2001,480221,2,1,0,0,0,0,0,0,0,0,0,0
2001,480222,1,1,17,17,17,17,17,17,17,17,17,17
2001,480223,1,1,0,0,0,0,0,34,0,0,0,6
2001,480223,2,1,0,0,0,0,0,20,0,23,0,0
2001,480224,1,1,18,28,19,27,12,23,4,30,27,44
2001,480225,1,1,0,14,0,0,8,0,8,0,0,0
2001,480225,2,1,0,0,0,0,0,0,0,0,0,0
2001,480226,1,1,0,0,0,0,0,0,0,0,0,0
2001,480227,0,1,0,0,0,0,0,0,0,0,0,0
2001,480227,1,1,0,0,0,0,0,0,0,0,0,0
2001,480228,1,1,0,0,0,0,0,0,0,0,0,0
2001,480229,1,1,0,10,25,0,20,16,18,0,33,0
2001,480229,2,1,14,0,24,11,9,4,0,30,0,7
2001,480230,1,1,0,0,0,0,0,0,0,0,0,0
2001,480230,2,1,0,0,0,0,0,0,0,0,0,0
2001,480231,1,1,17,4,2,0,9,0,10,0,0,8
2001,480232,1,1,36,0,27,24,10,38,12,8,15,10
2001,480232,2,1,19,8,0,0,0,0,0,0,0,0
2001,480233,1,1,10,12,13,8,17,9,15,16,10,25
2001,480233,2,1,6,0,0,0,0,11,0,0,0,10
2001,480234,1,1,32,12,13,13,22,7,12,4,11,23
2001,480235,0,1,9,10,0,0,8,0,0,0,12,0
2001,480235,1,1,0,0,0,0,17,0,0,0,0,0
2001,480236,1,1,0,0,0,0,0,0,0,0,0,0
2001,480236,2,1,0,0,0,0,0,0,0,0,0,0
2001,480237,1,1,14,14,14,14,14,14,14,14,14,14
2001,480238,0,1,24,19,14,0,0,0,13,13,19,26
2001,480238,1,1,0,21,11,16,0,5,3,0,2,0
2001,480239,1,1,0,0,0,0,0,0,0,0,0,0
2001,480239,2,1,0,0,0,0,0,0,0,0,0,0
2001,480240,1,1,0,0,0,0,0,0,0,0,0,0
2001,480241,1,1,28,22,13,21,7,0,24,15,23,25
2001,480242,1,1,17,0,0,0,17,7,0,0,0,0
2001,480243,1,1,25,19,20,17,18,19,12,14,19,11
2001,480244,1,1,20,20,20,20,20,20,20,20,20,20
2001,480245,1,1,11,11,11,11,11,11,11,11,11,11
2001,480246,0,1,0,0,0,0,0,0,0,0,0,0
2001,480246,1,1,0,0,0,13,10,0,0,0,0,0
2001,480247,1,1,12,0,0,0,0,0,0,8,0,0
2001,480247,2,1,0,19,0,0,0,0,0,0,0,10
2001,480248,0,1,0,0,0,0,0,0,0,0,0,0
2001,480248,1,1,0,0,0,0,0,0,0,0,0,0
2001,480250,0,1,37,39,0,4,0,2,17,16,0,0
2001,480250,1,1,0,7,0,0,16,11,22,5,18,18
2001,480251,1,1,12,0,0,0,0,0,0,16,0,0
2001,480251,2,1,0,0,0,0,0,0,0,0,0,0
2001,480252,1,1,0,0,0,0,0,0,0,0,0,0
2001,480253,1,1,0,7,0,17,0,0,0,20,7,11
2001,480253,2,1,0,0,0,8,0,0,15,0,0,0