YEAR,st_case,veh_no,per_no,P1,P2,P3,P4,P5,P6,P7,P8,P9,P10
2001,480254,1,1,4,21,22,6,15,23,18,13,28,8
2001,480255,1,1,0,0,0,0,0,0,0,0,0,0
2001,480255,2,1,0,0,0,0,0,0,0,0,0,0
2001,480256,0,1,0,44,0,0,0,0,0,0,17,0
2001,480256,1,1,0,0,7,0,0,12,0,0,12,0
2001,480257,0,1,0,6,63,0,19,10,0,11,17,31
2001,480257,1,1,18,0,0,0,0,15,0,40,0,0
2001,480258,1,1,10,12,29,15,20,18,10,13,20,13
2001,480259,1,1,0,0,9,27,0,13,23,0,35,21
2001,480260,1,1,0,0,0,0,0,0,0,0,0,0
2001,480260,2,1,0,0,0,0,0,0,0,0,23,0
2001,480261,1,1,31,31,31,31,31,31,31,31,31,31
2001,480262,1,1,13,13,13,13,13,13,13,13,13,13
2001,480263,1,1,34,23,15,10,15,36,22,23,26,0
2001,480264,1,1,0,0,0,0,0,0,0,0,0,0
2001,480264,2,1,0,0,0,0,0,0,0,0,0,0
2001,480265,1,1,0,0,0,0,0,0,0,0,0,0
2001,480265,2,1,0,0,0,6,0,0,18,0,0,0
2001,480266,1,1,0,0,0,0,0,0,0,0,0,0
2001,480267,1,1,18,18,18,18,18,18,18,18,18,18
2001,480268,1,1,25,27,14,13,21,25,12,21,19,14
2001,480269,1,1,0,0,0,0,0,0,0,0,0,0
2001,480269,2,1,0,0,0,0,0,0,0,0,0,0
2001,480270,1,1,23,0,0,0,0,0,0,0,0,0
2001,480271,1,1,0,0,0,0,0,0,0,0,0,0
2001,480271,2,1,0,0,32,0,0,0,0,0,0,0
2001,480272,0,1,0,0,0,0,0,0,0,0,0,0
2001,480272,1,1,0,0,0,0,0,0,0,0,0,0
2001,480273,1,1,26,26,26,26,26,26,26,26,26,26
2001,480273,2,1,0,0,0,0,0,0,0,0,0,0
2001,480273,3,1,0,5,0,0,0,0,0,0,0,0
2001,480274,1,1,0,0,32,22,26,11,0,0,20,21
2001,480275,1,1,19,19,19,19,19,19,19,19,19,19
2001,480276,0,1,10,23,17,28,8,41,0,38,32,11
2001,480276,1,1,15,0,14,0,0,0,0,0,15,19
2001,480277,1,1,14,17,4,13,9,26,14,10,7,7
2001,480278,1,1,0,0,0,0,0,0,0,0,0,0
2001,480278,2,1,16,23,11,0,0,23,0,25,34,10
2001,480279,1,1,18,17,19,0,17,0,12,0,5,0
2001,480280,1,1,15,8,12,23,7,0,37,18,11,15
2001,480281,1,1,7,7,7,7,7,7,7,7,7,7
2001,480281,2,1,0,21,23,0,0,0,0,0,0,0
2001,480282,1,1,0,17,0,0,0,0,0,0,0,0
2001,480282,2,1,6,0,0,0,0,0,0,0,0,0
2001,480283,1,1,0,0,0,0,0,0,0,0,0,0
2001,480283,2,1,0,0,0,0,0,0,21,0,0,0
2001,480284,1,1,0,0,0,0,0,0,0,0,0,0
2001,480284,2,1,0,0,0,0,0,0,0,0,0,0
2001,480284,3,1,0,0,0,0,0,0,0,0,0,18
2001,480284,4,1,0,0,0,0,0,0,0,0,0,16
2001,480285,1,1,0,0,0,0,0,0,0,0,0,0
2001,480285,2,1,0,0,0,0,0,0,0,0,0,0
2001,480286,1,1,0,0,0,0,0,0,0,0,0,0
2001,480287,1,1,7,22,0,0,0,0,10,0,0,0
2001,480287,2,1,9,11,0,0,0,0,0,0,14,0
2001,480288,1,1,0,11,0,0,0,0,0,0,0,0
2001,480288,2,1,0,0,0,0,0,0,0,0,0,0
2001,480289,1,1,0,0,0,0,0,0,0,0,0,0
2001,480289,2,1,0,0,0,0,0,0,0,0,0,0
2001,480290,1,1,0,0,0,0,11,0,0,0,0,0
2001,480290,2,1,0,0,21,0,0,0,0,0,0,0
2001,480291,0,1,0,29,0,9,19,0,35,21,9,22
2001,480291,1,1,0,0,0,0,0,0,0,17,0,8
2001,480292,1,1,0,0,0,0,0,19,0,0,0,0
2001,480292,2,1,0,0,0,0,0,0,0,0,0,0
2001,480293,1,1,0,0,0,0,0,0,0,0,0,0
2001,480294,1,1,16,0,10,0,28,0,10,0,14,10
2001,480295,1,1,0,0,0,0,0,0,0,14,16,0
2001,480295,2,1,21,0,0,0,0,0,0,12,0,0
2001,480296,1,1,0,0,0,0,0,15,0,0,5,0
2001,480297,1,1,0,0,0,0,0,0,0,0,0,0
2001,480297,2,1,0,0,0,0,0,0,0,0,0,0
2001,480298,1,1,0,0,0,0,0,0,0,0,0,0
2001,480299,0,1,8,0,8,0,0,0,0,0,23,0
2001,480299,1,1,17,14,0,0,2,0,26,0,0,0
2001,480300,1,1,26,18,13,22,22,0,12,0,4,18
2001,480301,1,1,30,30,30,30,30,30,30,30,30,30
2001,480302,1,1,0,0,6,0,0,0,13,0,19,24
2001,480303,1,1,0,0,11,0,0,0,0,0,0,0
2001,480303,2,1,0,0,0,0,0,0,0,0,0,9
2001,480304,1,1,19,0,0,10,0,0,0,0,0,0
2001,480305,1,1,0,0,25,14,0,6,0,0,0,23
2001,480305,2,1,45,0,27,5,0,0,0,0,0,0
2001,480306,1,1,20,13,12,20,21,20,0,19,15,15
2001,480307,0,1,0,0,0,0,17,0,0,0,0,0
2001,480307,1,1,0,2,0,0,0,0,0,0,0,0
2001,480308,1,1,0,0,0,0,0,13,0,0,0,0
2001,480309,0,1,14,14,14,14,14,14,14,14,14,14
2001,480309,0,2,0,0,0,0,0,0,0,0,0,0
2001,480309,1,1,0,9,18,0,0,0,0,0,16,0
2001,480310,1,1,0,0,0,0,0,0,0,0,0,0
2001,480310,2,1,0,27,0,2,15,0,0,13,0,8
2001,480311,0,1,11,11,11,11,11,11,11,11,11,11
2001,480311,1,1,0,5,0,0,0,0,0,0,0,0
2001,480311,2,1,0,11,0,0,0,0,17,0,0,0
2001,480312,1,1,0,13,0,0,0,0,0,23,9,0
2001,480312,2,1,0,0,0,0,0,0,0,0,0,0
2001,480313,1,1,0,0,0,0,0,0,0,0,0,0
2001,480314,1,1,0,0,0,0,0,0,0,0,11,0
2001,480315,1,1,0,0,0,0,0,0,0,0,0,0
2001,480315,2,1,0,0,0,0,0,0,0,0,0,0
2001,480316,1,1,43,0,12,34,14,0,18,24,12,4
2001,480317,1,1,13,0,10,14,0,17,28,14,18,26
2001,480318,1,1,0,0,0,0,0,0,0,0,0,0
2001,480319,1,1,0,0,0,0,0,0,0,21,0,15
2001,480319,2,1,0,0,0,0,0,0,0,0,0,0
2001,480320,1,1,0,0,0,0,0,0,0,0,0,0
2001,480320,2,1,9,18,15,0,6,8,34,19,0,0
2001,480321,1,1,0,0,0,19,0,0,0,0,0,11
2001,480321,2,1,0,0,0,0,0,0,0,0,0,0
2001,480322,1,1,0,0,0,0,32,0,17,0,0,0
2001,480323,1,1,0,0,0,0,10,9,5,2,0,0
2001,480323,2,1,19,19,19,19,19,19,19,19,19,19
2001,480324,1,1,13,13,13,13,13,13,13,13,13,13
2001,480324,2,1,0,0,0,0,0,0,0,0,0,0
2001,480325,0,1,14,20,17,19,25,27,24,0,0,19
2001,480325,1,1,13,23,19,10,22,25,31,4,4,13
2001,480326,1,1,0,0,0,0,0,0,13,20,0,0
2001,480326,2,1,0,0,4,26,0,8,0,12,0,0
2001,480327,0,1,0,0,0,12,9,0,0,0,0,0
2001,480327,1,1,22,12,0,0,0,0,0,0,4,0
2001,480328,1,1,0,0,0,0,0,0,0,0,0,16
2001,480328,2,1,0,0,0,0,0,0,0,0,0,0
2001,480329,0,1,20,20,20,20,20,20,20,20,20,20
2001,480329,1,1,0,0,0,0,0,0,0,0,0,0
2001,480330,1,1,0,0,0,0,0,0,0,0,0,0
2001,480330,2,1,0,0,0,0,0,0,0,0,0,0
2001,480331,1,1,12,12,12,12,12,12,12,12,12,12
2001,480331,2,1,0,0,0,0,0,0,0,0,0,0
2001,480332,1,1,0,0,0,0,0,19,0,8,20,29
2001,480333,1,1,0,0,0,0,0,0,0,0,0,0
2001,480333,2,1,21,21,21,21,21,21,21,21,21,21
2001,480334,1,1,0,0,0,0,0,0,0,0,0,0
2001,480334,2,1,0,0,0,0,0,0,0,0,0,0
2001,480334,3,1,0,23,0,0,0,0,20,8,31,12
2001,480335,1,1,0,0,0,0,7,0,0,0,0,16
2001,480335,2,1,0,10,9,0,0,0,0,14,0,11
2001,480335,3,1,14,14,14,14,14,14,14,14,14,14
2001,480335,4,1,0,0,0,0,0,0,0,0,0,0
2001,480335,5,1,9,9,9,9,9,9,9,9,9,9
2001,480336,1,1,0,0,0,0,0,0,0,0,0,0
2001,480336,2,1,0,0,18,0,0,0,0,0,0,0
2001,480337,1,1,30,30,30,30,30,30,30,30,30,30
2001,480337,2,1,0,0,0,0,0,0,0,0,0,0
2001,480338,1,1,8,11,7,13,26,17,0,17,12,17
2001,480338,2,1,0,0,0,0,15,0,0,0,0,17
2001,480339,1,1,28,28,28,28,28,28,28,28,28,28
2001,480340,1,1,0,0,0,0,0,0,0,0,0,0
2001,480340,2,1,0,0,0,0,0,0,0,0,0,0
2001,480341,1,1,0,0,0,0,0,0,0,0,0,0
2001,480341,2,1,0,0,0,0,0,28,0,0,0,0
2001,480342,1,1,11,0,0,0,0,0,0,0,0,0
2001,480342,2,1,0,0,0,0,0,0,0,0,0,0
2001,480342,3,1,0,0,0,0,0,0,0,0,0,0
2001,480343,1,1,12,9,5,15,25,16,16,10,16,15
2001,480343,2,1,0,0,0,0,6,0,18,0,0,0
2001,480344,1,1,0,0,0,0,0,13,0,0,0,0
2001,480345,1,1,21,34,21,9,13,11,14,26,9,23
2001,480346,1,1,0,15,0,0,0,0,0,0,0,0
2001,480347,1,1,0,0,0,0,0,0,0,0,0,0
2001,480348,1,1,29,29,29,29,29,29,29,29,29,29
2001,480349,0,1,0,0,0,0,0,0,0,0,0,0
2001,480349,1,1,0,0,0,0,0,0,0,0,0,0
2001,480350,1,1,20,20,20,20,20,20,20,20,20,20
2001,480351,1,1,0,0,0,0,0,0,0,11,20,0
2001,480351,2,1,0,9,0,0,0,8,0,0,0,0
2001,480352,1,1,2,2,2,2,2,2,2,2,2,2
2001,480353,1,1,0,0,0,10,0,19,25,13,3,0
2001,480354,1,1,0,0,0,0,0,0,0,0,0,0
2001,480355,1,1,29,29,29,29,29,29,29,29,29,29
2001,480355,2,1,0,0,0,0,0,0,0,0,0,0
2001,480356,1,1,0,0,16,0,11,0,8,0,0,17
2001,480356,2,1,0,0,0,0,0,0,0,0,0,0
2001,480357,1,1,33,33,33,33,33,33,33,33,33,33
2001,480358,1,1,0,0,0,0,0,0,0,0,0,0
2001,480359,1,1,32,20,29,25,19,30,9,18,24,17
2001,480360,1,1,0,0,0,0,0,0,0,0,0,0
2001,480360,2,1,0,0,0,0,8,0,0,0,0,0
2001,480361,0,1,0,0,0,0,0,0,0,0,0,0
2001,480361,1,1,0,16,15,0,0,0,26,9,0,0
2001,480362,1,1,0,0,0,0,0,0,0,0,0,0
2001,480363,1,1,0,0,0,0,0,0,0,0,0,0
2001,480363,2,1,0,0,0,0,0,0,0,0,0,0
2001,480364,1,1,0,14,0,0,0,0,0,0,11,0
2001,480364,2,1,0,0,0,0,0,0,0,0,0,0
2001,480365,1,1,0,0,0,0,0,0,0,0,0,0
2001,480365,2,1,0,0,0,0,0,0,0,0,0,0
2001,480366,1,1,13,13,13,13,13,13,13,13,13,13
2001,480367,1,1,0,0,0,0,0,0,0,0,0,0
2001,480367,2,1,0,9,0,0,0,0,0,0,0,0
2001,480368,1,1,29,0,14,0,22,0,0,0,6,14
2001,480369,1,1,12,20,0,0,19,0,0,18,0,31
2001,480370,1,1,0,0,0,0,0,0,0,0,0,0
2001,480370,2,1,0,0,0,0,0,0,0,0,0,0
2001,480371,1,1,0,0,12,0,9,0,5,0,8,5
2001,480371,2,1,20,0,22,0,0,0,17,0,0,0
2001,480371,3,1,0,0,0,0,0,0,0,0,0,0
2001,480372,1,1,6,0,12,0,14,13,16,26,0,23
2001,480373,1,1,28,28,28,28,28,28,28,28,28,28
2001,480374,1,1,0,0,0,0,0,0,0,0,0,0
2001,480374,2,1,0,0,0,0,0,0,0,0,0,0
2001,480375,1,1,0,0,0,0,0,0,0,0,0,0
2001,480375,2,1,0,0,0,0,0,0,0,0,0,0
2001,480376,1,1,0,0,0,0,0,0,0,0,0,0
2001,480376,2,1,0,0,0,0,0,0,0,0,0,0
2001,480377,1,1,3,3,3,3,3,3,3,3,3,3
2001,480377,2,1,0,0,0,0,0,0,0,0,0,0
2001,480378,1,1,0,0,0,2,0,0,0,0,0,0
2001,480378,2,1,0,0,0,0,2,0,0,8,0,0
2001,480379,1,1,0,0,0,0,0,0,0,0,0,0
2001,480379,2,1,0,0,0,0,0,0,0,0,0,0
2001,480380,1,1,0,0,0,0,0,0,0,0,0,0
2001,480380,2,1,0,0,0,0,0,0,0,0,0,0
2001,480380,3,1,0,0,0,0,0,0,0,0,0,0
2001,480380,4,1,0,0,0,0,0,0,0,0,19,0
2001,480380,5,1,0,14,0,0,0,0,0,0,0,0
2001,480380,6,1,0,0,0,0,0,0,0,0,0,0
2001,480381,0,1,0,0,0,0,0,0,0,0,0,0
2001,480381,1,1,9,0,0,0,0,0,0,0,0,0
2001,480382,1,1,0,0,0,0,0,0,0,12,0,0
2001,480382,2,1,0,21,23,0,0,0,0,0,0,0
2001,480383,1,1,0,0,0,0,0,0,0,0,4,7
2001,480383,2,1,8,8,8,8,8,8,8,8,8,8
2001,480384,1,1,5,5,5,5,5,5,5,5,5,5
2001,480385,1,1,0,0,0,0,0,24,0,0,0,24
2001,480386,0,1,0,3,0,0,34,0,34,0,0,0
2001,480386,1,1,0,0,17,0,0,0,0,0,12,0
2001,480387,1,1,0,0,0,0,0,0,0,0,0,0
2001,480387,2,1,0,0,0,0,0,0,0,0,0,0
2001,480387,3,1,0,0,0,0,0,0,0,0,0,0
2001,480387,4,1,0,0,0,0,0,0,0,0,0,0
2001,480388,0,1,0,0,0,0,0,0,0,0,0,0
2001,480388,1,1,0,0,0,0,0,0,0,0,0,0
2001,480389,1,1,13,35,0,0,21,0,0,27,0,15
2001,480390,1,1,16,16,16,16,16,16,16,16,16,16
2001,480390,2,1,0,5,0,0,8,0,0,0,0,15
2001,480390,3,1,0,0,0,0,0,0,0,0,0,0
2001,480391,1,1,12,0,33,0,0,0,14,21,0,21
2001,480392,1,1,0,0,19,18,7,11,0,17,0,0
2001,480393,1,1,0,0,0,0,0,20,0,0,0,0
2001,480393,2,1,0,0,0,10,21,22,14,0,0,0
2001,480394,1,1,27,8,0,24,20,9,0,11,10,18
2001,480395,1,1,0,0,0,0,0,0,0,0,0,0
2001,480395,2,1,0,0,0,0,0,0,0,0,0,0
2001,480396,1,1,4,0,0,0,0,0,0,0,0,0
2001,480396,2,1,12,0,0,0,0,12,0,0,0,0
2001,480397,0,1,0,0,0,0,0,35,0,0,0,0
2001,480397,1,1,0,0,0,0,0,0,0,0,0,0
2001,480398,1,1,0,0,0,0,0,0,0,0,0,0
2001,480398,2,1,4,4,4,4,4,4,4,4,4,4
2001,480399,1,1,0,0,0,0,0,0,0,0,0,0
2001,480399,2,1,0,0,0,0,0,0,0,0,0,0
2001,480400,1,1,0,0,0,0,0,0,0,0,0,3
2001,480400,2,1,0,0,0,14,0,0,0,0,0,0
2001,480401,1,1,22,22,22,22,22,22,22,22,22,22
2001,480401,2,1,0,10,0,18,20,8,0,15,10,0
2001,480401,3,1,10,0,42,35,11,11,15,18,17,16
2001,480402,1,1,13,10,10,30,11,11,22,29,26,0
2001,480403,1,1,0,0,0,0,8,0,0,0,0,0
2001,480404,1,1,0,0,0,0,0,0,0,0,0,0
2001,480405,1,1,0,18,0,0,0,0,18,0,0,0
2001,480405,2,1,0,0,0,0,0,0,0,0,0,0
2001,480406,1,1,0,0,24,0,0,0,0,0,0,6
2001,480406,2,1,0,0,0,0,0,0,0,0,0,0
2001,480407,1,1,4,11,21,25,6,0,9,19,14,19
2001,480407,2,1,21,0,0,14,0,0,0,0,0,0
2001,480407,3,1,17,0,0,0,0,0,0,0,0,0
2001,480408,1,1,24,24,24,24,24,24,24,24,24,24
2001,480409,0,1,16,0,9,23,24,23,36,0,0,48
2001,480409,1,1,15,15,15,15,15,15,15,15,15,15
2001,480409,2,1,8,0,13,0,0,0,0,0,0,0
2001,480410,1,1,0,0,0,0,0,0,0,0,0,0
2001,480411,1,1,37,4,0,0,0,0,0,0,12,0
2001,480412,1,1,0,11,0,13,18,11,17,16,21,13
2001,480413,1,1,0,0,0,0,0,0,0,0,0,0
2001,480414,0,1,0,19,0,27,0,0,0,0,0,0
2001,480414,1,1,0,0,0,0,0,0,0,0,0,0
2001,480415,1,1,15,16,26,12,19,19,17,26,21,13
2001,480416,1,1,0,0,13,0,0,0,0,0,13,0
2001,480416,2,1,0,0,0,0,0,0,0,0,6,0
2001,480417,1,1,38,10,14,19,13,15,0,28,18,28
2001,480418,1,1,23,16,18,6,26,21,21,28,23,35
2001,480419,0,1,0,4,0,0,0,0,28,0,0,0
2001,480419,1,1,10,8,9,13,0,0,0,16,0,0
2001,480420,1,1,23,23,23,23,23,23,23,23,23,23
2001,480421,1,1,0,0,12,0,0,27,0,0,0,0
2001,480422,1,1,27,27,27,27,27,27,27,27,27,27
2001,480422,2,1,26,26,26,26,26,26,26,26,26,26
2001,480423,0,1,36,16,20,0,9,36,16,8,16,13
2001,480423,1,1,0,0,0,0,0,17,0,0,10,0
2001,480424,1,1,0,0,0,23,0,0,0,0,0,0
2001,480425,1,1,0,0,0,0,0,0,0,20,0,0
2001,480425,2,1,11,21,0,0,0,0,0,0,0,0
2001,480425,3,1,0,0,0,0,0,0,0,0,0,0
2001,480426,1,1,36,0,16,0,22,0,0,0,0,0
2001,480427,1,1,0,0,0,0,0,0,0,0,0,0
2001,480428,1,1,0,0,14,0,0,10,0,0,0,0
2001,480428,2,1,11,30,25,21,0,0,16,16,23,0
2001,480429,1,1,10,10,10,10,10,10,10,10,10,10
2001,480429,2,1,0,0,19,0,0,19,0,18,20,0
2001,480430,1,1,0,0,0,0,0,0,0,0,0,0
2001,480430,2,1,0,0,0,0,0,0,0,0,10,0
2001,480431,1,1,20,20,20,20,20,20,20,20,20,20
2001,480432,1,1,0,0,0,0,0,0,0,0,0,0
2001,480433,1,1,0,0,0,0,0,0,0,0,0,0
2001,480433,2,1,0,0,0,0,0,0,0,0,0,0
2001,480434,1,1,13,46,11,16,12,6,6,28,7,34
2001,480435,1,1,0,0,16,0,0,0,0,0,0,10
2001,480435,2,1,0,0,0,0,0,0,0,0,0,0
2001,480436,1,1,0,0,0,0,0,0,0,0,0,0
2001,480436,2,1,0,0,0,0,0,0,0,0,0,0
2001,480437,1,1,0,0,0,0,0,0,0,0,0,0
2001,480437,2,1,0,0,0,0,0,0,0,0,0,0
2001,480438,1,1,0,0,0,0,0,0,0,0,0,0
2001,480439,1,1,0,0,0,26,0,0,0,0,0,0
2001,480439,2,1,0,0,0,16,0,0,0,0,0,0
2001,480440,1,1,0,0,0,0,0,0,0,0,0,23
2001,480440,2,1,0,0,0,0,0,0,0,0,0,0
2001,480441,1,1,0,0,0,0,6,0,0,17,0,0
2001,480442,1,1,0,0,0,0,0,0,0,0,0,0
2001,480442,2,1,0,0,15,0,0,0,0,30,0,0
2001,480443,1,1,0,0,0,0,0,0,0,0,0,0
2001,480443,2,1,0,0,0,0,0,0,0,0,0,0
2001,480444,1,1,11,11,11,11,11,11,11,11,11,11
2001,480444,2,1,7,24,2,24,19,18,0,28,0,10
2001,480445,1,1,27,27,27,27,27,27,27,27,27,27
2001,480445,2,1,0,0,0,12,0,0,0,0,0,0
2001,480446,1,1,0,0,0,0,0,0,0,0,0,0
2001,480447,1,1,0,0,0,0,0,0,0,0,0,0
2001,480447,2,1,0,3,0,11,0,0,23,0,0,0
2001,480448,1,1,0,0,13,18,18,0,23,12,18,4
2001,480449,1,1,0,0,0,0,0,0,0,0,0,0
2001,480449,2,1,0,0,0,0,0,0,0,0,0,0
2001,480450,1,1,0,0,0,13,24,24,0,0,14,0
2001,480451,1,1,0,0,0,0,0,0,0,0,0,0
2001,480451,2,1,0,0,9,0,0,0,15,0,10,20
2001,480452,1,1,5,0,0,0,0,0,24,0,11,0
2001,480453,1,1,11,0,4,0,7,20,9,10,12,13
2001,480453,2,1,0,0,0,17,0,12,0,0,0,8
2001,480453,3,1,0,0,0,0,0,0,0,0,0,0
2001,480454,1,1,22,8,0,0,25,16,0,7,16,27
2001,480455,1,1,0,0,0,0,0,0,0,0,0,0
2001,480455,2,1,0,0,0,0,0,0,0,0,0,0
2001,480456,0,1,24,24,24,24,24,24,24,24,24,24
2001,480456,1,1,10,18,3,10,11,10,6,7,19,0
2001,480457,1,1,0,11,0,0,0,0,0,0,0,0
2001,480457,2,1,6,0,0,11,0,0,0,0,0,0
2001,480458,1,1,0,0,0,0,0,0,0,0,0,0
2001,480458,2,1,0,0,0,0,0,0,0,0,0,0
2001,480459,1,1,0,0,0,0,0,0,0,0,0,0
2001,480459,2,1,0,0,0,0,0,0,21,0,0,0
2001,480459,3,1,0,0,0,0,0,0,0,0,0,0
2001,480460,1,1,0,0,0,0,0,0,0,0,0,0
2001,480461,1,1,0,0,0,0,0,0,0,0,0,0
2001,480461,2,1,0,0,11,0,0,0,0,3,0,0
2001,480462,1,1,0,0,0,0,0,0,0,0,0,0
2001,480463,1,1,11,11,11,11,11,11,11,11,11,11
2001,480463,2,1,7,12,22,16,6,25,9,13,12,14
2001,480464,1,1,0,0,0,0,0,0,0,0,0,0
2001,480464,2,1,0,24,0,0,0,0,0,0,9,0
2001,480465,1,1,0,3,0,7,0,0,0,0,0,0
2001,480465,2,1,0,0,0,0,0,0,0,0,0,0
2001,480465,3,1,0,0,0,0,0,0,0,0,0,6
2001,480465,4,1,24,0,12,0,0,0,0,0,0,0
2001,480466,1,1,0,0,0,0,0,0,0,0,0,0
2001,480466,2,1,0,0,0,0,0,0,8,21,0,0
2001,480467,1,1,14,14,0,15,0,0,0,7,0,10
2001,480468,1,1,3,3,3,3,3,3,3,3,3,3
2001,480469,1,1,0,0,0,0,0,0,0,0,0,0
2001,480469,2,1,23,12,0,0,0,0,24,11,0,8
2001,480470,1,1,12,0,0,19,0,6,0,0,9,0
2001,480471,1,1,22,22,22,22,22,22,22,22,22,22
2001,480471,2,1,0,0,0,0,0,0,0,0,0,0
2001,480472,0,1,0,0,0,0,0,0,0,0,0,0
2001,480472,1,1,0,0,8,0,0,0,0,0,0,0
2001,480472,2,1,15,0,0,0,0,0,0,0,0,0
2001,480472,3,1,0,0,0,0,0,0,0,0,0,0
2001,480472,4,1,0,0,0,0,0,0,0,0,0,0
2001,480473,1,1,0,0,0,0,2,0,0,0,0,0
2001,480473,2,1,5,0,0,0,0,0,0,0,0,0
2001,480474,1,1,0,0,0,0,0,0,0,0,0,0
2001,480474,2,1,0,0,0,0,0,0,0,0,0,0
2001,480475,1,1,16,16,16,16,16,16,16,16,16,16
2001,480475,2,1,0,0,0,0,14,0,0,0,8,0
2001,480476,1,1,0,0,0,0,0,0,0,0,0,0
2001,480476,2,1,0,0,0,0,19,0,0,0,0,0
2001,480477,1,1,0,0,0,0,0,0,0,0,0,0
2001,480477,2,1,24,24,24,24,24,24,24,24,24,24
2001,480478,1,1,9,9,9,9,9,9,9,9,9,9
2001,480479,1,1,12,12,12,12,12,12,12,12,12,12
2001,480479,2,1,0,0,0,0,0,0,0,0,0,0
2001,480479,3,1,0,0,0,0,0,0,0,0,0,0
2001,480480,1,1,11,11,11,11,11,11,11,11,11,11
2001,480481,1,1,0,0,0,0,0,0,0,0,0,0
2001,480481,2,1,0,0,0,0,0,0,0,0,0,0
2001,480482,1,1,0,0,0,0,0,0,0,0,0,0
2001,480482,2,1,16,14,24,0,0,0,14,0,20,0
2001,480483,1,1,0,0,0,0,0,0,0,0,0,0
2001,480483,2,1,39,18,22,10,12,22,10,22,27,18
2001,480484,1,1,0,0,0,0,0,0,0,0,0,0
2001,480484,2,1,0,0,0,0,0,0,0,0,0,0
2001,480485,0,1,53,0,0,0,0,30,13,0,0,0
2001,480485,1,1,8,0,0,0,0,11,30,0,18,0
2001,480486,0,1,0,0,0,0,0,0,0,0,0,0
2001,480486,1,1,0,0,0,0,0,0,0,0,0,0
2001,480487,1,1,0,0,0,0,0,0,0,0,0,0
2001,480487,2,1,0,0,0,0,0,0,0,0,0,0
2001,480488,1,1,0,0,0,0,0,0,0,0,0,0
2001,480489,1,1,0,0,0,0,0,0,0,0,0,0
2001,480489,2,1,33,0,0,0,0,0,0,0,15,0
2001,480490,1,1,0,0,0,0,0,0,0,0,0,0
2001,480490,2,1,29,10,14,11,8,30,7,7,14,7
2001,480491,1,1,0,15,0,13,12,0,15,0,17,0
2001,480491,2,1,31,17,7,37,15,0,16,22,14,14
2001,480492,0,1,0,0,0,0,0,0,0,0,0,0
2001,480492,1,1,0,0,0,25,0,0,0,24,0,0
2001,480493,1,1,0,0,24,0,25,0,13,0,43,19
2001,480494,0,1,0,0,0,0,0,0,0,0,0,0
2001,480494,1,1,0,0,0,0,0,0,0,0,0,0
2001,480495,1,1,0,0,0,0,0,0,12,0,0,0
2001,480495,2,1,0,30,0,0,0,0,0,0,0,0
2001,480496,0,1,0,25,0,37,0,0,0,15,0,18
2001,480496,1,1,20,13,0,0,0,30,15,13,28,0
2001,480497,1,1,0,0,0,0,0,0,0,0,0,0
2001,480497,2,1,0,8,22,0,0,0,0,0,0,0
2001,480497,3,1,0,19,17,26,4,0,0,0,0,21
2001,480497,4,1,0,14,0,0,0,7,0,4,9,0
2001,480498,1,1,0,0,0,0,0,0,0,0,0,0
2001,480498,2,1,0,10,0,0,10,0,0,0,26,0
2001,480499,1,1,0,11,17,14,14,10,22,11,4,20
2001,480500,1,1,0,0,0,0,0,0,0,0,0,0
2001,480501,1,1,21,0,19,16,0,0,0,15,13,0
2001,480501,2,1,0,0,0,0,0,0,0,0,5,0
2001,480502,1,1,19,22,13,19,13,26,12,18,13,21
2001,480502,2,1,4,0,0,0,0,29,0,0,0,0
2001,480503,1,1,0,0,0,0,0,0,0,0,0,0
2001,480503,2,1,0,0,10,0,0,0,0,0,0,0
2001,480504,1,1,0,0,0,0,0,0,0,0,2,3
2001,480504,2,1,8,0,0,11,0,8,17,21,0,11
2001,480505,1,1,26,15,16,18,20,23,15,15,17,9
2001,480505,2,1,0,0,0,0,0,0,0,0,0,4
2001,480506,1,1,0,0,5,7,0,0,0,0,0,0
2001,480506,2,1,19,0,0,3,10,0,0,0,0,0
2001,480507,1,1,0,0,0,0,0,0,0,0,0,0
2001,480507,2,1,0,0,0,0,0,0,0,0,0,0
2001,480508,1,1,0,0,0,0,0,0,0,0,0,0
2001,480508,2,1,0,0,0,23,0,0,0,0,0,0
2001,480509,0,1,0,0,0,0,0,0,0,43,0,0
2001,480509,1,1,0,0,0,22,0,0,0,0,0,0
2001,480510,1,1,15,15,15,15,15,15,15,15,15,15
2001,480511,1,1,0,0,0,0,0,0,0,0,0,0
2001,480511,2,1,0,0,0,0,0,0,8,18,0,0
2001,480512,1,1,0,0,0,0,0,0,0,0,0,0
2001,480513,1,1,0,0,0,9,17,18,17,9,0,0
2001,480513,2,1,0,0,0,0,16,0,0,0,0,0
2001,480514,1,1,0,0,0,0,0,48,30,0,0,0
2001,480515,1,1,0,0,0,0,0,0,0,0,0,0