YEAR,st_case,veh_no,per_no,P1,P2,P3,P4,P5,P6,P7,P8,P9,P10
2001,480515,2,1,0,0,0,0,0,0,3,0,0,0
2001,480516,1,1,0,0,16,0,0,0,11,0,0,0
2001,480516,2,1,0,0,0,0,0,0,0,0,0,0
2001,480517,1,1,39,39,39,39,39,39,39,39,39,39
2001,480517,2,1,9,5,0,0,0,28,20,0,0,0
2001,480518,1,1,0,0,30,22,0,10,0,29,0,0
2001,480519,1,1,0,0,0,0,0,0,0,0,0,0
2001,480519,2,1,0,0,0,0,0,0,0,0,0,0
2001,480519,3,1,0,0,0,0,0,0,0,0,0,0
2001,480520,1,1,32,32,32,32,32,32,32,32,32,32
2001,480521,1,1,0,0,0,0,0,0,0,0,0,0
2001,480521,2,1,0,0,0,0,0,0,0,0,0,0
2001,480522,1,1,0,0,0,0,0,0,0,0,0,16
2001,480522,2,1,0,0,0,0,0,0,0,0,0,0
2001,480523,1,1,16,16,16,16,16,16,16,16,16,16
2001,480523,2,1,0,0,0,0,0,0,0,0,0,0
2001,480524,1,1,12,12,12,12,12,12,12,12,12,12
2001,480524,2,1,0,0,0,0,0,0,0,0,0,0
2001,480525,1,1,26,40,15,0,8,10,0,22,14,8
2001,480526,1,1,0,0,0,0,0,0,0,0,0,0
2001,480526,2,1,0,0,0,0,0,0,0,0,0,0
2001,480527,1,1,0,0,0,0,0,0,0,0,0,22
2001,480527,2,1,0,0,0,0,0,0,5,0,0,0
2001,480528,1,1,0,0,0,0,0,0,0,0,0,0
2001,480528,2,1,0,0,0,0,0,0,0,0,0,0
2001,480529,1,1,0,10,0,0,0,0,0,0,0,0
2001,480529,2,1,0,0,0,0,0,0,0,0,0,0
2001,480530,1,1,0,0,0,0,0,0,20,28,0,0
2001,480531,1,1,0,0,0,0,0,0,0,0,0,0
2001,480532,1,1,10,0,37,0,0,0,23,0,0,0
2001,480532,2,1,0,0,0,0,0,0,0,0,0,0
2001,480533,1,1,0,20,0,13,0,15,0,0,0,0
2001,480533,2,1,0,0,0,0,0,0,0,0,0,0
2001,480534,1,1,18,8,0,7,0,0,0,0,0,0
2001,480534,2,1,0,0,0,0,0,0,0,0,0,0
2001,480535,1,1,0,0,13,0,0,0,0,7,0,0
2001,480535,2,1,0,17,0,18,0,10,0,0,0,0
2001,480536,0,1,0,0,0,0,0,0,0,0,0,0
2001,480536,1,1,0,0,0,0,0,0,0,0,0,0
2001,480537,1,1,0,0,0,0,0,19,0,0,0,0
2001,480538,1,1,0,0,0,0,11,0,0,0,26,0
2001,480538,2,1,0,0,0,0,0,0,0,0,0,0
2001,480539,1,1,43,10,13,19,8,12,22,12,47,11
2001,480540,1,1,0,0,0,0,0,0,0,0,0,0
2001,480540,2,1,6,6,6,6,6,6,6,6,6,6
2001,480541,0,1,24,10,10,40,30,23,15,11,7,9
2001,480541,1,1,0,0,0,0,0,0,0,0,0,14
2001,480542,1,1,0,0,0,0,0,0,9,0,0,0
2001,480543,1,1,0,0,0,0,0,0,0,0,0,0
2001,480543,2,1,0,10,0,0,0,0,0,0,0,0
2001,480543,3,1,0,0,0,0,15,0,0,0,0,0
2001,480543,4,1,0,0,0,0,0,0,0,0,0,0
2001,480544,1,1,0,0,0,0,0,0,0,2,6,0
2001,480544,2,1,10,24,11,7,14,17,25,17,35,17
2001,480545,1,1,19,19,19,19,19,19,19,19,19,19
2001,480546,0,1,0,0,0,0,0,0,0,0,0,0
2001,480546,1,1,0,0,0,0,0,0,0,0,0,0
2001,480547,1,1,0,0,0,0,16,0,0,0,17,0
2001,480548,1,1,0,0,0,0,0,0,4,0,0,0
2001,480548,2,1,0,0,25,0,20,0,0,6,0,20
2001,480548,3,1,6,15,0,14,0,0,0,19,0,0
2001,480548,4,1,11,0,0,0,0,15,0,0,0,0
2001,480549,1,1,15,0,11,0,0,15,5,16,25,7
2001,480550,0,1,0,0,0,0,0,0,0,0,0,0
2001,480550,1,1,0,0,0,0,0,0,0,0,0,0
2001,480551,1,1,0,0,0,0,0,0,0,0,0,0
2001,480551,2,1,0,0,0,0,0,0,0,0,0,0
2001,480552,1,1,0,15,10,0,20,5,0,0,16,18
2001,480553,1,1,37,37,37,37,37,37,37,37,37,37
2001,480554,1,1,28,0,13,30,29,13,29,0,0,0
2001,480555,1,1,10,0,5,5,0,0,18,11,0,0
2001,480556,1,1,0,0,0,0,0,0,0,7,0,0
2001,480557,1,1,0,0,0,0,0,0,0,0,0,0
2001,480558,0,1,0,0,0,0,0,0,0,0,0,0
2001,480558,1,1,0,0,0,0,0,0,0,0,0,0
2001,480559,1,1,0,0,0,0,0,0,0,0,0,0
2001,480559,2,1,0,0,0,0,0,0,0,0,0,0
2001,480560,1,1,0,0,0,0,0,9,0,0,16,0
2001,480561,1,1,0,0,0,0,0,0,0,0,17,0
2001,480561,2,1,0,0,0,0,0,0,0,0,0,0
2001,480562,1,1,0,0,0,0,0,0,0,0,0,0
2001,480562,2,1,0,0,0,0,0,0,0,0,0,0
2001,480563,1,1,34,10,12,19,26,19,15,26,12,23
2001,480564,0,1,25,40,37,0,31,18,14,26,16,31
2001,480564,1,1,8,16,0,15,7,10,0,0,4,0
2001,480565,0,1,0,0,0,0,0,0,0,0,0,0
2001,480565,0,2,0,0,2,0,12,0,26,0,25,0
2001,480565,1,1,0,0,0,11,0,13,0,0,22,0
2001,480565,2,1,0,19,0,0,0,0,0,0,0,0
2001,480566,1,1,0,0,0,0,0,0,0,0,0,0
2001,480566,2,1,0,0,0,0,0,6,0,0,0,0
2001,480567,1,1,0,0,0,0,0,0,0,0,0,0
2001,480567,2,1,0,0,0,0,0,0,0,0,0,0
2001,480567,3,1,0,0,0,0,0,0,0,0,21,0
2001,480568,0,1,0,0,14,0,0,30,15,17,0,0
2001,480568,1,1,0,0,0,0,0,16,0,0,0,7
2001,480569,1,1,28,28,28,28,28,28,28,28,28,28
2001,480570,1,1,0,0,0,0,0,0,0,0,0,0
2001,480570,2,1,0,0,0,0,0,0,0,0,0,0
2001,480570,3,1,0,0,0,0,0,0,0,0,0,0
2001,480570,4,1,0,0,0,0,0,0,0,0,0,0
2001,480571,1,1,0,0,0,0,0,0,0,0,0,0
2001,480571,2,1,0,0,0,0,0,0,0,0,0,0
2001,480572,1,1,0,0,0,15,0,10,0,0,0,12
2001,480572,2,1,0,0,0,0,0,0,0,0,0,0
2001,480573,1,1,23,13,12,5,10,8,10,12,11,20
2001,480574,1,1,0,0,0,0,0,0,0,0,0,0
2001,480574,2,1,0,0,0,0,0,0,0,0,0,0
2001,480574,3,1,0,0,0,0,0,0,0,0,8,0
2001,480574,4,1,0,6,0,16,0,0,0,0,0,19
2001,480575,1,1,15,0,8,0,12,0,0,36,17,0
2001,480576,1,1,0,0,0,0,0,0,0,0,0,0
2001,480576,2,1,0,0,0,0,19,0,0,0,0,0
2001,480577,1,1,0,0,0,0,0,0,0,0,0,0
2001,480577,2,1,0,0,0,0,0,0,0,0,0,0
2001,480578,1,1,0,0,0,0,0,0,0,0,0,0
2001,480579,1,1,18,33,15,28,15,16,16,4,7,17
2001,480580,1,1,0,0,0,0,0,0,0,0,0,0
2001,480581,1,1,11,13,19,23,30,15,5,13,24,22
2001,480582,1,1,0,0,0,0,18,0,0,0,0,0
2001,480582,2,1,0,0,0,0,0,0,0,0,0,0
2001,480582,3,1,0,0,0,0,0,0,0,0,0,0
2001,480583,0,1,22,22,22,22,22,22,22,22,22,22
2001,480583,1,1,0,0,0,7,0,0,0,0,0,0
2001,480584,1,1,19,19,19,19,19,19,19,19,19,19
2001,480584,2,1,0,0,0,0,0,0,0,0,0,0
2001,480585,1,1,0,0,0,0,0,0,15,0,0,0
2001,480586,0,1,21,37,6,17,23,50,27,15,10,18
2001,480586,1,1,0,0,0,9,0,0,0,0,0,0
2001,480587,1,1,0,0,0,0,0,0,0,0,0,0
2001,480587,2,1,0,0,0,0,0,0,20,0,0,0
2001,480587,3,1,0,0,0,0,0,0,0,0,0,2
2001,480588,1,1,0,0,0,0,0,0,0,0,0,0
2001,480588,2,1,0,0,0,0,0,0,0,0,0,0
2001,480588,3,1,0,0,0,0,0,0,0,0,0,0
2001,480588,4,1,14,14,14,14,14,14,14,14,14,14
2001,480589,0,1,0,0,26,15,0,6,21,0,0,5
2001,480589,1,1,0,0,26,30,0,0,0,15,20,18
2001,480590,1,1,22,22,22,22,22,22,22,22,22,22
2001,480591,1,1,17,17,17,17,17,17,17,17,17,17
2001,480592,1,1,22,8,17,10,13,27,35,22,39,33
2001,480593,1,1,0,0,0,0,0,0,0,0,0,0
2001,480594,1,1,0,0,0,0,0,0,0,13,0,0
2001,480594,2,1,25,0,6,0,0,0,18,0,0,0
2001,480595,1,1,36,17,19,33,17,19,21,35,15,0
2001,480596,1,1,0,0,0,0,0,0,0,0,0,0
2001,480596,2,1,0,0,0,0,22,5,0,5,0,0
2001,480597,1,1,0,12,21,21,19,0,11,0,14,15
2001,480598,1,1,17,7,18,10,15,6,15,18,12,37
2001,480599,1,1,69,69,69,69,69,69,69,69,69,69
2001,480600,1,1,0,0,23,0,16,0,0,0,0,0
2001,480600,2,1,0,0,12,7,0,0,0,0,16,0
2001,480601,1,1,17,4,25,17,0,4,11,27,10,11
2001,480602,1,1,0,0,0,0,0,0,0,0,0,0
2001,480603,1,1,0,0,0,0,0,0,0,0,0,0
2001,480603,2,1,0,0,0,0,0,0,0,0,0,0
2001,480604,1,1,8,8,25,8,15,13,8,12,9,13
2001,480604,2,1,0,14,0,14,0,0,20,10,0,0
2001,480605,1,1,12,0,0,0,19,0,0,0,0,0
2001,480606,1,1,0,32,24,24,0,0,0,26,0,0
2001,480607,1,1,19,19,19,19,19,19,19,19,19,19
2001,480607,2,1,0,0,0,0,0,0,0,0,19,0
2001,480608,1,1,20,20,20,20,20,20,20,20,20,20
2001,480608,2,1,0,0,0,0,0,0,0,0,0,24
2001,480608,3,1,0,0,0,0,0,0,0,0,0,0
2001,480608,4,1,0,0,7,9,20,0,0,0,0,0
2001,480608,5,1,0,0,0,0,11,3,0,0,0,0
2001,480609,1,1,34,34,34,34,34,34,34,34,34,34
2001,480610,1,1,0,0,0,0,0,0,0,0,0,0
2001,480610,2,1,0,0,12,0,0,0,15,0,0,0
2001,480611,1,1,0,0,0,0,0,0,0,0,0,0
2001,480611,2,1,0,0,0,0,0,0,0,0,0,0
2001,480612,0,1,0,33,34,0,32,28,0,10,18,27
2001,480612,1,1,0,0,0,11,0,0,8,0,0,10
2001,480613,1,1,14,0,0,19,13,15,18,16,0,6
2001,480614,1,1,0,0,0,0,0,0,0,0,0,0
2001,480614,2,1,0,0,0,0,0,0,0,0,0,17
2001,480614,3,1,0,0,0,0,0,0,0,0,0,0
2001,480614,4,1,0,0,15,0,0,0,4,0,0,16
2001,480615,1,1,0,0,0,0,0,0,0,0,0,0
2001,480616,1,1,21,21,21,21,21,21,21,21,21,21
2001,480617,1,1,15,0,0,0,0,24,0,0,0,5
2001,480617,2,1,0,11,11,35,0,19,18,0,15,10
2001,480618,1,1,45,45,13,0,9,0,17,0,11,6
2001,480619,1,1,27,27,27,27,27,27,27,27,27,27
2001,480619,2,1,0,0,0,0,0,0,0,0,0,0
2001,480620,1,1,22,22,22,22,22,22,22,22,22,22
2001,480620,2,1,19,19,19,19,19,19,19,19,19,19
2001,480620,3,1,0,12,8,0,7,4,7,0,20,0
2001,480621,1,1,0,0,0,0,0,0,0,0,0,0
2001,480621,2,1,0,0,0,0,0,0,0,0,0,0
2001,480622,1,1,14,14,14,14,14,14,14,14,14,14
2001,480623,1,1,0,0,0,0,0,0,0,0,0,0
2001,480624,1,1,3,19,0,4,17,5,13,10,13,36
2001,480625,0,1,0,18,15,0,13,0,0,0,0,23
2001,480625,1,1,0,0,0,0,0,0,0,0,0,0
2001,480626,1,1,0,0,0,0,0,0,0,0,0,0
2001,480626,2,1,0,0,0,0,0,0,0,0,0,0
2001,480627,1,1,0,0,0,0,0,0,0,0,0,0
2001,480628,1,1,0,0,0,0,0,0,0,0,0,0
2001,480629,1,1,0,0,0,0,0,0,0,0,0,0
2001,480629,2,1,0,0,0,0,0,0,0,0,0,0
2001,480630,0,1,0,10,8,0,0,28,0,0,7,18
2001,480630,1,1,17,28,18,7,9,8,17,8,7,7
2001,480631,1,1,0,0,4,11,43,0,0,0,0,17
2001,480632,1,1,0,0,2,0,0,0,0,0,0,0
2001,480632,2,1,0,0,0,0,0,0,0,0,0,0
2001,480632,3,1,0,0,0,0,0,0,0,0,0,0
2001,480633,1,1,6,0,22,0,13,9,0,0,14,14
2001,480634,1,1,15,24,9,16,30,9,16,8,14,14
2001,480635,1,1,5,5,5,5,5,5,5,5,5,5
2001,480635,2,1,0,0,0,0,0,0,0,0,0,0
2001,480636,1,1,23,23,23,23,23,23,23,23,23,23
2001,480636,2,1,0,0,0,0,0,0,0,5,0,0
2001,480637,1,1,0,0,0,0,0,0,0,0,0,0
2001,480637,2,1,0,0,0,0,0,0,0,0,0,0
2001,480638,1,1,0,0,0,0,0,0,0,0,0,0
2001,480639,1,1,13,8,10,17,4,17,9,11,0,23
2001,480639,2,1,0,0,0,37,0,15,0,0,21,0
2001,480640,1,1,11,0,0,0,16,0,0,36,13,0
2001,480641,0,1,0,0,0,15,0,0,9,0,27,0
2001,480641,1,1,5,0,0,0,0,0,0,0,13,11
2001,480642,1,1,0,0,0,0,0,0,0,0,0,0
2001,480642,2,1,0,0,0,0,0,12,0,0,0,0
2001,480643,1,1,0,4,0,31,0,13,6,0,0,0
2001,480644,1,1,27,27,27,27,27,27,27,27,27,27
2001,480644,2,1,0,0,0,0,0,0,0,0,0,0
2001,480645,1,1,0,0,0,0,0,0,0,0,0,0
2001,480645,2,1,0,0,0,0,0,0,0,0,0,0
2001,480646,1,1,0,0,0,0,0,0,0,0,0,0
2001,480646,2,1,0,0,0,0,0,0,0,0,0,0
2001,480647,1,1,0,0,0,17,0,0,12,21,26,21
2001,480648,1,1,0,0,0,0,0,0,0,0,0,0
2001,480649,1,1,0,0,0,0,0,0,0,0,0,0
2001,480649,2,1,0,0,0,0,4,0,0,0,0,0
2001,480650,1,1,0,17,12,0,0,0,0,0,0,0
2001,480651,1,1,0,0,0,0,0,0,0,0,0,0
2001,480651,2,1,0,0,0,0,0,0,0,0,0,0
2001,480652,1,1,19,19,19,19,19,19,19,19,19,19
2001,480653,1,1,13,0,0,0,0,0,0,0,20,12
2001,480654,1,1,28,28,28,28,28,28,28,28,28,28
2001,480655,0,1,0,0,0,0,0,0,16,0,0,0
2001,480655,1,1,0,0,0,0,0,0,0,0,0,0
2001,480655,2,1,0,0,0,0,0,0,0,0,0,0
2001,480656,1,1,16,14,10,18,9,20,0,15,10,7
2001,480657,1,1,19,19,19,19,19,19,19,19,19,19
2001,480657,2,1,0,0,0,0,0,0,0,0,0,0
2001,480658,1,1,8,12,0,0,22,0,0,22,0,10
2001,480659,1,1,0,0,0,0,0,0,0,0,0,0
2001,480659,2,1,0,0,0,0,0,0,14,0,0,0
2001,480660,0,1,0,0,0,0,0,17,20,0,0,0
2001,480660,1,1,0,0,0,8,0,0,0,0,0,0
2001,480661,1,1,0,0,0,0,0,0,0,0,0,0
2001,480661,2,1,0,0,0,0,0,0,0,0,0,0
2001,480661,3,1,0,0,0,34,17,0,0,0,0,0
2001,480662,1,1,20,0,0,0,0,0,0,0,11,5
2001,480662,2,1,0,0,19,0,0,4,0,0,0,3
2001,480663,1,1,0,16,0,0,8,0,0,0,0,0
2001,480664,1,1,0,0,0,0,0,26,0,19,20,0
2001,480664,2,1,0,0,0,0,0,0,0,0,0,0
2001,480665,1,1,15,15,15,15,15,15,15,15,15,15
2001,480665,2,1,0,0,0,0,0,0,0,0,0,20
2001,480665,3,1,0,0,0,0,0,0,0,0,4,0
2001,480666,1,1,0,0,0,0,0,0,0,0,0,0
2001,480667,0,1,0,0,0,0,0,0,0,0,0,0
2001,480667,1,1,0,0,0,0,0,0,0,0,0,0
2001,480668,1,1,0,0,0,0,0,0,0,0,0,0
2001,480668,2,1,0,0,0,0,0,0,0,0,0,0
2001,480669,0,1,0,0,0,0,0,0,17,0,0,0
2001,480669,1,1,0,0,0,0,0,0,0,0,0,0
2001,480670,1,1,0,0,0,0,0,0,0,0,0,0
2001,480670,2,1,0,0,0,0,0,0,0,0,0,0
2001,480671,1,1,0,0,0,0,10,0,17,0,0,0
2001,480672,1,1,0,0,0,0,0,0,0,0,0,0
2001,480672,2,1,21,0,0,0,0,0,0,0,5,0
2001,480673,1,1,19,12,12,5,9,5,42,0,0,9
2001,480674,1,1,0,0,0,0,0,0,0,0,0,0
2001,480674,2,1,0,0,0,0,0,0,0,0,0,0
2001,480675,1,1,0,0,0,0,0,0,0,0,0,0
2001,480676,1,1,0,0,11,18,0,15,0,0,21,0
2001,480677,1,1,38,38,38,38,38,38,38,38,38,38
2001,480678,1,1,25,25,25,25,25,25,25,25,25,25
2001,480679,1,1,22,22,22,22,22,22,22,22,22,22
2001,480680,1,1,27,27,27,27,27,27,27,27,27,27
2001,480681,1,1,0,0,0,0,0,0,0,0,0,0
2001,480682,1,1,0,19,0,16,0,0,0,0,24,0
2001,480682,2,1,0,0,0,0,0,0,0,0,0,0
2001,480682,3,1,0,0,0,0,0,0,0,0,0,0
2001,480683,0,1,17,0,21,21,20,12,0,0,16,20
2001,480683,1,1,0,0,0,0,0,0,0,0,0,0
2001,480684,1,1,26,0,0,8,0,0,0,0,0,0
2001,480684,2,1,0,0,0,0,0,0,29,0,0,0
2001,480685,1,1,11,11,11,11,11,11,11,11,11,11
2001,480686,1,1,0,0,12,0,0,0,0,0,0,0
2001,480686,2,1,0,0,0,0,0,0,0,0,0,0
2001,480687,0,1,14,0,21,28,17,0,0,22,27,20
2001,480687,1,1,0,0,25,0,0,0,0,0,9,0
2001,480688,1,1,0,0,0,0,1,0,0,5,6,0
2001,480688,2,1,0,0,0,0,0,0,0,11,0,0
2001,480689,1,1,0,13,0,0,0,15,0,0,0,0
2001,480690,0,1,0,11,0,21,0,19,0,22,0,0
2001,480690,1,1,0,0,0,0,0,0,1,0,0,0
2001,480690,2,1,0,0,0,0,0,7,0,0,17,0
2001,480690,3,1,0,0,0,0,0,0,0,0,0,0
2001,480690,4,1,15,17,0,0,0,0,0,0,0,18
2001,480691,1,1,0,0,0,4,0,0,0,0,0,0
2001,480691,2,1,0,0,0,0,0,0,0,0,0,0
2001,480691,3,1,0,22,0,0,0,0,0,0,0,0
2001,480692,1,1,33,33,33,33,33,33,33,33,33,33
2001,480693,1,1,0,0,0,0,0,0,0,0,0,0
2001,480693,2,1,0,0,0,0,0,0,0,0,0,0
2001,480694,1,1,5,17,10,15,23,10,20,25,14,27
2001,480695,1,1,0,0,0,0,0,0,0,0,0,0
2001,480695,2,1,0,0,0,13,10,0,0,0,0,0
2001,480695,3,1,0,0,0,0,0,0,0,0,0,0
2001,480696,1,1,0,0,0,0,0,0,0,0,0,0
2001,480697,1,1,23,23,23,23,23,23,23,23,23,23
2001,480698,0,1,29,29,29,29,29,29,29,29,29,29
2001,480698,1,1,0,0,10,0,0,0,0,0,0,0
2001,480699,1,1,25,25,25,25,25,25,25,25,25,25
2001,480700,1,1,11,26,16,21,32,29,0,0,14,16
2001,480701,1,1,0,0,0,0,0,0,0,0,16,0
2001,480702,1,1,0,0,43,27,0,0,28,0,0,0
2001,480703,1,1,6,28,7,20,21,8,14,10,13,6
2001,480704,0,1,0,26,0,0,20,29,22,29,20,0
2001,480704,1,1,0,0,0,0,0,0,0,0,0,0
2001,480705,1,1,24,24,24,24,24,24,24,24,24,24
2001,480706,1,1,12,12,12,12,12,12,12,12,12,12
2001,480707,0,1,0,0,0,0,0,0,0,0,0,0
2001,480707,1,1,0,0,0,0,0,0,0,0,0,0
2001,480708,1,1,0,9,0,18,0,0,6,0,0,0
2001,480709,1,1,0,0,0,0,0,0,6,0,0,0
2001,480709,2,1,14,0,0,21,0,0,0,0,0,0
2001,480710,1,1,0,18,27,13,0,19,6,21,0,10
2001,480711,1,1,0,0,0,0,0,0,0,0,0,0
2001,480711,2,1,0,0,0,0,0,0,0,0,0,0
2001,480712,1,1,0,0,0,0,0,0,0,0,0,0
2001,480712,2,1,0,0,0,0,0,0,0,0,0,0
2001,480713,1,1,0,0,0,0,0,3,0,0,0,0
2001,480713,2,1,0,0,0,0,0,0,0,0,0,0
2001,480714,0,1,0,0,0,0,0,0,0,0,0,0
2001,480714,0,2,0,0,0,0,8,0,0,0,0,0
2001,480714,1,1,0,0,0,0,0,0,0,0,0,0
2001,480715,1,1,0,0,0,0,0,0,0,0,21,0
2001,480715,2,1,0,0,0,0,0,0,0,0,0,0
2001,480716,1,1,0,0,0,0,0,0,0,0,6,0
2001,480716,2,1,0,0,0,0,0,0,0,0,0,0
2001,480717,1,1,5,0,0,0,0,0,0,0,0,0
2001,480717,2,1,0,0,0,0,0,0,0,0,0,0
2001,480717,3,1,0,0,0,0,0,0,0,0,0,0
2001,480718,1,1,0,0,0,13,0,0,0,0,8,0
2001,480719,1,1,1,1,1,1,1,1,1,1,1,1
2001,480719,2,1,0,0,0,0,0,0,0,0,0,21
2001,480719,3,1,0,0,0,0,0,0,0,0,0,0
2001,480720,1,1,11,18,0,16,0,17,7,8,13,17
2001,480720,2,1,0,0,0,0,0,0,0,0,0,0
2001,480721,0,1,15,0,0,0,0,0,0,0,0,0
2001,480721,1,1,0,0,0,0,0,0,0,0,0,0
2001,480722,0,1,0,0,0,0,0,0,0,0,0,0
2001,480722,1,1,0,0,0,0,0,0,0,0,0,0
2001,480723,1,1,0,0,34,0,0,10,10,15,0,15
2001,480724,1,1,0,0,0,0,0,0,0,0,0,0
2001,480724,2,1,0,0,0,0,0,0,0,0,0,0
2001,480725,1,1,0,10,10,14,0,7,20,28,16,16
2001,480726,1,1,0,13,0,0,0,0,0,0,0,0
2001,480726,2,1,0,0,12,11,0,14,0,14,0,0
2001,480727,1,1,0,0,0,0,0,0,0,0,0,0
2001,480727,2,1,0,0,0,0,0,0,0,0,0,0
2001,480727,3,1,0,0,0,0,0,0,0,0,0,0
2001,480728,1,1,21,21,21,21,21,21,21,21,21,21
2001,480728,2,1,0,0,0,0,10,0,0,0,0,0
2001,480729,1,1,0,0,0,0,12,0,0,0,0,0
2001,480730,0,1,0,0,0,34,0,0,0,0,0,0
2001,480730,1,1,8,0,0,0,0,0,17,11,0,0
2001,480731,1,1,24,15,25,20,30,36,8,35,23,12
2001,480731,2,1,0,39,13,12,12,0,0,13,20,0
2001,480732,1,1,0,0,0,0,0,0,0,0,0,0
2001,480732,2,1,0,0,0,0,0,0,0,0,0,0
2001,480733,1,1,16,16,16,16,16,16,16,16,16,16
2001,480734,1,1,19,19,19,19,19,19,19,19,19,19
2001,480735,1,1,0,0,0,0,0,0,0,0,0,0
2001,480735,2,1,0,0,0,0,0,0,0,0,0,0
2001,480736,1,1,0,0,0,0,0,0,0,0,0,0
2001,480736,2,1,0,0,8,0,0,0,0,0,0,0
2001,480737,1,1,0,0,9,15,0,0,0,13,0,0
2001,480738,1,1,9,9,9,9,9,9,9,9,9,9
2001,480738,2,1,0,12,11,0,0,0,6,0,11,0
2001,480739,1,1,0,0,0,0,0,0,0,0,5,18
2001,480739,2,1,7,7,7,7,7,7,7,7,7,7
2001,480740,1,1,0,0,0,0,0,0,0,0,0,0
2001,480740,2,1,0,0,0,0,0,0,0,0,0,0
2001,480741,1,1,0,0,0,0,0,0,0,0,0,0
2001,480742,1,1,0,0,0,0,0,0,0,0,0,0
2001,480742,2,1,0,0,0,0,0,0,0,0,0,0
2001,480743,1,1,0,0,0,0,0,0,0,0,0,0
2001,480743,2,1,15,15,15,15,15,15,15,15,15,15
2001,480744,1,1,11,11,11,11,11,11,11,11,11,11
2001,480745,1,1,0,0,0,0,0,0,0,0,0,0
2001,480746,1,1,0,0,0,0,18,0,0,0,0,0
2001,480746,2,1,0,0,0,0,0,0,0,0,0,0
2001,480747,1,1,0,0,6,0,0,0,0,21,0,0
2001,480747,2,1,0,0,0,22,0,0,0,0,6,0
2001,480748,1,1,0,0,0,0,0,0,0,0,0,0
2001,480748,2,1,0,0,20,8,14,0,0,0,0,0
2001,480749,1,1,0,0,0,0,0,0,22,0,0,0
2001,480750,1,1,0,0,0,0,0,0,0,0,0,0
2001,480750,2,1,0,0,0,0,0,0,0,0,0,0
2001,480751,1,1,0,0,0,0,0,0,0,0,0,0
2001,480751,2,1,0,13,0,0,0,0,0,0,0,0
2001,480752,1,1,0,0,0,0,0,0,0,0,0,0
2001,480752,2,1,0,0,0,0,0,0,0,0,0,0
2001,480753,1,1,0,0,0,0,0,0,0,0,0,0
2001,480754,0,1,21,40,0,19,25,51,0,35,9,0
2001,480754,1,1,0,0,0,0,6,0,0,0,0,0
2001,480755,1,1,0,0,0,0,0,0,0,6,0,0
2001,480755,2,1,0,0,0,0,0,0,0,0,0,0
2001,480755,3,1,0,0,0,0,0,0,0,0,0,0
2001,480755,4,1,0,0,0,0,0,0,0,0,0,0
2001,480756,1,1,0,0,0,0,0,0,0,0,0,0
2001,480757,1,1,25,25,25,25,25,25,25,25,25,25
2001,480758,1,1,0,0,0,0,0,0,0,0,0,0
2001,480758,2,1,0,0,22,0,0,0,0,0,0,0
2001,480759,1,1,0,0,0,0,0,0,0,0,0,0
2001,480759,2,1,0,0,0,0,0,0,0,14,21,0
2001,480760,1,1,0,12,0,18,0,0,0,0,23,0
2001,480760,2,1,0,0,0,0,0,0,32,0,0,0
2001,480761,1,1,12,0,30,21,33,0,0,27,0,40
2001,480762,1,1,13,0,16,0,0,13,0,0,29,2
2001,480763,0,1,24,24,24,24,24,24,24,24,24,24
2001,480763,1,1,0,0,0,0,0,0,0,0,0,0
2001,480764,0,1,0,0,0,0,11,0,18,36,0,0
2001,480764,1,1,0,0,0,0,0,0,0,0,0,0
2001,480765,1,1,0,0,0,0,33,0,0,0,0,0
2001,480765,2,1,0,0,0,0,0,0,0,0,0,0
2001,480766,1,1,22,0,13,0,0,30,9,0,0,0
2001,480766,2,1,0,14,10,10,10,0,0,0,0,0
2001,480767,1,1,16,16,16,16,16,16,16,16,16,16
2001,480768,1,1,15,0,0,11,15,24,9,17,11,11
2001,480768,2,1,18,12,24,0,15,7,16,0,21,25
2001,480769,1,1,19,19,19,19,19,19,19,19,19,19
2001,480769,2,1,0,0,0,0,0,0,0,0,0,0
2001,480770,1,1,31,31,31,31,31,31,31,31,31,31
2001,480771,1,1,0,26,0,0,0,0,0,0,0,13
2001,480771,2,1,12,12,12,12,12,12,12,12,12,12
2001,480772,1,1,0,0,0,0,0,0,0,0,0,0
2001,480773,0,1,0,0,0,0,0,0,0,0,0,0
2001,480773,1,1,9,12,3,0,14,0,0,0,0,0
2001,480774,1,1,0,14,0,0,0,0,12,0,18,0
2001,480774,2,1,12,0,7,13,10,11,19,5,11,36
2001,480775,1,1,18,18,18,18,18,18,18,18,18,18
2001,480776,1,1,8,8,8,8,8,8,8,8,8,8
2001,480777,1,1,0,0,0,0,0,0,0,0,0,0
2001,480777,2,1,0,0,0,0,0,0,0,0,0,0
2001,480778,1,1,28,28,28,28,28,28,28,28,28,28
2001,480778,2,1,12,0,0,0,0,0,0,7,27,0
2001,480779,1,1,26,0,9,0,0,0,0,0,0,0