YEAR,st_case,veh_no,per_no,P1,P2,P3,P4,P5,P6,P7,P8,P9,P10
2001,480780,1,1,0,0,0,6,0,0,0,14,0,19
2001,480780,2,1,0,7,0,0,0,10,10,5,0,22
2001,480780,3,1,0,0,0,0,0,0,0,0,0,0
2001,480781,1,1,0,0,0,0,7,0,16,0,0,0
2001,480781,2,1,33,0,0,0,0,0,0,0,0,0
2001,480782,1,1,4,4,4,4,4,4,4,4,4,4
2001,480783,1,1,15,0,16,16,13,20,0,0,0,30
2001,480784,1,1,20,20,20,20,20,20,20,20,20,20
2001,480785,0,1,31,0,31,12,0,26,0,0,0,16
2001,480785,0,2,0,0,0,25,24,0,31,0,0,0
2001,480785,0,3,0,0,8,13,26,18,29,0,0,0
2001,480785,1,1,14,14,18,13,24,23,14,31,0,18
2001,480786,1,1,18,18,18,18,18,18,18,18,18,18
2001,480786,2,1,35,33,30,13,16,10,21,0,37,16
2001,480787,1,1,11,11,11,11,11,11,11,11,11,11
2001,480787,2,1,0,0,0,0,0,0,0,0,0,0
2001,480788,1,1,10,0,6,9,0,0,8,11,3,0
2001,480788,2,1,0,9,0,0,0,0,0,0,0,12
2001,480789,1,1,0,0,7,0,0,0,0,0,0,0
2001,480790,1,1,11,6,4,14,2,9,9,25,8,15
2001,480790,2,1,0,0,3,0,0,0,0,0,0,0
2001,480791,1,1,0,0,0,0,0,0,0,0,0,0
2001,480791,2,1,0,0,0,0,0,0,0,0,0,0
2001,480792,1,1,0,0,0,0,0,0,0,0,0,0
2001,480792,2,1,0,0,0,0,0,0,0,0,0,0
2001,480793,1,1,16,16,16,16,16,16,16,16,16,16
2001,480793,2,1,0,0,0,0,0,0,0,0,0,0
2001,480793,3,1,0,0,0,0,0,0,0,0,0,0
2001,480793,4,1,13,0,0,0,0,0,17,10,0,7
2001,480793,5,1,0,0,0,0,0,0,0,0,0,0
2001,480794,1,1,19,19,19,19,19,19,19,19,19,19
2001,480795,1,1,18,0,37,0,0,0,7,26,19,18
2001,480796,1,1,0,0,0,0,0,0,0,0,0,0
2001,480796,2,1,15,38,0,9,0,11,0,20,13,13
2001,480797,1,1,20,0,0,0,0,0,11,0,2,11
2001,480797,2,1,0,0,0,21,0,0,0,0,2,0
2001,480798,1,1,17,25,12,4,24,16,0,17,10,28
2001,480799,1,1,0,18,0,0,3,0,2,0,16,0
2001,480800,1,1,0,0,0,0,0,0,0,0,0,0
2001,480800,2,1,0,0,0,0,0,0,0,0,0,0
2001,480801,1,1,0,0,0,0,0,0,0,0,0,0
2001,480802,1,1,30,30,30,30,30,30,30,30,30,30
2001,480803,1,1,6,0,16,0,12,24,0,0,3,0
2001,480804,0,1,0,36,0,0,0,0,0,0,0,0
2001,480804,1,1,0,0,0,0,0,0,0,0,0,0
2001,480805,1,1,0,0,0,0,0,0,0,0,0,0
2001,480805,2,1,0,0,0,0,0,0,0,0,0,0
2001,480806,1,1,0,0,0,0,0,0,0,0,0,0
2001,480806,2,1,0,0,0,0,0,0,0,0,0,0
2001,480807,1,1,14,14,14,14,14,14,14,14,14,14
2001,480808,1,1,0,0,0,0,0,0,0,0,0,0
2001,480808,2,1,0,0,0,0,0,0,0,0,0,0
2001,480809,1,1,0,0,0,0,0,0,0,0,14,0
2001,480809,2,1,0,0,0,0,0,12,0,0,0,0
2001,480810,1,1,0,0,0,0,0,0,0,0,0,0
2001,480810,2,1,34,16,8,18,30,0,0,0,3,36
2001,480811,1,1,0,0,0,0,0,16,0,6,0,0
2001,480811,2,1,0,0,0,0,0,0,0,0,0,0
2001,480812,1,1,10,10,10,10,10,10,10,10,10,10
2001,480813,1,1,15,15,15,15,15,15,15,15,15,15
2001,480814,1,1,0,0,0,0,0,0,0,0,0,0
2001,480814,2,1,19,0,14,0,0,0,0,24,0,14
2001,480815,1,1,10,12,9,5,22,22,12,16,15,0
2001,480815,2,1,0,0,0,15,0,0,0,0,0,0
2001,480816,0,1,12,4,16,0,0,22,0,0,0,0
2001,480816,1,1,0,0,0,0,0,0,0,0,0,0
2001,480817,1,1,7,27,34,17,15,17,25,32,23,31
2001,480818,1,1,17,17,17,17,17,17,17,17,17,17
2001,480819,1,1,4,0,12,0,19,13,25,17,0,0
2001,480820,1,1,11,19,0,0,19,0,0,15,10,0
2001,480821,1,1,25,11,27,15,23,12,7,29,24,19
2001,480822,1,1,0,0,0,0,0,0,0,0,0,0
2001,480822,2,1,0,0,0,0,0,0,0,0,0,0
2001,480823,1,1,11,11,11,11,11,11,11,11,11,11
2001,480823,2,1,0,0,0,0,0,0,0,0,0,0
2001,480824,1,1,26,26,26,26,26,26,26,26,26,26
2001,480825,1,1,0,0,0,0,0,0,0,0,0,0
2001,480825,2,1,0,0,0,0,0,0,0,0,0,0
2001,480826,0,1,0,0,0,0,0,0,0,0,0,0
2001,480826,1,1,0,0,8,0,0,0,9,0,0,0
2001,480827,1,1,0,0,0,0,0,0,0,0,0,20
2001,480827,2,1,2,11,0,0,0,0,0,0,0,0
2001,480827,3,1,0,0,0,0,0,0,0,0,0,0
2001,480828,1,1,0,0,0,0,0,0,0,0,0,0
2001,480828,2,1,0,0,0,0,0,28,0,0,0,0
2001,480829,1,1,0,0,0,22,19,0,11,0,0,0
2001,480829,2,1,0,0,14,0,0,0,9,0,0,0
2001,480830,0,1,21,21,7,20,23,8,11,26,4,14
2001,480830,1,1,0,0,0,0,0,0,0,0,0,0
2001,480831,0,1,0,0,0,0,0,0,0,0,0,0
2001,480831,1,1,0,0,0,0,0,0,0,0,0,0
2001,480832,1,1,0,0,0,0,0,0,0,0,0,0
2001,480832,2,1,0,0,0,0,0,0,0,0,0,0
2001,480833,1,1,0,0,0,10,0,0,0,0,0,0
2001,480833,2,1,0,0,0,0,0,0,0,0,0,0
2001,480833,3,1,0,0,0,0,0,0,0,0,0,0
2001,480833,4,1,0,0,12,0,0,0,0,0,0,0
2001,480833,5,1,0,0,0,0,0,0,0,0,0,0
2001,480834,1,1,0,0,0,0,0,0,0,0,0,0
2001,480834,2,1,0,0,0,0,0,0,0,0,0,0
2001,480835,1,1,0,0,0,0,0,0,0,0,0,0
2001,480835,2,1,0,0,0,0,0,0,0,0,0,0
2001,480836,1,1,0,11,27,0,24,29,0,20,15,24
2001,480837,0,1,14,10,0,45,11,0,15,33,23,0
2001,480837,1,1,0,0,0,0,0,0,0,0,0,22
2001,480837,2,1,20,0,0,0,0,0,0,0,0,0
2001,480838,1,1,28,28,28,28,28,28,28,28,28,28
2001,480839,1,1,0,0,0,0,0,0,0,0,0,0
2001,480839,2,1,0,0,0,0,0,0,0,0,0,0
2001,480840,1,1,0,0,0,0,0,0,0,0,0,0
2001,480840,2,1,0,0,0,0,0,0,0,0,0,0
2001,480841,1,1,23,23,23,23,23,23,23,23,23,23
2001,480841,2,1,0,0,0,0,0,0,0,0,0,0
2001,480842,0,1,0,0,0,0,0,0,0,0,0,41
2001,480842,1,1,0,0,0,0,0,0,0,0,0,0
2001,480843,1,1,0,0,0,0,0,0,0,0,0,0
2001,480843,2,1,0,0,0,0,0,0,0,0,0,0
2001,480844,1,1,7,7,7,7,7,7,7,7,7,7
2001,480845,1,1,12,11,13,24,21,12,14,33,24,6
2001,480846,1,1,0,0,0,0,0,0,0,10,0,0
2001,480846,2,1,0,0,0,0,0,0,16,0,0,0
2001,480847,0,1,0,0,0,0,0,0,0,0,0,0
2001,480847,1,1,11,11,16,0,0,16,16,21,0,0
2001,480848,0,1,0,13,0,0,0,0,0,0,0,0
2001,480848,1,1,0,0,0,0,0,0,0,0,0,0
2001,480849,1,1,0,0,0,0,0,0,0,0,0,0
2001,480849,2,1,0,0,0,0,0,0,0,0,0,0
2001,480850,1,1,0,0,0,0,0,0,0,0,21,0
2001,480851,1,1,0,0,0,0,0,0,0,0,0,0
2001,480851,2,1,0,0,0,0,0,0,0,0,0,0
2001,480852,1,1,0,0,0,0,0,0,0,0,0,0
2001,480853,1,1,0,0,0,0,0,0,0,0,0,0
2001,480853,2,1,0,0,0,0,0,0,0,0,0,0
2001,480854,1,1,19,19,19,19,19,19,19,19,19,19
2001,480855,1,1,30,0,0,9,2,15,5,0,0,0
2001,480855,2,1,0,4,8,0,0,18,0,0,0,0
2001,480855,3,1,0,11,0,0,0,0,0,0,0,0
2001,480856,1,1,0,0,0,0,0,0,0,0,0,0
2001,480857,1,1,0,19,0,10,0,0,0,3,0,0
2001,480857,2,1,0,0,0,0,0,18,0,0,14,9
2001,480858,1,1,31,31,31,31,31,31,31,31,31,31
2001,480859,1,1,17,17,17,17,17,17,17,17,17,17
2001,480860,1,1,0,0,0,0,0,0,0,0,17,0
2001,480860,2,1,0,0,0,18,18,0,17,0,0,0
2001,480860,3,1,0,0,0,0,6,0,0,0,0,15
2001,480860,4,1,0,0,0,0,0,0,0,0,0,0
2001,480861,1,1,0,8,0,0,9,0,0,0,0,0
2001,480861,2,1,0,0,0,0,0,0,0,0,0,0
2001,480862,0,1,0,0,14,45,20,16,22,30,24,8
2001,480862,0,2,26,7,28,21,47,28,12,10,18,3
2001,480862,1,1,0,0,0,0,0,0,0,0,0,0
2001,480863,1,1,0,6,0,0,0,16,0,0,15,3
2001,480863,2,1,13,13,13,13,13,13,13,13,13,13
2001,480864,0,1,30,30,30,30,30,30,30,30,30,30
2001,480864,1,1,10,17,9,0,9,0,0,22,0,9
2001,480865,1,1,17,17,17,17,17,17,17,17,17,17
2001,480866,1,1,0,0,0,0,0,0,0,0,0,0
2001,480866,2,1,0,26,0,6,0,0,0,0,0,0
2001,480867,1,1,0,0,0,0,0,0,0,0,0,0
2001,480867,2,1,0,0,0,0,0,0,0,0,0,0
2001,480868,0,1,0,0,0,0,0,0,0,0,0,0
2001,480868,1,1,0,0,0,0,0,0,0,0,0,7
2001,480869,1,1,0,0,0,27,48,8,14,0,0,22
2001,480870,1,1,0,0,0,0,0,0,0,0,0,0
2001,480870,2,1,0,0,0,0,0,0,0,0,0,0
2001,480871,1,1,0,0,0,0,0,0,0,0,0,0
2001,480871,2,1,0,0,16,0,0,5,6,0,4,0
2001,480871,3,1,0,0,0,0,0,0,0,0,0,0
2001,480872,1,1,0,0,0,0,0,0,0,0,0,0
2001,480872,2,1,7,0,0,0,0,0,0,0,0,0
2001,480873,1,1,18,18,18,18,18,18,18,18,18,18
2001,480874,1,1,7,7,7,7,7,7,7,7,7,7
2001,480875,1,1,0,0,0,0,0,11,0,0,9,0
2001,480876,1,1,16,16,16,16,16,16,16,16,16,16
2001,480877,1,1,9,9,9,9,9,9,9,9,9,9
2001,480877,2,1,0,0,0,0,0,0,0,0,0,0
2001,480878,1,1,21,10,7,23,0,11,14,17,13,23
2001,480878,2,1,0,0,19,14,0,0,20,22,0,0
2001,480879,1,1,10,17,15,0,10,11,2,3,14,13
2001,480880,1,1,0,0,0,0,0,0,0,0,0,0
2001,480880,2,1,10,0,0,0,0,0,5,0,0,0
2001,480881,1,1,16,16,16,16,16,16,16,16,16,16
2001,480882,1,1,25,25,25,25,25,25,25,25,25,25
2001,480883,0,1,16,14,34,0,17,0,0,0,12,12
2001,480883,1,1,0,0,0,0,0,0,0,0,0,0
2001,480884,1,1,11,11,11,11,11,11,11,11,11,11
2001,480885,1,1,0,0,3,0,0,0,0,0,0,0
2001,480885,2,1,0,0,0,0,0,0,0,0,0,0
2001,480885,3,1,0,0,0,0,0,0,0,0,0,0
2001,480886,1,1,0,0,0,0,0,0,0,3,0,0
2001,480886,2,1,0,0,0,0,0,0,0,0,0,0
2001,480887,1,1,16,16,16,16,16,16,16,16,16,16
2001,480887,2,1,0,0,0,0,0,0,0,0,0,0
2001,480888,1,1,14,10,0,15,12,0,9,0,5,0
2001,480888,2,1,16,16,16,16,16,16,16,16,16,16
2001,480889,1,1,0,0,0,0,0,0,0,0,0,0
2001,480890,1,1,0,0,0,0,0,0,0,0,0,0
2001,480891,1,1,0,0,0,0,0,0,0,0,0,0
2001,480892,1,1,7,23,8,0,25,0,7,0,4,0
2001,480892,2,1,0,0,0,0,0,0,0,0,15,3
2001,480893,1,1,20,20,20,20,20,20,20,20,20,20
2001,480894,1,1,0,0,0,0,2,0,0,0,0,0
2001,480894,2,1,14,13,4,4,22,16,13,0,13,0
2001,480895,1,1,5,15,11,13,9,9,30,6,10,5
2001,480896,1,1,0,0,3,0,0,0,0,0,0,0
2001,480896,2,1,0,0,0,0,0,0,0,0,0,0
2001,480897,1,1,0,0,0,0,0,0,0,0,0,0
2001,480897,2,1,0,0,0,0,0,0,0,0,0,0
2001,480898,1,1,0,0,0,0,0,0,9,0,0,0
2001,480898,2,1,0,0,0,0,0,0,0,0,0,0
2001,480899,1,1,0,0,0,0,0,0,0,0,0,0
2001,480899,2,1,0,0,0,0,33,6,0,0,28,0
2001,480900,1,1,0,0,0,0,0,0,0,0,0,0
2001,480900,2,1,0,0,0,0,0,0,0,0,0,0
2001,480901,1,1,0,0,28,0,22,0,0,20,0,8
2001,480901,2,1,12,0,0,0,0,0,0,0,0,8
2001,480902,1,1,0,0,0,0,0,0,0,0,0,0
2001,480903,1,1,0,0,0,0,0,0,0,0,0,0
2001,480904,1,1,16,16,16,16,16,16,16,16,16,16
2001,480905,1,1,0,0,0,0,0,0,0,0,0,0
2001,480906,1,1,0,14,0,0,0,0,0,9,4,0
2001,480906,2,1,0,0,0,0,0,8,0,0,0,0
2001,480907,1,1,13,13,13,13,13,13,13,13,13,13
2001,480908,1,1,0,0,0,0,0,0,0,0,0,0
2001,480908,2,1,0,0,0,0,0,0,0,0,0,4
2001,480909,1,1,0,0,0,0,0,0,0,0,0,9
2001,480909,2,1,0,7,0,4,0,0,0,0,0,0
2001,480910,1,1,0,0,0,0,0,0,0,0,0,0
2001,480910,2,1,0,0,0,0,0,9,0,0,0,0
2001,480911,0,1,23,32,23,11,19,25,31,25,26,25
2001,480911,1,1,0,0,0,0,0,0,0,0,0,0
2001,480912,1,1,0,0,0,0,7,0,0,0,0,0
2001,480912,2,1,0,0,0,0,0,0,0,0,0,0
2001,480913,1,1,13,15,18,0,18,0,13,0,0,0
2001,480914,1,1,0,0,0,0,0,0,0,0,0,0
2001,480914,2,1,0,0,0,0,0,0,0,0,0,0
2001,480915,0,1,34,34,34,34,34,34,34,34,34,34
2001,480915,1,1,0,0,0,0,0,6,24,0,0,0
2001,480916,1,1,0,0,0,0,0,0,0,0,0,0
2001,480916,2,1,0,0,0,34,0,25,0,0,0,0
2001,480916,3,1,0,0,5,0,0,29,0,0,0,0
2001,480917,1,1,0,0,0,0,0,0,0,0,0,0
2001,480918,1,1,0,11,0,0,0,26,0,0,0,6
2001,480918,2,1,0,0,0,0,0,0,0,0,3,0
2001,480919,1,1,0,0,0,0,0,0,0,0,0,0
2001,480919,2,1,17,0,0,0,0,0,0,0,0,0
2001,480920,1,1,0,0,0,0,0,0,0,0,0,0
2001,480921,1,1,0,0,0,0,0,0,0,0,0,0
2001,480922,1,1,10,10,10,10,10,10,10,10,10,10
2001,480923,1,1,22,22,22,22,22,22,22,22,22,22
2001,480923,2,1,8,8,8,8,8,8,8,8,8,8
2001,480924,1,1,22,22,22,22,22,22,22,22,22,22
2001,480924,2,1,16,16,16,16,16,16,16,16,16,16
2001,480925,1,1,0,0,0,0,0,0,0,0,0,0
2001,480925,2,1,0,0,0,0,0,0,0,20,0,0
2001,480926,0,1,9,0,8,0,0,25,24,4,0,14
2001,480926,1,1,2,7,0,0,22,7,11,0,14,0
2001,480927,1,1,11,11,16,10,8,8,17,10,10,13
2001,480928,1,1,0,19,0,0,0,27,0,0,23,0
2001,480929,1,1,0,8,0,0,24,0,0,0,0,17
2001,480929,2,1,0,0,0,0,0,0,0,0,0,0
2001,480930,1,1,0,0,0,0,3,0,9,0,0,0
2001,480930,2,1,20,20,20,20,20,20,20,20,20,20
2001,480931,1,1,13,13,13,13,13,13,13,13,13,13
2001,480932,1,1,0,0,15,27,0,0,0,21,0,13
2001,480933,1,1,0,0,0,0,0,0,0,0,0,0
2001,480933,2,1,24,24,24,24,24,24,24,24,24,24
2001,480934,1,1,0,0,0,0,0,0,0,0,0,0
2001,480934,2,1,0,0,0,0,0,0,0,0,0,0
2001,480935,1,1,0,0,0,0,0,0,0,0,0,0
2001,480936,1,1,0,0,0,0,0,0,0,0,0,0
2001,480937,1,1,15,15,15,15,15,15,15,15,15,15
2001,480937,2,1,0,0,0,0,0,0,0,0,0,0
2001,480938,1,1,0,0,0,0,0,0,0,0,0,0
2001,480939,1,1,0,0,0,0,0,0,0,0,0,0
2001,480939,2,1,0,0,0,0,0,0,0,0,0,0
2001,480940,1,1,0,0,0,14,0,10,0,0,18,0
2001,480940,2,1,0,0,0,0,0,0,0,0,0,0
2001,480941,0,1,0,0,14,0,12,0,0,0,0,10
2001,480941,1,1,0,0,0,0,0,0,0,0,0,0
2001,480942,1,1,0,0,0,0,0,0,0,0,0,0
2001,480942,2,1,0,0,24,0,0,0,0,0,0,0
2001,480943,1,1,8,0,0,22,0,0,0,0,17,25
2001,480943,2,1,0,0,0,0,0,0,0,0,0,0
2001,480944,1,1,0,8,14,12,0,0,0,0,0,27
2001,480945,1,1,0,0,0,0,0,0,0,0,0,0
2001,480945,2,1,0,0,0,0,0,0,0,0,0,9
2001,480946,1,1,0,0,0,0,0,0,0,0,0,0
2001,480946,2,1,0,0,0,0,0,18,0,18,17,13
2001,480947,1,1,32,32,32,32,32,32,32,32,32,32
2001,480948,1,1,12,12,12,12,12,12,12,12,12,12
2001,480949,1,1,24,24,24,24,24,24,24,24,24,24
2001,480950,1,1,0,0,0,0,0,0,0,0,0,0
2001,480950,2,1,0,29,0,0,0,0,0,0,29,22
2001,480951,1,1,0,0,0,0,0,0,0,0,0,0
2001,480952,0,1,25,25,25,25,25,25,25,25,25,25
2001,480952,1,1,7,0,0,0,0,0,0,0,7,0
2001,480953,1,1,22,0,0,0,9,0,0,0,0,15
2001,480954,0,1,17,17,17,17,17,17,17,17,17,17
2001,480954,1,1,0,24,0,0,7,0,0,0,0,33
2001,480955,0,2,0,0,0,9,0,0,0,0,0,0
2001,480955,1,1,1,1,1,1,1,1,1,1,1,1
2001,480956,1,1,0,19,12,21,23,0,22,0,18,25
2001,480956,2,1,0,22,25,0,11,20,0,29,0,0
2001,480957,1,1,0,11,0,0,0,0,0,0,0,20
2001,480958,1,1,0,0,0,0,0,0,7,0,13,0
2001,480959,1,1,0,0,0,0,0,0,0,0,0,0
2001,480959,2,1,0,0,0,0,0,0,0,0,0,0
2001,480960,1,1,20,20,20,20,20,20,20,20,20,20
2001,480961,1,1,0,0,0,0,0,0,0,0,0,0
2001,480961,2,1,0,0,0,0,0,0,0,0,0,0
2001,480961,3,1,0,0,0,25,0,0,0,22,0,0
2001,480962,1,1,0,0,0,0,0,0,0,0,0,0
2001,480963,1,1,0,0,18,15,8,12,0,0,0,0
2001,480963,2,1,0,0,0,0,0,0,0,0,0,0
2001,480963,3,1,0,0,0,0,0,5,0,0,0,6
2001,480964,0,1,30,30,30,30,30,30,30,30,30,30
2001,480964,1,1,21,0,10,22,0,0,0,0,10,0
2001,480965,0,1,0,43,6,22,22,0,15,11,8,0
2001,480965,0,2,35,29,17,0,0,12,18,0,26,32
2001,480965,1,1,0,0,0,0,8,0,0,0,15,0
2001,480966,1,1,0,0,0,0,0,0,0,0,0,0
2001,480967,1,1,0,0,0,0,0,0,0,0,0,0
2001,480967,2,1,0,0,0,0,0,0,0,0,0,0
2001,480968,1,1,19,19,19,19,19,19,19,19,19,19
2001,480969,0,1,11,0,0,0,0,0,0,17,0,0
2001,480969,1,1,17,9,18,0,0,0,35,10,0,0
2001,480970,1,1,0,0,0,19,17,0,6,0,10,0
2001,480970,2,1,3,17,10,25,0,15,0,18,0,0
2001,480971,1,1,13,0,0,0,0,0,7,0,22,0
2001,480971,2,1,0,0,0,0,0,13,0,0,0,0
2001,480972,1,1,24,24,24,24,24,24,24,24,24,24
2001,480973,1,1,0,0,0,0,0,0,0,0,0,0
2001,480973,2,1,0,12,0,11,18,0,0,0,0,0
2001,480974,1,1,0,11,0,6,0,21,0,21,3,7
2001,480975,1,1,17,17,17,17,17,17,17,17,17,17
2001,480976,1,1,24,24,24,24,24,24,24,24,24,24
2001,480976,2,1,0,17,4,0,0,7,0,0,0,0
2001,480976,3,1,0,0,0,0,0,0,0,0,0,0
2001,480977,1,1,9,9,9,9,9,9,9,9,9,9
2001,480978,1,1,0,14,0,0,0,0,0,0,0,10
2001,480978,2,1,16,16,16,16,16,16,16,16,16,16
2001,480979,0,1,11,27,23,43,0,0,0,0,9,0
2001,480979,1,1,4,0,0,11,0,15,0,18,14,0
2001,480979,2,1,0,10,0,0,0,0,16,0,0,0
2001,480979,3,1,0,0,0,0,0,0,0,0,0,0
2001,480980,1,1,0,0,7,0,0,12,0,7,0,0
2001,480980,2,1,0,0,9,0,0,0,9,8,0,0
2001,480981,1,1,4,0,0,0,0,0,0,0,0,0
2001,480981,2,1,20,20,20,20,20,20,20,20,20,20
2001,480982,1,1,0,0,0,0,0,0,0,0,0,0
2001,480982,2,1,0,0,0,0,0,0,0,0,0,0
2001,480983,0,1,0,0,0,16,14,7,0,0,0,0
2001,480983,1,1,27,0,0,0,0,0,0,0,0,0
2001,480984,1,1,25,25,25,25,25,25,25,25,25,25
2001,480984,2,1,19,19,19,19,19,19,19,19,19,19
2001,480985,1,1,0,0,0,0,0,0,0,0,0,0
2001,480985,2,1,0,0,19,0,0,0,24,15,0,0
2001,480986,1,1,0,0,0,0,0,0,0,0,0,0
2001,480987,0,1,20,20,20,20,20,20,20,20,20,20
2001,480987,1,1,0,0,0,0,0,0,0,0,0,0
2001,480988,1,1,0,0,0,0,0,0,0,0,0,9
2001,480988,2,1,0,0,0,0,0,0,0,0,0,0
2001,480989,1,1,0,0,0,0,0,0,0,0,0,0
2001,480989,2,1,0,0,0,0,0,0,0,0,0,0
2001,480989,3,1,0,0,0,0,0,0,0,0,0,0
2001,480990,1,1,27,0,0,0,0,0,0,0,20,0
2001,480991,1,1,0,32,0,11,0,0,0,0,0,24
2001,480992,1,1,0,0,0,0,0,0,0,0,0,0
2001,480992,2,1,0,0,0,0,14,0,0,0,0,0
2001,480993,0,1,0,0,0,0,0,26,0,0,0,0
2001,480993,0,2,0,0,0,0,0,0,0,0,0,0
2001,480993,1,1,0,0,11,0,0,0,0,20,37,0
2001,480993,2,1,0,0,0,0,0,0,0,0,0,0
2001,480994,1,1,18,18,18,18,18,18,18,18,18,18
2001,480995,0,1,0,0,0,0,0,0,0,0,0,0
2001,480995,1,1,0,0,0,0,0,0,0,0,20,0
2001,480996,0,1,25,27,14,0,7,29,9,0,0,28
2001,480996,1,1,0,0,0,0,0,0,0,0,0,0
2001,480997,1,1,0,0,0,0,0,0,0,0,0,0
2001,480997,2,1,0,0,0,0,0,0,0,0,0,0
2001,480998,1,1,0,0,0,0,0,0,0,0,0,0
2001,480999,1,1,0,0,0,0,0,0,0,0,0,0
2001,480999,2,1,0,0,0,0,0,0,0,0,0,0
2001,481000,1,1,16,16,16,16,16,16,16,16,16,16
2001,481000,2,1,0,0,0,0,0,0,0,0,0,0
2001,481000,3,1,0,0,0,0,0,0,0,0,0,0
2001,481001,1,1,13,13,13,13,13,13,13,13,13,13
2001,481002,1,1,0,0,0,0,13,0,0,0,0,0
2001,481003,1,1,0,0,10,11,0,0,0,14,0,0
2001,481004,0,1,0,15,0,0,22,0,14,0,18,15
2001,481004,0,2,23,0,0,0,0,33,0,0,0,28
2001,481004,1,1,0,26,0,0,0,0,0,0,0,0
2001,481005,1,1,0,0,0,0,0,0,0,0,0,0
2001,481006,1,1,23,0,0,0,0,14,8,0,0,0
2001,481007,1,1,0,13,23,0,25,19,9,3,18,23
2001,481008,1,1,5,5,5,5,5,5,5,5,5,5
2001,481008,2,1,0,0,5,0,41,27,15,0,5,13
2001,481009,1,1,0,3,0,0,0,0,9,17,0,0
2001,481010,1,1,11,0,0,0,0,0,0,1,17,0
2001,481010,2,1,0,0,0,0,0,0,0,0,0,0
2001,481011,1,1,8,12,6,13,19,27,2,18,6,8
2001,481012,0,1,0,0,6,0,0,0,0,27,0,0
2001,481012,1,1,0,0,0,0,0,0,0,0,0,0
2001,481013,1,1,21,7,9,27,24,20,2,10,15,6
2001,481014,1,1,15,0,6,9,28,11,18,25,14,10
2001,481015,1,1,0,0,0,0,16,0,0,0,0,0
2001,481015,2,1,29,17,14,30,5,8,13,4,0,0
2001,481016,1,1,17,19,12,15,5,11,0,21,28,16
2001,481017,1,1,1,1,1,1,1,1,1,1,1,1
2001,481018,1,1,0,0,0,0,0,0,14,0,0,15
2001,481018,2,1,0,0,0,0,0,0,0,0,0,0
2001,481019,1,1,24,24,24,24,24,24,24,24,24,24
2001,481019,2,1,20,5,12,13,15,24,10,17,21,18
2001,481020,1,1,5,14,18,8,8,8,16,22,23,13
2001,481021,1,1,0,10,15,0,0,0,11,0,0,10
2001,481021,2,1,0,0,0,0,0,0,0,0,0,0
2001,481022,1,1,0,0,0,0,0,0,0,0,0,0
2001,481023,1,1,28,28,28,28,28,28,28,28,28,28
2001,481024,1,1,0,0,0,0,0,0,0,0,0,0
2001,481025,0,1,0,18,0,8,16,20,0,0,0,0
2001,481025,1,1,31,4,2,6,0,13,17,12,3,20
2001,481027,1,1,0,0,0,0,0,0,0,0,0,0
2001,481028,1,1,0,0,0,0,0,0,0,0,0,0
2001,481029,1,1,0,0,0,0,0,0,0,0,0,0
2001,481029,2,1,0,0,0,0,4,0,0,0,0,0
2001,481030,1,1,0,0,0,0,0,0,0,0,0,0
2001,481030,2,1,0,0,0,0,0,0,0,0,0,0
2001,481031,1,1,0,0,0,14,0,0,0,0,0,0
2001,481032,1,1,0,21,20,18,32,26,12,36,15,21
2001,481033,1,1,0,0,0,0,0,0,0,0,0,0
2001,481033,2,1,0,0,0,0,0,0,0,0,0,0
2001,481034,0,1,0,19,26,0,0,0,0,0,0,0
2001,481034,0,2,0,0,0,0,0,0,0,0,0,0
2001,481034,1,1,0,0,0,0,0,0,0,0,0,0
2001,481035,1,1,37,37,37,37,37,37,37,37,37,37
2001,481036,1,1,0,12,0,0,0,0,19,14,0,0
2001,481037,1,1,21,0,20,0,16,20,10,25,0,0
2001,481038,0,1,0,0,0,0,0,0,0,0,0,0
2001,481038,1,1,0,16,0,7,15,37,7,0,24,19
2001,481038,2,1,0,0,0,0,0,0,0,0,0,0
2001,481039,1,1,13,13,13,13,13,13,13,13,13,13
2001,481039,2,1,0,0,0,0,0,0,0,0,0,0
2001,481040,1,1,18,18,18,18,18,18,18,18,18,18
2001,481041,1,1,16,16,16,16,16,16,16,16,16,16
2001,481041,2,1,0,0,0,0,0,0,0,0,0,0
2001,481041,3,1,0,0,0,0,0,0,0,0,0,0
2001,481042,1,1,0,0,0,0,0,0,0,0,0,0
2001,481043,1,1,0,0,0,0,0,0,0,0,0,18
2001,481043,2,1,0,0,0,13,0,0,12,0,22,0
2001,481044,1,1,0,0,0,0,0,0,0,0,0,0
2001,481044,2,1,0,0,0,0,0,0,0,0,0,0
2001,481045,1,1,22,22,22,22,22,22,22,22,22,22