YEAR,st_case,veh_no,per_no,P1,P2,P3,P4,P5,P6,P7,P8,P9,P10
2001,481045,2,1,0,0,10,0,15,0,0,7,29,11
2001,481046,0,1,0,0,0,0,0,0,0,0,0,0
2001,481046,1,1,0,0,0,0,0,0,12,0,0,22
2001,481047,1,1,25,0,0,16,0,8,19,0,0,14
2001,481048,1,1,0,0,0,0,13,0,0,0,0,0
2001,481048,2,1,2,2,2,2,2,2,2,2,2,2
2001,481049,1,1,0,0,14,0,0,0,23,0,0,14
2001,481049,2,1,0,0,0,0,0,0,0,0,0,0
2001,481050,0,1,26,0,7,16,0,0,30,0,0,13
2001,481050,1,1,0,0,0,0,0,0,0,0,0,14
2001,481051,1,1,0,0,0,0,0,0,0,0,0,0
2001,481051,2,1,0,0,22,0,0,0,0,13,7,0
2001,481052,1,1,13,13,13,13,13,13,13,13,13,13
2001,481053,1,1,0,0,0,0,0,20,0,0,0,0
2001,481053,2,1,0,0,0,0,0,0,0,0,0,0
2001,481054,0,1,12,0,0,0,0,0,0,0,0,18
2001,481054,0,2,4,13,0,0,0,3,0,0,0,0
2001,481054,1,1,30,16,10,0,13,3,0,6,18,18
2001,481054,2,1,0,0,0,0,0,0,0,0,0,0
2001,481054,3,1,0,0,0,0,0,0,0,0,0,0
2001,481054,4,1,0,0,0,0,0,0,0,0,23,0
2001,481054,5,1,0,0,0,0,0,0,0,0,0,0
2001,481054,6,1,0,0,0,0,0,0,15,0,0,0
2001,481054,7,1,0,0,0,0,0,0,0,0,0,0
2001,481055,0,1,0,0,0,0,0,0,0,0,0,0
2001,481055,1,1,0,8,0,0,16,0,18,0,0,43
2001,481056,1,1,0,0,0,0,0,0,0,0,0,0
2001,481057,1,1,24,24,24,24,24,24,24,24,24,24
2001,481057,2,1,14,14,14,14,14,14,14,14,14,14
2001,481057,3,1,0,6,0,0,0,0,0,0,0,0
2001,481058,1,1,0,0,0,0,0,0,0,0,0,0
2001,481058,2,1,0,0,0,0,0,0,0,0,0,0
2001,481059,1,1,32,27,0,0,21,0,4,21,15,0
2001,481060,0,1,22,22,22,22,22,22,22,22,22,22
2001,481060,1,1,0,0,0,0,0,0,0,0,0,0
2001,481061,1,1,12,12,12,12,12,12,12,12,12,12
2001,481061,2,1,0,0,0,0,0,0,0,0,0,0
2001,481061,3,1,0,0,0,0,0,35,0,0,13,0
2001,481062,0,1,12,0,0,19,16,20,17,32,13,10
2001,481062,1,1,20,20,20,20,20,20,20,20,20,20
2001,481063,1,1,6,19,13,19,8,12,12,4,18,18
2001,481063,2,1,16,4,16,24,30,17,32,10,0,41
2001,481064,1,1,15,36,16,15,26,14,7,8,11,19
2001,481064,2,1,0,0,0,0,0,0,0,0,0,0
2001,481065,1,1,0,0,0,0,0,0,0,0,0,0
2001,481065,2,1,0,0,0,0,0,0,0,0,0,0
2001,481065,3,1,0,0,0,0,0,0,0,0,0,0
2001,481066,1,1,0,3,0,0,0,0,0,0,7,0
2001,481067,1,1,0,0,0,0,0,0,0,0,0,0
2001,481067,2,1,0,0,0,0,0,0,0,0,0,0
2001,481068,1,1,0,0,0,11,0,0,0,0,0,0
2001,481069,1,1,0,8,5,0,0,0,0,29,0,0
2001,481070,1,1,0,0,0,0,0,0,0,0,0,0
2001,481070,2,1,0,0,0,0,0,0,0,0,0,0
2001,481071,1,1,0,0,34,0,0,0,0,0,0,0
2001,481071,2,1,18,18,18,18,18,18,18,18,18,18
2001,481072,1,1,2,2,2,2,2,2,2,2,2,2
2001,481073,1,1,0,0,0,0,0,0,0,0,0,0
2001,481074,1,1,13,13,13,13,13,13,13,13,13,13
2001,481075,1,1,0,0,0,0,0,0,0,0,0,0
2001,481075,2,1,0,0,0,0,0,0,0,0,3,0
2001,481076,1,1,0,0,0,0,0,0,0,0,0,0
2001,481076,2,1,0,0,0,0,0,0,0,0,0,0
2001,481077,1,1,0,0,0,0,0,0,0,0,0,0
2001,481077,2,1,0,0,0,0,0,0,0,0,0,0
2001,481077,3,1,0,0,0,0,0,0,12,22,0,0
2001,481077,4,1,0,0,0,0,0,0,0,0,0,0
2001,481078,1,1,0,0,0,0,0,0,0,0,0,0
2001,481078,2,1,0,9,0,0,18,0,0,0,0,2
2001,481079,1,1,0,0,7,0,0,0,0,0,0,0
2001,481079,2,1,0,0,0,0,0,0,0,0,0,0
2001,481080,1,1,0,0,0,0,0,0,0,0,0,0
2001,481080,2,1,0,0,13,10,0,21,0,0,0,0
2001,481081,1,1,0,0,0,0,0,0,0,0,0,0
2001,481081,2,1,0,0,11,0,0,13,0,0,0,0
2001,481082,1,1,0,0,0,0,0,0,0,0,0,0
2001,481082,2,1,0,0,0,2,0,0,0,0,0,0
2001,481083,1,1,0,0,0,0,0,0,0,0,0,0
2001,481083,2,1,24,14,16,19,0,20,0,0,8,0
2001,481084,1,1,0,0,0,0,0,0,0,0,0,0
2001,481084,2,1,0,0,0,0,0,0,0,0,0,0
2001,481085,1,1,0,0,0,0,0,0,0,25,0,0
2001,481085,2,1,0,0,0,0,5,0,0,9,0,0
2001,481086,1,1,0,0,0,0,11,0,0,0,0,0
2001,481087,1,1,0,0,0,0,0,7,0,0,0,0
2001,481087,2,1,0,0,0,0,0,0,0,0,0,0
2001,481087,3,1,0,0,0,0,0,0,0,0,0,0
2001,481088,0,1,33,33,33,33,33,33,33,33,33,33
2001,481088,1,1,0,15,0,0,17,14,0,0,0,0
2001,481089,0,1,0,0,0,0,0,0,0,0,0,0
2001,481089,1,1,4,9,10,0,14,0,0,4,0,10
2001,481090,1,1,0,0,0,0,0,0,0,0,0,0
2001,481091,1,1,21,21,21,21,21,21,21,21,21,21
2001,481091,2,1,0,0,0,0,0,0,0,0,0,0
2001,481092,1,1,0,0,0,6,0,0,0,0,0,0
2001,481092,2,1,0,0,0,0,0,0,0,0,0,0
2001,481093,1,1,0,0,0,4,0,0,0,7,0,0
2001,481093,2,1,0,0,0,0,0,0,0,0,0,0
2001,481094,1,1,0,0,0,19,0,0,0,0,0,0
2001,481094,2,1,0,0,0,0,0,0,0,0,0,0
2001,481095,1,1,0,0,0,0,0,0,0,0,0,0
2001,481095,2,1,0,0,0,0,0,0,0,0,0,0
2001,481096,1,1,0,0,0,0,0,0,0,0,0,0
2001,481097,1,1,0,0,0,0,0,0,0,0,0,0
2001,481098,1,1,0,0,0,0,0,0,0,0,0,0
2001,481098,2,1,0,0,0,12,10,0,0,0,0,0
2001,481099,1,1,16,0,10,18,21,10,22,7,0,21
2001,481099,2,1,0,17,0,0,16,11,15,12,25,0
2001,481100,1,1,0,0,0,0,0,0,0,0,0,0
2001,481100,2,1,0,19,15,10,18,5,13,4,0,8
2001,481100,3,1,0,0,0,0,0,0,6,0,12,0
2001,481100,4,1,0,0,15,4,14,0,0,16,0,0
2001,481100,5,1,0,0,0,0,0,0,0,0,0,9
2001,481101,1,1,0,0,0,0,0,0,0,0,0,0
2001,481101,2,1,0,0,0,0,11,0,6,0,0,15
2001,481102,1,1,0,0,6,35,0,19,21,11,17,16
2001,481103,1,1,0,16,0,0,0,18,0,0,0,0
2001,481104,1,1,19,19,19,19,19,19,19,19,19,19
2001,481104,2,1,0,0,0,12,0,0,0,0,0,0
2001,481105,1,1,0,0,0,0,0,0,0,0,0,0
2001,481105,2,1,0,0,0,0,0,0,0,0,0,0
2001,481106,1,1,0,0,0,0,0,0,0,0,0,0
2001,481106,2,1,0,0,0,0,0,0,0,0,0,0
2001,481107,1,1,0,0,0,0,27,0,28,0,0,0
2001,481107,2,1,0,0,0,0,0,0,0,0,0,0
2001,481108,1,1,0,9,0,0,0,0,0,0,0,0
2001,481108,2,1,0,0,0,0,0,0,0,0,0,0
2001,481108,3,1,0,0,0,0,0,0,13,0,0,0
2001,481109,1,1,14,28,20,14,9,7,21,10,26,16
2001,481110,1,1,17,17,17,17,17,17,17,17,17,17
2001,481111,1,1,22,22,22,22,22,22,22,22,22,22
2001,481112,1,1,14,21,18,14,16,25,20,14,18,12
2001,481112,2,1,0,0,0,0,0,0,0,0,0,0
2001,481113,0,1,0,0,0,6,0,25,0,0,0,0
2001,481113,1,1,10,21,2,0,5,2,6,9,18,0
2001,481114,1,1,0,0,0,0,0,0,11,12,0,0
2001,481114,2,1,0,0,0,0,0,0,0,0,0,0
2001,481114,3,1,0,0,0,0,0,0,0,0,0,0
2001,481115,1,1,0,0,0,0,0,0,0,0,0,0
2001,481116,1,1,0,0,0,0,0,0,13,0,15,0
2001,481116,2,1,22,22,22,22,22,22,22,22,22,22
2001,481117,1,1,0,0,0,0,0,0,0,0,0,0
2001,481118,1,1,7,7,7,7,7,7,7,7,7,7
2001,481118,2,1,0,0,0,0,0,0,0,0,0,0
2001,481119,1,1,31,0,0,0,0,0,0,0,0,0
2001,481119,2,1,0,0,0,0,12,0,0,0,0,0
2001,481120,1,1,0,9,0,21,0,5,6,0,0,11
2001,481121,0,1,6,6,6,6,6,6,6,6,6,6
2001,481121,1,1,0,4,0,0,0,0,0,0,0,0
2001,481122,1,1,0,0,0,0,0,0,0,0,0,0
2001,481122,2,1,0,0,0,0,0,0,0,0,10,0
2001,481123,1,1,17,22,13,10,14,19,18,21,6,19
2001,481124,0,1,28,0,29,30,25,24,10,16,13,14
2001,481124,1,1,12,0,0,0,9,0,15,0,0,0
2001,481125,1,1,0,0,0,0,0,0,0,0,0,0
2001,481125,2,1,0,0,0,0,0,0,0,5,0,0
2001,481125,3,1,0,0,0,0,0,0,0,0,0,0
2001,481126,0,1,20,28,0,0,0,18,6,0,0,33
2001,481126,1,1,0,0,0,0,0,0,0,0,0,0
2001,481127,1,1,3,3,3,3,3,3,3,3,3,3
2001,481128,1,1,0,0,0,0,0,0,0,0,0,0
2001,481129,1,1,21,0,6,14,11,18,13,25,9,24
2001,481130,0,1,25,20,21,14,14,9,16,9,31,13
2001,481130,1,1,0,29,0,17,12,17,0,0,11,29
2001,481131,1,1,0,0,0,13,0,0,0,0,0,0
2001,481132,0,1,23,23,23,23,23,23,23,23,23,23
2001,481132,1,1,0,0,0,0,0,0,0,0,0,0
2001,481133,1,1,23,0,0,2,0,0,0,0,0,0
2001,481134,1,1,0,0,0,0,0,0,0,0,0,0
2001,481134,2,1,0,0,0,0,0,0,0,0,0,0
2001,481135,0,1,4,4,4,4,4,4,4,4,4,4
2001,481135,1,1,10,0,0,22,15,0,20,0,19,17
2001,481136,1,1,17,17,13,0,26,8,14,0,7,7
2001,481137,1,1,10,11,0,17,8,20,29,15,14,11
2001,481137,2,1,0,0,0,0,27,0,0,0,0,0
2001,481137,3,1,0,0,0,0,0,0,0,0,0,0
2001,481137,4,1,19,0,0,0,0,0,0,0,0,0
2001,481138,1,1,0,0,0,0,0,0,0,0,11,0
2001,481138,2,1,0,0,0,0,0,0,0,0,0,0
2001,481139,1,1,0,0,0,0,0,0,0,0,0,0
2001,481140,1,1,0,0,0,0,0,0,0,0,0,0
2001,481140,2,1,0,24,0,0,0,0,0,0,0,0
2001,481141,1,1,15,21,0,8,16,47,10,11,10,18
2001,481142,1,1,4,22,20,24,12,18,24,9,17,13
2001,481143,1,1,6,0,0,0,0,0,0,0,0,12
2001,481144,1,1,0,0,0,0,0,0,0,0,0,0
2001,481144,2,1,0,0,16,0,0,0,0,0,0,0
2001,481145,0,1,27,23,0,0,0,20,0,21,0,0
2001,481145,1,1,0,0,0,0,0,0,0,0,0,0
2001,481146,1,1,0,0,0,0,0,0,0,0,0,0
2001,481146,2,1,0,0,0,0,0,0,0,0,0,0
2001,481147,0,1,0,0,17,0,26,0,15,0,9,30
2001,481147,1,1,0,12,0,0,0,5,4,8,0,0
2001,481148,1,1,14,14,14,14,14,14,14,14,14,14
2001,481149,0,1,25,25,25,25,25,25,25,25,25,25
2001,481149,1,1,0,0,0,0,0,7,0,0,0,0
2001,481150,1,1,0,0,0,0,3,0,0,0,0,0
2001,481151,0,1,9,9,9,9,9,9,9,9,9,9
2001,481151,1,1,0,0,17,2,15,0,0,0,0,0
2001,481152,1,1,0,0,0,0,0,0,0,0,0,0
2001,481152,2,1,0,0,0,0,0,0,0,0,0,0
2001,481153,1,1,0,0,0,0,0,0,0,0,0,0
2001,481153,2,1,0,0,0,0,0,0,0,0,0,0
2001,481154,1,1,0,0,0,0,0,0,0,0,0,0
2001,481154,2,1,15,0,11,18,2,25,18,0,11,9
2001,481155,1,1,0,0,0,0,0,0,0,0,0,28
2001,481155,2,1,0,0,0,0,0,0,0,0,0,0
2001,481156,0,1,30,31,0,0,0,0,7,9,0,0
2001,481156,1,1,0,0,0,0,0,0,11,0,16,0
2001,481157,1,1,5,5,5,5,5,5,5,5,5,5
2001,481158,1,1,5,5,5,5,5,5,5,5,5,5
2001,481159,1,1,0,0,0,0,0,0,0,0,0,0
2001,481159,2,1,0,0,10,0,11,0,0,0,0,22
2001,481160,0,1,37,0,0,14,0,0,0,37,17,13
2001,481160,1,1,0,0,0,16,0,0,3,0,0,0
2001,481160,2,1,20,17,19,0,10,12,0,10,0,0
2001,481161,1,1,0,0,0,0,0,0,0,0,0,0
2001,481161,2,1,0,0,0,0,0,0,0,10,0,0
2001,481162,1,1,13,13,13,13,13,13,13,13,13,13
2001,481163,0,1,0,0,0,0,0,0,0,0,0,0
2001,481163,1,1,0,10,0,0,0,0,0,0,0,3
2001,481164,1,1,0,0,18,24,14,8,0,12,17,19
2001,481164,2,1,0,0,0,0,0,0,0,0,0,0
2001,481165,1,1,28,28,28,28,28,28,28,28,28,28
2001,481165,2,1,0,0,0,0,0,0,0,0,0,0
2001,481166,1,1,12,12,12,12,12,12,12,12,12,12
2001,481166,2,1,0,0,15,0,18,0,0,0,11,0
2001,481167,0,1,0,0,26,0,6,28,0,10,0,33
2001,481167,1,1,12,0,0,0,0,0,0,0,0,0
2001,481168,0,1,11,25,0,0,13,0,0,28,12,21
2001,481168,1,1,13,26,0,18,4,3,0,9,0,0
2001,481169,1,1,12,7,0,0,0,0,16,25,0,12
2001,481169,2,1,0,0,0,0,13,16,0,0,0,0
2001,481170,1,1,10,0,0,25,0,0,18,0,0,0
2001,481170,2,1,0,0,0,0,0,0,0,0,0,0
2001,481171,1,1,17,30,6,17,15,14,7,20,13,25
2001,481172,1,1,0,0,24,17,0,14,26,35,5,34
2001,481172,2,1,5,11,12,18,13,23,0,12,11,16
2001,481173,1,1,9,9,9,9,9,9,9,9,9,9
2001,481173,2,1,0,0,0,0,0,0,0,0,0,0
2001,481173,3,1,26,8,0,0,0,0,0,0,0,0
2001,481174,1,1,0,0,0,23,22,0,0,0,0,0
2001,481174,2,1,0,17,0,9,0,0,0,0,0,0
2001,481174,3,1,0,0,0,0,0,0,0,0,0,0
2001,481175,1,1,0,13,0,0,0,8,0,0,0,0
2001,481175,2,1,0,0,0,0,0,0,0,11,0,0
2001,481175,3,1,0,0,0,0,0,8,0,0,0,0
2001,481175,4,1,0,0,0,0,0,0,0,0,0,0
2001,481176,1,1,0,19,0,8,8,28,0,0,18,21
2001,481177,1,1,14,14,14,14,14,14,14,14,14,14
2001,481177,2,1,0,0,0,0,0,0,0,0,0,0
2001,481178,0,1,0,0,0,0,0,0,0,0,0,0
2001,481178,1,1,0,0,24,14,12,18,0,0,0,0
2001,481179,1,1,0,15,0,0,28,26,20,0,0,0
2001,481180,0,1,0,3,0,0,0,17,0,0,0,10
2001,481180,1,1,0,0,0,0,0,0,0,0,0,0
2001,481181,1,1,0,0,0,0,0,0,0,0,0,0
2001,481181,2,1,0,0,0,0,0,0,0,0,0,0
2001,481182,1,1,0,0,0,0,0,0,0,0,0,0
2001,481182,2,1,0,0,0,0,0,0,0,0,0,0
2001,481182,3,1,0,0,0,0,0,0,0,0,0,0
2001,481182,4,1,0,0,0,0,0,0,0,0,0,0
2001,481183,0,1,0,21,0,0,0,0,0,0,0,0
2001,481183,1,1,0,0,0,0,0,0,0,0,0,0
2001,481184,1,1,0,0,0,0,0,0,0,0,0,0
2001,481184,2,1,0,0,0,0,0,0,0,0,0,0
2001,481184,3,1,0,0,0,0,0,0,0,0,0,0
2001,481185,1,1,0,0,0,0,0,0,0,0,0,0
2001,481186,1,1,0,29,0,0,0,0,0,0,21,0
2001,481187,0,1,10,31,28,34,20,36,14,18,30,6
2001,481187,1,1,0,0,11,0,20,0,0,21,0,0
2001,481188,1,1,0,0,15,0,0,18,0,0,0,0
2001,481188,2,1,11,0,0,14,0,0,0,0,0,0
2001,481189,1,1,0,0,0,0,0,0,0,0,0,0
2001,481189,2,1,11,0,0,0,16,0,0,0,0,22
2001,481190,1,1,0,0,6,24,25,26,0,0,13,23
2001,481191,1,1,0,0,0,0,0,0,0,0,0,0
2001,481192,1,1,0,0,0,0,0,0,0,0,0,0
2001,481192,2,1,0,0,0,0,0,22,0,0,0,0
2001,481193,1,1,0,0,0,0,0,0,0,0,0,0
2001,481194,1,1,14,14,14,14,14,14,14,14,14,14
2001,481195,1,1,9,17,10,8,0,20,13,0,16,0
2001,481196,1,1,0,0,0,0,0,0,0,0,0,0
2001,481196,2,1,0,0,0,0,0,0,0,0,0,0
2001,481197,1,1,15,15,15,15,15,15,15,15,15,15
2001,481198,1,1,0,0,0,0,0,0,0,0,0,11
2001,481198,2,1,0,0,22,0,0,0,14,0,0,0
2001,481199,1,1,10,10,10,10,10,10,10,10,10,10
2001,481200,1,1,0,0,0,0,0,0,0,0,0,0
2001,481201,1,1,6,6,6,6,6,6,6,6,6,6
2001,481202,1,1,7,7,7,7,7,7,7,7,7,7
2001,481203,1,1,0,0,17,15,8,13,28,13,0,15
2001,481203,2,1,8,11,0,0,0,17,0,22,27,0
2001,481204,1,1,0,23,0,0,0,0,0,0,0,0
2001,481204,2,1,0,0,0,0,0,0,0,0,0,0
2001,481205,1,1,19,19,19,19,19,19,19,19,19,19
2001,481206,1,1,0,0,0,0,0,0,0,0,0,0
2001,481206,2,1,0,8,0,0,0,0,0,0,0,0
2001,481207,1,1,0,0,0,12,0,0,8,0,0,13
2001,481207,2,1,0,0,0,0,0,0,0,0,0,0
2001,481208,1,1,0,0,0,0,0,7,0,0,0,33
2001,481208,2,1,13,26,0,33,0,4,23,17,0,0
2001,481208,3,1,0,0,0,0,3,0,0,7,0,0
2001,481209,1,1,0,0,0,0,0,0,0,0,0,0
2001,481210,1,1,0,0,0,0,0,0,0,0,0,0
2001,481211,0,1,36,36,36,36,36,36,36,36,36,36
2001,481211,1,1,0,0,0,0,15,0,0,0,0,0
2001,481212,1,1,18,0,0,0,0,0,0,0,0,0
2001,481213,1,1,0,0,0,0,0,0,0,0,0,0
2001,481213,2,1,0,0,0,0,0,0,0,0,0,0
2001,481214,0,1,0,0,0,0,21,0,0,5,0,0
2001,481214,1,1,0,0,0,0,0,0,0,0,18,0
2001,481215,1,1,0,0,0,0,0,0,0,0,0,0
2001,481215,2,1,0,0,0,0,0,0,0,0,0,0
2001,481215,3,1,0,0,0,0,0,0,0,17,0,0
2001,481216,1,1,24,13,28,34,22,35,20,30,11,11
2001,481217,1,1,0,6,0,9,5,0,0,0,0,0
2001,481217,2,1,0,0,0,2,0,0,0,0,0,0
2001,481218,1,1,18,0,0,0,0,0,0,0,0,0
2001,481218,2,1,0,13,0,0,5,0,0,0,0,0
2001,481219,1,1,12,12,7,32,31,11,20,24,11,0
2001,481220,1,1,21,21,21,21,21,21,21,21,21,21
2001,481221,1,1,10,0,0,24,0,0,0,0,0,14
2001,481221,2,1,0,0,0,0,0,0,0,0,0,0
2001,481221,3,1,0,0,0,17,0,0,0,0,0,0
2001,481222,1,1,0,0,0,0,0,0,0,0,20,0
2001,481222,2,1,0,0,0,0,0,0,0,0,0,0
2001,481223,1,1,0,0,0,0,0,0,0,0,0,0
2001,481223,2,1,0,0,0,0,0,0,0,0,0,0
2001,481224,1,1,0,10,0,0,0,0,0,9,0,16
2001,481224,2,1,0,0,0,0,0,0,0,0,0,0
2001,481224,3,1,0,0,26,0,0,0,12,11,0,0
2001,481225,1,1,9,9,9,9,9,9,9,9,9,9
2001,481226,1,1,0,14,6,34,24,18,19,31,13,15
2001,481226,2,1,7,0,0,0,0,0,0,0,0,0
2001,481227,1,1,0,0,0,0,0,0,0,0,0,0
2001,481227,2,1,0,0,0,0,14,0,0,0,0,0
2001,481228,1,1,0,0,5,0,0,0,0,18,0,0
2001,481229,0,1,39,38,15,17,0,17,7,19,27,0
2001,481229,1,1,7,0,0,0,0,0,0,16,0,0
2001,481230,1,1,34,34,34,34,34,34,34,34,34,34
2001,481231,1,1,0,0,0,0,0,0,0,0,0,0
2001,481231,2,1,0,0,0,0,0,0,0,0,0,12
2001,481232,1,1,0,0,0,0,0,0,0,0,0,0
2001,481232,2,1,0,0,0,0,0,0,0,0,0,0
2001,481233,1,1,0,0,0,0,0,0,0,0,0,0
2001,481234,1,1,0,0,0,0,0,10,0,0,0,0
2001,481234,2,1,0,0,0,0,3,0,0,0,0,0
2001,481234,3,1,0,0,0,0,0,0,0,0,0,0
2001,481235,1,1,20,0,0,4,0,0,10,15,19,0
2001,481236,1,1,0,0,0,0,0,0,0,0,0,0
2001,481236,2,1,0,20,0,0,0,0,0,0,0,0
2001,481237,1,1,0,0,0,0,0,0,0,0,0,0
2001,481237,2,1,0,0,0,0,0,0,14,0,0,0
2001,481238,1,1,15,15,15,15,15,15,15,15,15,15
2001,481238,2,1,0,0,12,0,0,0,0,0,0,6
2001,481239,1,1,11,11,11,11,11,11,11,11,11,11
2001,481239,2,1,0,0,0,0,0,0,0,0,2,0
2001,481240,1,1,19,19,19,19,19,19,19,19,19,19
2001,481241,1,1,14,14,14,14,14,14,14,14,14,14
2001,481242,1,1,12,12,12,12,12,12,12,12,12,12
2001,481243,1,1,0,0,0,0,0,0,0,0,0,0
2001,481243,2,1,0,0,0,0,0,0,0,0,0,0
2001,481243,3,1,0,0,0,0,0,0,0,0,0,0
2001,481244,1,1,0,0,0,0,0,0,0,0,0,0
2001,481244,2,1,0,0,0,0,0,0,0,0,0,0
2001,481245,1,1,0,0,0,0,0,0,0,0,0,0
2001,481245,2,1,0,0,0,0,0,0,0,0,0,0
2001,481246,1,1,13,13,13,13,13,13,13,13,13,13
2001,481247,1,1,9,22,23,10,0,0,0,0,9,0
2001,481247,2,1,0,0,0,0,0,0,0,0,0,0
2001,481248,1,1,0,0,7,26,0,24,0,7,0,20
2001,481249,1,1,12,0,0,0,14,0,19,0,0,0
2001,481249,2,1,0,0,0,21,0,25,0,23,0,4
2001,481249,3,1,0,3,0,0,0,0,0,0,0,0
2001,481250,1,1,0,0,0,0,0,23,0,9,0,0
2001,481250,2,1,15,9,11,4,0,0,0,0,0,0
2001,481251,1,1,5,8,24,6,20,16,12,6,8,20
2001,481251,2,1,0,0,0,8,0,0,13,0,0,9
2001,481251,3,1,0,27,7,0,0,11,4,0,0,0
2001,481251,4,1,0,0,0,24,0,22,1,0,22,0
2001,481252,0,1,25,22,13,12,0,31,32,11,22,31
2001,481252,1,1,0,7,18,4,0,12,0,20,0,25
2001,481253,1,1,0,0,0,0,0,0,0,0,5,0
2001,481253,2,1,0,0,0,0,0,0,0,0,0,0
2001,481254,1,1,0,30,32,21,15,18,20,4,18,4
2001,481255,1,1,0,0,0,0,0,0,0,0,0,0
2001,481256,1,1,0,0,0,0,0,0,0,0,0,0
2001,481256,2,1,16,0,19,0,0,0,0,4,0,0
2001,481256,3,1,0,0,0,9,0,0,0,0,13,0
2001,481257,1,1,17,10,20,20,0,9,25,13,4,16
2001,481258,0,1,0,0,0,0,0,0,0,0,0,0
2001,481258,1,1,26,0,0,0,0,0,0,0,0,0
2001,481259,0,1,18,0,24,0,28,29,28,0,6,20
2001,481259,1,1,0,0,0,0,0,0,0,0,0,19
2001,481260,1,1,0,0,0,0,0,0,0,0,0,0
2001,481260,2,1,0,0,0,0,0,0,0,0,0,0
2001,481261,1,1,0,0,0,0,0,0,0,0,0,0
2001,481261,2,1,0,0,0,0,0,0,0,0,15,0
2001,481262,1,1,32,22,20,30,11,11,12,15,22,10
2001,481263,0,1,0,0,0,0,0,0,0,0,0,0
2001,481263,1,1,0,0,0,19,10,0,9,12,19,0
2001,481264,1,1,33,33,33,33,33,33,33,33,33,33
2001,481265,1,1,23,23,23,23,23,23,23,23,23,23
2001,481266,1,1,32,32,32,32,32,32,32,32,32,32
2001,481266,2,1,0,0,0,0,0,0,0,0,0,0
2001,481267,0,1,41,0,0,0,0,0,0,0,17,0
2001,481267,1,1,0,0,17,0,0,0,0,6,0,0
2001,481268,1,1,7,7,7,7,7,7,7,7,7,7
2001,481269,1,1,32,0,0,9,0,0,24,8,10,0
2001,481269,2,1,0,0,0,0,0,0,0,0,0,0
2001,481270,1,1,0,20,0,0,11,0,0,9,0,0
2001,481271,1,1,0,0,0,0,0,0,0,0,0,0
2001,481272,0,1,0,14,20,0,8,0,0,0,0,0
2001,481272,1,1,0,0,0,0,0,0,0,0,0,0
2001,481273,1,1,0,0,0,0,0,0,0,0,0,0
2001,481273,2,1,0,0,5,0,11,8,9,0,14,0
2001,481274,0,1,0,0,0,0,0,0,0,0,0,0
2001,481274,1,1,0,0,0,0,0,0,0,0,0,0
2001,481275,1,1,9,3,26,7,0,0,4,16,11,16
2001,481275,2,1,0,13,6,14,21,9,0,15,30,0
2001,481276,1,1,0,29,0,0,0,0,0,0,8,0
2001,481277,1,1,3,3,3,3,3,3,3,3,3,3
2001,481277,2,1,0,0,0,0,22,0,0,0,0,0
2001,481277,3,1,0,0,0,0,0,0,0,0,0,0
2001,481278,1,1,0,0,11,21,33,15,9,0,0,13
2001,481279,1,1,0,0,0,0,0,0,13,30,0,9
2001,481279,2,1,0,0,0,0,0,0,0,0,7,0
2001,481280,1,1,0,0,0,0,0,0,0,0,0,0
2001,481281,1,1,0,0,0,0,0,18,15,0,0,15
2001,481281,2,1,0,0,0,0,0,0,0,0,0,0
2001,481282,1,1,0,3,0,0,0,0,0,0,0,18
2001,481282,2,1,0,0,0,41,17,12,18,10,4,11
2001,481282,3,1,0,0,0,0,0,10,0,15,0,0
2001,481282,4,1,0,9,0,23,9,11,15,8,0,24
2001,481282,5,1,0,0,0,0,15,18,15,11,0,0
2001,481282,6,1,0,0,17,0,17,25,12,0,0,0
2001,481282,7,1,15,9,0,0,13,8,9,23,9,12
2001,481282,8,1,0,8,0,0,0,0,0,0,6,8
2001,481282,9,1,0,0,0,0,0,0,0,0,0,9
2001,481283,1,1,29,0,42,0,12,0,36,11,0,26
2001,481283,2,1,0,6,0,4,0,0,0,0,3,0
2001,481284,1,1,0,0,0,0,0,0,0,0,0,0
2001,481285,0,1,0,0,26,22,30,0,21,0,0,0
2001,481285,1,1,0,6,6,5,7,0,0,9,0,0
2001,481286,1,1,0,0,0,0,0,0,0,0,0,0
2001,481287,1,1,0,20,0,0,0,0,0,0,0,0
2001,481287,2,1,0,0,0,0,0,0,0,0,0,0
2001,481288,1,1,33,0,18,34,13,20,10,17,11,4
2001,481288,2,1,0,16,0,8,0,8,0,0,0,4
2001,481289,1,1,11,11,11,11,11,11,11,11,11,11
2001,481289,2,1,12,12,12,12,12,12,12,12,12,12
2001,481290,1,1,0,0,0,0,0,0,0,0,0,0
2001,481290,2,1,7,14,0,0,0,16,26,26,17,0
2001,481290,3,1,0,0,5,5,0,0,0,0,0,0
2001,481291,1,1,26,26,26,26,26,26,26,26,26,26
2001,481292,1,1,0,0,0,0,0,0,0,0,0,0