YEAR,st_case,veh_no,per_no,P1,P2,P3,P4,P5,P6,P7,P8,P9,P10
2001,481570,1,1,0,0,0,0,0,0,0,0,0,0
2001,481570,2,1,0,0,0,0,0,0,0,0,0,0
2001,481571,1,1,0,0,0,0,0,0,0,0,0,0
2001,481572,0,1,0,17,18,0,0,28,20,0,0,0
2001,481572,1,1,0,0,0,0,0,16,0,0,0,0
2001,481573,1,1,22,0,0,0,0,15,0,0,0,0
2001,481574,1,1,0,0,0,0,0,0,0,0,0,0
2001,481575,1,1,0,0,0,0,0,0,0,0,0,0
2001,481575,2,1,0,0,0,0,0,0,0,0,0,0
2001,481576,1,1,25,25,25,25,25,25,25,25,25,25
2001,481577,1,1,22,0,0,0,12,0,11,0,18,0
2001,481577,2,1,17,10,4,0,0,0,0,0,0,25
2001,481578,0,1,0,0,0,0,0,0,0,0,0,0
2001,481578,0,2,35,35,29,20,15,8,0,0,12,28
2001,481578,1,1,0,0,14,0,3,4,0,0,0,0
2001,481579,1,1,0,0,0,0,0,0,0,0,0,0
2001,481579,2,1,0,0,0,0,0,6,0,0,0,0
2001,481580,1,1,0,0,4,0,0,0,0,0,0,0
2001,481580,2,1,0,0,0,0,0,0,0,0,0,0
2001,481581,1,1,18,18,18,18,18,18,18,18,18,18
2001,481581,2,1,0,0,5,0,0,0,15,0,0,0
2001,481582,1,1,0,0,0,0,0,0,0,0,0,0
2001,481582,2,1,3,3,3,3,3,3,3,3,3,3
2001,481583,1,1,0,0,0,0,0,0,0,0,0,0
2001,481583,2,1,0,0,0,0,0,0,0,0,0,0
2001,481584,0,1,0,0,0,0,0,0,0,0,0,0
2001,481584,0,2,8,22,0,0,12,20,0,0,24,34
2001,481584,1,1,0,5,0,21,0,30,10,0,0,11
2001,481585,1,1,13,24,9,17,6,13,19,16,6,7
2001,481585,2,1,0,0,0,0,0,0,0,0,0,0
2001,481585,3,1,0,0,0,0,0,0,0,0,0,0
2001,481586,1,1,0,0,0,0,0,0,0,0,0,0
2001,481586,2,1,0,0,0,0,0,0,0,0,0,0
2001,481586,3,1,0,0,0,0,0,0,0,0,0,0
2001,481587,1,1,22,22,22,22,22,22,22,22,22,22
2001,481587,2,1,0,0,0,18,0,0,6,0,9,10
2001,481587,3,1,28,8,11,9,12,24,20,18,12,0
2001,481588,1,1,0,0,0,0,0,0,0,0,0,0
2001,481588,2,1,0,0,0,0,0,0,0,0,0,0
2001,481589,0,1,15,16,28,41,0,7,0,0,24,19
2001,481589,1,1,21,0,0,12,5,0,4,0,20,10
2001,481590,1,1,11,10,22,3,6,0,9,13,21,19
2001,481590,2,1,0,19,0,0,17,0,12,0,0,25
2001,481591,1,1,0,17,18,0,0,3,0,0,0,0
2001,481592,1,1,16,16,16,16,16,16,16,16,16,16
2001,481593,1,1,0,0,0,0,20,0,0,0,0,0
2001,481593,2,1,0,0,0,0,0,0,0,0,0,0
2001,481594,1,1,0,0,0,0,0,0,0,0,0,0
2001,481595,1,1,8,0,8,14,0,15,12,18,0,0
2001,481596,0,1,0,0,0,8,0,0,0,0,0,0
2001,481596,0,2,11,0,32,0,13,21,0,0,0,6
2001,481596,1,1,14,9,15,0,0,0,0,0,20,0
2001,481597,1,1,0,0,0,0,42,12,0,0,22,0
2001,481597,2,1,0,0,0,0,0,0,0,0,0,0
2001,481598,1,1,12,12,12,12,12,12,12,12,12,12
2001,481599,1,1,0,0,0,0,0,0,0,0,0,0
2001,481599,2,1,0,0,0,0,13,0,0,0,0,0
2001,481600,1,1,21,12,27,32,10,16,12,25,14,7
2001,481601,0,1,0,0,0,0,0,0,0,0,0,0
2001,481601,1,1,0,0,0,0,0,0,0,0,0,0
2001,481602,1,1,0,0,0,0,0,0,0,0,0,0
2001,481602,2,1,0,0,0,0,0,0,0,0,0,0
2001,481603,1,1,0,0,11,18,0,0,10,0,0,0
2001,481604,1,1,0,0,0,14,0,18,0,16,0,0
2001,481605,1,1,9,19,11,11,11,14,9,20,8,16
2001,481606,0,1,0,27,0,0,11,0,0,0,0,0
2001,481606,0,2,0,0,0,0,7,0,0,0,0,0
2001,481606,1,1,0,0,0,0,0,0,0,0,0,0
2001,481607,1,1,24,0,27,0,0,0,10,0,9,15
2001,481608,1,1,0,0,0,0,0,0,0,0,0,0
2001,481608,2,1,0,0,0,0,0,0,0,0,0,0
2001,481609,1,1,12,12,12,12,12,12,12,12,12,12
2001,481610,1,1,10,31,0,14,8,13,0,18,0,8
2001,481610,2,1,0,0,0,0,0,26,0,0,34,15
2001,481611,1,1,0,37,0,29,18,0,0,0,0,0
2001,481612,1,1,0,0,0,0,0,0,14,0,4,0
2001,481612,2,1,0,0,0,0,0,0,0,0,0,0
2001,481612,3,1,0,0,0,0,0,0,0,0,0,0
2001,481613,1,1,8,8,8,8,8,8,8,8,8,8
2001,481613,2,1,0,0,0,21,0,0,10,32,26,0
2001,481614,1,1,11,11,11,11,11,11,11,11,11,11
2001,481615,1,1,0,0,0,0,0,0,0,0,0,0
2001,481616,1,1,17,0,35,0,0,52,0,0,0,0
2001,481617,1,1,0,0,0,0,0,0,0,0,0,0
2001,481617,2,1,0,0,0,0,0,8,0,0,0,0
2001,481617,3,1,0,0,0,0,0,0,0,11,0,0
2001,481618,1,1,0,0,0,0,0,0,0,0,0,0
2001,481618,2,1,0,0,15,10,0,16,13,36,43,0
2001,481619,1,1,0,0,0,0,0,18,13,0,4,10
2001,481620,1,1,0,0,0,0,0,0,0,0,0,0
2001,481620,2,1,0,0,0,0,0,14,0,0,0,0
2001,481621,1,1,0,0,0,0,0,0,0,0,0,0
2001,481621,2,1,0,0,0,0,0,0,0,0,0,0
2001,481621,3,1,0,0,17,0,0,0,0,0,0,0
2001,481621,4,1,0,0,0,0,0,0,0,0,0,0
2001,481622,1,1,0,0,0,0,0,0,0,0,0,0
2001,481622,2,1,0,0,0,0,0,0,0,0,0,0
2001,481623,1,1,5,11,10,0,9,0,19,10,18,17
2001,481624,1,1,24,0,7,0,25,0,0,0,0,0
2001,481624,2,1,0,0,0,0,0,0,0,0,0,0
2001,481625,1,1,0,0,0,0,0,25,15,0,0,0
2001,481626,1,1,15,12,17,11,25,20,15,29,19,15
2001,481626,2,1,0,0,0,0,0,0,0,0,0,0
2001,481627,0,1,0,0,20,28,41,0,0,0,20,0
2001,481627,1,1,0,0,0,0,0,1,6,0,0,0
2001,481628,1,1,0,0,0,0,0,0,0,0,0,0
2001,481628,2,1,0,0,0,0,0,0,0,0,0,0
2001,481628,3,1,0,0,0,0,0,0,0,0,0,0
2001,481628,4,1,0,0,0,0,0,0,0,0,0,0
2001,481628,5,1,0,0,20,0,0,0,0,0,0,0
2001,481628,6,1,0,0,0,0,0,0,0,0,0,0
2001,481629,1,1,0,0,0,0,0,0,0,0,0,0
2001,481629,2,1,13,13,13,13,13,13,13,13,13,13
2001,481630,1,1,0,0,0,0,0,0,0,17,0,0
2001,481630,2,1,0,0,0,0,0,0,0,0,0,0
2001,481630,3,1,0,0,0,0,0,0,0,0,0,0
2001,481631,1,1,0,0,13,0,0,0,0,0,0,0
2001,481632,1,1,0,0,11,0,0,0,0,0,0,0
2001,481633,1,1,4,11,22,21,17,11,14,11,15,11
2001,481633,2,1,0,0,10,23,0,11,4,0,0,29
2001,481634,0,1,0,0,0,0,0,0,0,36,0,0
2001,481634,1,1,0,0,0,0,9,0,0,0,0,8
2001,481636,1,1,0,12,30,0,0,0,0,17,0,0
2001,481637,1,1,3,0,0,20,0,16,0,18,0,12
2001,481638,1,1,0,0,0,0,0,0,0,0,0,0
2001,481638,2,1,0,0,0,0,0,0,0,0,0,0
2001,481639,1,1,0,27,11,19,0,0,12,13,0,0
2001,481639,2,1,0,0,0,0,0,0,0,0,0,0
2001,481640,1,1,18,29,15,22,4,0,0,11,18,19
2001,481641,1,1,30,30,30,30,30,30,30,30,30,30
2001,481642,1,1,0,0,0,0,0,0,0,0,0,0
2001,481643,1,1,10,10,10,10,10,10,10,10,10,10
2001,481643,2,1,0,0,0,0,0,0,0,0,0,0
2001,481644,1,1,22,24,16,34,16,0,0,5,33,19
2001,481645,0,1,0,0,0,0,0,0,0,0,0,0
2001,481645,1,1,0,0,0,22,0,0,17,0,17,0
2001,481646,1,1,0,0,0,0,0,0,0,0,0,0
2001,481646,2,1,0,0,0,0,0,0,0,0,0,0
2001,481647,1,1,0,12,8,3,7,24,9,5,0,9
2001,481648,1,1,0,24,12,2,37,29,0,0,0,0
2001,481649,1,1,17,0,18,12,14,21,3,15,10,25
2001,481649,2,1,9,0,0,28,0,11,7,0,0,0
2001,481650,1,1,0,11,13,0,0,0,0,0,0,0
2001,481651,1,1,0,0,0,0,0,0,0,0,0,0
2001,481651,2,1,0,0,13,0,0,0,0,0,0,0
2001,481652,0,1,0,0,0,0,0,0,0,0,0,0
2001,481652,1,1,0,0,0,0,0,0,0,0,0,0
2001,481653,1,1,0,11,0,0,0,27,9,0,0,0
2001,481653,2,1,0,0,0,7,0,0,0,10,0,0
2001,481654,1,1,0,14,0,0,18,12,0,9,0,0
2001,481654,2,1,0,0,0,0,0,0,0,15,0,0
2001,481655,1,1,24,24,24,24,24,24,24,24,24,24
2001,481656,1,1,18,0,25,19,20,15,9,12,12,18
2001,481657,1,1,0,8,0,0,0,0,0,0,0,0
2001,481658,0,1,0,0,0,0,0,0,0,0,0,0
2001,481658,1,1,0,0,17,14,5,0,0,0,16,0
2001,481659,1,1,0,0,0,0,0,0,0,0,0,0
2001,481659,2,1,0,0,0,0,0,0,0,0,0,0
2001,481660,1,1,4,0,18,18,3,14,5,33,0,13
2001,481661,0,1,0,0,0,0,0,0,0,0,0,0
2001,481661,0,2,0,27,0,0,14,0,21,0,13,0
2001,481661,1,1,11,11,11,11,11,11,11,11,11,11
2001,481662,1,1,26,26,26,26,26,26,26,26,26,26
2001,481663,1,1,0,0,0,0,0,0,0,0,0,0
2001,481663,2,1,0,5,0,0,0,0,0,0,14,0
2001,481664,1,1,20,20,20,20,20,20,20,20,20,20
2001,481665,1,1,0,0,0,0,0,0,0,0,0,0
2001,481666,1,1,0,0,0,0,0,0,0,0,0,0
2001,481666,2,1,0,0,0,0,0,0,0,5,15,0
2001,481667,0,1,0,0,0,0,0,0,0,0,0,0
2001,481667,1,1,0,0,0,0,0,0,0,0,0,0
2001,481668,1,1,0,0,0,0,0,0,0,0,0,0
2001,481669,1,1,0,0,33,0,0,0,0,0,0,0
2001,481670,0,1,0,0,0,0,0,0,0,0,0,0
2001,481670,1,1,0,0,0,0,0,0,0,0,0,0
2001,481671,1,1,20,20,20,20,20,20,20,20,20,20
2001,481671,2,1,0,0,0,19,0,17,0,0,0,0
2001,481672,1,1,4,0,0,0,0,0,0,0,0,10
2001,481672,2,1,0,0,0,0,0,0,0,0,0,0
2001,481673,0,1,14,10,28,20,0,13,6,20,31,12
2001,481673,1,1,7,22,0,14,4,12,0,7,9,0
2001,481674,1,1,7,25,26,8,22,0,22,0,0,19
2001,481674,2,1,0,4,8,0,0,23,0,0,0,14
2001,481675,1,1,0,0,0,0,0,4,2,0,0,15
2001,481676,1,1,19,19,19,19,19,19,19,19,19,19
2001,481677,1,1,17,17,17,17,17,17,17,17,17,17
2001,481678,1,1,0,0,0,0,0,0,0,0,0,0
2001,481679,1,1,0,0,17,24,0,0,0,22,0,0
2001,481680,0,1,17,31,25,24,22,38,24,17,0,22
2001,481680,1,1,0,0,21,0,0,15,0,16,0,29
2001,481681,1,1,0,0,0,0,0,10,0,0,0,0
2001,481681,2,1,0,13,0,0,0,0,0,0,0,0
2001,481682,1,1,0,0,0,0,0,3,15,12,0,0
2001,481683,1,1,0,0,0,0,0,0,0,0,0,0
2001,481683,2,1,0,0,0,0,0,0,0,0,0,0
2001,481684,1,1,16,16,16,16,16,16,16,16,16,16
2001,481685,1,1,0,0,6,0,0,0,0,0,0,0
2001,481685,2,1,0,0,0,0,17,0,22,0,0,27
2001,481686,1,1,12,12,12,12,12,12,12,12,12,12
2001,481687,1,1,0,5,0,0,0,8,0,0,0,0
2001,481687,2,1,0,0,0,0,0,0,0,0,0,0
2001,481688,1,1,4,4,4,4,4,4,4,4,4,4
2001,481689,1,1,14,0,0,6,0,18,14,0,0,33
2001,481690,1,1,0,0,21,11,0,0,0,0,0,6
2001,481690,2,1,16,0,0,0,7,0,0,0,0,0
2001,481691,1,1,19,10,19,4,15,21,13,6,11,8
2001,481692,1,1,14,6,0,12,15,18,12,11,0,0
2001,481694,1,1,10,15,28,14,24,0,0,12,0,0
2001,481695,1,1,0,0,0,0,0,0,0,0,0,0
2001,481696,1,1,0,0,18,18,26,0,0,0,5,20
2001,481697,1,1,0,0,0,0,0,0,0,0,0,0
2001,481697,2,1,0,0,6,0,0,0,0,0,0,0
2001,481698,1,1,17,17,0,17,0,0,3,0,0,9
2001,481699,1,1,0,0,0,0,0,0,0,0,14,0
2001,481699,2,1,0,0,0,0,7,0,0,7,0,4
2001,481700,1,1,37,37,37,37,37,37,37,37,37,37
2001,481701,1,1,0,0,0,0,0,0,0,0,0,0
2001,481702,1,1,55,0,15,15,10,0,13,9,27,24
2001,481702,2,1,27,8,15,0,20,0,35,4,12,18
2001,481703,1,1,5,5,5,5,5,5,5,5,5,5
2001,481704,1,1,11,0,5,0,18,0,24,5,12,21
2001,481705,1,1,0,0,0,24,0,0,0,0,0,0
2001,481706,1,1,0,0,0,0,0,0,0,0,0,0
2001,481706,2,1,0,0,0,0,20,0,0,0,0,7
2001,481706,3,1,0,0,0,0,0,0,0,0,0,0
2001,481707,1,1,0,0,0,22,15,0,0,0,0,22
2001,481708,1,1,0,0,0,0,0,0,0,0,0,0
2001,481708,2,1,0,0,0,0,0,0,0,0,0,0
2001,481709,1,1,0,0,0,0,0,0,0,0,0,0
2001,481710,0,1,27,25,10,0,15,0,0,0,0,0
2001,481710,1,1,0,16,0,0,10,0,0,16,21,0
2001,481711,0,1,29,16,0,0,0,0,28,0,30,0
2001,481711,1,1,0,3,27,0,0,4,0,20,0,23
2001,481712,1,1,0,0,0,0,0,0,0,0,0,0
2001,481712,2,1,0,0,0,20,0,0,0,0,0,0
2001,481712,3,1,0,0,0,0,0,15,0,0,0,0
2001,481713,1,1,13,25,17,0,0,21,0,0,15,36
2001,481714,1,1,20,9,11,6,0,7,3,14,17,9
2001,481714,2,1,0,0,0,9,0,4,0,0,0,0
2001,481715,1,1,26,26,26,26,26,26,26,26,26,26
2001,481716,1,1,0,0,0,0,0,0,0,0,5,0
2001,481717,1,1,9,9,9,9,9,9,9,9,9,9
2001,481718,0,1,0,0,0,18,0,35,35,25,0,37
2001,481718,1,1,18,0,11,11,0,15,0,0,0,0
2001,481719,1,1,0,0,0,0,0,0,0,0,0,0
2001,481720,1,1,0,0,0,0,0,0,0,0,0,0
2001,481720,2,1,0,0,0,0,0,0,0,0,0,0
2001,481721,1,1,19,19,19,19,19,19,19,19,19,19
2001,481722,0,1,28,28,28,28,28,28,28,28,28,28
2001,481722,1,1,0,0,0,18,0,0,23,0,0,0
2001,481723,1,1,21,21,21,21,21,21,21,21,21,21
2001,481724,1,1,0,0,0,0,0,0,0,0,0,0
2001,481725,1,1,0,0,0,0,0,0,0,0,0,0
2001,481726,1,1,0,0,0,0,0,0,0,0,0,0
2001,481727,1,1,0,0,0,0,13,0,0,0,0,0
2001,481728,1,1,28,0,0,0,0,0,0,0,0,0
2001,481729,1,1,0,0,0,0,0,21,0,0,25,0
2001,481729,2,1,0,0,0,0,0,0,0,0,0,0
2001,481730,1,1,27,27,27,27,27,27,27,27,27,27
2001,481731,1,1,0,0,0,3,15,0,14,0,0,20
2001,481731,2,1,0,0,15,0,0,0,0,13,0,0
2001,481732,1,1,0,0,0,0,0,0,0,0,0,0
2001,481732,2,1,0,0,0,0,14,0,0,38,0,0
2001,481733,1,1,16,16,16,16,16,16,16,16,16,16
2001,481734,0,1,0,11,23,23,6,0,24,0,30,11
2001,481734,0,2,11,11,11,11,11,11,11,11,11,11
2001,481734,1,1,25,0,0,0,9,0,30,10,16,0
2001,481735,1,1,0,0,0,0,0,0,0,0,0,0
2001,481735,2,1,0,0,0,0,0,0,0,0,0,0
2001,481735,3,1,0,0,0,0,0,0,0,0,0,0
2001,481736,1,1,0,0,0,0,0,0,0,0,0,0
2001,481737,1,1,0,29,0,22,52,32,18,0,17,0
2001,481738,1,1,0,32,0,5,0,0,0,13,37,0
2001,481739,1,1,0,0,0,0,0,0,0,0,0,0
2001,481739,2,1,0,20,0,0,0,0,0,0,0,0
2001,481740,1,1,0,0,0,0,0,0,0,0,0,0
2001,481740,2,1,0,0,0,0,0,0,0,0,0,0
2001,481740,3,1,0,0,0,0,0,7,0,0,2,0
2001,481741,1,1,27,27,27,27,27,27,27,27,27,27
2001,481742,1,1,26,26,26,26,26,26,26,26,26,26
2001,481743,1,1,0,0,0,12,0,0,0,20,31,0
2001,481744,1,1,14,7,0,17,35,6,0,13,0,14
2001,481745,1,1,20,20,20,20,20,20,20,20,20,20
2001,481746,1,1,15,15,15,15,15,15,15,15,15,15
2001,481747,1,1,0,0,0,0,0,0,0,0,0,0
2001,481748,0,1,0,0,12,0,8,0,0,0,28,0
2001,481748,1,1,0,18,0,17,0,13,20,0,0,0
2001,481749,1,1,10,10,10,10,10,10,10,10,10,10
2001,481750,1,1,6,0,0,0,0,0,0,0,0,0
2001,481750,2,1,9,0,0,0,0,0,0,0,0,0
2001,481751,1,1,0,0,0,0,0,0,0,0,0,0
2001,481751,2,1,10,0,0,0,0,0,0,0,12,0
2001,481752,1,1,9,9,9,9,9,9,9,9,9,9
2001,481753,1,1,19,19,19,19,19,19,19,19,19,19
2001,481754,1,1,16,22,14,0,29,28,15,0,17,0
2001,481755,1,1,0,0,0,0,15,0,0,0,0,0
2001,481756,1,1,15,15,15,15,15,15,15,15,15,15
2001,481757,1,1,9,0,13,0,0,0,0,0,0,0
2001,481758,1,1,0,0,0,0,0,0,0,0,0,0
2001,481759,1,1,22,22,22,22,22,22,22,22,22,22
2001,481760,1,1,0,0,22,0,0,10,0,0,0,0
2001,481760,2,1,1,1,1,1,1,1,1,1,1,1
2001,481761,1,1,33,23,6,11,18,8,9,17,21,14
2001,481762,1,1,0,0,0,0,0,0,0,0,25,0
2001,481762,2,1,0,0,0,0,0,0,0,0,0,0
2001,481763,1,1,20,20,20,20,20,20,20,20,20,20
2001,481764,0,1,18,17,9,35,20,13,27,19,35,20
2001,481764,1,1,0,0,0,7,5,28,0,16,0,0
2001,481765,1,1,0,0,0,0,18,0,19,21,22,9
2001,481766,1,1,0,0,0,0,0,0,0,0,0,4
2001,481766,2,1,0,0,0,0,0,0,0,0,0,0
2001,481767,1,1,0,15,30,0,0,0,0,0,0,28
2001,481768,1,1,0,13,6,20,19,18,19,14,22,12
2001,481769,1,1,0,0,0,0,0,0,0,0,0,0
2001,481769,2,1,0,0,0,0,0,0,0,0,0,0
2001,481770,1,1,0,0,0,0,0,0,0,0,0,0
2001,481771,1,1,0,0,21,0,0,0,0,0,0,0
2001,481771,2,1,0,0,0,0,0,0,0,0,0,0
2001,481772,1,1,0,0,0,0,0,0,0,0,0,0
2001,481772,2,1,0,0,0,0,0,0,0,0,0,0
2001,481773,1,1,0,0,0,0,0,0,0,0,0,0
2001,481774,1,1,0,0,0,0,0,0,0,0,0,0
2001,481774,2,1,0,0,0,0,0,0,0,0,0,0
2001,481775,1,1,0,0,0,0,0,0,0,0,0,0
2001,481775,2,1,0,0,0,0,0,0,0,0,0,0
2001,481776,1,1,16,16,16,16,16,16,16,16,16,16
2001,481776,2,1,0,0,18,25,0,0,13,0,0,0
2001,481777,1,1,0,0,0,0,0,0,0,0,0,0
2001,481778,1,1,14,18,0,0,21,0,13,0,0,0
2001,481779,1,1,0,0,13,0,0,0,0,18,0,0
2001,481780,1,1,0,0,0,0,0,0,0,0,0,0
2001,481781,0,1,19,0,14,0,0,24,0,0,23,19
2001,481781,1,1,0,0,0,0,0,0,0,0,0,0
2001,481782,1,1,0,0,0,0,0,0,0,0,0,0
2001,481782,2,1,0,0,0,0,0,0,0,0,0,0
2001,481783,1,1,0,0,0,0,0,0,0,0,0,0
2001,481784,0,1,0,0,21,24,0,0,0,0,0,0
2001,481784,1,1,0,0,0,0,20,6,0,0,0,0
2001,481785,0,1,36,17,0,0,13,0,36,27,48,28
2001,481785,1,1,7,7,7,7,7,7,7,7,7,7
2001,481786,1,1,14,8,35,33,15,27,3,21,14,11
2001,481787,1,1,0,0,0,0,0,0,0,0,10,0
2001,481788,1,1,0,22,0,0,0,0,0,0,0,0
2001,481789,1,1,14,0,10,5,0,24,23,11,0,0
2001,481789,2,1,0,0,0,0,0,20,0,0,11,0
2001,481790,1,1,10,10,10,10,10,10,10,10,10,10
2001,481791,1,1,0,4,5,0,0,5,0,0,21,12
2001,481792,1,1,0,0,10,6,0,5,20,0,0,0
2001,481792,2,1,0,0,0,0,0,0,0,0,0,0
2001,481793,1,1,0,0,0,0,0,0,0,0,0,0
2001,481794,1,1,20,19,0,10,6,9,15,4,14,15
2001,481795,1,1,22,22,22,22,22,22,22,22,22,22
2001,481795,2,1,3,0,0,0,0,0,0,0,12,0
2001,481796,1,1,0,17,0,28,0,0,9,20,0,0
2001,481797,1,1,0,0,0,0,0,11,0,0,0,11
2001,481798,1,1,0,0,0,0,0,0,0,0,0,13
2001,481798,2,1,0,0,0,0,0,0,0,0,0,0
2001,481799,0,1,18,0,6,13,5,25,9,45,0,16
2001,481799,1,1,0,0,0,0,0,0,0,0,0,0
2001,481800,1,1,22,22,22,22,22,22,22,22,22,22
2001,481801,1,1,0,0,0,0,0,0,0,0,0,0
2001,481801,2,1,12,12,12,12,12,12,12,12,12,12
2001,481802,1,1,0,0,0,0,0,0,0,0,10,0
2001,481803,1,1,15,11,26,9,26,16,29,19,26,42
2001,481804,1,1,20,20,20,20,20,20,20,20,20,20
2001,481805,1,1,0,0,0,0,0,0,0,0,0,0
2001,481806,1,1,0,0,0,0,0,0,0,0,0,0
2001,481807,1,1,8,30,23,0,21,0,0,0,0,0
2001,481808,1,1,22,22,22,22,22,22,22,22,22,22
2001,481809,1,1,0,23,0,6,0,0,0,0,0,15
2001,481810,1,1,0,0,0,0,0,0,0,0,0,0
2001,481810,2,1,0,0,0,0,0,0,0,0,0,0
2001,481811,1,1,0,0,0,0,0,0,0,0,0,0
2001,481812,1,1,23,14,14,41,4,33,36,0,18,14
2001,481813,1,1,4,3,15,24,9,13,0,0,26,24
2001,481813,2,1,0,0,0,0,0,0,0,0,0,0
2001,481813,3,1,0,0,0,0,0,0,0,0,0,11
2001,481814,0,1,0,19,0,24,25,0,15,0,0,22
2001,481814,1,1,13,10,0,12,11,0,19,20,0,0
2001,481815,1,1,0,0,0,0,0,0,0,0,0,0
2001,481816,1,1,0,0,13,0,0,28,0,0,0,0
2001,481817,1,1,0,0,0,0,0,4,0,0,0,5
2001,481817,2,1,11,0,0,0,0,0,0,0,0,16
2001,481818,1,1,0,14,0,0,0,0,7,0,0,0
2001,481818,2,1,0,0,0,0,0,0,0,0,0,0
2001,481819,1,1,0,0,18,0,0,0,0,0,0,0
2001,481820,1,1,16,16,16,16,16,16,16,16,16,16
2001,481820,2,1,31,11,27,0,0,0,25,0,0,20
2001,481821,1,1,0,0,0,0,0,0,0,0,0,0
2001,481821,2,1,0,0,0,0,0,0,0,0,0,0
2001,481822,1,1,0,0,8,0,0,0,0,0,0,0
2001,481822,2,1,0,0,0,0,0,0,0,0,0,11
2001,481823,1,1,0,20,0,0,0,0,0,0,0,0
2001,481823,2,1,0,14,0,0,0,0,0,0,0,0
2001,481824,0,1,0,0,0,0,0,18,0,0,0,0
2001,481824,1,1,0,0,0,0,0,0,0,0,0,0
2001,481825,0,1,31,17,19,15,23,32,11,19,17,10
2001,481825,1,1,0,0,0,0,0,12,0,0,0,0
2001,481826,1,1,0,0,0,0,0,0,0,0,0,0
2001,481826,2,1,0,0,0,0,0,0,0,0,0,0
2001,481827,1,1,0,0,0,0,0,0,0,0,0,0
2001,481827,2,1,0,0,0,0,0,0,0,0,0,0
2001,481827,3,1,0,0,0,0,0,0,0,0,0,0
2001,481827,4,1,19,0,0,0,0,0,0,0,0,0
2001,481827,5,1,0,0,0,0,0,0,0,0,0,0
2001,481828,1,1,0,0,0,0,0,0,0,0,0,0
2001,481829,0,1,22,0,0,0,0,0,0,24,3,33
2001,481829,1,1,1,1,1,1,1,1,1,1,1,1
2001,481829,2,1,0,0,0,0,0,0,0,0,0,0
2001,481830,1,1,0,15,0,0,0,16,43,0,0,0
2001,481830,2,1,0,0,0,0,0,0,0,0,0,0
2001,481831,1,1,0,0,5,0,0,0,0,0,0,0
2001,481831,2,1,14,0,3,11,15,0,0,0,0,0
2001,481832,1,1,0,0,0,0,0,0,0,0,0,0
2001,481832,2,1,0,0,0,0,0,0,0,0,0,0
2001,481832,3,1,0,0,0,0,0,0,0,0,0,0
2001,481833,1,1,0,9,0,26,0,0,0,0,0,0
2001,481834,1,1,0,28,35,21,15,19,8,14,20,17
2001,481835,1,1,0,0,16,0,7,0,0,0,0,0
2001,481835,2,1,0,0,0,10,0,0,0,0,0,0
2001,481835,3,1,0,0,0,0,0,0,0,0,0,0
2001,481836,1,1,7,7,7,7,7,7,7,7,7,7
2001,481837,1,1,0,0,21,0,30,11,0,0,0,4
2001,481838,1,1,0,0,0,0,0,0,0,0,0,0
2001,481838,2,1,16,16,16,16,16,16,16,16,16,16
2001,481838,3,1,0,0,0,0,0,0,0,0,0,0
2001,481839,1,1,22,22,22,22,22,22,22,22,22,22
2001,481839,2,1,0,0,0,0,0,0,0,0,0,0
2001,481840,1,1,0,0,0,0,0,0,0,0,0,0
2001,481841,1,1,0,30,0,0,0,0,0,53,19,0
2001,481841,2,1,0,19,24,0,17,0,25,6,0,18
2001,481842,1,1,0,0,0,0,0,0,0,0,0,0
2001,481842,2,1,0,0,0,0,0,0,24,0,0,0
2001,481843,1,1,9,0,0,33,0,0,24,9,0,14
2001,481844,1,1,0,0,0,0,0,0,0,0,0,0
2001,481844,2,1,0,0,57,0,0,0,0,0,0,0
2001,481845,1,1,0,0,0,0,0,0,0,0,0,0
2001,481845,2,1,1,1,1,1,1,1,1,1,1,1
2001,481846,1,1,0,0,0,0,0,0,0,0,0,0
2001,481846,2,1,0,0,0,0,0,0,0,0,0,0
2001,481847,1,1,0,0,0,0,0,0,0,0,0,0
2001,481847,2,1,0,24,0,0,0,0,0,0,0,0
2001,481847,3,1,0,0,0,0,0,0,0,0,0,0
2001,481848,1,1,0,0,0,0,0,15,0,0,0,0
2001,481848,2,1,0,0,0,0,0,0,0,0,0,0
2001,481848,3,1,0,0,0,0,0,0,0,0,20,0
2001,481849,0,1,0,0,0,0,0,10,0,0,0,0
2001,481849,1,1,0,0,0,0,0,0,0,0,0,0
2001,481850,1,1,0,0,0,0,0,0,0,0,0,0
2001,481850,2,1,0,0,0,0,0,0,0,0,0,0
2001,481851,1,1,0,0,0,0,0,0,0,0,0,0
2001,481851,2,1,0,0,0,31,0,0,0,0,0,0
2001,481852,0,1,0,0,0,10,0,0,0,0,0,0
2001,481852,1,1,0,0,0,0,0,0,0,0,0,0
2001,481853,0,1,0,0,0,0,0,0,0,0,0,0