YEAR,st_case,veh_no,per_no,P1,P2,P3,P4,P5,P6,P7,P8,P9,P10
2001,482128,1,1,20,20,20,20,20,20,20,20,20,20
2001,482129,1,1,29,29,29,29,29,29,29,29,29,29
2001,482130,1,1,0,0,9,0,0,0,0,4,0,0
2001,482130,2,1,0,0,0,0,0,0,0,0,0,0
2001,482130,3,1,0,0,0,0,0,0,0,0,0,0
2001,482131,1,1,0,0,0,0,0,0,0,0,0,0
2001,482131,2,1,19,0,0,11,0,0,0,5,0,0
2001,482132,1,1,0,0,0,0,0,0,0,0,0,0
2001,482132,2,1,0,0,0,18,0,0,0,0,0,0
2001,482133,1,1,14,14,14,14,14,14,14,14,14,14
2001,482134,1,1,0,0,0,0,0,0,0,0,11,0
2001,482135,0,1,23,15,14,12,22,15,22,3,29,20
2001,482135,1,1,15,11,0,12,0,0,0,0,0,5
2001,482136,0,1,0,0,0,0,0,0,0,0,0,0
2001,482136,1,1,0,0,0,0,0,0,0,7,0,0
2001,482137,1,1,0,0,0,0,0,0,0,0,0,0
2001,482137,2,1,0,0,0,0,0,0,0,0,0,0
2001,482138,1,1,13,13,13,13,13,13,13,13,13,13
2001,482139,1,1,22,22,22,22,22,22,22,22,22,22
2001,482139,2,1,0,9,0,0,10,0,0,0,0,0
2001,482140,1,1,26,26,26,26,26,26,26,26,26,26
2001,482140,2,1,0,0,0,0,0,0,0,0,0,0
2001,482141,0,1,0,0,13,16,0,0,0,0,25,22
2001,482141,1,1,0,0,0,0,0,0,0,0,0,0
2001,482142,1,1,13,13,13,13,13,13,13,13,13,13
2001,482143,1,1,0,0,0,0,0,0,0,0,0,0
2001,482143,2,1,0,0,10,14,22,8,0,25,7,0
2001,482144,1,1,0,0,0,0,0,0,0,0,0,0
2001,482145,1,1,14,14,14,14,14,14,14,14,14,14
2001,482145,2,1,20,20,20,20,20,20,20,20,20,20
2001,482146,1,1,0,0,0,0,0,0,0,0,0,0
2001,482146,2,1,0,0,14,0,0,0,0,0,13,0
2001,482147,1,1,0,0,0,0,0,0,0,0,0,0
2001,482147,2,1,0,0,0,0,0,0,0,0,0,0
2001,482148,1,1,0,0,0,0,0,0,0,0,0,0
2001,482149,1,1,0,0,0,0,0,0,0,0,0,0
2001,482150,1,1,18,18,18,18,18,18,18,18,18,18
2001,482151,0,1,11,11,11,11,11,11,11,11,11,11
2001,482151,1,1,0,0,21,14,0,0,0,0,6,0
2001,482152,0,1,22,21,11,24,0,25,24,16,16,17
2001,482152,1,1,0,0,0,0,0,11,0,20,0,0
2001,482153,1,1,0,0,0,26,2,0,13,0,0,0
2001,482153,2,1,0,0,0,11,0,0,0,0,0,0
2001,482154,1,1,13,20,25,9,4,27,14,5,17,17
2001,482155,1,1,0,0,6,0,0,0,27,0,0,0
2001,482155,2,1,0,0,25,0,0,0,0,0,0,0
2001,482155,3,1,0,0,0,0,0,0,0,0,0,0
2001,482155,4,1,0,0,0,0,0,0,0,0,0,0
2001,482155,5,1,0,0,0,0,0,0,0,0,0,0
2001,482157,1,1,27,7,0,0,21,46,0,38,0,15
2001,482157,2,1,15,0,8,20,0,13,12,15,0,7
2001,482158,1,1,34,0,0,21,44,9,19,15,22,40
2001,482159,1,1,0,0,12,0,0,0,0,0,0,0
2001,482159,2,1,0,0,0,0,0,6,0,0,0,0
2001,482160,1,1,0,37,14,15,0,17,21,0,0,17
2001,482161,1,1,0,12,0,0,18,0,10,0,10,10
2001,482162,1,1,0,0,0,0,0,0,0,0,0,0
2001,482163,1,1,16,0,14,0,16,21,9,0,0,0
2001,482164,1,1,14,11,23,16,12,14,12,9,8,11
2001,482164,2,1,0,0,0,0,0,0,8,0,0,0
2001,482165,0,1,0,0,0,23,0,0,0,0,0,0
2001,482165,0,2,0,0,0,0,0,0,0,0,0,0
2001,482165,0,3,13,0,0,13,0,0,0,0,0,0
2001,482165,0,4,0,0,0,0,0,0,0,0,0,0
2001,482165,0,5,47,0,0,0,0,0,0,0,0,0
2001,482165,1,1,0,21,0,0,0,0,0,17,0,24
2001,482166,0,1,12,12,12,12,12,12,12,12,12,12
2001,482166,1,1,0,8,0,18,0,24,10,20,0,13
2001,482167,1,1,25,25,25,25,25,25,25,25,25,25
2001,482168,1,1,41,22,18,32,24,0,14,24,17,9
2001,482169,1,1,0,0,0,0,0,0,0,0,0,0
2001,482169,2,1,0,0,0,0,0,0,0,0,0,0
2001,482170,0,1,0,0,0,0,0,0,0,0,0,0
2001,482170,1,1,22,0,0,0,0,0,0,0,10,0
2001,482171,1,1,21,0,2,0,0,0,20,17,0,0
2001,482171,2,1,0,0,0,0,0,0,0,0,0,0
2001,482172,1,1,9,12,17,13,33,11,15,0,5,12
2001,482173,1,1,25,25,25,25,25,25,25,25,25,25
2001,482173,2,1,0,0,0,0,0,0,0,0,0,0
2001,482174,1,1,0,0,0,0,0,0,0,0,0,0
2001,482174,2,1,0,0,0,0,12,0,0,0,0,0
2001,482175,1,1,21,29,18,18,22,33,22,19,12,20
2001,482176,1,1,25,3,38,19,0,20,22,0,0,13
2001,482177,0,1,0,0,0,0,0,0,0,0,0,0
2001,482178,1,1,28,28,28,28,28,28,28,28,28,28
2001,482179,1,1,0,0,0,0,0,0,0,0,0,0
2001,482179,2,1,0,0,0,17,0,0,0,0,0,0
2001,482180,1,1,36,36,36,36,36,36,36,36,36,36
2001,482181,1,1,9,21,11,0,0,0,11,0,24,15
2001,482181,2,1,0,0,0,0,0,7,12,0,0,0
2001,482182,1,1,0,0,13,8,0,6,0,29,0,0
2001,482182,2,1,0,0,0,0,0,0,0,0,0,14
2001,482183,1,1,0,25,0,0,0,0,0,0,0,32
2001,482183,2,1,0,0,0,0,0,0,0,0,0,0
2001,482184,1,1,0,0,0,0,0,0,0,0,0,0
2001,482185,1,1,16,16,16,16,16,16,16,16,16,16
2001,482186,1,1,0,0,0,0,0,0,0,0,0,0
2001,482186,2,1,0,0,0,0,0,0,0,0,0,0
2001,482187,0,1,0,0,0,0,0,0,0,0,0,0
2001,482187,1,1,0,0,0,0,0,0,0,0,0,0
2001,482188,1,1,0,0,0,0,0,0,0,0,0,0
2001,482189,0,1,13,0,0,0,0,0,0,0,13,0
2001,482189,1,1,0,0,0,0,0,0,0,0,0,13
2001,482190,1,1,0,0,0,0,0,0,0,0,0,0
2001,482190,2,1,0,0,0,0,0,0,0,0,0,0
2001,482191,1,1,0,0,0,0,0,0,0,0,0,0
2001,482191,2,1,0,0,0,0,0,0,0,0,0,0
2001,482192,0,1,0,0,20,0,0,0,22,12,7,25
2001,482192,1,1,19,19,19,19,19,19,19,19,19,19
2001,482193,1,1,0,0,0,17,0,22,13,11,0,0
2001,482193,2,1,0,0,0,0,0,0,0,0,0,0
2001,482194,1,1,9,9,9,9,9,9,9,9,9,9
2001,482195,1,1,25,25,25,25,25,25,25,25,25,25
2001,482196,1,1,0,0,0,0,0,0,0,19,0,0
2001,482196,2,1,0,0,0,0,0,0,0,0,0,0
2001,482196,3,1,0,0,0,0,0,0,0,0,0,5
2001,482197,1,1,0,14,33,8,13,0,23,25,33,23
2001,482198,1,1,0,0,0,0,0,0,0,0,0,0
2001,482199,1,1,0,0,0,0,0,0,0,0,0,0
2001,482200,1,1,7,7,7,7,7,7,7,7,7,7
2001,482200,2,1,0,6,19,0,34,14,7,26,5,0
2001,482201,1,1,21,21,21,21,21,21,21,21,21,21
2001,482202,0,1,19,15,11,13,18,21,0,8,35,0
2001,482202,1,1,19,25,8,0,2,12,3,10,13,7
2001,482203,1,1,18,27,7,9,6,14,12,19,0,13
2001,482204,1,1,0,5,0,0,61,0,0,0,0,0
2001,482204,2,1,0,0,0,13,0,0,0,0,0,0
2001,482205,1,1,0,0,0,0,0,0,0,0,0,0
2001,482205,2,1,0,0,0,0,0,0,0,0,0,0
2001,482206,0,1,0,0,0,0,0,0,0,0,0,0
2001,482206,1,1,0,0,0,0,0,0,0,0,0,0
2001,482206,2,1,0,0,0,0,0,0,0,0,0,0
2001,482207,1,1,13,9,0,30,0,25,18,11,37,15
2001,482208,1,1,32,32,32,32,32,32,32,32,32,32
2001,482209,1,1,4,4,4,4,4,4,4,4,4,4
2001,482210,1,1,0,0,0,0,0,0,0,0,0,0
2001,482210,2,1,0,0,20,0,0,0,0,0,0,0
2001,482211,1,1,18,18,18,18,18,18,18,18,18,18
2001,482212,1,1,24,24,24,24,24,24,24,24,24,24
2001,482212,2,1,0,0,19,0,18,26,0,0,0,48
2001,482213,1,1,25,25,25,25,25,25,25,25,25,25
2001,482214,1,1,0,0,0,10,4,20,0,0,13,13
2001,482215,0,1,10,10,10,10,10,10,10,10,10,10
2001,482215,1,1,0,0,0,11,0,0,13,17,2,0
2001,482216,0,1,23,16,28,0,0,12,39,16,0,21
2001,482216,1,1,20,11,9,11,26,12,19,28,14,31
2001,482217,1,1,30,30,30,30,30,30,30,30,30,30
2001,482218,1,1,0,0,0,0,0,0,0,0,0,0
2001,482219,1,1,0,17,0,0,0,7,15,0,0,0
2001,482219,3,1,0,15,26,17,17,26,15,7,13,28
2001,482219,4,1,0,0,0,0,0,0,0,13,16,0
2001,482220,1,1,0,0,0,0,0,0,0,0,0,0
2001,482220,2,1,12,0,0,0,18,0,0,0,0,0
2001,482221,1,1,0,0,0,0,0,0,14,0,0,0
2001,482221,2,1,0,0,0,0,0,0,0,0,0,0
2001,482222,1,1,0,0,0,0,0,0,0,0,0,0
2001,482222,2,1,0,5,16,0,0,16,17,0,7,0
2001,482223,1,1,0,0,0,0,0,0,0,0,0,0
2001,482223,2,1,0,0,0,0,0,0,0,0,0,0
2001,482224,1,1,0,0,0,0,0,0,0,0,0,0
2001,482224,2,1,0,18,0,0,0,0,0,0,0,0
2001,482225,1,1,0,0,0,0,0,14,0,0,0,0
2001,482225,2,1,0,0,0,0,0,0,0,0,0,0
2001,482226,1,1,0,0,0,0,0,0,0,0,0,0
2001,482227,1,1,0,0,27,0,0,0,12,0,0,7
2001,482228,1,1,23,23,23,23,23,23,23,23,23,23
2001,482229,1,1,0,0,0,0,0,0,0,0,0,0
2001,482229,2,1,0,0,0,0,0,0,0,0,0,0
2001,482230,1,1,19,19,19,19,19,19,19,19,19,19
2001,482231,1,1,12,12,12,12,12,12,12,12,12,12
2001,482232,1,1,0,6,0,17,0,0,0,0,0,0
2001,482232,2,1,30,30,30,30,30,30,30,30,30,30
2001,482233,1,1,0,0,0,0,0,0,0,0,0,0
2001,482233,2,1,0,10,0,0,10,5,0,0,0,0
2001,482234,1,1,0,0,0,0,0,0,0,0,0,0
2001,482234,2,1,0,0,0,0,0,0,0,0,0,0
2001,482235,1,1,9,0,0,0,12,0,0,0,0,0
2001,482236,1,1,0,0,0,0,0,0,0,0,0,0
2001,482236,2,1,0,0,0,0,0,0,0,0,0,0
2001,482237,1,1,14,9,28,25,8,9,27,30,12,36
2001,482238,1,1,0,0,0,0,0,0,10,0,0,0
2001,482238,2,1,0,0,11,0,0,0,0,0,0,0
2001,482239,0,1,0,0,0,0,0,0,0,0,0,0
2001,482239,1,1,0,0,0,0,0,0,0,0,0,0
2001,482240,1,1,29,25,31,19,23,22,19,7,8,23
2001,482241,1,1,11,0,0,0,0,12,0,0,0,0
2001,482242,0,1,28,28,28,28,28,28,28,28,28,28
2001,482242,1,1,14,12,6,0,0,25,0,0,23,0
2001,482243,1,1,24,24,24,24,24,24,24,24,24,24
2001,482243,2,1,0,0,0,0,0,0,12,0,0,0
2001,482244,1,1,30,30,30,30,30,30,30,30,30,30
2001,482245,0,1,26,0,10,0,6,24,9,0,24,0
2001,482245,1,1,15,15,15,15,15,15,15,15,15,15
2001,482246,1,1,10,0,0,0,0,6,20,0,21,0
2001,482246,2,1,0,0,0,7,0,0,0,0,8,0
2001,482247,1,1,27,27,27,27,27,27,27,27,27,27
2001,482248,1,1,21,0,0,0,0,0,11,0,0,10
2001,482248,2,1,0,0,0,0,0,0,0,0,0,0
2001,482249,1,1,0,0,0,0,0,0,0,0,0,6
2001,482249,2,1,0,0,0,0,0,0,0,0,0,0
2001,482249,3,1,0,0,0,0,0,5,0,0,0,0
2001,482250,1,1,8,31,11,21,38,18,30,0,19,28
2001,482251,1,1,0,0,9,0,0,0,0,0,0,0
2001,482251,2,1,0,0,0,0,0,0,0,0,15,0
2001,482252,1,1,16,0,0,0,0,0,0,0,0,0
2001,482252,2,1,0,0,0,0,0,0,0,0,0,0
2001,482253,0,1,0,0,0,0,0,0,0,0,0,0
2001,482253,1,1,0,0,0,0,0,0,0,0,0,0
2001,482254,1,1,0,6,19,0,17,0,0,0,0,0
2001,482254,2,1,0,0,0,0,0,0,0,0,0,0
2001,482255,0,1,0,10,0,0,18,0,0,0,0,0
2001,482255,1,1,0,14,0,0,0,0,0,0,0,20
2001,482255,2,1,0,0,19,0,0,0,0,3,4,11
2001,482256,1,1,0,0,0,0,0,0,0,0,0,0
2001,482256,2,1,0,0,0,0,0,0,0,0,0,0
2001,482257,1,1,0,0,0,0,0,0,0,0,0,0
2001,482258,1,1,23,23,23,23,23,23,23,23,23,23
2001,482259,1,1,0,0,0,0,0,0,0,0,0,0
2001,482260,1,1,0,0,0,0,0,0,0,0,0,0
2001,482260,2,1,0,0,0,0,0,0,0,0,0,0
2001,482261,1,1,16,16,16,16,16,16,16,16,16,16
2001,482261,2,1,0,0,0,0,0,0,0,0,0,0
2001,482261,3,1,10,30,0,0,0,0,0,0,0,0
2001,482262,1,1,0,0,12,10,0,0,0,0,20,0
2001,482262,2,1,0,0,11,0,0,0,0,0,0,0
2001,482262,3,1,0,0,0,0,10,0,0,0,0,0
2001,482263,1,1,5,7,12,16,16,16,15,14,0,0
2001,482264,1,1,0,0,0,0,0,0,0,0,0,0
2001,482264,2,1,0,0,0,0,0,0,0,0,0,0
2001,482265,1,1,0,15,0,0,0,0,0,0,0,0
2001,482265,2,1,8,8,8,8,8,8,8,8,8,8
2001,482266,1,1,0,22,7,0,0,0,0,0,0,11
2001,482267,1,1,0,0,0,0,0,0,0,0,0,0
2001,482267,2,1,0,0,0,0,0,0,0,0,0,0
2001,482268,1,1,0,0,0,0,0,0,0,0,0,0
2001,482268,2,1,0,0,0,0,0,0,0,0,10,0
2001,482269,1,1,0,0,0,0,0,0,0,0,0,0
2001,482269,2,1,0,0,0,0,0,0,0,0,0,0
2001,482269,3,1,0,0,0,0,0,0,0,0,0,0
2001,482270,1,1,1,0,0,18,12,0,6,0,0,15
2001,482271,1,1,15,20,24,10,10,20,15,13,23,16
2001,482271,2,1,5,9,0,22,0,0,0,0,0,0
2001,482272,1,1,0,7,0,0,0,0,7,11,0,10
2001,482273,1,1,0,0,0,0,0,0,0,0,0,0
2001,482273,2,1,0,0,0,0,0,19,0,0,0,0
2001,482274,1,1,0,0,0,0,0,0,0,0,0,0
2001,482274,2,1,0,5,8,0,5,0,0,0,0,0
2001,482275,0,1,0,0,13,0,0,18,0,0,0,0
2001,482275,1,1,0,0,0,0,0,0,0,0,0,0
2001,482276,1,1,0,0,0,0,0,0,0,0,0,0
2001,482276,2,1,7,22,3,0,0,0,25,0,17,0
2001,482276,3,1,0,0,0,0,0,0,0,0,0,0
2001,482276,4,1,14,14,15,22,36,21,9,15,13,8
2001,482276,5,1,18,0,0,0,0,0,0,0,13,0
2001,482277,1,1,0,0,0,0,0,0,0,0,0,0
2001,482277,2,1,0,0,0,0,0,0,0,0,0,0
2001,482278,0,1,13,0,0,0,25,17,25,0,14,0
2001,482278,1,1,2,12,0,6,20,11,15,10,7,11
2001,482279,0,1,0,26,0,0,0,0,0,0,22,0
2001,482279,1,1,17,17,17,17,17,17,17,17,17,17
2001,482280,1,1,18,29,0,15,14,0,0,17,9,0
2001,482280,2,1,0,0,0,0,15,0,0,0,12,18
2001,482281,1,1,0,0,0,0,0,0,0,0,0,0
2001,482281,2,1,0,0,0,0,0,0,0,0,0,0
2001,482282,0,1,0,0,25,0,0,0,22,0,5,18
2001,482282,1,1,0,0,0,0,0,31,0,0,0,0
2001,482282,2,1,0,0,0,0,0,0,0,0,0,0
2001,482283,1,1,14,0,0,0,16,0,18,0,24,32
2001,482283,2,1,0,18,11,24,22,23,18,19,13,0
2001,482284,1,1,4,20,13,0,33,14,19,0,23,12
2001,482285,1,1,19,19,19,19,19,19,19,19,19,19
2001,482286,1,1,0,0,0,0,0,0,0,0,0,0
2001,482286,2,1,0,0,0,0,0,0,0,0,0,0
2001,482287,0,1,20,0,0,0,0,16,16,12,24,0
2001,482287,1,1,13,0,0,0,8,0,0,0,0,0
2001,482288,1,1,14,15,24,21,9,4,6,16,11,18
2001,482288,2,1,9,9,0,12,19,17,24,21,16,11
2001,482288,3,1,14,17,0,0,15,12,0,0,0,0
2001,482289,1,1,0,0,11,0,0,0,0,0,0,0
2001,482290,1,1,23,23,23,23,23,23,23,23,23,23
2001,482291,0,1,0,0,0,0,9,0,0,0,0,0
2001,482291,1,1,17,17,17,17,17,17,17,17,17,17
2001,482292,1,1,0,0,0,0,0,0,0,0,0,0
2001,482292,2,1,0,0,0,0,0,0,0,4,0,0
2001,482293,1,1,37,13,15,14,18,27,15,11,15,14
2001,482294,0,1,24,34,20,31,0,27,36,30,15,11
2001,482294,1,1,42,9,0,0,18,8,0,0,17,19
2001,482295,1,1,20,0,0,0,0,0,0,0,0,0
2001,482295,2,1,0,0,0,0,0,0,18,0,0,0
2001,482296,1,1,0,0,0,0,0,16,3,0,0,0
2001,482297,1,1,0,0,0,0,23,0,0,5,0,0
2001,482297,2,1,0,0,0,0,0,0,7,0,0,0
2001,482298,1,1,0,9,0,11,20,11,20,0,23,18
2001,482299,1,1,18,0,0,0,0,0,8,0,0,0
2001,482300,1,1,0,0,0,0,0,0,0,0,0,0
2001,482300,2,1,0,0,0,0,0,0,0,0,0,0
2001,482301,1,1,14,20,8,21,31,24,0,0,0,0
2001,482302,1,1,0,0,0,0,0,0,0,0,0,0
2001,482303,1,1,23,23,23,23,23,23,23,23,23,23
2001,482304,1,1,0,0,0,0,0,0,0,0,0,0
2001,482304,2,1,0,0,0,0,0,0,0,0,0,0
2001,482305,1,1,8,0,0,0,0,0,0,0,0,0
2001,482305,2,1,0,0,0,0,0,0,0,0,0,0
2001,482305,3,1,0,0,0,0,0,0,0,0,0,0
2001,482305,4,1,0,0,0,0,0,0,0,0,0,0
2001,482306,0,1,0,0,0,0,0,7,0,0,0,0
2001,482306,1,1,0,0,18,8,0,0,0,0,20,0
2001,482307,1,1,0,0,0,11,0,0,0,0,0,0
2001,482307,2,1,0,0,0,0,0,0,0,0,0,0
2001,482308,1,1,25,22,9,23,25,14,0,0,13,4
2001,482309,1,1,0,10,0,0,0,0,0,12,0,0
2001,482309,2,1,3,28,5,0,23,20,13,12,11,18
2001,482309,3,1,6,12,20,0,0,9,7,19,10,0
2001,482310,1,1,6,37,0,13,9,7,8,14,0,6
2001,482310,2,1,9,0,0,0,0,0,0,8,18,0
2001,482311,1,1,0,0,0,0,0,0,0,0,0,0
2001,482311,2,1,0,0,0,0,0,0,0,2,0,0
2001,482312,1,1,0,0,0,0,0,0,0,0,0,0
2001,482312,2,1,0,0,0,0,0,0,0,0,0,0
2001,482312,3,1,0,0,0,0,0,0,0,0,0,0
2001,482312,4,1,0,0,0,26,0,0,14,0,0,0
2001,482313,1,1,0,0,0,0,0,0,0,0,0,0
2001,482313,2,1,0,0,0,0,0,0,0,0,0,0
2001,482314,1,1,0,0,0,0,0,0,0,0,0,0
2001,482315,1,1,13,33,11,0,5,18,11,11,12,13
2001,482315,2,1,0,13,14,19,7,5,11,18,16,7
2001,482316,1,1,0,0,0,13,23,24,0,0,0,0
2001,482317,1,1,0,17,0,12,0,0,0,0,0,0
2001,482317,2,1,0,0,0,0,0,0,0,0,19,0
2001,482318,1,1,0,0,0,0,0,0,0,0,0,0
2001,482318,2,1,0,0,0,0,0,0,0,0,0,0
2001,482319,1,1,0,0,0,0,0,0,0,0,0,0
2001,482319,2,1,0,0,0,0,0,0,0,0,0,0
2001,482320,1,1,0,0,0,0,22,5,0,0,0,0
2001,482321,0,1,0,0,0,0,0,0,0,0,0,0
2001,482321,1,1,0,0,0,15,0,0,0,0,0,0
2001,482322,1,1,20,20,20,20,20,20,20,20,20,20
2001,482322,2,1,0,0,0,0,0,0,0,0,0,0
2001,482323,0,1,0,0,12,27,0,0,0,0,15,0
2001,482323,1,1,0,7,0,0,0,0,0,0,0,0
2001,482324,1,1,0,0,0,0,0,0,0,0,0,0
2001,482325,0,1,37,37,37,37,37,37,37,37,37,37
2001,482325,1,1,0,0,0,0,0,0,0,0,0,0
2001,482326,1,1,17,34,16,23,9,33,12,39,28,22
2001,482327,1,1,0,0,0,0,0,0,0,0,0,0
2001,482327,2,1,0,0,0,0,0,0,0,0,0,0
2001,482328,0,1,31,28,13,21,34,22,0,9,0,19
2001,482328,1,1,5,0,26,0,0,0,0,10,0,0
2001,482329,1,1,30,11,0,17,30,0,0,0,0,13
2001,482330,1,1,10,0,0,32,0,25,0,0,14,18
2001,482331,1,1,0,0,22,0,8,19,22,14,16,0
2001,482332,1,1,0,0,0,0,0,0,0,0,0,0
2001,482332,2,1,10,0,0,0,0,0,0,0,0,0
2001,482333,1,1,23,19,23,5,9,23,19,6,15,3
2001,482333,2,1,0,0,0,0,0,0,0,0,0,0
2001,482334,0,1,28,17,33,14,16,0,0,0,21,14
2001,482334,1,1,0,0,21,0,9,10,19,17,0,31
2001,482335,0,1,0,0,0,25,0,0,0,0,0,0
2001,482335,1,1,0,0,0,0,4,0,0,0,0,0
2001,482336,1,1,1,1,1,1,1,1,1,1,1,1
2001,482337,1,1,0,0,0,0,0,0,0,0,0,0
2001,482338,1,1,0,0,0,0,22,13,11,24,12,0
2001,482338,2,1,10,13,8,0,29,10,12,22,14,8
2001,482339,0,1,0,0,0,0,0,0,0,0,0,0
2001,482339,1,1,0,0,0,0,5,0,0,0,0,0
2001,482340,1,1,0,0,0,0,0,0,0,0,0,0
2001,482341,1,1,0,0,0,0,0,0,0,0,0,0
2001,482342,0,1,0,18,11,12,14,28,34,27,21,0
2001,482342,0,2,29,29,29,29,29,29,29,29,29,29
2001,482342,1,1,16,4,22,20,6,14,9,12,2,12
2001,482343,1,1,0,0,0,0,0,0,0,0,0,0
2001,482344,0,1,35,0,0,16,12,18,21,37,0,14
2001,482344,1,1,15,0,17,14,0,18,19,7,23,0
2001,482345,1,1,26,26,26,26,26,26,26,26,26,26
2001,482346,1,1,0,15,0,0,0,24,0,0,0,0
2001,482346,2,1,0,0,0,16,13,0,17,0,18,0
2001,482347,1,1,13,13,13,13,13,13,13,13,13,13
2001,482347,2,1,0,0,0,0,16,0,0,0,9,0
2001,482348,1,1,31,31,31,31,31,31,31,31,31,31
2001,482349,0,1,0,0,0,0,0,0,0,0,0,0
2001,482349,1,1,0,0,0,0,0,0,0,0,0,0
2001,482350,1,1,7,0,0,0,0,0,0,0,0,0
2001,482350,2,1,0,0,0,0,0,0,0,0,0,0
2001,482351,1,1,18,0,12,19,20,26,23,12,0,27
2001,482352,0,1,0,0,0,0,0,31,0,35,0,0
2001,482352,1,1,0,0,0,0,0,0,0,0,0,0
2001,482353,1,1,0,0,0,0,0,0,0,0,0,0
2001,482353,2,1,0,0,0,0,0,0,0,0,0,0
2001,482354,1,1,15,15,15,15,15,15,15,15,15,15
2001,482355,1,1,0,21,0,26,0,0,15,0,0,0
2001,482356,1,1,0,0,0,0,0,0,0,0,0,0
2001,482356,2,1,0,0,0,0,0,0,5,0,0,0
2001,482357,1,1,0,0,0,0,0,0,0,0,0,0
2001,482357,2,1,0,0,0,0,0,0,0,0,0,0
2001,482358,1,1,0,0,0,0,0,0,0,0,0,0
2001,482358,2,1,0,0,0,0,0,0,0,0,0,0
2001,482358,3,1,0,0,0,0,0,0,0,0,0,0
2001,482359,1,1,0,0,0,0,0,0,0,0,0,0
2001,482359,2,1,0,0,0,0,0,0,0,0,13,0
2001,482360,0,1,0,0,0,0,0,14,0,14,0,0
2001,482360,1,1,0,0,0,0,0,0,0,0,0,0
2001,482361,1,1,0,0,0,0,0,0,0,0,0,0
2001,482362,1,1,0,17,26,11,4,21,0,23,0,0
2001,482363,1,1,0,0,0,0,0,0,0,0,0,0
2001,482364,1,1,0,12,0,0,0,0,11,14,0,11
2001,482364,2,1,0,0,11,0,0,0,27,0,0,0
2001,482365,1,1,0,0,17,0,0,0,0,0,0,0
2001,482365,2,1,18,18,18,18,18,18,18,18,18,18
2001,482366,1,1,16,16,16,16,16,16,16,16,16,16
2001,482367,0,1,11,0,14,36,0,28,0,0,12,0
2001,482367,1,1,0,20,0,0,0,0,0,0,17,13
2001,482368,0,1,0,17,0,25,27,0,14,25,25,0
2001,482368,1,1,0,0,0,0,0,0,0,0,0,0
2001,482369,1,1,18,16,14,0,18,28,20,6,10,17
2001,482369,2,1,13,0,0,0,0,0,0,10,0,0
2001,482370,1,1,10,16,23,28,19,25,10,25,24,6
2001,482371,1,1,0,0,0,9,14,13,0,0,12,0
2001,482372,1,1,27,27,27,27,27,27,27,27,27,27
2001,482373,1,1,0,0,0,0,0,0,0,0,0,0
2001,482374,1,1,0,0,6,0,0,0,0,0,0,0
2001,482375,0,1,22,18,18,0,30,27,19,14,0,0
2001,482375,1,1,0,0,0,0,0,0,0,0,0,0
2001,482376,1,1,19,19,19,19,19,19,19,19,19,19
2001,482377,0,1,0,0,0,0,0,0,0,0,0,0
2001,482377,1,1,0,0,0,0,0,0,0,0,0,0
2001,482378,1,1,9,9,9,9,9,9,9,9,9,9
2001,482378,2,1,33,20,0,11,0,0,0,0,0,0
2001,482379,1,1,11,11,11,11,11,11,11,11,11,11
2001,482380,1,1,13,13,13,13,13,13,13,13,13,13
2001,482381,0,1,18,17,12,0,34,0,29,22,0,12
2001,482381,1,1,19,0,0,0,0,0,0,20,0,0
2001,482382,0,1,10,10,10,10,10,10,10,10,10,10
2001,482382,1,1,0,0,0,0,0,0,0,0,0,0
2001,482383,1,1,23,23,23,23,23,23,23,23,23,23
2001,482383,2,1,7,0,0,0,0,0,0,0,0,0
2001,482384,1,1,0,0,0,0,0,0,0,0,0,0
2001,482384,2,1,0,0,0,0,0,0,0,0,0,0
2001,482385,0,1,42,8,9,22,22,8,0,18,0,0
2001,482385,1,1,0,0,0,0,0,0,0,0,0,0
2001,482386,1,1,15,15,15,15,15,15,15,15,15,15
2001,482387,0,1,18,21,0,20,0,0,17,26,25,0
2001,482387,1,1,0,0,0,0,0,0,9,0,0,0
2001,482388,1,1,0,22,0,16,0,0,0,19,21,9
2001,482388,2,1,18,0,16,0,0,0,0,0,0,0
2001,482389,1,1,2,2,2,2,2,2,2,2,2,2
2001,482389,2,1,0,0,0,0,0,0,0,0,0,0
2001,482389,3,1,0,0,0,0,0,0,0,0,0,0
2001,482389,4,1,0,0,0,11,0,0,0,0,0,0
2001,482389,5,1,0,7,0,15,0,0,0,0,8,0
2001,482390,1,1,0,0,0,0,0,0,0,0,0,10
2001,482390,2,1,0,0,13,0,0,0,0,0,0,0