YEAR,st_case,veh_no,per_no,P1,P2,P3,P4,P5,P6,P7,P8,P9,P10
2001,482919,1,1,0,0,0,0,0,0,0,0,0,0
2001,482919,2,1,0,13,0,23,0,0,0,0,0,0
2001,482920,1,1,0,0,0,0,0,0,0,0,0,0
2001,482920,2,1,0,0,0,14,0,0,0,0,11,0
2001,482921,1,1,0,0,0,0,0,0,0,0,0,0
2001,482921,2,1,25,3,0,0,0,0,13,18,0,11
2001,482921,3,1,0,0,0,8,0,0,0,0,0,0
2001,482922,1,1,0,0,0,0,0,0,0,0,0,0
2001,482922,2,1,0,0,0,0,0,0,0,12,0,17
2001,482923,1,1,0,0,0,0,0,0,0,0,11,0
2001,482923,2,1,0,0,0,0,0,0,0,0,0,0
2001,482924,1,1,0,0,0,0,0,0,0,0,0,0
2001,482924,2,1,0,0,0,0,0,0,0,0,0,0
2001,482924,3,1,0,0,0,0,0,0,0,0,0,0
2001,482925,1,1,0,10,0,0,0,0,0,0,0,0
2001,482926,1,1,0,0,0,0,0,14,0,15,0,4
2001,482927,1,1,15,15,15,15,15,15,15,15,15,15
2001,482928,1,1,0,0,22,24,27,34,26,20,0,0
2001,482929,0,1,19,0,0,28,0,0,0,26,23,15
2001,482929,0,2,0,24,23,29,19,13,26,0,0,17
2001,482929,1,1,0,0,0,14,0,0,9,0,0,0
2001,482930,1,1,0,0,0,0,0,10,0,0,0,0
2001,482930,2,1,0,0,0,0,0,0,0,0,0,0
2001,482931,1,1,0,0,0,0,0,0,0,0,0,0
2001,482931,2,1,0,0,0,0,0,0,0,0,0,0
2001,482932,1,1,26,13,14,8,0,29,18,15,19,7
2001,482933,1,1,17,17,17,17,17,17,17,17,17,17
2001,482934,0,1,19,19,0,0,9,19,27,13,21,34
2001,482934,1,1,0,0,0,0,0,0,0,0,0,0
2001,482935,0,1,24,24,24,24,24,24,24,24,24,24
2001,482935,1,1,25,12,4,15,17,7,6,27,0,14
2001,482936,1,1,18,18,18,18,18,18,18,18,18,18
2001,482937,1,1,7,7,7,7,7,7,7,7,7,7
2001,482938,1,1,14,14,14,14,14,14,14,14,14,14
2001,482938,2,1,3,3,3,3,3,3,3,3,3,3
2001,482939,1,1,22,0,0,0,0,0,0,0,0,0
2001,482940,0,1,0,0,0,0,0,0,0,0,0,0
2001,482940,1,1,19,18,21,0,0,0,7,0,9,0
2001,482941,1,1,0,0,0,0,0,0,0,0,0,0
2001,482941,2,1,0,0,40,16,0,0,0,0,22,0
2001,482942,1,1,0,0,0,0,0,0,0,0,0,0
2001,482943,1,1,0,0,0,0,0,0,0,0,0,0
2001,482943,2,1,0,0,0,0,0,0,0,0,0,0
2001,482944,1,1,12,13,17,10,20,0,12,19,9,16
2001,482945,1,1,14,14,14,14,14,14,14,14,14,14
2001,482945,2,1,0,0,0,0,0,0,3,10,0,0
2001,482946,0,1,36,0,0,0,13,24,33,39,0,13
2001,482946,1,1,0,0,0,0,0,0,0,0,0,0
2001,482947,1,1,0,0,0,0,0,0,0,0,0,7
2001,482948,1,1,0,0,0,0,19,0,0,0,0,15
2001,482948,2,1,0,0,0,0,0,0,0,0,0,0
2001,482949,1,1,0,0,0,0,0,0,0,0,0,0
2001,482949,2,1,0,0,0,0,0,0,0,0,0,0
2001,482950,1,1,0,0,0,0,0,0,0,0,0,0
2001,482950,2,1,0,0,0,0,0,0,0,0,0,0
2001,482951,0,1,32,32,32,32,32,32,32,32,32,32
2001,482951,1,1,0,0,0,0,8,10,0,18,0,11
2001,482952,1,1,0,32,0,0,0,0,0,0,0,0
2001,482952,2,1,0,0,0,0,0,0,0,0,0,0
2001,482953,1,1,0,0,0,0,0,0,0,0,0,0
2001,482954,1,1,0,0,0,0,0,0,0,0,0,0
2001,482954,2,1,0,0,0,0,0,0,0,0,0,0
2001,482955,1,1,0,0,0,0,15,0,0,0,0,0
2001,482956,1,1,20,20,20,20,20,20,20,20,20,20
2001,482957,0,1,0,47,0,0,0,0,0,0,0,25
2001,482957,1,1,9,11,4,17,20,13,12,0,17,10
2001,482958,1,1,0,0,0,0,0,0,0,0,0,0
2001,482959,1,1,10,10,10,10,10,10,10,10,10,10
2001,482960,1,1,0,0,0,0,0,0,0,0,0,0
2001,482961,1,1,0,0,0,0,0,0,0,0,0,0
2001,482961,2,1,14,14,14,14,14,14,14,14,14,14
2001,482962,1,1,0,22,0,0,0,0,0,0,0,0
2001,482963,1,1,0,0,0,0,0,0,0,0,0,0
2001,482963,2,1,0,0,0,0,0,0,7,12,0,0
2001,482964,1,1,0,0,0,0,0,0,0,0,16,0
2001,482965,1,1,0,13,0,0,0,0,15,4,23,21
2001,482965,2,1,0,0,0,0,0,0,0,0,0,0
2001,482965,3,1,0,0,0,0,0,0,0,0,0,0
2001,482966,1,1,14,15,10,14,18,11,12,0,14,6
2001,482966,2,1,0,0,0,0,0,0,0,0,0,0
2001,482966,3,1,0,0,0,0,0,0,7,0,5,0
2001,482967,1,1,0,0,0,0,0,0,20,0,0,0
2001,482968,1,1,0,0,0,11,18,8,0,0,0,0
2001,482968,2,1,0,0,0,0,0,0,0,0,0,0
2001,482969,1,1,0,0,0,0,0,0,0,0,6,0
2001,482969,2,1,19,19,19,19,19,19,19,19,19,19
2001,482970,1,1,28,28,28,28,28,28,28,28,28,28
2001,482970,2,1,0,19,0,0,0,0,0,0,0,0
2001,482971,0,1,14,14,14,14,14,14,14,14,14,14
2001,482971,1,1,0,18,0,0,0,12,0,0,0,0
2001,482972,0,1,19,0,0,0,0,0,25,0,27,14
2001,482972,1,1,27,27,27,27,27,27,27,27,27,27
2001,482973,1,1,24,24,24,24,24,24,24,24,24,24
2001,482974,1,1,0,0,0,0,0,0,0,0,0,0
2001,482975,1,1,16,12,0,10,21,14,0,4,24,12
2001,482976,1,1,29,29,29,29,29,29,29,29,29,29
2001,482976,2,1,0,0,0,38,19,19,8,0,18,27
2001,482977,1,1,16,22,12,16,4,21,13,34,14,9
2001,482978,1,1,0,11,0,16,22,19,17,16,0,0
2001,482979,0,1,12,0,0,18,0,17,11,15,0,8
2001,482979,1,1,0,0,0,0,0,0,0,0,0,0
2001,482980,1,1,0,0,0,0,24,9,7,0,13,14
2001,482980,2,1,0,0,0,0,0,0,0,0,0,0
2001,482981,0,1,21,21,21,21,21,21,21,21,21,21
2001,482981,1,1,9,9,9,9,9,9,9,9,9,9
2001,482982,1,1,4,10,9,24,17,36,18,14,27,40
2001,482983,1,1,0,0,0,0,0,0,0,0,0,0
2001,482983,2,1,0,0,0,0,0,0,0,0,0,0
2001,482983,3,1,0,0,0,0,0,0,0,0,0,0
2001,482983,4,1,0,0,0,0,0,0,0,0,0,0
2001,482983,5,1,0,0,0,0,0,0,8,0,0,0
2001,482984,1,1,0,12,17,0,20,22,0,8,18,15
2001,482984,2,1,0,0,0,0,0,0,0,0,0,7
2001,482985,1,1,0,0,0,0,0,18,14,24,16,21
2001,482985,2,1,0,0,16,6,0,14,5,11,0,5
2001,482986,1,1,24,24,24,24,24,24,24,24,24,24
2001,482987,1,1,18,18,18,18,18,18,18,18,18,18
2001,482987,2,1,0,0,0,0,0,0,0,0,0,0
2001,482988,1,1,21,10,0,0,29,8,4,2,16,13
2001,482989,1,1,12,18,13,17,0,13,16,17,18,14
2001,482990,1,1,19,0,23,21,10,9,0,26,18,20
2001,482991,1,1,17,0,0,16,0,0,7,0,0,0
2001,482992,1,1,0,0,0,0,0,0,13,0,0,0
2001,482992,2,1,0,0,0,0,0,0,0,0,0,0
2001,482993,1,1,0,0,0,0,0,20,0,0,0,0
2001,482993,2,1,0,0,0,0,0,0,0,0,0,0
2001,482994,0,1,1,1,1,1,1,1,1,1,1,1
2001,482994,1,1,0,15,0,0,0,0,0,0,0,0
2001,482994,2,1,34,0,17,10,0,0,13,0,0,13
2001,482995,1,1,0,0,0,0,0,0,0,0,0,0
2001,482995,2,1,0,0,0,0,0,0,0,0,0,0
2001,482995,3,1,7,0,0,0,0,0,0,11,0,0
2001,482996,1,1,0,0,0,0,0,0,0,0,21,0
2001,482996,2,1,0,0,0,0,0,0,0,0,0,0
2001,482997,1,1,12,17,7,16,4,4,15,0,12,5
2001,482997,2,1,29,22,2,22,20,13,22,2,16,7
2001,482998,0,1,40,0,26,0,0,11,13,16,7,24
2001,482998,0,2,0,0,27,17,9,37,0,18,0,46
2001,482998,0,3,0,0,0,10,0,27,24,0,23,0
2001,482998,1,1,17,17,17,17,17,17,17,17,17,17
2001,482999,1,1,31,11,28,19,10,36,12,10,26,10
2001,483000,1,1,11,0,9,0,18,0,0,0,0,0
2001,483000,2,1,0,0,0,0,0,0,0,0,0,0
2001,483001,1,1,0,30,16,23,21,9,21,13,32,0
2001,483002,1,1,0,0,0,11,0,15,8,0,0,0
2001,483003,1,1,0,0,0,0,0,0,0,0,0,0
2001,483004,1,1,19,19,28,26,0,13,12,16,0,16
2001,483005,1,1,11,11,11,11,11,11,11,11,11,11
2001,483006,1,1,0,0,23,0,0,0,6,0,5,8
2001,483007,1,1,2,20,12,24,13,26,7,9,19,26
2001,483008,1,1,31,31,31,31,31,31,31,31,31,31
2001,483009,1,1,0,19,17,10,17,4,16,12,0,26
2001,483009,2,1,20,0,0,8,0,6,28,6,14,0
2001,483010,1,1,0,5,9,0,31,10,12,20,0,0
2001,483010,2,1,0,0,0,0,0,0,0,0,8,0
2001,483011,0,1,0,0,0,0,0,0,0,0,0,0
2001,483011,1,1,0,0,0,0,0,0,0,0,0,0
2001,483012,1,1,0,0,9,0,0,0,0,0,0,0
2001,483013,1,1,0,20,0,25,0,12,0,0,0,0
2001,483014,1,1,6,0,0,0,10,0,0,0,0,0
2001,483014,2,1,0,0,0,0,0,17,0,0,0,0
2001,483015,0,1,0,0,0,0,0,0,0,0,0,0
2001,483015,1,1,0,0,0,0,0,0,0,0,0,14
2001,483016,1,1,15,15,15,15,15,15,15,15,15,15
2001,483017,1,1,16,16,16,16,16,16,16,16,16,16
2001,483018,1,1,26,26,26,26,26,26,26,26,26,26
2001,483019,1,1,16,0,0,12,19,0,0,10,4,0
2001,483020,1,1,0,14,15,7,13,0,0,4,8,0
2001,483021,1,1,44,44,44,44,44,44,44,44,44,44
2001,483022,0,1,0,0,0,0,0,0,0,0,0,0
2001,483022,1,1,0,0,0,0,0,0,0,0,0,0
2001,483023,1,1,0,0,0,0,0,0,0,0,17,0
2001,483023,2,1,0,0,36,14,0,12,0,17,0,0
2001,483024,1,1,0,0,0,0,0,0,0,0,0,12
2001,483025,1,1,4,4,4,4,4,4,4,4,4,4
2001,483025,2,1,9,0,0,26,0,7,0,0,26,9
2001,483026,1,1,0,0,0,0,0,0,0,0,0,0
2001,483026,2,1,0,0,0,0,0,0,0,0,0,0
2001,483027,1,1,0,0,0,0,0,0,0,11,0,0
2001,483027,2,1,0,0,0,0,0,0,0,0,0,0
2001,483028,1,1,0,0,0,0,0,0,0,0,0,0
2001,483029,1,1,5,0,0,13,8,16,23,7,6,3
2001,483030,1,1,32,32,32,32,32,32,32,32,32,32
2001,483030,2,1,0,0,0,0,0,0,0,0,0,0
2001,483031,1,1,19,19,19,19,19,19,19,19,19,19
2001,483031,2,1,1,1,1,1,1,1,1,1,1,1
2001,483032,0,1,13,13,13,13,13,13,13,13,13,13
2001,483032,1,1,0,0,0,0,0,0,0,0,0,0
2001,483033,0,1,0,0,0,0,0,0,0,0,0,0
2001,483033,1,1,0,0,9,5,13,0,0,0,0,8
2001,483034,1,1,0,0,0,0,0,0,0,0,0,0
2001,483034,2,1,0,0,0,0,0,0,0,0,0,0
2001,483035,1,1,0,0,4,12,0,0,0,0,0,0
2001,483036,1,1,29,12,7,21,3,5,6,9,11,8
2001,483036,2,1,12,16,18,32,17,5,6,7,10,19
2001,483036,3,1,0,0,0,9,21,0,11,0,0,0
2001,483037,1,1,0,0,0,0,0,0,0,0,0,15
2001,483038,1,1,36,36,36,36,36,36,36,36,36,36
2001,483038,2,1,11,0,0,8,0,0,0,0,0,0
2001,483039,1,1,14,0,0,0,0,0,0,0,0,0
2001,483039,2,1,0,0,0,0,0,0,0,0,0,0
2001,483040,1,1,26,8,26,36,30,8,18,18,15,13
2001,483041,1,1,0,0,0,0,0,0,0,0,0,0
2001,483041,2,1,15,0,11,0,10,20,0,0,5,0
2001,483042,1,1,0,0,0,0,0,0,0,0,0,0
2001,483042,2,1,0,0,8,0,0,0,0,0,0,0
2001,483043,1,1,11,11,11,11,11,11,11,11,11,11
2001,483044,1,1,0,0,0,20,0,0,0,0,0,27
2001,483045,1,1,0,0,0,0,0,0,0,0,0,0
2001,483045,2,1,0,0,0,0,0,0,0,0,0,0
2001,483046,1,1,0,0,0,0,0,11,0,0,0,0
2001,483046,2,1,0,0,0,0,0,0,0,0,0,0
2001,483047,1,1,16,16,16,16,16,16,16,16,16,16
2001,483048,0,1,41,19,36,33,0,19,4,13,13,0
2001,483048,1,1,14,0,11,0,22,0,22,17,0,28
2001,483049,0,1,8,0,29,16,0,0,20,18,42,0
2001,483049,1,1,0,0,0,0,0,0,2,20,0,0
2001,483050,1,1,0,45,0,0,14,0,21,0,0,16
2001,483050,2,1,0,0,0,0,0,0,0,0,0,0
2001,483051,1,1,10,9,6,11,15,21,9,19,27,0
2001,483052,1,1,0,0,0,0,0,0,0,0,0,0
2001,483052,2,1,0,0,0,0,0,0,0,0,0,0
2001,483053,1,1,0,0,0,0,0,0,0,0,5,6
2001,483054,1,1,0,0,0,0,0,0,0,0,0,0
2001,483054,2,1,35,35,35,35,35,35,35,35,35,35
2001,483055,0,1,0,0,0,0,5,0,0,0,0,8
2001,483055,1,1,0,0,0,0,0,0,0,0,0,0
2001,483056,1,1,0,32,0,0,0,33,21,30,35,0
2001,483057,1,1,0,7,0,0,0,0,0,0,0,0
2001,483057,2,1,0,0,0,0,0,0,10,0,0,0
2001,483058,1,1,0,0,0,5,0,0,0,0,0,0
2001,483059,1,1,0,10,0,0,0,0,22,0,16,0
2001,483059,2,1,0,0,11,9,23,0,0,0,0,24
2001,483059,3,1,0,0,0,0,0,0,0,0,0,0
2001,483060,1,1,21,21,21,21,21,21,21,21,21,21
2001,483061,1,1,0,0,0,0,0,0,0,0,0,0
2001,483061,2,1,0,0,0,0,0,0,0,0,0,0
2001,483061,3,1,0,0,0,0,0,0,0,0,0,0
2001,483062,1,1,22,18,6,24,27,22,0,11,15,25
2001,483062,2,1,18,7,3,9,6,20,14,9,20,22
2001,483063,1,1,0,0,0,0,0,0,0,0,0,0
2001,483064,1,1,0,0,0,0,0,0,0,0,0,0
2001,483064,2,1,0,18,0,0,0,7,0,0,0,11
2001,483065,1,1,15,15,15,15,15,15,15,15,15,15
2001,483066,0,1,0,0,0,0,0,0,0,0,0,0
2001,483066,1,1,0,0,5,0,10,10,0,0,10,0
2001,483067,1,1,0,0,0,0,0,0,0,0,0,0
2001,483068,1,1,0,0,4,0,0,0,0,11,0,18
2001,483069,1,1,0,0,0,0,0,0,0,0,0,0
2001,483070,1,1,17,0,18,21,0,21,12,28,26,30
2001,483071,1,1,0,0,0,0,0,0,0,0,0,0
2001,483072,1,1,0,0,0,0,0,0,0,0,0,0
2001,483072,2,1,0,0,7,0,0,0,14,10,4,8
2001,483073,1,1,21,21,16,14,11,0,18,14,5,13
2001,483074,1,1,14,25,15,20,22,30,25,12,9,14
2001,483075,1,1,15,20,13,0,0,0,0,0,0,0
2001,483076,1,1,0,0,0,23,0,25,0,0,0,0
2001,483076,2,1,13,0,15,13,0,3,16,0,9,12
2001,483077,0,1,42,0,14,0,0,33,0,13,0,0
2001,483077,0,2,0,18,13,20,12,0,17,0,0,10
2001,483077,0,3,35,6,0,27,10,0,0,0,0,34
2001,483077,1,1,0,0,0,0,0,0,0,0,6,0
2001,483078,0,1,27,38,3,16,0,33,7,24,15,22
2001,483078,0,2,12,26,0,0,18,0,0,0,0,0
2001,483078,1,1,13,18,4,0,0,6,8,17,0,10
2001,483079,1,1,5,5,5,5,5,5,5,5,5,5
2001,483080,1,1,0,0,0,0,0,0,0,0,0,0
2001,483080,2,1,0,0,0,0,0,0,0,0,0,0
2001,483081,1,1,0,2,0,8,5,0,29,0,23,0
2001,483082,1,1,0,0,0,0,0,0,0,0,0,0
2001,483082,2,1,0,12,0,0,0,0,17,0,0,0
2001,483083,1,1,0,0,0,0,0,0,0,0,0,0
2001,483084,1,1,0,0,0,0,0,11,0,0,0,10
2001,483084,2,1,0,0,0,0,6,0,0,0,0,0
2001,483085,0,1,0,0,0,0,0,8,0,0,26,11
2001,483085,1,1,0,0,5,0,0,16,0,0,0,12
2001,483086,1,1,0,0,0,0,3,0,0,24,0,0
2001,483087,1,1,0,0,0,0,0,0,13,13,18,0
2001,483088,1,1,0,0,0,0,0,0,0,0,0,0
2001,483089,1,1,0,0,9,27,0,30,9,22,29,0
2001,483089,2,1,0,18,0,40,10,0,17,17,17,23
2001,483090,0,1,0,0,0,0,0,6,15,0,9,0
2001,483090,1,1,9,8,0,9,0,0,0,10,0,0
2001,483091,1,1,0,0,0,0,0,0,0,0,0,0
2001,483091,2,1,0,0,0,0,0,0,0,0,0,0
2001,483092,1,1,22,31,23,12,0,0,0,12,0,0
2001,483093,1,1,0,0,7,0,16,0,0,0,0,0
2001,483094,1,1,0,0,0,0,0,0,0,0,0,0
2001,483094,2,1,0,0,0,0,0,0,0,0,0,0
2001,483095,1,1,0,0,14,22,4,0,0,0,19,0
2001,483096,1,1,0,0,0,0,0,0,0,0,0,0
2001,483096,2,1,9,9,9,9,9,9,9,9,9,9
2001,483097,1,1,0,0,0,0,0,0,0,0,0,0
2001,483097,2,1,0,0,0,0,0,0,0,0,0,0
2001,483098,1,1,0,0,0,0,0,0,0,0,0,0
2001,483098,2,1,0,0,0,0,0,0,0,0,0,0
2001,483099,1,1,0,0,0,9,0,0,11,0,0,0
2001,483099,2,1,0,0,0,0,0,0,0,0,0,0
2001,483100,1,1,0,0,0,0,0,0,0,0,0,0
2001,483100,2,1,0,0,0,0,0,0,0,0,0,0
2001,483101,1,1,0,0,0,0,0,0,0,0,0,0
2001,483101,2,1,0,19,0,0,0,0,0,0,0,0
2001,483102,1,1,0,0,0,0,0,0,0,0,0,0
2001,483103,0,1,0,0,0,0,0,0,0,0,0,0
2001,483103,1,1,0,0,0,0,0,0,0,0,0,0
2001,483104,1,1,0,0,0,0,0,0,0,0,0,0
2001,483104,2,1,0,0,19,0,0,0,0,0,0,0
2001,483105,1,1,0,0,0,0,3,0,0,0,0,0
2001,483106,1,1,0,0,0,0,0,0,0,0,0,0
2001,483106,2,1,15,0,0,0,0,0,0,0,0,0
2001,483106,3,1,0,0,0,0,4,0,0,0,0,0
2001,483107,1,1,0,0,0,0,0,0,0,0,0,0
2001,483107,2,1,15,15,15,15,15,15,15,15,15,15
2001,483108,1,1,27,26,20,11,21,10,12,14,23,0
2001,483109,1,1,0,9,0,0,0,0,0,0,0,0
2001,483110,0,1,16,29,25,0,4,16,29,0,14,0
2001,483110,1,1,0,0,0,9,2,0,0,0,0,0
2001,483111,1,1,25,25,25,25,25,25,25,25,25,25
2001,483112,1,1,0,0,0,0,0,5,0,0,0,0
2001,483113,0,1,0,0,0,0,0,0,0,0,14,0
2001,483113,1,1,0,0,0,5,0,0,0,0,0,0
2001,483114,1,1,6,19,2,13,8,0,9,10,24,15
2001,483115,1,1,0,0,0,0,0,0,0,0,0,0
2001,483115,2,1,0,0,0,11,0,0,0,0,0,0
2001,483116,1,1,0,0,0,0,15,23,51,16,0,0
2001,483117,1,1,0,0,0,0,0,0,0,0,0,0
2001,483118,1,1,11,11,11,11,11,11,11,11,11,11
2001,483119,1,1,0,0,0,0,11,12,0,15,0,0
2001,483120,1,1,13,13,13,13,13,13,13,13,13,13
2001,483121,1,1,0,4,0,0,6,0,0,0,0,0
2001,483121,2,1,0,0,0,0,0,0,0,0,0,0
2001,483122,0,1,0,0,0,0,11,0,0,0,0,0
2001,483122,1,1,0,0,0,0,0,0,0,0,0,0
2001,483123,0,1,0,10,0,22,12,0,0,0,12,0
2001,483123,1,1,0,0,0,0,0,0,0,0,0,0
2001,483124,1,1,12,12,12,12,12,12,12,12,12,12
2001,483125,0,1,0,29,30,11,17,0,0,27,0,21
2001,483125,1,1,0,0,0,0,6,0,0,0,0,0
2001,483126,1,1,15,15,15,15,15,15,15,15,15,15
2001,483126,2,1,0,0,0,0,0,0,0,0,0,0
2001,483127,1,1,0,0,0,0,0,0,0,0,3,0
2001,483127,2,1,8,8,8,8,8,8,8,8,8,8
2001,483128,1,1,19,19,19,19,19,19,19,19,19,19
2001,483128,2,1,20,20,20,20,20,20,20,20,20,20
2001,483129,1,1,0,0,0,0,0,0,0,0,0,0
2001,483130,1,1,0,0,0,0,0,0,0,0,0,0
2001,483131,1,1,15,9,2,10,11,5,19,18,11,21
2001,483131,2,1,10,4,10,3,29,9,26,23,8,10
2001,483132,0,1,0,21,24,36,0,0,24,0,10,0
2001,483132,1,1,0,0,0,0,0,0,0,0,0,0
2001,483133,1,1,0,0,0,0,0,0,0,0,0,0
2001,483133,2,1,0,0,0,0,0,0,0,0,0,15
2001,483133,3,1,17,15,9,4,13,15,24,18,13,20
2001,483134,1,1,16,34,32,19,25,8,20,27,25,12
2001,483135,0,1,0,10,0,15,12,22,33,13,0,0
2001,483135,1,1,11,34,11,8,14,8,0,0,11,0
2001,483136,1,1,26,26,26,26,26,26,26,26,26,26
2001,483136,2,1,0,0,9,9,19,0,0,4,12,0
2001,483137,1,1,24,24,24,24,24,24,24,24,24,24
2001,483137,2,1,0,0,10,15,0,0,4,0,0,0
2001,483137,3,1,0,0,23,7,0,0,0,0,0,0
2001,483137,4,1,12,3,5,0,12,7,0,0,6,0
2001,483138,1,1,15,7,11,4,9,4,12,0,12,4
2001,483139,1,1,0,0,0,0,0,0,0,0,0,0
2001,483140,1,1,0,13,14,18,0,8,13,0,0,0
2001,483140,2,1,0,15,15,0,0,0,0,0,0,0
2001,483141,1,1,0,0,0,0,0,0,0,0,0,0
2001,483141,2,1,0,0,0,0,0,0,0,0,0,0
2001,483142,0,1,0,0,0,0,0,0,0,0,0,0
2001,483142,1,1,0,0,0,0,0,0,0,0,22,0
2001,483143,1,1,0,0,0,0,16,0,0,0,0,10
2001,483144,1,1,0,0,0,0,0,0,0,0,0,0
2001,483145,0,1,0,0,0,0,0,0,0,19,0,0
2001,483145,0,2,0,0,25,0,0,0,0,0,0,20
2001,483145,1,1,0,0,0,0,0,0,0,0,0,0
2001,483146,1,1,2,2,2,2,2,2,2,2,2,2
2001,483147,1,1,0,0,0,0,0,0,0,0,0,0
2001,483147,2,1,0,0,0,0,0,0,0,0,0,0
2001,483148,1,1,0,0,0,0,0,0,0,0,0,0
2001,483149,1,1,12,24,11,4,18,4,3,13,7,14
2001,483149,2,1,11,0,0,0,0,8,15,0,18,12
2001,483150,0,1,0,0,0,0,9,0,21,0,0,16
2001,483150,1,1,13,13,13,13,13,13,13,13,13,13
2001,483151,1,1,0,0,0,0,0,0,0,0,0,0
2001,483151,2,1,0,0,0,0,0,0,0,0,0,0
2001,483152,1,1,0,20,0,0,0,0,0,0,0,0
2001,483153,1,1,0,0,0,0,0,0,0,0,0,0
2001,483153,2,1,0,0,0,0,0,0,14,0,0,0
2001,483154,1,1,0,12,8,10,16,27,16,0,8,6
2001,483155,0,1,0,26,19,10,42,0,23,0,11,37
2001,483155,1,1,21,7,0,0,0,11,0,0,0,0
2001,483156,1,1,0,0,0,0,0,0,0,0,0,0
2001,483157,1,1,5,5,5,5,5,5,5,5,5,5
2001,483158,1,1,0,0,0,0,0,0,22,0,0,0
2001,483158,2,1,0,0,0,0,0,0,0,0,0,0
2001,483159,1,1,0,0,16,7,0,0,0,0,0,0
2001,483159,2,1,0,0,0,0,0,0,0,0,0,0
2001,483160,1,1,31,31,31,31,31,31,31,31,31,31
2001,483160,2,1,15,15,15,15,15,15,15,15,15,15
2001,483161,0,1,0,21,0,0,0,0,0,0,0,0
2001,483161,1,1,12,12,12,12,12,12,12,12,12,12
2001,483161,2,1,0,0,0,0,0,0,0,0,0,0
2001,483162,1,1,0,0,0,19,0,0,0,0,10,0
2001,483162,2,1,0,0,0,0,0,0,0,0,0,0
2001,483163,1,1,0,0,0,0,0,15,0,0,0,0
2001,483163,2,1,0,0,0,0,0,0,0,0,0,0
2001,483164,0,1,17,0,0,14,0,0,10,16,28,0
2001,483164,1,1,0,0,0,0,17,0,0,0,0,0
2001,483165,1,1,0,0,0,0,0,0,0,0,0,0
2001,483166,1,1,17,17,17,17,17,17,17,17,17,17
2001,483167,1,1,11,11,11,11,11,11,11,11,11,11
2001,483168,1,1,13,0,0,0,0,0,0,0,0,0
2001,483168,2,1,0,0,0,0,0,0,0,0,0,0
2001,483169,1,1,15,0,0,13,0,0,0,0,0,0
2001,483170,1,1,44,11,26,6,12,21,11,23,1,15
2001,483171,0,1,0,8,0,24,0,0,0,0,0,0
2001,483171,1,1,14,11,0,0,4,0,0,16,0,0
2001,483172,1,1,34,13,9,20,0,0,9,22,16,26
2001,483173,1,1,0,0,0,0,0,0,0,0,0,0
2001,483173,2,1,0,0,0,0,0,0,0,0,0,0
2001,483174,1,1,14,0,16,18,25,0,0,13,24,25
2001,483175,1,1,0,0,15,0,0,0,0,0,0,0
2001,483175,2,1,0,0,0,0,0,0,9,0,0,8
2001,483175,3,1,0,4,0,0,0,0,0,0,16,0
2001,483176,1,1,0,0,0,0,0,0,24,9,0,0
2001,483177,1,1,18,0,0,0,0,0,0,0,0,10
2001,483178,1,1,5,18,29,20,4,7,18,21,22,11
2001,483178,2,1,17,0,0,0,0,0,0,0,0,0
2001,483178,3,1,0,0,0,0,0,0,0,0,0,0
2001,483179,1,1,20,20,20,20,20,20,20,20,20,20
2001,483180,1,1,25,25,25,25,25,25,25,25,25,25
2001,483181,0,1,0,27,0,0,0,0,0,25,0,0
2001,483181,1,1,7,0,0,20,0,7,0,6,6,0
2001,483181,2,1,0,24,0,8,0,6,0,0,16,12
2001,483182,1,1,25,25,25,25,25,25,25,25,25,25
2001,483183,1,1,9,9,9,9,9,9,9,9,9,9
2001,483183,2,1,0,0,0,0,0,0,0,0,0,0
2001,483184,1,1,0,0,0,0,0,0,0,0,0,0
2001,483184,2,1,0,0,25,10,0,0,0,0,0,0
2001,483185,0,1,0,0,25,25,20,0,22,13,0,21
2001,483185,1,1,17,17,17,17,17,17,17,17,17,17
2001,483186,1,1,21,25,0,14,30,11,8,18,13,31
2001,483186,2,1,0,0,11,0,0,0,0,10,23,0
2001,483187,0,1,12,12,12,12,12,12,12,12,12,12
2001,483187,1,1,10,0,6,12,12,0,0,0,18,0
2001,483188,1,1,11,11,11,11,11,11,11,11,11,11
2001,483189,1,1,0,6,0,0,0,0,0,0,0,10
2001,483190,1,1,34,34,34,34,34,34,34,34,34,34
2001,483190,2,1,0,0,0,0,0,0,0,0,0,0
2001,483191,1,1,0,0,0,0,0,0,0,0,0,0