YEAR,st_case,veh_no,per_no,P1,P2,P3,P4,P5,P6,P7,P8,P9,P10
2001,490126,2,1,0,0,0,0,0,0,0,0,0,0
2001,490127,1,1,0,0,0,0,0,0,0,0,0,0
2001,490127,2,1,0,0,0,0,0,0,0,0,0,0
2001,490127,3,1,0,0,0,0,0,0,0,0,0,0
2001,490127,4,1,0,0,0,0,0,0,0,0,0,0
2001,490128,1,1,0,0,0,0,0,0,0,0,0,0
2001,490128,2,1,0,0,0,0,0,0,0,0,0,0
2001,490129,1,1,0,0,0,0,0,0,0,0,0,0
2001,490129,2,1,0,0,0,0,0,0,0,0,0,0
2001,490130,1,1,19,19,19,19,19,19,19,19,19,19
2001,490131,1,1,0,0,0,0,0,0,0,0,0,0
2001,490131,2,1,0,0,0,0,0,0,0,0,0,0
2001,490132,1,1,0,0,0,0,0,0,0,0,0,0
2001,490133,1,1,0,0,0,0,0,0,0,21,0,0
2001,490133,2,1,0,0,0,0,0,0,0,0,0,0
2001,490134,1,1,24,0,0,0,0,0,0,0,0,0
2001,490134,2,1,0,0,0,0,0,0,0,0,0,0
2001,490134,3,1,0,0,0,0,0,0,0,0,0,0
2001,490135,1,1,0,0,0,0,0,0,0,0,0,0
2001,490136,0,1,0,0,0,0,0,0,0,0,0,0
2001,490136,1,1,0,0,0,0,0,0,0,0,0,0
2001,490137,1,1,21,21,21,21,21,21,21,21,21,21
2001,490138,1,1,33,33,33,33,33,33,33,33,33,33
2001,490139,0,1,0,0,0,0,0,0,0,0,0,0
2001,490139,1,1,0,0,0,0,0,0,0,0,0,0
2001,490140,1,1,0,0,0,0,0,0,0,0,10,0
2001,490141,1,1,0,0,0,0,0,8,0,0,0,0
2001,490142,1,1,0,0,0,0,0,0,0,0,0,0
2001,490142,2,1,0,0,0,0,0,0,0,0,0,0
2001,490142,3,1,0,0,0,0,0,0,0,0,0,0
2001,490143,1,1,13,13,13,13,13,13,13,13,13,13
2001,490144,1,1,30,0,0,0,0,0,0,0,0,0
2001,490145,1,1,0,0,36,0,18,0,19,0,0,0
2001,490145,2,1,0,0,0,0,0,0,0,0,0,0
2001,490146,0,1,0,0,0,0,0,0,0,0,0,0
2001,490146,1,1,0,0,0,0,0,0,0,0,0,0
2001,490147,1,1,15,15,15,15,15,15,15,15,15,15
2001,490148,1,1,9,9,9,9,9,9,9,9,9,9
2001,490148,2,1,0,0,0,0,0,0,0,0,0,0
2001,490149,1,1,0,0,0,0,0,0,0,0,0,0
2001,490149,2,1,0,0,0,0,0,0,0,0,0,0
2001,490150,1,1,0,0,0,0,0,0,0,0,0,0
2001,490151,1,1,0,0,0,0,0,0,0,0,0,0
2001,490151,2,1,0,0,0,0,0,11,0,0,0,0
2001,490152,1,1,0,0,0,0,0,0,0,0,0,0
2001,490152,2,1,0,0,0,0,0,0,0,0,0,0
2001,490153,1,1,0,0,0,0,0,0,0,0,0,0
2001,490153,2,1,0,0,0,0,0,0,0,0,0,0
2001,490154,1,1,0,0,0,0,0,0,0,0,0,0
2001,490154,2,1,0,0,0,0,0,0,0,0,0,0
2001,490155,0,1,34,0,37,16,23,30,27,0,0,12
2001,490155,1,1,0,0,0,0,0,0,0,0,14,0
2001,490156,1,1,0,0,0,0,0,0,0,0,0,0
2001,490157,1,1,0,0,0,0,15,0,0,0,0,12
2001,490158,1,1,0,0,0,0,0,0,0,0,0,0
2001,490159,1,1,0,0,0,0,0,0,0,0,0,0
2001,490160,1,1,0,0,0,0,0,0,0,0,0,0
2001,490160,2,1,0,0,0,0,0,0,0,0,0,0
2001,490161,1,1,9,0,0,0,16,0,0,0,9,0
2001,490161,2,1,0,0,0,0,0,0,0,0,0,0
2001,490162,1,1,0,0,0,0,0,0,0,0,0,0
2001,490162,2,1,0,0,0,0,0,0,0,0,0,0
2001,490162,3,1,0,0,0,0,0,0,0,0,0,0
2001,490163,1,1,0,0,0,0,0,0,0,0,0,0
2001,490163,2,1,0,0,0,0,0,0,0,0,0,0
2001,490163,3,1,0,0,0,0,0,0,0,0,0,0
2001,490164,1,1,0,0,0,0,0,0,0,0,0,0
2001,490164,2,1,0,0,0,0,0,0,0,0,0,0
2001,490165,1,1,0,0,0,0,0,0,0,0,0,0
2001,490165,2,1,0,0,0,0,0,0,0,0,0,0
2001,490166,0,1,28,28,28,28,28,28,28,28,28,28
2001,490166,1,1,0,0,0,0,0,0,0,0,0,0
2001,490167,1,1,0,0,0,0,0,0,0,0,0,0
2001,490167,2,1,0,0,0,0,0,0,0,0,0,0
2001,490167,3,1,0,0,0,0,0,0,0,0,0,0
2001,490168,1,1,0,0,0,0,0,0,0,0,0,0
2001,490169,1,1,0,0,0,0,0,0,0,0,0,0
2001,490169,2,1,0,0,0,0,0,0,0,0,0,0
2001,490170,1,1,18,18,18,18,18,18,18,18,18,18
2001,490170,2,1,24,0,0,0,0,0,0,11,0,0
2001,490171,1,1,0,0,0,0,0,0,0,0,0,20
2001,490171,2,1,0,0,0,0,0,0,0,0,0,0
2001,490171,3,1,0,0,0,0,0,0,0,0,0,0
2001,490172,1,1,0,0,0,0,0,0,0,0,0,0
2001,490172,2,1,0,0,0,0,0,0,0,0,0,0
2001,490173,1,1,0,19,0,0,17,0,0,0,0,0
2001,490174,1,1,0,0,0,0,0,0,0,0,0,0
2001,490175,1,1,0,0,0,0,0,0,0,0,0,0
2001,490175,2,1,0,0,0,0,0,0,0,0,0,0
2001,490176,1,1,0,0,0,0,0,0,0,0,0,0
2001,490177,1,1,0,0,0,0,0,0,0,0,0,0
2001,490178,1,1,0,0,0,0,0,0,0,0,0,0
2001,490178,2,1,0,0,0,0,0,0,0,0,0,0
2001,490179,1,1,0,0,0,0,0,0,0,0,0,0
2001,490179,2,1,0,0,0,0,0,0,0,0,0,0
2001,490180,1,1,0,0,0,0,0,0,0,0,0,0
2001,490180,2,1,0,0,0,0,0,0,0,0,0,0
2001,490181,1,1,12,12,12,12,12,12,12,12,12,12
2001,490182,1,1,0,0,0,0,0,0,0,7,0,0
2001,490182,2,1,0,0,0,0,0,0,0,0,0,0
2001,490183,1,1,17,17,17,17,17,17,17,17,17,17
2001,490183,2,1,0,0,8,9,0,0,0,0,0,0
2001,490184,1,1,0,0,0,0,26,0,22,0,0,0
2001,490185,0,1,0,0,0,0,0,0,0,0,0,0
2001,490185,1,1,0,0,0,0,0,0,0,0,0,0
2001,490187,1,1,17,17,17,17,17,17,17,17,17,17
2001,490188,1,1,0,0,0,0,0,0,0,0,0,0
2001,490188,2,1,0,0,0,0,0,0,0,0,0,0
2001,490189,0,1,0,0,0,0,0,0,0,0,0,0
2001,490189,0,2,0,0,0,0,0,0,0,0,0,0
2001,490189,1,1,0,0,0,0,0,0,0,0,0,0
2001,490190,1,1,0,0,0,0,0,0,0,0,0,0
2001,490191,1,1,0,0,0,0,0,0,0,0,0,0
2001,490192,1,1,0,0,0,0,0,0,0,0,0,0
2001,490192,2,1,0,0,0,0,0,0,0,0,0,0
2001,490193,1,1,0,0,0,0,0,4,0,0,0,0
2001,490193,2,1,0,0,0,0,0,0,0,0,0,0
2001,490194,1,1,0,0,0,0,0,0,0,0,0,0
2001,490195,0,1,0,0,0,0,0,0,0,0,0,0
2001,490195,1,1,0,0,0,0,0,0,0,0,0,0
2001,490196,0,1,0,0,0,0,0,0,0,0,0,0
2001,490196,1,1,0,0,0,0,0,0,0,0,0,0
2001,490197,1,1,0,0,0,0,0,0,0,0,0,0
2001,490198,1,1,0,0,0,0,0,0,0,0,0,0
2001,490198,2,1,0,0,0,0,0,0,0,0,0,0
2001,490199,0,1,0,8,0,0,14,23,0,0,0,29
2001,490199,1,1,2,2,2,2,2,2,2,2,2,2
2001,490200,1,1,5,4,24,0,13,0,0,0,0,0
2001,490201,1,1,0,0,0,0,0,0,0,0,0,0
2001,490201,2,1,0,0,0,0,0,0,0,0,0,0
2001,490202,1,1,0,0,0,0,0,0,0,0,0,0
2001,490203,1,1,0,0,0,0,0,0,0,0,0,0
2001,490204,0,1,0,0,0,25,0,4,0,0,31,0
2001,490204,1,1,0,0,0,0,0,0,0,0,0,0
2001,490205,1,1,0,0,0,0,0,0,0,0,0,0
2001,490205,2,1,0,0,0,0,0,0,0,0,0,0
2001,490206,1,1,0,0,0,0,0,0,0,0,0,0
2001,490206,2,1,0,0,0,0,0,0,0,0,0,0
2001,490207,1,1,0,0,0,0,0,0,0,0,0,0
2001,490207,2,1,0,0,0,0,0,0,0,0,0,0
2001,490208,1,1,16,16,16,16,16,16,16,16,16,16
2001,490209,1,1,0,0,0,0,0,32,0,0,0,0
2001,490210,1,1,0,0,0,0,13,0,0,0,0,0
2001,490211,1,1,0,0,0,0,0,0,0,0,0,0
2001,490212,1,1,0,0,0,0,0,0,0,0,0,0
2001,490213,1,1,0,0,0,0,0,0,0,0,0,0
2001,490214,1,1,0,0,0,0,0,7,0,0,0,0
2001,490214,2,1,0,0,0,0,0,0,0,0,0,0
2001,490215,0,1,15,14,0,0,0,0,0,0,0,0
2001,490215,1,1,0,0,0,0,0,0,0,0,0,0
2001,490216,1,1,0,0,0,0,0,0,0,0,0,0
2001,490217,1,1,0,0,0,0,0,0,0,0,0,0
2001,490218,1,1,0,0,0,0,0,0,0,0,0,0
2001,490219,1,1,10,10,10,10,10,10,10,10,10,10
2001,490220,1,1,0,0,0,0,0,0,0,0,0,0
2001,490221,1,1,0,0,0,0,0,10,0,0,19,0
2001,490222,0,1,0,0,0,0,10,0,0,0,0,0
2001,490222,1,1,0,0,0,0,0,0,0,0,13,0
2001,490223,1,1,1,1,1,1,1,1,1,1,1,1
2001,490223,2,1,0,0,0,0,0,0,0,0,0,0
2001,490224,1,1,0,0,0,0,0,0,0,0,0,0
2001,490224,2,1,0,0,0,0,0,0,0,0,0,0
2001,490225,1,1,0,0,0,0,0,0,0,0,0,0
2001,490226,0,1,0,0,0,0,0,0,0,0,0,0
2001,490226,1,1,0,0,0,0,0,0,0,0,0,0
2001,490227,1,1,6,6,6,6,6,6,6,6,6,6
2001,490228,0,1,0,0,14,0,0,0,0,0,0,0
2001,490228,1,1,0,0,0,0,0,0,0,0,0,0
2001,490229,1,1,0,0,20,0,0,0,0,0,0,0
2001,490229,2,1,0,0,0,0,0,0,0,0,0,0
2001,490230,1,1,0,0,0,0,0,0,0,0,0,0
2001,490231,1,1,0,0,0,0,0,0,0,0,0,0
2001,490231,2,1,0,0,0,0,0,0,0,0,0,0
2001,490232,1,1,15,8,13,13,20,8,13,17,16,0
2001,490233,1,1,0,0,0,0,0,0,0,0,0,0
2001,490234,1,1,0,0,0,0,0,0,0,0,0,0
2001,490234,2,1,0,0,0,0,0,0,0,0,0,0
2001,490235,0,1,0,0,0,0,12,30,0,0,19,17
2001,490235,1,1,0,0,0,0,0,0,0,0,0,0
2001,490236,1,1,0,0,0,0,0,0,0,18,0,0
2001,490236,2,1,0,0,0,0,0,0,0,0,0,0
2001,490236,3,1,0,0,0,0,0,0,0,0,0,0
2001,490237,1,1,14,14,14,14,14,14,14,14,14,14
2001,490238,1,1,0,15,0,0,0,0,0,0,0,0
2001,490238,2,1,0,0,0,0,0,0,0,0,0,0
2001,490239,0,1,0,0,0,0,0,0,0,0,0,0
2001,490239,1,1,0,0,0,0,0,0,0,0,0,0
2001,490240,0,1,13,0,0,0,0,0,0,34,0,0
2001,490240,1,1,0,0,0,0,0,0,0,0,0,0
2001,490241,1,1,0,0,0,0,0,0,0,0,0,0
2001,490241,2,1,0,0,0,0,0,0,0,0,0,0
2001,490242,1,1,0,11,0,0,0,0,0,12,0,0
2001,490243,1,1,0,0,0,0,0,0,0,0,0,0
2001,490243,2,1,0,0,0,0,0,0,0,0,0,0
2001,490244,1,1,0,0,0,0,0,0,0,0,0,0
2001,490244,2,1,0,0,0,0,0,0,0,0,0,0
2001,490245,1,1,0,0,0,0,0,0,0,15,0,0
2001,490246,1,1,0,0,0,0,26,0,0,0,0,0
2001,490246,2,1,0,0,0,0,0,0,0,0,0,0
2001,490247,1,1,0,0,0,0,0,0,0,0,0,0
2001,490248,1,1,0,0,0,0,14,0,0,0,0,0
2001,490249,1,1,16,16,16,16,16,16,16,16,16,16
2001,490250,1,1,0,0,0,0,0,0,0,0,0,0
2001,490250,2,1,0,0,0,0,0,0,0,0,0,0
2001,490251,1,1,0,0,0,0,0,0,0,0,0,0
2001,490252,1,1,0,0,0,0,0,0,0,0,0,0
2001,490252,2,1,0,0,0,0,0,0,0,0,0,0
2001,490252,3,1,0,0,0,0,0,0,0,0,0,0
2001,490253,1,1,22,22,22,22,22,22,22,22,22,22
2001,490253,2,1,0,0,0,0,0,0,0,0,0,0
2001,490254,0,1,0,0,0,0,0,0,0,0,0,0
2001,490254,1,1,22,22,22,22,22,22,22,22,22,22
2001,490255,1,1,0,0,0,0,0,0,0,0,0,0
2001,490255,2,1,0,0,0,0,0,0,0,0,8,0
2001,490256,0,1,0,0,0,0,0,0,0,0,0,0
2001,490256,1,1,12,12,12,12,12,12,12,12,12,12
2001,490257,1,1,0,0,0,0,0,0,0,0,0,0
2001,490257,2,1,0,0,6,0,0,0,0,0,0,0
2001,490257,3,1,0,0,0,0,0,0,0,0,0,0
2001,490258,1,1,0,0,0,0,0,0,0,0,0,0
2001,490259,0,1,0,0,9,18,0,0,0,0,0,0
2001,490259,1,1,0,0,0,16,0,0,0,0,0,25
2001,490261,1,1,0,0,0,0,0,0,0,0,0,0
2001,490261,2,1,0,0,0,0,0,0,0,0,0,0
2001,490262,1,1,0,0,0,0,0,0,0,0,0,0
2001,490262,2,1,0,0,0,0,0,0,0,0,0,0
2001,500001,0,1,0,0,0,0,0,0,0,17,0,0
2001,500001,1,1,0,0,0,0,0,0,0,0,0,0
2001,500002,0,1,0,0,0,0,0,0,0,0,0,0
2001,500002,1,1,0,0,0,0,0,0,0,0,0,0
2001,500003,1,1,14,14,14,14,14,14,14,14,14,14
2001,500004,1,1,0,0,0,0,0,0,0,0,0,0
2001,500005,1,1,17,17,17,17,17,17,17,17,17,17
2001,500006,1,1,0,0,0,0,0,0,0,0,0,0
2001,500006,2,1,0,0,0,0,0,0,0,0,0,0
2001,500007,1,1,0,0,0,0,0,0,0,0,0,0
2001,500007,2,1,0,0,0,0,0,0,0,0,0,0
2001,500008,1,1,0,0,0,0,0,0,0,0,0,0
2001,500008,2,1,0,0,0,0,0,0,0,0,0,0
2001,500009,1,1,0,0,0,0,0,0,0,0,0,0
2001,500009,2,1,0,0,0,0,0,0,0,0,0,0
2001,500010,1,1,0,0,0,0,0,0,0,0,0,0
2001,500010,2,1,0,0,0,0,0,0,0,0,0,0
2001,500011,1,1,15,15,15,15,15,15,15,15,15,15
2001,500012,1,1,0,0,0,0,0,0,0,0,0,0
2001,500012,2,1,0,0,0,0,0,0,0,0,0,0
2001,500013,1,1,20,20,20,20,20,20,20,20,20,20
2001,500014,1,1,0,0,0,0,0,0,0,0,0,0
2001,500014,2,1,0,0,18,0,0,0,0,0,0,0
2001,500015,1,1,0,0,0,0,0,0,0,0,0,0
2001,500015,2,1,0,0,0,0,0,0,0,0,0,0
2001,500016,1,1,28,28,28,28,28,28,28,28,28,28
2001,500017,1,1,0,0,0,0,0,0,0,0,0,0
2001,500018,1,1,15,15,15,15,15,15,15,15,15,15
2001,500019,1,1,25,25,25,25,25,25,25,25,25,25
2001,500020,1,1,0,0,0,0,0,0,0,0,0,0
2001,500021,1,1,0,0,0,0,0,0,0,0,0,0
2001,500022,1,1,0,0,0,0,0,0,0,0,0,0
2001,500022,2,1,0,0,0,0,0,0,0,0,0,0
2001,500023,1,1,0,0,0,0,0,0,0,0,0,0
2001,500023,2,1,0,0,0,0,0,0,0,0,0,0
2001,500024,1,1,0,0,0,0,0,0,0,0,0,0
2001,500024,2,1,0,0,0,0,0,0,0,0,0,0
2001,500025,1,1,28,28,28,28,28,28,28,28,28,28
2001,500026,1,1,25,25,25,25,25,25,25,25,25,25
2001,500027,1,2,27,8,8,19,10,11,17,23,25,11
2001,500028,1,1,0,0,0,0,0,0,0,0,0,8
2001,500028,2,1,0,0,0,0,0,0,0,0,0,0
2001,500029,1,1,0,0,0,0,0,0,0,0,0,0
2001,500030,0,1,0,0,0,0,0,0,0,0,0,0
2001,500030,1,1,0,0,0,0,0,0,0,0,0,0
2001,500031,1,1,0,0,0,0,0,0,0,0,0,0
2001,500031,2,1,0,0,0,0,0,0,0,0,0,0
2001,500032,1,1,0,0,0,0,0,0,0,0,0,0
2001,500033,1,1,0,0,0,0,0,0,0,0,0,0
2001,500033,2,1,21,21,21,21,21,21,21,21,21,21
2001,500034,1,1,25,25,25,25,25,25,25,25,25,25
2001,500035,1,1,0,0,0,0,0,0,0,0,0,0
2001,500035,2,1,0,0,0,0,0,0,0,0,0,0
2001,500036,1,1,0,0,0,0,0,0,0,0,0,0
2001,500037,1,1,0,0,0,0,0,0,0,0,0,0
2001,500038,1,1,0,0,0,0,0,0,0,0,0,0
2001,500039,1,1,6,6,6,6,6,6,6,6,6,6
2001,500040,1,1,18,18,18,18,18,18,18,18,18,18
2001,500041,1,1,14,14,14,14,14,14,14,14,14,14
2001,500042,1,1,0,0,0,0,0,0,0,0,0,0
2001,500042,2,1,0,0,0,0,0,0,0,0,0,0
2001,500043,1,1,24,24,24,24,24,24,24,24,24,24
2001,500044,1,1,0,0,0,0,4,0,0,0,0,0
2001,500044,2,1,0,0,0,0,0,0,0,0,0,0
2001,500045,1,1,0,0,0,0,0,0,0,0,0,0
2001,500045,2,1,0,0,0,0,0,0,0,0,0,0
2001,500046,0,1,17,0,0,10,0,0,0,0,0,0
2001,500046,1,1,0,0,0,0,0,0,0,0,0,0
2001,500047,1,1,0,0,0,0,0,0,0,0,0,0
2001,500048,1,1,0,0,0,0,0,0,0,0,0,0
2001,500048,2,1,0,0,0,0,0,0,0,0,0,0
2001,500048,3,1,0,0,0,0,0,0,0,0,0,0
2001,500048,4,1,0,0,0,0,10,0,0,0,0,0
2001,500049,1,1,0,0,0,0,0,0,0,0,0,0
2001,500049,2,1,0,0,0,0,0,15,0,0,0,0
2001,500050,1,1,0,0,0,0,0,0,0,0,0,0
2001,500050,2,1,0,0,0,0,0,0,0,0,0,0
2001,500051,1,1,0,11,0,0,0,0,0,0,0,0
2001,500051,2,1,0,0,0,0,0,0,0,0,0,0
2001,500051,3,1,0,0,0,0,0,0,0,0,0,8
2001,500052,1,1,0,0,0,0,0,0,0,0,0,0
2001,500052,2,1,0,0,0,0,0,0,0,0,0,0
2001,500053,1,1,0,0,0,0,0,0,0,0,0,0
2001,500054,1,1,0,0,0,0,0,0,0,0,0,0
2001,500055,1,1,0,0,0,0,0,0,0,0,0,0
2001,500056,1,1,12,12,12,12,12,12,12,12,12,12
2001,500056,2,1,0,0,0,0,0,0,0,0,0,0
2001,500057,1,1,31,31,31,31,31,31,31,31,31,31
2001,500058,1,1,20,20,20,20,20,20,20,20,20,20
2001,500059,1,1,0,0,16,0,0,19,0,0,0,0
2001,500060,1,1,4,4,4,4,4,4,4,4,4,4
2001,500061,0,1,24,24,24,24,24,24,24,24,24,24
2001,500061,1,1,0,0,0,0,0,0,0,0,0,0
2001,500062,1,1,11,11,11,11,11,11,11,11,11,11
2001,500063,1,1,0,0,0,0,20,0,24,0,0,20
2001,500064,1,1,33,33,33,33,33,33,33,33,33,33
2001,500065,1,1,11,11,11,11,11,11,11,11,11,11
2001,500066,1,1,0,0,0,0,0,0,0,0,0,0
2001,500066,2,1,0,0,0,0,0,0,0,0,0,0
2001,500066,3,1,0,0,0,0,0,0,0,0,0,0
2001,500067,1,1,31,31,31,31,31,31,31,31,31,31
2001,500068,1,1,0,0,0,0,0,0,0,0,0,0
2001,500069,1,1,19,19,19,19,19,19,19,19,19,19
2001,500070,1,1,16,16,16,16,16,16,16,16,16,16
2001,500071,1,1,0,0,0,0,0,0,0,0,0,0
2001,500071,2,1,0,0,0,0,0,0,0,0,0,0
2001,500072,1,1,0,0,0,0,0,0,0,0,0,0
2001,500072,2,1,0,0,0,0,0,0,0,0,0,0
2001,500073,1,1,0,0,0,0,0,0,0,0,0,0
2001,500074,1,1,12,12,12,12,12,12,12,12,12,12
2001,500075,1,1,0,0,0,0,0,0,0,0,0,0
2001,500075,2,1,0,0,0,0,0,0,0,0,0,0
2001,500076,1,1,0,0,0,0,0,0,0,0,0,0
2001,500076,2,1,0,0,0,0,0,0,0,0,0,0
2001,500077,1,1,0,0,0,0,0,0,0,0,0,0
2001,500077,2,1,0,0,0,0,0,0,0,0,0,0
2001,500078,1,1,0,0,0,0,0,0,0,0,0,0
2001,500079,1,1,0,0,0,0,0,0,0,0,0,0
2001,500079,2,1,0,0,0,0,0,0,0,0,0,0
2001,500080,0,1,0,0,0,0,0,0,0,0,0,0
2001,500080,0,2,19,0,13,17,0,0,14,0,0,0
2001,500080,1,1,0,0,0,0,0,0,0,0,0,0
2001,500081,1,1,0,0,0,0,0,0,0,0,0,0
2001,500082,1,1,29,29,29,29,29,29,29,29,29,29
2001,500083,1,1,0,0,0,0,0,0,0,0,0,0
2001,500083,2,1,0,0,0,0,0,0,0,0,0,0
2001,500084,1,1,0,0,0,0,0,0,0,0,0,0
2001,510001,1,1,0,0,0,0,0,0,0,0,0,0
2001,510001,2,1,0,0,0,0,0,0,0,0,0,0
2001,510002,1,1,0,0,0,0,0,0,0,0,0,0
2001,510002,2,1,0,0,0,0,0,0,0,0,0,0
2001,510003,1,1,0,0,0,0,0,0,0,0,0,0
2001,510003,2,1,0,0,0,0,0,0,0,0,0,0
2001,510004,1,1,0,0,0,0,0,0,0,0,0,0
2001,510004,2,1,0,0,0,0,0,0,0,0,0,0
2001,510005,1,1,23,0,0,0,0,0,30,0,0,0
2001,510006,1,1,0,0,0,0,0,0,0,0,0,0
2001,510006,2,1,0,0,17,0,0,0,0,0,0,0
2001,510007,1,1,0,0,0,0,0,0,0,0,0,0
2001,510007,2,1,5,5,5,5,5,5,5,5,5,5
2001,510008,1,1,15,15,15,15,15,15,15,15,15,15
2001,510009,1,1,28,28,28,28,28,28,28,28,28,28
2001,510010,1,1,0,0,0,0,0,0,0,0,0,0
2001,510011,1,1,24,24,24,24,24,24,24,24,24,24
2001,510012,1,1,29,29,29,29,29,29,29,29,29,29
2001,510013,1,1,0,18,0,0,0,0,0,0,0,0
2001,510013,2,1,0,0,0,0,0,0,0,16,0,0
2001,510013,3,1,0,0,0,0,0,0,0,0,0,0
2001,510013,4,1,0,11,0,0,0,0,0,0,0,0
2001,510014,1,1,0,25,0,24,19,14,0,15,0,0
2001,510015,1,1,24,24,24,24,24,24,24,24,24,24
2001,510016,1,1,0,0,0,0,0,0,0,0,0,0
2001,510016,2,1,0,0,0,0,0,0,0,0,0,0
2001,510017,1,1,0,0,0,0,0,0,0,0,0,0
2001,510018,1,1,19,19,19,19,19,19,19,19,19,19
2001,510019,1,1,0,0,0,0,0,0,0,0,0,0
2001,510020,1,1,0,0,0,0,0,0,0,0,0,0
2001,510021,1,1,19,19,19,19,19,19,19,19,19,19
2001,510022,1,1,0,0,0,0,0,0,0,0,0,0
2001,510023,1,1,0,0,0,0,0,0,0,0,0,0
2001,510024,1,1,35,11,15,14,26,25,29,10,8,16
2001,510025,1,1,20,20,20,20,20,20,20,20,20,20
2001,510026,1,1,0,0,0,0,0,0,0,0,0,0
2001,510027,1,1,0,0,0,0,0,0,0,0,0,0
2001,510027,2,1,0,0,0,0,0,0,0,0,0,0
2001,510028,1,1,0,0,0,0,0,0,0,0,0,0
2001,510029,0,1,0,0,0,0,0,0,0,0,0,0
2001,510029,1,1,0,0,0,0,0,0,0,0,0,0
2001,510030,1,1,0,0,0,0,0,0,0,0,0,0
2001,510031,1,1,0,0,0,0,0,0,0,0,0,0
2001,510032,1,1,0,0,0,0,0,0,0,0,0,0
2001,510033,1,1,0,0,0,0,0,0,0,0,0,0
2001,510034,1,1,31,31,31,31,31,31,31,31,31,31
2001,510035,1,1,25,25,25,25,25,25,25,25,25,25
2001,510036,0,1,0,0,0,0,0,0,0,0,0,0
2001,510036,1,1,0,0,0,0,0,0,0,0,0,0
2001,510037,1,1,0,0,0,0,0,0,0,0,0,0
2001,510037,2,1,0,0,0,0,0,0,0,0,0,0
2001,510038,1,1,14,15,24,6,13,24,12,16,19,24
2001,510039,1,1,18,18,18,18,18,18,18,18,18,18
2001,510040,1,1,14,14,14,14,14,14,14,14,14,14
2001,510041,1,1,0,0,0,0,0,0,0,0,0,0
2001,510041,2,1,0,0,0,0,0,0,0,0,0,0
2001,510042,1,1,0,0,0,0,0,0,0,0,0,0
2001,510043,1,1,0,0,0,0,0,0,0,0,0,0
2001,510044,1,1,0,0,0,0,0,0,0,0,0,0
2001,510045,1,1,26,26,26,26,26,26,26,26,26,26
2001,510045,2,1,0,0,0,0,0,0,0,0,0,0
2001,510046,1,1,0,0,0,0,0,0,0,0,0,0
2001,510046,2,1,0,0,0,0,0,0,0,0,0,0
2001,510047,1,1,26,26,26,26,26,26,26,26,26,26
2001,510048,1,1,0,0,0,9,0,13,0,16,0,6
2001,510048,2,1,0,0,0,0,8,0,0,0,0,16
2001,510048,3,1,0,0,0,0,0,0,0,0,0,15
2001,510048,4,1,0,0,0,0,0,0,0,0,0,0
2001,510049,1,1,16,16,16,16,16,16,16,16,16,16
2001,510050,1,1,0,0,0,0,0,0,0,0,0,0
2001,510050,2,1,0,0,0,0,0,0,0,0,0,0
2001,510051,1,1,1,1,1,1,1,1,1,1,1,1
2001,510051,2,1,0,0,0,0,0,0,0,0,0,0
2001,510052,1,1,35,35,35,35,35,35,35,35,35,35
2001,510053,1,1,10,13,14,8,13,5,1,5,15,11
2001,510054,1,1,6,6,6,6,6,6,6,6,6,6
2001,510055,1,1,0,8,0,0,0,0,0,0,0,0
2001,510056,1,1,0,0,0,0,0,0,0,0,0,0
2001,510057,1,1,0,0,0,0,0,0,0,0,11,0
2001,510058,0,1,0,0,0,0,0,0,0,0,0,0
2001,510058,1,1,0,0,0,0,0,0,10,0,0,0
2001,510059,1,1,0,0,0,0,0,0,0,0,0,0
2001,510060,1,1,10,10,10,10,10,10,10,10,10,10
2001,510061,0,1,42,42,42,42,42,42,42,42,42,42
2001,510061,1,1,8,0,0,15,0,0,0,0,0,0
2001,510062,1,1,0,0,0,0,0,0,0,0,0,0
2001,510062,2,1,0,0,0,0,0,0,0,0,0,0
2001,510063,1,1,0,0,0,0,0,0,0,0,0,0
2001,510063,2,1,0,0,0,0,0,0,0,0,0,0
2001,510064,1,1,0,0,0,0,0,0,0,0,0,0
2001,510065,1,1,0,0,0,0,0,0,0,0,0,0
2001,510065,2,1,0,0,0,0,0,0,0,0,0,0
2001,510065,3,1,0,0,0,0,0,0,0,0,0,0
2001,510065,4,1,0,0,0,0,0,0,0,0,0,0
2001,510065,5,1,0,0,0,0,0,0,0,0,0,0
2001,510065,6,1,0,0,0,0,0,0,0,0,0,0
2001,510065,7,1,0,0,0,0,0,0,0,0,0,0
2001,510065,8,1,0,0,0,12,0,0,0,0,0,0
2001,510065,9,1,0,0,0,0,0,0,0,0,0,0
2001,510065,10,1,0,0,0,0,0,0,0,0,0,0
2001,510065,11,1,0,0,0,0,0,0,0,0,0,0
2001,510065,12,1,0,0,0,0,0,0,0,0,0,0
2001,510065,13,1,0,0,25,0,0,0,0,0,0,0
2001,510065,14,1,0,0,0,0,0,0,0,0,0,0
2001,510065,15,1,0,0,0,0,0,0,0,0,0,0
2001,510065,16,1,0,0,0,0,0,0,0,0,0,0
2001,510065,17,1,0,0,0,0,0,0,0,0,0,0
2001,510065,18,1,0,0,0,0,0,0,0,0,0,0
2001,510065,19,1,0,0,0,0,0,0,0,0,0,0
2001,510065,20,1,0,0,0,0,0,0,0,0,0,0
2001,510065,21,1,0,0,0,0,0,0,0,0,0,0
2001,510065,22,1,0,0,0,0,0,0,0,0,0,0
2001,510065,23,1,0,0,0,0,0,0,0,0,0,0