YEAR,st_case,veh_no,per_no,P1,P2,P3,P4,P5,P6,P7,P8,P9,P10
2001,510310,1,1,21,21,21,21,21,21,21,21,21,21
2001,510311,1,1,0,0,0,0,0,0,0,0,0,0
2001,510311,2,1,0,0,0,0,0,0,0,4,0,0
2001,510312,1,1,20,20,20,20,20,20,20,20,20,20
2001,510313,1,1,0,0,0,0,0,0,0,0,0,0
2001,510314,1,1,0,0,0,0,0,0,0,0,0,0
2001,510315,1,1,9,0,8,0,13,0,0,14,0,0
2001,510316,1,1,0,0,0,0,0,0,0,0,0,0
2001,510317,0,1,0,0,0,0,0,0,0,0,0,0
2001,510317,0,2,0,0,0,0,0,0,0,0,0,0
2001,510317,1,1,0,0,0,0,0,0,0,0,0,0
2001,510318,1,1,0,0,0,0,0,0,0,0,0,0
2001,510319,1,1,12,12,12,12,12,12,12,12,12,12
2001,510320,1,1,15,15,15,15,15,15,15,15,15,15
2001,510321,0,1,27,27,27,27,27,27,27,27,27,27
2001,510321,1,1,10,15,0,0,3,0,0,7,0,0
2001,510322,1,1,0,0,0,0,0,0,0,0,0,0
2001,510323,1,1,0,0,0,0,0,0,0,0,0,0
2001,510324,0,1,0,0,0,0,0,0,0,0,0,0
2001,510324,1,1,0,0,0,0,0,0,0,0,41,0
2001,510325,1,1,17,0,10,27,16,22,27,31,15,17
2001,510325,2,1,0,0,0,0,0,0,12,9,0,0
2001,510326,1,1,0,0,0,0,0,0,0,0,0,0
2001,510326,2,1,0,0,0,0,0,0,0,0,0,0
2001,510327,0,1,0,0,0,0,0,0,0,0,0,0
2001,510327,1,1,0,0,0,0,19,0,0,0,0,0
2001,510328,0,1,0,0,0,0,0,0,0,0,0,0
2001,510328,1,1,0,0,0,0,0,0,0,0,0,0
2001,510329,1,1,17,0,15,31,0,19,0,18,12,13
2001,510330,1,1,18,18,18,18,18,18,18,18,18,18
2001,510331,0,1,18,18,18,18,18,18,18,18,18,18
2001,510331,1,1,0,11,0,0,0,0,0,0,0,0
2001,510332,1,1,0,0,0,0,0,0,0,0,0,0
2001,510334,1,1,7,7,7,7,7,7,7,7,7,7
2001,510335,1,1,0,0,0,0,0,0,0,0,0,0
2001,510336,0,1,27,27,27,27,27,27,27,27,27,27
2001,510336,0,2,0,0,8,0,0,14,0,0,0,0
2001,510336,1,1,0,0,0,0,0,0,0,0,0,0
2001,510336,2,1,22,22,22,22,22,22,22,22,22,22
2001,510337,1,1,0,0,0,0,0,0,0,0,0,0
2001,510337,2,1,0,0,0,0,0,0,0,0,0,0
2001,510337,3,1,0,0,0,0,0,0,0,0,0,0
2001,510338,1,1,26,25,26,12,6,13,0,23,22,24
2001,510339,1,1,0,0,0,0,0,0,0,0,0,0
2001,510339,2,1,23,0,0,0,0,0,0,0,0,0
2001,510340,1,1,0,0,0,0,0,0,0,0,0,0
2001,510341,1,1,19,11,30,16,36,12,19,30,21,17
2001,510342,0,1,0,0,0,0,0,0,0,0,0,0
2001,510343,1,1,14,13,5,14,0,0,8,19,7,20
2001,510344,1,1,0,0,0,0,0,0,0,0,0,0
2001,510344,2,1,28,12,0,15,14,9,19,14,18,13
2001,510344,3,1,0,0,0,0,0,0,0,0,0,0
2001,510345,1,1,31,31,31,31,31,31,31,31,31,31
2001,510345,2,1,0,0,0,0,0,0,0,0,0,0
2001,510345,3,1,0,0,0,0,0,0,0,0,0,0
2001,510346,1,1,0,0,0,0,0,0,0,0,0,0
2001,510347,1,1,0,0,0,0,0,0,0,0,0,0
2001,510348,0,1,7,7,7,7,7,7,7,7,7,7
2001,510348,1,1,0,12,12,18,0,0,17,0,0,0
2001,510349,1,1,0,23,0,0,0,0,0,0,0,0
2001,510349,2,1,0,0,0,0,0,0,0,0,0,0
2001,510350,1,1,0,0,0,0,0,0,0,0,0,0
2001,510350,2,1,3,3,3,3,3,3,3,3,3,3
2001,510351,1,1,0,0,0,0,0,0,0,0,0,0
2001,510351,2,1,0,0,0,0,0,0,6,0,0,0
2001,510351,3,1,9,0,0,21,0,0,15,0,0,0
2001,510352,1,1,23,23,23,23,23,23,23,23,23,23
2001,510352,2,1,0,0,0,0,0,0,0,0,0,0
2001,510353,1,1,0,0,0,0,0,0,0,0,0,0
2001,510353,2,1,0,0,0,0,0,0,0,11,24,0
2001,510354,1,1,0,0,0,0,0,17,0,0,0,0
2001,510354,2,1,0,0,24,0,0,0,28,0,0,0
2001,510355,1,1,0,0,0,0,0,0,0,0,0,0
2001,510355,2,1,0,0,0,0,0,0,0,0,0,0
2001,510356,1,1,0,0,0,0,0,0,0,0,0,0
2001,510357,1,1,9,18,6,9,14,7,0,21,24,0
2001,510358,0,1,0,0,0,0,0,0,0,0,0,0
2001,510358,1,1,0,0,0,0,0,0,0,0,0,0
2001,510359,1,1,0,0,16,0,0,0,0,0,0,0
2001,510360,1,1,26,18,6,19,14,29,20,9,22,0
2001,510361,1,1,0,0,0,0,0,0,0,16,0,0
2001,510362,1,1,0,0,0,0,0,0,0,0,0,0
2001,510363,1,1,0,0,0,0,0,0,0,0,0,0
2001,510363,2,1,0,0,0,0,0,0,40,0,0,0
2001,510364,1,1,0,0,0,0,0,0,0,0,0,0
2001,510365,1,1,0,0,0,0,0,0,0,0,0,4
2001,510365,2,1,14,0,0,0,0,0,0,0,0,0
2001,510366,0,1,0,0,0,0,0,0,0,0,0,0
2001,510366,1,1,0,0,0,0,0,0,0,0,0,0
2001,510367,1,1,0,0,0,0,0,0,0,0,0,0
2001,510368,1,1,0,0,0,0,0,0,0,0,0,0
2001,510368,2,1,0,0,0,0,0,0,0,0,0,0
2001,510369,1,1,0,11,20,0,0,0,0,0,0,16
2001,510370,1,1,0,0,0,0,0,0,0,0,0,2
2001,510371,1,1,29,27,28,10,25,22,22,18,11,21
2001,510372,1,1,0,0,0,0,0,0,0,0,0,0
2001,510372,2,1,0,0,0,0,0,0,0,0,0,0
2001,510373,1,1,0,0,0,0,0,0,0,0,0,0
2001,510374,1,1,0,0,0,0,0,0,0,0,0,0
2001,510374,2,1,0,0,0,0,0,0,0,0,0,0
2001,510375,1,1,0,0,0,0,0,0,0,0,0,0
2001,510375,2,1,0,0,28,0,0,0,0,0,0,0
2001,510376,0,1,14,14,14,14,14,14,14,14,14,14
2001,510376,1,1,0,7,0,8,0,0,3,18,14,10
2001,510377,1,1,0,0,0,0,0,0,0,0,0,0
2001,510378,1,1,9,9,9,9,9,9,9,9,9,9
2001,510379,1,1,0,0,0,0,0,0,0,0,0,0
2001,510380,1,1,0,0,0,0,0,0,0,0,0,0
2001,510380,2,1,0,0,0,0,0,0,0,0,0,6
2001,510380,3,1,0,0,0,0,0,0,0,0,0,0
2001,510381,1,1,0,0,0,0,0,0,0,0,0,0
2001,510381,2,1,0,0,0,0,0,0,0,0,0,0
2001,510381,3,1,0,0,0,0,0,0,0,0,0,0
2001,510381,4,1,0,0,0,0,0,0,0,0,0,0
2001,510382,1,1,3,0,0,0,0,0,0,9,0,0
2001,510382,3,1,0,0,0,0,0,0,0,14,0,0
2001,510383,1,1,23,23,23,23,23,23,23,23,23,23
2001,510384,1,1,0,0,0,0,0,0,0,0,0,0
2001,510385,1,1,25,25,25,25,25,25,25,25,25,25
2001,510386,1,1,9,22,11,22,12,7,25,38,34,23
2001,510387,1,1,0,0,0,0,0,0,0,0,0,0
2001,510387,2,1,0,0,0,0,0,0,0,0,0,0
2001,510387,3,1,0,0,0,0,0,0,0,0,0,0
2001,510388,0,1,0,0,0,0,0,0,0,0,7,0
2001,510388,0,2,0,0,0,0,0,0,0,0,0,0
2001,510388,1,1,0,0,0,0,0,0,0,0,0,0
2001,510389,1,1,0,25,8,0,15,12,22,20,24,12
2001,510391,1,1,23,23,23,23,23,23,23,23,23,23
2001,510392,1,1,0,0,0,0,0,0,0,0,0,0
2001,510393,1,1,13,14,15,9,18,15,9,8,12,10
2001,510394,1,1,0,0,0,0,0,0,0,0,0,0
2001,510394,2,1,0,0,0,0,0,0,0,0,0,9
2001,510395,1,1,0,0,0,0,0,0,0,0,0,0
2001,510395,2,1,0,0,0,0,0,0,0,0,0,0
2001,510396,1,1,24,24,24,24,24,24,24,24,24,24
2001,510397,1,1,22,13,21,11,25,19,10,11,7,8
2001,510398,1,1,5,5,5,5,5,5,5,5,5,5
2001,510398,2,1,0,0,0,0,0,0,0,0,0,0
2001,510399,1,1,0,0,0,0,0,0,0,0,18,0
2001,510400,1,1,0,0,0,0,0,0,13,0,0,0
2001,510400,2,1,0,0,0,0,0,0,0,0,0,0
2001,510400,3,1,0,0,0,0,0,0,0,0,0,0
2001,510401,1,1,0,16,0,0,0,0,0,0,0,0
2001,510401,2,1,0,0,0,0,0,0,0,0,0,0
2001,510402,1,1,17,0,0,0,5,15,0,0,0,0
2001,510403,1,1,0,0,0,0,0,0,0,0,0,0
2001,510403,2,1,0,0,0,0,0,0,0,0,0,0
2001,510403,3,1,0,0,0,0,0,0,0,0,0,0
2001,510404,1,1,0,0,0,0,0,0,0,0,0,0
2001,510405,1,1,0,0,0,0,0,0,0,14,0,0
2001,510405,2,1,0,0,0,0,0,0,0,0,0,0
2001,510406,0,1,0,0,0,0,0,0,0,0,0,0
2001,510406,0,2,0,0,0,0,6,0,0,0,0,0
2001,510406,1,1,0,0,0,0,0,0,0,0,0,0
2001,510406,2,1,0,0,0,0,0,0,0,0,0,0
2001,510407,1,1,16,0,22,30,11,0,5,0,0,10
2001,510408,1,1,0,0,0,0,0,0,0,0,0,0
2001,510408,2,1,0,0,0,0,0,0,0,0,0,0
2001,510409,1,1,0,0,0,0,0,0,0,0,0,0
2001,510409,2,1,0,0,0,0,0,0,0,0,0,0
2001,510410,1,1,0,0,0,0,0,0,0,0,0,0
2001,510411,1,1,9,9,9,9,9,9,9,9,9,9
2001,510411,2,1,0,0,0,0,0,0,0,0,11,0
2001,510412,1,1,10,10,10,10,10,10,10,10,10,10
2001,510413,1,1,0,0,0,0,0,0,0,0,0,0
2001,510413,2,1,0,0,0,0,0,0,0,0,3,0
2001,510414,1,1,14,15,3,12,12,16,12,19,14,10
2001,510415,1,1,0,0,0,0,0,0,0,0,5,0
2001,510415,2,1,0,0,0,0,0,0,0,0,0,0
2001,510416,1,1,0,0,0,0,0,0,0,0,0,0
2001,510417,1,1,0,0,0,0,0,0,0,0,0,0
2001,510417,2,1,0,0,0,0,0,0,0,0,0,0
2001,510418,1,1,26,26,26,26,26,26,26,26,26,26
2001,510419,1,1,0,0,0,0,0,0,0,0,0,0
2001,510419,2,1,0,0,0,0,23,0,0,0,0,0
2001,510420,1,1,0,0,3,0,13,0,0,0,0,0
2001,510420,2,1,0,0,0,0,0,0,0,0,0,0
2001,510421,0,1,0,0,0,0,0,0,0,0,0,0
2001,510421,1,1,0,0,0,0,0,0,0,0,0,0
2001,510422,1,1,0,0,0,0,0,0,0,0,0,0
2001,510422,2,1,0,0,0,0,0,0,0,0,0,0
2001,510423,1,1,0,0,0,0,0,0,0,0,0,0
2001,510423,2,1,0,0,0,0,0,0,0,0,0,0
2001,510423,3,1,0,0,0,0,0,0,0,0,0,0
2001,510424,1,1,0,14,0,14,0,0,0,0,0,0
2001,510424,2,1,0,0,0,0,0,0,0,0,0,0
2001,510425,1,1,29,29,29,29,29,29,29,29,29,29
2001,510426,1,1,16,16,16,16,16,16,16,16,16,16
2001,510426,2,1,22,44,0,0,0,0,0,0,17,23
2001,510427,1,1,0,0,0,12,0,0,0,0,0,0
2001,510428,1,1,0,0,0,0,0,0,0,0,0,0
2001,510429,1,1,16,16,16,16,16,16,16,16,16,16
2001,510430,1,1,0,0,0,0,0,0,0,0,0,0
2001,510431,1,1,0,0,0,0,0,0,0,0,0,0
2001,510432,1,1,0,0,0,0,0,0,0,0,0,0
2001,510432,2,1,0,0,0,0,0,0,0,0,0,0
2001,510433,1,1,0,0,0,0,0,0,0,0,0,0
2001,510434,1,1,0,0,0,0,0,0,0,18,0,0
2001,510435,1,1,0,0,0,0,0,0,0,0,0,0
2001,510436,1,1,0,0,0,0,0,0,0,0,0,0
2001,510437,0,1,15,23,0,0,13,0,0,0,0,0
2001,510437,1,1,31,0,7,0,0,32,0,19,0,9
2001,510438,0,1,9,9,9,9,9,9,9,9,9,9
2001,510438,1,1,0,0,0,0,0,2,0,0,0,0
2001,510439,0,1,0,0,0,0,0,0,0,0,0,0
2001,510439,1,1,0,0,0,0,0,0,0,0,0,0
2001,510440,1,1,0,0,0,0,0,0,0,0,0,0
2001,510440,2,1,0,0,0,0,0,0,0,0,0,0
2001,510441,0,1,18,18,25,31,23,14,28,23,11,13
2001,510441,1,1,0,0,0,0,0,0,0,0,0,0
2001,510442,0,1,0,0,0,0,0,0,0,0,0,0
2001,510442,1,1,0,13,0,0,9,0,0,17,0,0
2001,510442,2,1,0,0,0,0,0,0,21,0,22,24
2001,510442,3,1,0,23,22,20,17,0,25,0,10,0
2001,510443,1,1,8,9,4,11,20,0,8,14,10,17
2001,510443,2,1,0,0,0,0,0,0,0,0,0,0
2001,510443,3,1,0,0,0,0,0,0,0,0,13,0
2001,510444,1,1,0,0,0,0,0,0,0,0,0,0
2001,510444,2,1,0,0,0,0,0,0,0,0,0,0
2001,510445,1,1,0,0,0,0,6,0,0,0,0,0
2001,510445,2,1,0,0,0,0,0,0,0,0,0,0
2001,510446,1,1,8,24,25,13,27,7,23,16,3,10
2001,510446,2,1,0,0,0,0,0,0,0,0,10,0
2001,510447,1,1,0,31,0,28,26,0,26,11,0,0
2001,510447,2,1,0,0,22,11,0,21,0,0,0,0
2001,510447,3,1,0,0,0,0,0,0,0,0,0,0
2001,510448,1,1,0,0,0,0,0,0,0,0,0,0
2001,510448,2,1,0,0,0,0,0,0,0,0,0,0
2001,510449,1,1,25,25,25,25,25,25,25,25,25,25
2001,510449,2,1,0,0,0,0,0,0,0,0,0,0
2001,510450,1,1,11,10,0,0,0,15,4,0,6,13
2001,510450,2,1,0,0,0,0,0,0,0,0,0,0
2001,510451,1,1,0,0,0,0,0,0,0,0,0,0
2001,510451,2,1,0,0,7,0,0,0,0,0,9,0
2001,510452,1,1,0,0,0,0,0,0,0,0,0,0
2001,510453,1,1,26,26,26,26,26,26,26,26,26,26
2001,510454,1,1,0,5,15,0,0,0,21,8,0,0
2001,510455,1,1,0,0,0,0,0,0,0,0,0,0
2001,510456,1,1,0,0,0,0,0,0,0,0,0,0
2001,510456,2,1,0,0,0,0,0,0,0,0,0,0
2001,510457,1,1,17,17,17,17,17,17,17,17,17,17
2001,510458,1,1,0,0,0,0,0,0,0,0,0,0
2001,510458,2,1,0,0,0,0,0,0,0,0,0,0
2001,510459,1,1,14,14,14,14,14,14,14,14,14,14
2001,510460,1,1,0,0,0,11,0,0,0,0,0,0
2001,510460,2,1,0,0,0,0,0,0,0,0,0,0
2001,510461,1,1,17,17,17,17,17,17,17,17,17,17
2001,510462,1,1,0,0,0,0,0,0,0,0,0,0
2001,510462,2,1,0,23,30,0,25,10,16,0,7,23
2001,510463,1,1,0,0,0,0,0,0,0,0,0,0
2001,510464,1,1,0,0,0,0,0,0,0,0,0,0
2001,510465,1,1,6,6,6,6,6,6,6,6,6,6
2001,510466,1,1,0,0,0,0,0,0,0,0,0,0
2001,510467,1,1,0,0,0,0,0,0,0,0,0,0
2001,510467,2,1,0,0,0,0,0,0,0,0,0,0
2001,510468,1,1,0,0,0,0,0,0,0,0,0,0
2001,510468,2,2,0,0,0,0,0,0,0,0,4,0
2001,510469,0,1,0,0,0,0,0,0,0,0,0,0
2001,510469,0,2,0,0,0,0,11,0,0,0,0,0
2001,510469,1,1,0,0,0,0,0,0,0,0,0,0
2001,510469,2,1,0,0,0,0,0,0,0,0,0,0
2001,510470,0,1,0,0,0,0,0,0,0,0,0,0
2001,510470,1,1,0,11,21,5,0,0,0,0,23,13
2001,510471,1,1,14,11,9,11,20,19,10,8,11,16
2001,510472,1,1,0,0,0,0,0,0,0,0,0,0
2001,510473,1,1,6,6,6,6,6,6,6,6,6,6
2001,510474,1,1,0,0,0,0,0,0,0,0,0,0
2001,510474,2,1,0,0,0,0,0,0,0,0,0,0
2001,510475,1,1,0,0,0,0,0,0,0,0,0,0
2001,510476,1,1,0,0,0,0,0,0,0,0,7,0
2001,510476,2,1,0,0,0,0,0,0,0,0,0,0
2001,510477,1,1,27,27,27,27,27,27,27,27,27,27
2001,510478,1,1,0,0,0,0,0,0,0,0,0,0
2001,510478,2,1,0,0,0,0,0,0,0,0,0,0
2001,510479,1,1,11,11,11,11,11,11,11,11,11,11
2001,510480,1,1,0,16,0,0,0,0,0,0,0,0
2001,510481,1,1,0,0,0,0,0,0,0,0,0,0
2001,510482,1,1,0,0,0,0,0,0,0,0,0,0
2001,510483,0,1,0,0,0,0,0,0,0,0,0,0
2001,510483,1,1,0,0,0,0,0,0,17,0,0,0
2001,510484,1,1,0,0,0,0,0,0,0,0,0,0
2001,510484,2,1,0,0,0,0,0,0,0,0,0,0
2001,510485,1,1,9,14,3,0,13,12,0,12,0,0
2001,510485,2,1,0,0,0,0,0,0,0,0,0,0
2001,510485,3,1,0,0,0,0,0,0,0,0,0,0
2001,510486,1,1,0,0,0,0,0,0,0,0,0,0
2001,510486,2,1,0,0,0,0,0,0,0,0,0,0
2001,510487,1,1,23,23,23,23,23,23,23,23,23,23
2001,510488,1,1,0,0,0,0,0,0,0,0,0,0
2001,510488,2,1,0,0,0,0,0,0,0,0,0,0
2001,510489,1,1,0,0,0,0,0,0,0,24,42,0
2001,510489,2,1,0,0,0,0,0,0,0,0,0,0
2001,510490,1,1,0,0,0,0,0,0,0,0,0,0
2001,510491,1,1,9,9,9,9,9,9,9,9,9,9
2001,510492,1,1,0,0,0,21,0,0,0,8,0,9
2001,510492,2,1,17,17,17,17,17,17,17,17,17,17
2001,510493,1,1,0,0,0,0,0,0,0,0,0,0
2001,510494,1,1,0,0,24,0,10,29,10,0,29,20
2001,510494,2,1,0,0,0,0,0,0,0,0,0,0
2001,510495,1,1,8,8,8,8,8,8,8,8,8,8
2001,510496,1,1,0,0,0,0,0,0,0,0,0,0
2001,510497,1,1,38,27,25,31,40,19,25,27,4,13
2001,510498,0,1,9,21,20,28,30,23,10,58,13,33
2001,510498,1,1,0,0,0,0,0,0,0,0,0,0
2001,510499,1,1,0,0,0,0,0,0,0,0,0,0
2001,510499,2,1,0,0,0,0,0,0,0,0,0,0
2001,510499,3,1,0,0,0,0,0,0,0,0,0,0
2001,510500,1,1,0,0,0,0,0,0,0,0,0,0
2001,510500,2,1,0,0,0,0,0,0,0,0,0,0
2001,510501,1,1,0,0,0,0,0,0,0,0,0,0
2001,510502,1,1,0,0,0,0,0,0,0,0,0,0
2001,510503,1,1,0,0,17,12,0,0,14,0,8,0
2001,510503,2,1,12,11,12,6,24,5,29,5,15,16
2001,510504,1,1,0,0,0,0,0,0,0,0,0,0
2001,510505,1,1,0,0,0,0,0,0,0,0,0,0
2001,510505,2,1,0,0,15,0,0,0,0,0,0,0
2001,510505,3,1,0,0,0,0,0,0,0,0,0,0
2001,510506,1,1,13,11,11,15,27,32,9,14,23,24
2001,510507,1,1,16,16,16,16,16,16,16,16,16,16
2001,510507,2,1,0,0,0,5,0,0,0,10,0,0
2001,510508,0,1,0,0,0,0,0,0,0,0,0,0
2001,510508,1,1,0,0,0,0,0,0,0,0,0,0
2001,510509,1,1,0,0,0,0,0,0,0,0,0,0
2001,510510,1,1,0,0,0,0,0,0,0,0,0,0
2001,510511,0,1,4,4,4,4,4,4,4,4,4,4
2001,510511,1,1,0,0,18,0,15,9,47,29,0,0
2001,510512,1,1,0,0,0,0,0,0,0,0,0,0
2001,510512,2,1,0,0,0,23,7,0,20,0,0,0
2001,510513,1,1,0,0,0,0,0,0,0,0,0,0
2001,510513,2,1,0,0,0,0,0,0,0,0,0,0
2001,510514,1,1,0,0,0,0,0,0,0,0,0,0
2001,510515,1,1,0,0,0,0,0,0,0,0,0,0
2001,510515,2,1,0,0,0,0,0,0,0,0,0,0
2001,510516,0,1,0,0,0,0,0,0,0,0,0,0
2001,510516,1,1,0,0,0,0,0,0,0,0,0,0
2001,510517,1,1,0,0,0,0,0,0,0,0,0,0
2001,510518,0,1,0,0,0,0,0,0,0,0,0,0
2001,510518,1,1,0,0,0,0,0,0,0,0,0,0
2001,510519,1,1,0,0,10,0,5,0,0,0,0,0
2001,510520,1,1,0,0,0,0,0,0,0,0,0,0
2001,510520,2,1,0,0,0,0,0,0,0,0,0,0
2001,510521,1,1,0,0,0,0,0,0,0,0,0,0
2001,510522,0,1,16,16,16,16,16,16,16,16,16,16
2001,510522,1,1,0,0,0,0,0,0,0,0,0,0
2001,510523,1,1,0,0,0,0,0,19,0,0,16,20
2001,510524,1,1,0,0,0,0,0,0,0,0,0,0
2001,510524,2,1,0,0,0,0,0,0,0,0,0,0
2001,510524,3,1,0,0,0,0,0,0,0,0,0,13
2001,510525,1,1,0,0,0,0,0,0,0,0,0,0
2001,510525,2,1,0,0,0,0,0,0,0,0,0,0
2001,510526,0,1,22,22,22,22,22,22,22,22,22,22
2001,510526,1,1,0,0,0,0,0,0,0,17,0,0
2001,510527,1,1,0,32,18,11,7,0,11,13,7,18
2001,510527,2,1,0,0,0,0,0,0,0,0,0,0
2001,510528,1,1,0,0,0,0,0,0,0,0,0,0
2001,510528,2,1,19,20,8,21,19,16,9,9,20,9
2001,510529,1,1,0,0,0,0,0,0,0,0,0,0
2001,510530,1,1,23,15,14,12,16,3,5,24,22,28
2001,510531,1,1,0,0,0,0,0,0,0,0,0,0
2001,510531,2,1,0,0,0,0,0,0,0,0,0,0
2001,510532,1,1,0,0,0,0,0,0,0,0,8,0
2001,510532,2,1,0,0,0,0,0,0,0,0,0,0
2001,510533,1,1,22,22,22,22,22,22,22,22,22,22
2001,510534,0,1,0,0,0,0,0,0,0,0,0,0
2001,510534,1,1,0,0,0,0,0,0,9,0,0,24
2001,510535,1,1,29,29,29,29,29,29,29,29,29,29
2001,510536,1,1,0,0,0,0,0,0,0,0,0,0
2001,510537,1,1,9,11,25,8,5,3,9,9,0,25
2001,510537,2,1,0,0,0,0,0,0,0,0,0,10
2001,510537,3,1,0,0,0,0,0,0,0,0,0,0
2001,510538,1,1,29,29,29,29,29,29,29,29,29,29
2001,510539,1,1,0,0,0,0,0,0,0,0,0,0
2001,510540,1,1,0,0,0,0,0,0,0,0,0,0
2001,510541,1,1,0,0,0,0,0,0,0,0,0,0
2001,510541,2,1,0,0,0,0,0,0,0,0,0,0
2001,510542,1,1,7,7,7,7,7,7,7,7,7,7
2001,510543,1,1,57,57,57,57,57,57,57,57,57,57
2001,510544,1,1,0,0,0,0,0,0,0,0,0,0
2001,510545,0,1,0,0,0,0,0,0,0,0,0,0
2001,510545,1,1,0,0,0,0,0,0,0,0,0,0
2001,510546,1,1,0,0,0,0,0,0,0,0,0,0
2001,510546,2,1,0,0,0,0,0,0,0,0,0,0
2001,510547,1,1,0,0,0,0,0,0,0,0,0,0
2001,510547,2,1,0,0,0,0,0,0,0,0,0,0
2001,510548,1,1,22,22,22,22,22,22,22,22,22,22
2001,510549,1,1,0,0,0,0,0,0,0,0,0,0
2001,510549,2,1,12,16,0,23,13,16,16,0,0,30
2001,510550,1,1,0,0,0,0,0,0,0,0,0,0
2001,510551,1,1,18,18,18,18,18,18,18,18,18,18
2001,510552,1,1,0,0,0,0,0,0,0,0,0,0
2001,510553,1,1,0,0,0,0,0,0,0,0,0,0
2001,510553,2,1,0,0,0,0,0,0,0,0,0,0
2001,510554,0,1,26,26,26,26,26,26,26,26,26,26
2001,510554,1,1,24,0,23,17,8,0,0,0,0,17
2001,510555,1,1,0,3,10,0,0,0,0,0,0,0
2001,510556,1,1,0,0,0,0,0,0,0,0,0,0
2001,510556,2,1,0,0,0,0,13,0,0,0,0,0
2001,510557,1,1,10,26,14,19,6,28,15,30,18,21
2001,510558,1,1,0,0,0,0,0,0,0,0,8,0
2001,510559,1,1,0,0,0,0,0,0,0,0,0,0
2001,510559,2,1,0,0,0,0,0,0,0,0,0,0
2001,510560,1,1,15,15,15,15,15,15,15,15,15,15
2001,510560,2,1,0,0,0,0,0,0,0,0,0,0
2001,510561,1,1,0,0,0,0,0,0,0,0,0,0
2001,510561,2,1,0,0,0,0,0,0,0,0,0,0
2001,510562,1,1,0,0,0,0,0,0,0,0,0,0
2001,510562,2,1,0,0,0,0,0,0,0,0,0,0
2001,510563,1,1,17,0,0,0,0,0,0,24,28,0
2001,510563,2,1,0,0,0,0,14,0,0,0,0,0
2001,510563,3,1,0,0,0,11,0,0,0,0,0,0
2001,510564,1,1,39,39,39,39,39,39,39,39,39,39
2001,510564,2,1,0,0,0,0,0,0,0,0,0,0
2001,510565,1,1,15,17,15,14,14,15,10,0,25,16
2001,510565,2,1,0,0,0,0,0,0,0,0,0,0
2001,510566,1,1,0,0,0,0,0,0,0,0,0,0
2001,510567,1,1,16,0,0,0,0,0,0,0,0,0
2001,510568,1,1,0,0,0,0,0,0,0,0,0,0
2001,510569,1,1,15,0,0,0,0,0,0,20,0,0
2001,510569,2,1,0,0,0,0,22,0,0,0,13,0
2001,510570,1,1,11,8,9,10,11,4,8,11,10,0
2001,510571,1,1,0,0,0,0,0,0,0,0,0,0
2001,510572,1,1,13,16,0,0,0,0,0,0,0,0
2001,510573,1,1,12,20,9,16,8,0,0,17,10,0
2001,510574,0,1,0,0,0,0,0,0,0,0,0,0
2001,510574,0,2,0,0,36,20,22,0,9,0,0,7
2001,510574,1,1,13,18,7,7,11,8,25,27,6,8
2001,510575,1,1,0,0,0,0,0,0,0,0,0,0
2001,510576,1,1,0,0,0,0,0,0,0,0,0,0
2001,510577,0,1,18,30,4,13,6,14,0,24,29,11
2001,510577,1,1,12,12,2,0,0,6,3,0,13,0
2001,510578,1,1,0,0,0,0,0,0,0,0,0,0
2001,510578,2,1,0,0,0,0,0,0,0,0,0,0
2001,510579,1,1,0,0,0,0,0,0,0,0,0,0
2001,510580,1,1,0,0,0,0,0,0,0,0,0,0
2001,510580,2,1,0,0,0,0,0,0,0,0,0,0
2001,510581,1,1,0,0,0,0,0,0,0,0,0,0
2001,510581,2,1,0,0,0,0,0,0,0,0,0,0
2001,510582,0,1,0,0,0,0,0,0,0,0,0,0
2001,510582,1,1,0,0,0,6,0,0,0,9,11,0
2001,510583,1,1,19,27,0,0,12,12,13,25,10,27
2001,510584,1,1,0,0,0,0,0,0,0,0,0,0
2001,510584,2,1,0,0,0,0,0,0,0,0,0,0
2001,510585,1,1,25,8,20,6,3,10,9,14,4,0
2001,510585,2,1,0,0,25,0,0,0,0,0,0,17
2001,510586,1,1,0,0,0,0,0,11,0,0,0,0
2001,510586,2,1,0,0,0,0,0,0,0,0,0,0
2001,510587,1,1,0,0,0,0,0,0,0,0,0,0
2001,510587,2,1,0,0,0,0,0,0,0,0,0,0
2001,510588,1,1,0,0,0,0,0,0,0,0,0,0
2001,510589,1,1,17,17,17,17,17,17,17,17,17,17
2001,510590,1,1,0,0,0,0,0,0,0,0,0,0
2001,510591,1,1,16,0,0,13,8,0,42,11,22,0
2001,510592,0,1,0,0,0,0,0,0,0,0,0,0
2001,510592,1,1,0,0,0,0,0,0,0,0,0,0
2001,510593,1,1,0,0,0,0,0,0,0,0,0,0
2001,510593,2,1,0,0,0,0,0,0,0,0,0,0
2001,510594,1,1,0,0,0,0,0,0,0,0,0,0
2001,510594,2,1,0,0,0,0,0,0,0,0,0,0
2001,510595,0,1,28,28,28,28,28,28,28,28,28,28
2001,510595,1,1,0,0,6,0,0,0,0,0,16,23
2001,510596,0,1,0,0,0,0,0,0,0,0,0,0
2001,510596,1,1,0,0,0,0,0,0,0,0,18,0