YEAR,st_case,veh_no,per_no,P1,P2,P3,P4,P5,P6,P7,P8,P9,P10
2001,530025,2,1,0,0,0,0,0,0,0,0,0,0
2001,530026,0,1,11,11,11,11,11,11,11,11,11,11
2001,530026,1,1,0,0,0,0,0,0,0,0,0,0
2001,530027,0,1,17,11,0,18,16,39,11,12,8,0
2001,530027,0,2,20,20,20,20,20,20,20,20,20,20
2001,530027,1,1,0,0,0,0,2,0,0,0,0,0
2001,530028,1,1,28,28,28,28,28,28,28,28,28,28
2001,530029,1,1,10,10,10,10,10,10,10,10,10,10
2001,530030,1,1,0,0,0,0,0,0,0,0,0,0
2001,530030,2,1,0,0,0,0,0,0,18,0,0,0
2001,530031,1,1,22,22,22,22,22,22,22,22,22,22
2001,530032,1,1,17,17,17,17,17,17,17,17,17,17
2001,530033,1,1,0,0,0,0,0,0,0,0,0,0
2001,530033,2,1,0,0,0,0,0,0,0,0,0,0
2001,530034,1,1,20,20,20,20,20,20,20,20,20,20
2001,530035,1,1,0,0,0,0,0,0,0,0,0,0
2001,530036,1,1,2,2,2,2,2,2,2,2,2,2
2001,530037,1,1,0,0,0,0,0,0,0,0,0,0
2001,530037,2,1,0,0,0,0,0,0,0,0,0,0
2001,530038,0,1,0,0,0,0,0,0,0,0,0,0
2001,530038,1,1,0,0,0,0,0,0,0,0,0,0
2001,530039,1,1,0,0,0,0,0,0,0,0,0,0
2001,530039,2,1,0,0,15,0,0,0,0,0,0,0
2001,530040,0,1,0,0,0,0,0,0,0,0,0,0
2001,530040,1,1,0,0,0,0,0,0,0,0,0,0
2001,530041,1,1,10,10,10,10,10,10,10,10,10,10
2001,530041,2,1,0,0,0,0,0,0,0,0,0,0
2001,530042,1,1,34,34,34,34,34,34,34,34,34,34
2001,530043,0,1,5,5,5,5,5,5,5,5,5,5
2001,530043,1,1,0,0,0,0,0,0,0,0,0,0
2001,530044,1,1,5,5,5,5,5,5,5,5,5,5
2001,530045,1,1,0,0,0,0,0,0,0,0,0,0
2001,530045,2,1,0,0,0,0,0,0,0,0,0,0
2001,530045,3,1,0,0,0,0,0,0,0,0,0,0
2001,530045,4,1,0,0,0,0,0,0,0,0,0,0
2001,530045,5,1,0,0,0,0,0,0,0,0,0,0
2001,530045,6,1,0,0,0,0,0,0,0,0,0,0
2001,530045,7,1,0,0,0,0,0,0,0,0,0,0
2001,530046,1,1,0,0,0,0,0,0,0,0,0,0
2001,530046,2,1,0,0,0,0,0,0,0,0,0,0
2001,530047,1,1,0,0,0,0,0,0,0,0,15,14
2001,530047,2,1,0,0,0,0,0,0,0,0,0,0
2001,530047,3,1,0,0,0,0,0,0,0,0,0,0
2001,530047,4,1,0,0,0,0,0,20,0,0,0,0
2001,530048,1,1,0,18,0,0,0,0,0,0,0,0
2001,530048,2,1,0,0,0,0,0,0,0,0,0,0
2001,530049,1,1,17,17,17,17,17,17,17,17,17,17
2001,530050,1,1,19,19,19,19,19,19,19,19,19,19
2001,530052,1,1,0,0,0,0,0,0,10,0,0,0
2001,530052,2,1,5,5,5,5,5,5,5,5,5,5
2001,530053,1,1,0,0,0,0,0,0,0,0,0,0
2001,530053,2,1,0,0,0,0,0,18,0,0,0,0
2001,530054,1,1,17,17,17,17,17,17,17,17,17,17
2001,530055,1,1,0,0,0,0,0,0,0,0,0,0
2001,530055,2,1,0,0,0,0,0,0,0,0,0,0
2001,530055,3,1,0,0,0,0,0,0,0,0,0,0
2001,530057,1,1,9,9,9,9,9,9,9,9,9,9
2001,530057,2,1,9,9,9,9,9,9,9,9,9,9
2001,530058,1,1,0,0,0,0,0,0,13,0,0,0
2001,530058,2,1,0,0,0,0,0,0,0,0,0,0
2001,530059,1,1,0,0,0,0,0,0,0,0,0,0
2001,530060,1,1,0,0,0,0,0,0,0,0,0,0
2001,530060,2,1,0,0,0,0,0,0,0,0,0,0
2001,530061,0,1,0,0,0,0,0,0,0,0,0,0
2001,530061,1,1,19,0,0,0,0,0,0,0,0,0
2001,530062,1,1,0,0,0,0,0,7,0,0,0,0
2001,530062,2,1,0,0,0,0,0,0,0,0,0,0
2001,530063,1,1,21,21,21,21,21,21,21,21,21,21
2001,530064,1,1,0,0,0,0,0,0,0,0,0,0
2001,530065,1,1,0,0,0,0,0,0,0,0,0,0
2001,530065,2,1,0,0,0,0,0,0,0,0,0,0
2001,530066,1,1,9,9,9,9,9,9,9,9,9,9
2001,530067,0,1,24,24,24,24,24,24,24,24,24,24
2001,530067,1,1,0,0,0,0,3,7,0,0,0,0
2001,530068,1,1,0,0,0,0,0,0,0,0,0,0
2001,530069,0,1,2,2,2,2,2,2,2,2,2,2
2001,530069,1,1,12,12,12,12,12,12,12,12,12,12
2001,530070,1,1,0,0,0,0,0,0,0,0,0,0
2001,530071,1,1,12,12,12,12,12,12,12,12,12,12
2001,530071,2,1,0,0,0,0,0,0,0,0,0,0
2001,530072,1,1,0,0,0,0,0,0,0,0,0,0
2001,530073,1,1,28,28,28,28,28,28,28,28,28,28
2001,530074,1,1,0,0,0,0,0,0,0,0,0,0
2001,530075,1,1,16,16,16,16,16,16,16,16,16,16
2001,530075,2,1,0,0,0,0,0,0,0,0,0,0
2001,530076,1,1,13,13,13,13,13,13,13,13,13,13
2001,530076,2,1,0,0,0,0,0,0,0,0,0,0
2001,530077,1,1,0,0,0,0,0,0,0,0,0,0
2001,530078,0,1,13,58,16,20,17,32,37,0,19,20
2001,530078,1,1,0,0,0,0,0,0,0,0,0,0
2001,530079,1,1,0,0,0,0,0,0,0,0,0,0
2001,530080,1,1,17,0,0,0,17,0,14,0,10,12
2001,530081,1,1,25,25,25,25,25,25,25,25,25,25
2001,530082,1,1,0,17,0,0,0,0,0,0,0,0
2001,530082,2,1,0,0,0,0,0,0,0,0,0,0
2001,530083,1,1,0,0,0,0,0,0,0,0,0,0
2001,530084,1,1,0,0,0,0,0,0,0,0,0,0
2001,530084,2,1,0,0,0,0,0,0,0,0,0,0
2001,530085,1,1,0,0,0,0,0,0,0,0,0,0
2001,530085,2,1,0,0,0,0,0,0,0,0,0,0
2001,530085,3,1,0,0,0,0,0,0,0,0,0,0
2001,530086,1,1,0,0,0,0,0,0,0,0,0,0
2001,530087,1,1,19,19,19,19,19,19,19,19,19,19
2001,530088,0,1,0,0,0,0,0,0,0,0,0,0
2001,530088,1,1,0,0,0,0,0,0,0,0,0,0
2001,530089,1,1,21,21,21,21,21,21,21,21,21,21
2001,530090,1,1,30,30,30,30,30,30,30,30,30,30
2001,530090,2,1,0,0,0,0,0,0,0,0,0,0
2001,530091,1,1,0,0,0,0,0,0,0,0,0,0
2001,530092,1,1,30,30,30,30,30,30,30,30,30,30
2001,530093,1,1,15,15,15,15,15,15,15,15,15,15
2001,530094,1,1,39,39,39,39,39,39,39,39,39,39
2001,530095,1,1,0,0,0,0,0,0,0,0,0,0
2001,530095,2,1,0,0,0,0,0,0,0,0,0,0
2001,530096,0,1,27,27,27,27,27,27,27,27,27,27
2001,530096,1,1,0,0,0,10,0,0,0,0,0,0
2001,530097,1,1,0,11,11,11,0,5,0,0,0,0
2001,530098,1,1,0,0,0,0,0,0,0,0,0,0
2001,530098,2,1,0,0,0,0,0,0,0,0,0,0
2001,530099,1,1,2,2,2,2,2,2,2,2,2,2
2001,530099,2,1,0,0,0,0,0,0,0,0,0,0
2001,530100,1,1,0,0,0,0,0,0,0,0,0,0
2001,530101,1,1,12,12,12,12,12,12,12,12,12,12
2001,530102,1,1,10,10,10,10,10,10,10,10,10,10
2001,530103,1,1,0,0,0,0,0,0,0,0,0,0
2001,530103,2,1,0,0,0,0,0,0,0,0,0,0
2001,530103,3,1,0,0,0,0,0,0,0,0,0,0
2001,530104,1,1,26,23,0,0,0,0,0,35,9,0
2001,530105,0,1,21,21,21,21,21,21,21,21,21,21
2001,530105,1,1,0,0,5,14,15,0,0,0,21,7
2001,530106,1,1,0,0,0,0,0,0,0,0,0,0
2001,530107,1,1,0,0,0,0,0,0,0,4,26,0
2001,530108,1,1,0,0,0,0,0,0,0,0,0,0
2001,530109,1,1,21,21,21,21,21,21,21,21,21,21
2001,530110,1,1,0,0,0,0,0,0,0,0,0,0
2001,530111,1,1,0,0,0,0,0,0,0,0,0,0
2001,530111,2,1,0,0,0,0,0,0,0,0,0,0
2001,530112,0,1,0,0,23,0,0,0,24,0,0,5
2001,530112,0,2,0,0,0,0,0,0,0,0,0,0
2001,530112,1,1,0,0,0,0,0,0,0,0,0,0
2001,530113,1,1,0,0,0,0,0,0,0,15,0,0
2001,530114,1,1,13,13,13,13,13,13,13,13,13,13
2001,530114,2,1,8,8,8,8,8,8,8,8,8,8
2001,530115,1,1,0,0,0,0,0,0,0,0,0,0
2001,530116,1,1,0,0,0,0,0,9,0,0,0,0
2001,530117,1,1,20,20,20,20,20,20,20,20,20,20
2001,530118,1,1,0,0,0,0,0,0,0,0,0,0
2001,530118,2,1,0,0,0,0,0,0,0,0,0,0
2001,530118,3,1,0,0,0,0,0,0,0,0,0,0
2001,530119,1,1,20,20,20,20,20,20,20,20,20,20
2001,530120,1,1,0,0,0,0,0,0,0,0,0,0
2001,530121,1,1,12,12,12,12,12,12,12,12,12,12
2001,530122,1,1,0,0,0,0,0,0,0,0,0,0
2001,530122,2,1,0,0,0,0,0,0,0,0,0,0
2001,530123,1,1,0,0,0,0,0,0,0,0,0,0
2001,530123,2,1,0,0,0,0,0,0,0,0,0,0
2001,530124,1,1,0,0,0,0,0,0,0,0,0,0
2001,530124,2,1,0,0,0,0,0,0,0,0,0,0
2001,530125,1,1,0,0,0,0,0,0,0,0,0,0
2001,530125,2,1,0,0,0,0,0,0,0,0,0,0
2001,530125,3,1,0,0,0,0,0,0,8,0,0,0
2001,530125,4,1,0,0,0,0,0,0,0,0,0,0
2001,530126,1,1,0,0,0,0,0,0,0,0,0,0
2001,530126,2,1,0,0,0,0,0,0,0,0,0,0
2001,530127,1,1,0,0,18,0,0,0,0,0,0,0
2001,530127,2,1,0,0,0,0,0,0,0,0,0,0
2001,530128,1,1,8,8,8,8,8,8,8,8,8,8
2001,530129,1,1,0,0,0,0,0,0,0,0,0,0
2001,530130,1,1,22,22,22,22,22,22,22,22,22,22
2001,530130,2,1,0,0,0,0,0,0,0,0,0,0
2001,530131,0,1,30,27,22,23,19,17,0,24,22,29
2001,530131,1,1,0,0,0,0,0,0,0,0,0,0
2001,530132,1,1,0,0,0,0,0,0,0,0,0,0
2001,530132,2,1,0,0,0,0,0,0,0,0,0,0
2001,530133,1,1,0,5,0,0,14,8,0,27,11,20
2001,530134,0,1,24,24,24,24,24,24,24,24,24,24
2001,530134,1,1,0,0,0,0,0,0,0,0,0,0
2001,530135,1,1,0,0,0,0,0,0,0,0,0,0
2001,530136,0,1,0,0,0,0,0,0,0,0,0,0
2001,530136,1,1,0,0,0,0,0,0,0,0,0,0
2001,530137,1,1,25,25,25,25,25,25,25,25,25,25
2001,530138,1,1,0,0,0,0,0,0,0,0,0,0
2001,530140,1,1,12,12,12,12,12,12,12,12,12,12
2001,530141,0,1,20,20,20,20,20,20,20,20,20,20
2001,530141,1,1,20,20,20,20,20,20,20,20,20,20
2001,530142,1,1,0,0,0,0,0,0,0,0,0,0
2001,530142,2,1,0,0,0,0,0,0,0,0,0,0
2001,530143,1,1,0,0,0,0,0,10,0,0,0,21
2001,530144,1,1,0,0,0,0,0,0,0,0,0,0
2001,530144,2,1,0,0,0,0,0,0,0,0,0,0
2001,530145,1,1,0,0,0,0,0,0,0,0,0,0
2001,530145,2,1,0,0,0,0,0,0,0,0,0,0
2001,530146,1,1,1,1,1,1,1,1,1,1,1,1
2001,530147,0,1,0,0,0,0,0,0,0,0,0,0
2001,530147,1,1,0,0,0,0,0,0,0,12,28,0
2001,530148,1,1,12,12,12,12,12,12,12,12,12,12
2001,530149,1,1,0,0,0,0,0,0,0,0,0,0
2001,530150,0,1,4,4,4,4,4,4,4,4,4,4
2001,530150,1,1,0,0,0,0,0,0,0,0,0,0
2001,530151,1,1,0,0,0,0,0,0,0,0,0,0
2001,530151,2,1,0,0,0,0,0,0,0,0,0,0
2001,530152,1,1,29,29,29,29,29,29,29,29,29,29
2001,530152,2,1,19,19,19,19,19,19,19,19,19,19
2001,530153,1,1,28,28,28,28,28,28,28,28,28,28
2001,530154,1,1,0,0,0,0,0,0,0,0,0,0
2001,530155,1,1,0,0,0,0,0,0,0,0,0,0
2001,530155,2,1,0,0,0,0,0,0,0,0,0,0
2001,530156,0,1,0,0,0,0,0,0,0,0,0,0
2001,530156,1,1,0,0,0,0,0,0,0,0,0,0
2001,530157,1,1,0,0,0,0,0,0,0,0,0,0
2001,530158,1,1,0,0,0,0,0,0,0,0,0,0
2001,530158,2,1,0,0,0,0,0,0,0,0,0,0
2001,530159,0,1,0,0,0,0,0,0,0,0,0,0
2001,530159,0,2,0,0,8,0,0,0,0,0,0,11
2001,530159,1,1,0,0,0,0,0,0,0,0,0,0
2001,530160,1,1,0,0,0,0,0,0,0,0,0,0
2001,530160,2,1,3,3,3,3,3,3,3,3,3,3
2001,530161,1,1,0,0,0,0,0,0,0,0,0,0
2001,530161,2,1,0,0,0,0,0,0,0,0,0,0
2001,530162,1,1,16,16,16,16,16,16,16,16,16,16
2001,530163,1,1,0,0,0,0,0,0,0,0,0,0
2001,530163,2,1,0,0,0,0,0,0,0,0,0,0
2001,530164,1,1,32,32,32,32,32,32,32,32,32,32
2001,530165,1,1,0,0,0,3,0,0,0,0,0,0
2001,530165,2,1,0,0,0,0,0,0,0,0,0,0
2001,530165,3,1,0,0,0,0,0,0,0,0,0,0
2001,530166,1,1,0,12,0,0,0,0,0,0,0,0
2001,530167,1,1,0,0,0,0,0,0,0,0,0,0
2001,530167,2,1,0,0,0,0,0,0,0,0,0,0
2001,530168,1,1,0,0,0,0,0,0,0,0,0,0
2001,530168,2,1,12,15,0,0,0,0,0,0,0,0
2001,530169,0,1,0,0,0,0,0,7,0,0,0,0
2001,530169,1,1,0,0,0,0,0,0,0,0,0,0
2001,530170,1,1,19,19,19,19,19,19,19,19,19,19
2001,530171,1,1,9,9,9,9,9,9,9,9,9,9
2001,530172,1,1,0,0,0,0,0,0,0,0,0,0
2001,530173,1,1,0,0,0,0,0,0,0,0,0,0
2001,530174,1,1,14,0,0,0,0,0,5,0,0,0
2001,530174,2,1,0,0,0,0,0,0,0,0,0,0
2001,530175,0,1,0,0,0,0,0,0,0,0,0,0
2001,530175,1,1,0,0,0,0,0,0,0,0,0,0
2001,530176,1,1,0,0,0,0,0,0,0,0,0,0
2001,530177,1,1,19,19,19,19,19,19,19,19,19,19
2001,530178,1,1,0,7,0,0,0,0,0,0,0,0
2001,530178,2,1,0,0,0,0,0,0,0,0,0,0
2001,530179,1,1,11,11,11,11,11,11,11,11,11,11
2001,530179,2,1,0,0,0,0,0,0,0,0,0,0
2001,530180,1,1,37,37,37,37,37,37,37,37,37,37
2001,530181,1,1,0,0,0,0,0,0,11,0,0,0
2001,530182,1,1,0,0,0,0,0,0,0,0,0,0
2001,530183,0,1,0,0,0,0,0,0,0,0,0,0
2001,530183,1,1,0,0,0,0,0,0,0,0,0,0
2001,530184,1,1,0,0,0,0,0,0,0,0,0,0
2001,530184,2,1,0,0,0,0,0,0,0,0,0,0
2001,530185,1,1,0,0,0,0,0,0,0,0,0,0
2001,530185,2,1,0,0,0,0,0,0,34,0,0,0
2001,530186,1,1,0,0,0,0,0,0,0,0,0,0
2001,530186,2,1,0,0,0,0,0,0,0,0,0,0
2001,530187,1,1,0,0,0,0,0,0,0,0,0,0
2001,530188,1,1,0,0,0,0,0,0,0,0,0,0
2001,530189,1,1,17,17,17,17,17,17,17,17,17,17
2001,530190,1,1,0,0,0,0,0,0,0,0,0,0
2001,530190,2,1,0,0,0,0,0,0,0,0,0,0
2001,530191,1,1,16,16,16,16,16,16,16,16,16,16
2001,530192,1,1,0,0,0,0,0,0,0,0,0,0
2001,530192,2,1,0,0,0,0,0,0,0,0,0,0
2001,530193,1,1,20,20,20,20,20,20,20,20,20,20
2001,530193,2,1,0,0,0,0,0,0,0,0,0,0
2001,530194,1,1,0,0,0,0,0,0,0,0,0,0
2001,530194,2,1,0,0,0,0,0,0,0,0,0,0
2001,530195,1,1,31,31,31,31,31,31,31,31,31,31
2001,530196,1,1,8,8,8,8,8,8,8,8,8,8
2001,530197,1,1,0,0,0,0,0,0,0,0,0,0
2001,530197,2,1,7,0,0,0,0,0,0,0,0,0
2001,530198,1,1,0,0,0,0,0,0,0,0,0,0
2001,530199,0,1,28,28,28,28,28,28,28,28,28,28
2001,530199,1,1,0,0,0,0,0,0,0,0,0,0
2001,530200,0,1,0,0,0,0,0,0,0,0,0,0
2001,530200,1,1,0,0,0,0,0,0,0,0,0,0
2001,530201,1,1,0,0,0,0,0,0,0,0,0,0
2001,530201,2,1,0,0,0,0,0,0,0,0,0,0
2001,530202,1,1,0,0,0,0,0,0,0,0,0,0
2001,530203,1,1,0,0,0,0,0,0,0,0,0,0
2001,530204,1,1,0,0,0,0,0,0,0,0,0,0
2001,530204,2,1,0,0,0,0,0,0,0,0,0,0
2001,530204,3,1,4,0,0,0,0,0,0,0,4,0
2001,530205,1,1,18,18,18,18,18,18,18,18,18,18
2001,530206,1,1,14,14,14,14,14,14,14,14,14,14
2001,530206,2,1,0,0,0,0,0,34,0,0,0,0
2001,530207,1,1,0,0,0,0,0,0,0,0,0,0
2001,530208,1,1,18,18,18,18,18,18,18,18,18,18
2001,530209,1,1,10,10,10,10,10,10,10,10,10,10
2001,530210,1,1,9,9,9,9,9,9,9,9,9,9
2001,530210,2,1,0,0,0,0,0,0,0,0,0,0
2001,530211,1,1,0,0,0,0,15,0,0,0,0,0
2001,530213,1,1,0,0,0,0,0,0,0,0,0,0
2001,530213,2,1,0,0,0,0,0,0,0,0,0,0
2001,530214,1,1,0,0,0,0,0,0,0,0,0,0
2001,530214,2,1,0,0,0,0,0,0,0,0,0,0
2001,530215,1,1,0,0,0,0,0,0,0,0,0,0
2001,530215,2,1,12,0,0,0,0,0,0,0,0,0
2001,530216,1,1,6,6,6,6,6,6,6,6,6,6
2001,530216,2,1,0,0,0,0,0,0,0,0,0,0
2001,530217,1,1,0,0,0,0,0,0,0,0,0,0
2001,530218,1,1,0,0,0,0,0,0,0,0,0,0
2001,530218,2,1,0,0,0,0,0,0,0,0,0,0
2001,530219,0,1,0,0,0,0,0,0,0,0,0,0
2001,530219,1,1,0,0,0,0,0,0,0,0,0,0
2001,530220,0,1,0,0,0,0,0,0,0,0,0,0
2001,530220,1,1,0,0,0,0,0,0,0,0,0,0
2001,530221,1,1,4,4,4,4,4,4,4,4,4,4
2001,530222,1,1,0,0,0,0,0,0,0,0,0,0
2001,530222,2,1,0,0,0,0,0,0,0,0,0,0
2001,530223,1,1,0,0,0,0,0,0,0,0,0,0
2001,530223,2,1,0,0,0,0,0,0,0,0,0,0
2001,530224,1,1,0,0,0,0,0,0,0,0,0,0
2001,530224,2,1,0,0,0,0,0,0,0,0,0,0
2001,530225,1,1,9,9,9,9,9,9,9,9,9,9
2001,530225,2,1,0,0,0,0,0,0,0,0,0,0
2001,530225,3,1,0,0,0,0,0,0,0,0,0,0
2001,530226,1,1,10,25,33,6,3,15,15,14,8,8
2001,530226,2,1,0,21,11,0,0,0,0,0,0,0
2001,530226,3,1,0,14,0,0,19,0,22,16,0,27
2001,530226,4,1,26,0,0,0,0,0,0,0,17,0
2001,530227,1,1,7,7,7,7,7,7,7,7,7,7
2001,530228,1,1,0,0,0,0,0,0,0,0,0,0
2001,530228,2,1,0,0,0,0,0,0,0,0,0,0
2001,530229,1,1,0,0,0,0,0,0,0,0,0,0
2001,530230,1,1,22,22,22,22,22,22,22,22,22,22
2001,530230,2,1,0,0,0,0,0,0,0,0,0,0
2001,530231,0,1,18,18,18,18,18,18,18,18,18,18
2001,530231,1,1,19,34,16,13,0,31,24,17,13,25
2001,530232,1,1,0,0,0,0,0,0,0,0,0,0
2001,530233,1,1,0,0,0,0,0,0,0,0,0,0
2001,530233,2,1,0,0,0,0,0,0,0,0,0,0
2001,530234,1,1,0,0,0,16,0,15,0,17,0,0
2001,530235,1,1,0,0,0,0,0,0,0,0,0,0
2001,530235,2,1,0,0,0,0,0,0,0,0,0,0
2001,530236,1,1,13,13,13,13,13,13,13,13,13,13
2001,530236,2,1,0,0,4,0,0,8,18,0,0,27
2001,530237,1,1,16,16,16,16,16,16,16,16,16,16
2001,530237,2,1,0,0,0,0,0,19,0,0,0,0
2001,530238,1,1,0,0,0,0,0,0,16,0,11,0
2001,530239,1,1,15,15,15,15,15,15,15,15,15,15
2001,530240,1,1,22,22,22,22,22,22,22,22,22,22
2001,530240,2,1,0,0,0,0,0,0,0,0,0,0
2001,530241,1,1,20,20,20,20,20,20,20,20,20,20
2001,530242,1,1,0,0,0,0,0,0,0,0,0,0
2001,530242,2,1,0,0,0,0,0,0,0,0,0,0
2001,530243,1,1,19,19,19,19,19,19,19,19,19,19
2001,530244,1,1,0,0,0,0,0,0,0,0,0,0
2001,530244,2,1,0,0,0,0,0,0,0,0,0,0
2001,530244,3,1,0,0,0,0,0,0,0,0,0,0
2001,530245,1,1,14,14,14,14,14,14,14,14,14,14
2001,530246,1,1,0,0,0,0,0,0,0,0,0,0
2001,530247,1,1,0,0,0,0,0,0,0,0,0,0
2001,530248,1,1,29,29,29,29,29,29,29,29,29,29
2001,530249,1,1,0,0,0,0,0,0,0,0,0,0
2001,530249,2,1,0,0,0,0,0,0,0,0,0,0
2001,530250,1,1,8,8,8,8,8,8,8,8,8,8
2001,530250,2,1,7,6,4,5,17,15,11,10,9,13
2001,530250,3,1,32,15,7,25,2,0,0,3,13,8
2001,530250,4,1,14,11,23,13,0,13,11,10,14,19
2001,530250,5,1,16,0,0,4,0,7,10,9,0,13
2001,530251,1,1,0,0,0,13,0,0,0,0,0,17
2001,530252,1,1,0,0,0,0,0,0,0,0,0,0
2001,530253,1,1,0,0,0,0,0,0,0,0,0,0
2001,530253,2,1,0,0,0,0,0,0,0,0,0,0
2001,530254,1,1,0,0,0,0,0,0,0,0,0,7
2001,530254,2,1,0,0,0,0,0,0,0,0,0,0
2001,530254,3,1,0,0,0,0,0,0,0,0,0,0
2001,530255,1,1,0,0,0,0,0,0,0,0,0,0
2001,530256,1,1,0,0,0,0,0,0,0,0,0,0
2001,530256,2,1,0,0,0,0,0,0,0,0,0,0
2001,530256,3,1,0,0,0,0,0,0,0,0,0,0
2001,530257,0,1,0,0,0,0,0,0,0,0,0,0
2001,530257,1,1,0,0,0,0,0,0,0,0,3,0
2001,530258,1,1,0,0,0,0,0,0,0,0,0,0
2001,530258,2,1,0,0,0,0,0,0,0,0,0,0
2001,530259,0,1,0,0,0,0,0,0,0,0,0,0
2001,530259,1,1,0,0,0,0,0,0,0,0,0,0
2001,530260,1,1,11,11,11,11,11,11,11,11,11,11
2001,530261,0,1,0,0,0,0,0,0,0,0,0,0
2001,530261,1,1,0,0,0,12,0,0,0,0,0,0
2001,530262,1,1,0,0,0,0,0,0,0,0,0,0
2001,530263,0,1,0,0,0,0,0,0,0,0,0,0
2001,530263,1,1,0,0,0,0,0,0,0,0,0,0
2001,530264,1,1,0,0,0,0,0,0,0,0,0,0
2001,530264,2,1,0,0,0,0,0,0,0,0,0,0
2001,530265,1,1,10,17,11,37,24,7,20,0,0,0
2001,530266,1,1,0,0,0,0,0,0,0,0,0,0
2001,530266,2,1,0,0,0,0,0,0,0,0,0,0
2001,530267,1,1,25,25,25,25,25,25,25,25,25,25
2001,530268,0,1,0,0,0,0,0,0,0,12,0,15
2001,530268,1,1,0,0,0,0,0,0,0,0,0,0
2001,530269,1,1,0,0,0,0,0,0,0,0,0,0
2001,530269,2,1,0,0,0,0,0,0,0,9,0,33
2001,530270,1,1,15,15,15,15,15,15,15,15,15,15
2001,530271,1,1,0,0,0,0,0,0,0,0,0,0
2001,530271,2,1,0,0,0,0,0,0,0,0,0,0
2001,530272,1,1,0,0,0,0,0,0,0,0,0,0
2001,530272,2,1,0,0,0,0,0,0,0,0,0,0
2001,530272,3,1,0,0,0,0,0,0,0,0,0,0
2001,530272,4,1,0,0,0,0,0,0,0,0,0,0
2001,530273,1,1,16,20,10,0,22,0,10,0,0,11
2001,530274,1,1,0,0,0,0,0,0,0,0,0,0
2001,530275,1,1,0,0,0,0,0,0,0,0,0,0
2001,530275,2,1,0,0,0,0,0,0,0,0,0,0
2001,530276,1,1,0,0,0,0,0,0,0,0,0,0
2001,530277,1,1,27,27,27,27,27,27,27,27,27,27
2001,530278,1,1,39,39,39,39,39,39,39,39,39,39
2001,530278,2,1,0,0,0,0,0,0,0,0,0,0
2001,530279,1,1,26,26,26,26,26,26,26,26,26,26
2001,530280,1,1,0,0,0,0,0,0,0,0,0,0
2001,530281,1,1,0,0,0,0,0,0,0,0,0,0
2001,530281,2,1,0,0,0,0,0,0,0,0,0,0
2001,530282,1,1,0,0,0,0,0,0,0,0,0,0
2001,530283,1,1,0,0,0,0,0,0,0,0,0,0
2001,530283,2,1,0,0,0,17,0,0,0,0,0,0
2001,530284,1,1,26,26,26,26,26,26,26,26,26,26
2001,530284,2,1,0,0,0,0,0,0,0,0,0,0
2001,530285,1,1,16,16,16,16,16,16,16,16,16,16
2001,530286,1,1,2,2,2,2,2,2,2,2,2,2
2001,530287,1,1,6,6,6,6,6,6,6,6,6,6
2001,530288,1,1,0,0,0,0,0,0,0,0,0,0
2001,530289,1,1,16,16,16,16,16,16,16,16,16,16
2001,530290,1,1,0,0,0,0,0,0,0,9,0,0
2001,530290,2,1,0,0,0,0,0,0,0,0,0,0
2001,530291,1,1,0,0,0,0,0,0,0,0,0,0
2001,530291,2,1,0,0,0,0,0,0,0,0,0,0
2001,530292,1,1,0,0,0,0,0,0,0,0,0,0
2001,530292,2,1,0,0,0,0,0,0,0,0,0,0
2001,530293,1,1,19,19,19,19,19,19,19,19,19,19
2001,530294,1,1,0,0,0,0,0,0,0,0,0,0
2001,530294,2,1,0,0,0,0,0,0,0,0,0,0
2001,530295,1,1,9,9,9,9,9,9,9,9,9,9
2001,530296,1,1,0,0,0,0,0,0,0,0,0,0
2001,530296,2,1,0,0,0,0,0,0,0,0,0,0
2001,530297,1,1,0,0,0,0,0,0,0,0,0,0
2001,530297,2,1,0,0,0,0,0,0,0,0,0,0
2001,530298,0,1,0,0,0,0,0,0,0,0,0,0
2001,530298,1,1,0,0,0,0,0,0,0,24,5,22
2001,530299,1,1,0,0,0,0,14,0,13,29,0,0
2001,530299,2,1,0,0,0,0,0,0,0,8,0,0
2001,530300,1,1,13,18,23,5,20,10,24,17,14,22
2001,530301,1,1,10,10,10,10,10,10,10,10,10,10
2001,530302,1,1,8,0,0,0,20,0,0,0,0,0
2001,530303,1,1,4,4,4,4,4,4,4,4,4,4
2001,530304,1,1,0,0,0,0,0,0,0,0,0,0
2001,530305,1,1,11,21,14,24,25,13,10,8,3,21
2001,530306,1,1,0,0,0,0,0,0,0,0,0,0
2001,530306,2,1,0,0,0,0,0,0,0,0,0,4
2001,530306,3,1,0,0,0,0,0,0,0,0,0,0
2001,530306,4,1,0,0,0,0,0,9,0,0,0,0
2001,530307,0,1,0,0,0,0,0,0,0,0,0,0
2001,530307,1,1,22,22,22,22,22,22,22,22,22,22
2001,530307,2,1,0,0,0,0,0,0,0,0,0,0
2001,530308,1,1,0,0,0,0,0,0,0,0,0,0
2001,530308,2,1,0,0,0,0,0,0,0,0,0,0