YEAR,st_case,veh_no,per_no,P1,P2,P3,P4,P5,P6,P7,P8,P9,P10
2001,530309,1,1,17,17,17,17,17,17,17,17,17,17
2001,530310,1,1,18,18,18,18,18,18,18,18,18,18
2001,530310,2,1,0,0,0,0,0,0,0,0,0,0
2001,530311,1,1,21,21,21,21,21,21,21,21,21,21
2001,530312,1,1,0,0,0,0,0,0,0,0,0,0
2001,530313,1,1,0,0,0,0,0,0,0,0,0,0
2001,530313,2,1,0,0,0,0,0,0,0,0,0,0
2001,530314,1,1,17,17,17,17,17,17,17,17,17,17
2001,530315,1,1,0,0,0,0,0,0,0,0,0,0
2001,530316,1,1,27,27,27,27,27,27,27,27,27,27
2001,530316,2,1,0,0,0,0,6,0,0,0,0,0
2001,530317,0,1,0,0,0,0,0,0,0,0,0,0
2001,530317,0,2,0,0,0,0,0,0,0,0,0,0
2001,530317,1,1,0,0,0,0,0,0,0,0,0,0
2001,530318,1,1,0,0,0,0,0,6,0,0,0,0
2001,530319,1,1,0,0,0,0,0,0,0,11,0,0
2001,530319,2,1,0,0,0,0,0,0,0,0,0,0
2001,530319,3,1,0,0,0,0,0,0,0,0,0,0
2001,530320,1,1,0,0,0,0,0,0,0,0,0,0
2001,530321,1,1,0,0,0,0,0,0,0,0,0,0
2001,530321,2,1,0,0,0,0,0,0,0,0,0,0
2001,530322,1,1,0,0,0,0,0,0,0,0,0,0
2001,530322,2,1,0,0,0,0,0,0,0,0,0,0
2001,530323,1,1,0,0,0,0,0,0,0,0,0,0
2001,530324,1,1,0,0,0,0,0,0,0,0,0,0
2001,530325,1,1,0,0,0,0,0,0,0,0,0,0
2001,530325,2,1,0,0,0,0,0,0,0,0,0,0
2001,530326,1,1,0,0,0,0,0,0,0,0,0,0
2001,530326,2,1,0,0,0,0,0,0,0,0,0,0
2001,530327,1,1,0,0,0,0,0,0,0,0,0,0
2001,530327,2,1,0,0,0,0,0,0,0,0,0,0
2001,530328,1,1,18,18,18,18,18,18,18,18,18,18
2001,530329,1,1,0,0,0,0,0,0,0,0,0,0
2001,530330,1,1,1,1,1,1,1,1,1,1,1,1
2001,530330,2,1,0,0,0,0,0,0,0,0,0,0
2001,530331,1,1,0,0,0,0,0,0,0,0,0,0
2001,530331,2,1,26,26,26,26,26,26,26,26,26,26
2001,530332,1,1,0,0,0,0,0,0,0,0,0,0
2001,530332,2,1,0,0,0,0,0,0,0,0,0,0
2001,530333,1,1,0,0,0,0,0,0,0,0,0,0
2001,530333,2,1,0,20,0,0,0,0,0,0,0,0
2001,530334,1,1,6,6,6,6,6,6,6,6,6,6
2001,530335,1,1,0,17,0,0,10,0,0,10,0,9
2001,530335,2,1,0,0,0,0,0,0,0,0,0,0
2001,530335,3,1,4,0,15,12,16,20,10,9,5,16
2001,530335,4,1,0,0,0,0,0,0,0,0,0,0
2001,530336,1,1,8,0,0,0,0,0,0,0,0,0
2001,530337,1,1,0,0,0,0,0,0,0,0,0,0
2001,530338,0,1,0,0,10,0,0,0,0,0,12,20
2001,530338,1,1,0,0,0,0,0,0,0,0,0,0
2001,530339,1,1,0,0,0,0,0,0,0,0,0,0
2001,530340,1,1,0,0,0,0,0,0,0,0,0,0
2001,530341,1,1,0,0,0,0,0,0,0,0,0,0
2001,530342,1,1,32,32,32,32,32,32,32,32,32,32
2001,530342,2,1,0,0,0,0,0,0,0,0,11,17
2001,530343,1,1,19,19,19,19,19,19,19,19,19,19
2001,530344,1,1,8,0,0,28,13,23,8,15,16,13
2001,530345,1,1,0,0,0,0,0,0,0,0,0,0
2001,530346,1,1,0,0,0,0,0,0,0,0,0,0
2001,530347,1,1,0,0,0,0,0,0,0,0,0,0
2001,530347,2,1,0,0,0,0,0,0,0,0,0,0
2001,530348,0,1,0,0,0,0,0,0,29,0,0,0
2001,530348,0,2,0,0,0,0,0,0,0,0,0,12
2001,530348,1,1,0,10,0,0,0,0,14,0,0,0
2001,530349,1,1,15,15,15,15,15,15,15,15,15,15
2001,530350,1,1,0,0,0,0,0,0,0,0,0,0
2001,530351,1,1,24,24,24,24,24,24,24,24,24,24
2001,530351,2,1,0,0,0,0,0,0,0,0,0,0
2001,530352,1,1,14,14,14,14,14,14,14,14,14,14
2001,530353,1,1,0,0,0,0,0,0,0,0,0,0
2001,530354,1,1,6,6,6,6,6,6,6,6,6,6
2001,530354,2,1,4,0,0,0,0,0,0,0,0,0
2001,530355,1,1,6,6,6,6,6,6,6,6,6,6
2001,530356,1,1,28,28,28,28,28,28,28,28,28,28
2001,530356,2,1,0,0,0,0,0,0,0,0,0,0
2001,530357,0,1,0,0,0,0,0,0,0,0,0,0
2001,530357,1,1,0,0,0,0,0,0,0,0,0,0
2001,530358,1,1,0,0,0,0,0,0,0,0,0,0
2001,530358,2,1,0,0,0,0,0,0,0,0,0,0
2001,530359,1,1,0,0,0,0,0,0,0,0,0,0
2001,530359,2,1,0,0,0,0,0,0,0,0,0,0
2001,530360,1,1,0,0,0,0,0,0,0,0,0,0
2001,530360,2,1,0,0,0,0,0,0,0,0,0,0
2001,530360,3,1,0,0,0,0,0,0,0,0,0,0
2001,530361,1,1,0,0,0,0,0,0,0,0,0,0
2001,530361,2,1,0,0,0,0,0,0,0,0,0,0
2001,530361,3,1,0,0,0,0,0,0,0,0,0,0
2001,530362,1,1,0,0,0,0,0,0,0,0,0,0
2001,530362,2,1,0,0,0,0,0,0,0,0,0,0
2001,530363,1,1,0,0,0,0,0,0,0,0,0,0
2001,530363,2,1,0,0,0,0,0,0,0,13,0,0
2001,530364,1,1,0,0,0,0,0,0,0,0,0,0
2001,530364,2,1,0,0,0,0,0,0,0,0,0,0
2001,530364,3,1,0,0,0,0,0,0,0,0,0,0
2001,530365,1,1,5,5,5,5,5,5,5,5,5,5
2001,530365,2,1,0,0,0,0,0,0,0,0,0,0
2001,530366,1,1,0,0,0,0,0,0,0,0,0,0
2001,530366,2,1,0,0,0,0,0,0,0,0,0,0
2001,530367,1,1,0,0,0,0,0,0,0,0,0,0
2001,530368,1,1,0,0,0,0,0,0,0,0,0,0
2001,530369,1,1,0,0,0,0,0,0,0,0,0,0
2001,530369,2,1,0,0,0,0,0,0,0,0,0,0
2001,530370,0,1,0,0,0,0,0,0,0,0,0,0
2001,530370,1,1,0,0,0,0,0,0,0,0,0,0
2001,530371,0,1,0,0,0,0,0,0,0,0,0,0
2001,530371,1,1,0,0,0,0,0,0,0,0,0,0
2001,530372,1,1,0,0,0,0,0,0,0,0,0,0
2001,530372,2,1,0,0,0,0,0,8,0,0,0,0
2001,530373,1,1,0,0,0,21,0,0,0,0,0,0
2001,530373,2,1,0,0,0,0,0,0,0,0,0,0
2001,530374,1,1,0,0,0,0,0,0,0,0,0,0
2001,530375,1,1,0,0,0,0,0,0,0,0,0,0
2001,530375,2,1,0,0,0,0,0,0,0,0,0,0
2001,530375,3,1,0,0,14,0,0,0,0,0,0,18
2001,530376,1,1,2,2,2,2,2,2,2,2,2,2
2001,530376,2,1,13,13,13,13,13,13,13,13,13,13
2001,530377,1,1,2,2,2,2,2,2,2,2,2,2
2001,530378,1,1,0,0,0,0,0,0,0,0,0,0
2001,530379,1,1,0,0,0,0,0,0,0,0,0,0
2001,530380,0,1,0,0,0,0,0,0,0,0,0,0
2001,530380,1,1,0,0,0,0,0,0,0,0,0,0
2001,530381,1,1,0,0,0,0,0,0,0,0,0,0
2001,530382,1,1,16,16,16,16,16,16,16,16,16,16
2001,530383,1,1,24,24,24,24,24,24,24,24,24,24
2001,530384,1,1,0,0,0,0,0,0,0,0,0,0
2001,530384,2,1,0,0,0,0,0,0,0,0,0,0
2001,530385,1,1,14,14,14,14,14,14,14,14,14,14
2001,530386,1,1,6,6,6,6,6,6,6,6,6,6
2001,530387,1,1,0,15,0,0,0,0,0,0,0,0
2001,530387,2,1,13,0,0,0,0,0,0,0,0,0
2001,530388,1,1,10,10,10,10,10,10,10,10,10,10
2001,530389,1,1,20,20,20,20,20,20,20,20,20,20
2001,530390,1,1,22,22,22,22,22,22,22,22,22,22
2001,530391,1,1,0,0,0,0,0,0,0,0,0,0
2001,530392,1,1,8,0,18,0,0,0,0,0,0,0
2001,530392,2,1,0,0,0,0,0,0,0,0,0,0
2001,530393,1,1,0,0,0,0,0,0,25,0,0,0
2001,530394,1,1,23,23,23,23,23,23,23,23,23,23
2001,530394,2,1,0,0,0,0,0,0,0,0,0,0
2001,530394,3,1,0,0,0,0,0,0,0,0,0,0
2001,530394,4,1,0,0,0,0,17,0,0,0,0,0
2001,530395,1,1,19,19,19,19,19,19,19,19,19,19
2001,530396,1,1,0,0,0,0,0,0,0,0,0,20
2001,530397,1,1,0,0,0,0,0,0,0,0,0,0
2001,530398,1,1,0,0,0,0,0,0,0,0,0,0
2001,530398,2,1,0,0,0,0,0,0,0,0,0,0
2001,530399,1,1,17,17,17,17,17,17,17,17,17,17
2001,530400,0,1,14,19,25,30,16,10,16,23,14,18
2001,530400,1,1,0,0,0,0,0,0,0,0,0,0
2001,530401,1,1,0,0,0,0,0,0,0,0,0,0
2001,530401,2,1,0,0,0,0,0,0,0,0,0,0
2001,530402,1,1,0,0,0,0,25,0,0,0,5,0
2001,530402,2,1,0,0,0,0,0,0,0,0,0,0
2001,530403,1,1,0,0,0,0,0,0,0,0,0,0
2001,530403,2,1,0,0,0,0,0,0,0,0,0,0
2001,530404,1,1,0,0,0,0,14,0,0,0,0,0
2001,530404,2,1,0,0,0,0,0,0,0,0,0,0
2001,530404,3,1,0,0,0,0,28,0,0,0,0,0
2001,530405,1,1,0,0,0,0,0,0,0,0,0,0
2001,530405,2,1,0,0,0,0,0,0,0,0,0,0
2001,530406,1,1,0,0,0,0,0,0,0,0,0,0
2001,530407,0,1,0,0,0,0,0,0,0,0,0,0
2001,530407,1,1,0,0,0,0,0,0,0,0,0,10
2001,530408,0,1,0,0,0,0,0,0,0,0,0,0
2001,530408,1,1,0,0,0,0,0,0,0,0,0,0
2001,530409,1,1,0,0,0,0,0,0,0,0,0,0
2001,530409,2,1,0,0,0,0,0,0,0,0,0,0
2001,530410,0,1,11,11,11,11,11,11,11,11,11,11
2001,530410,1,1,0,0,0,0,0,0,0,0,0,0
2001,530411,1,1,0,0,0,0,0,0,0,0,0,0
2001,530412,0,1,0,0,0,0,0,0,0,0,0,0
2001,530412,1,1,0,0,0,0,0,0,0,0,0,0
2001,530413,1,1,19,19,19,19,19,19,19,19,19,19
2001,530413,2,1,0,0,0,0,0,0,0,0,0,0
2001,530414,1,1,0,0,0,0,0,0,0,0,0,0
2001,530414,2,1,0,0,0,0,0,0,0,9,0,0
2001,530415,0,1,0,0,0,0,0,0,0,0,0,0
2001,530415,1,1,16,16,16,16,16,16,16,16,16,16
2001,530416,1,1,0,0,0,0,0,0,0,0,0,0
2001,530416,2,1,0,0,0,0,0,0,0,0,0,0
2001,530417,0,1,0,0,0,0,0,0,0,0,0,0
2001,530417,1,1,0,0,0,0,0,0,0,0,0,0
2001,530418,0,1,0,0,0,0,0,0,9,0,0,0
2001,530418,1,1,0,0,0,0,0,0,0,0,0,0
2001,530419,0,1,15,12,0,0,0,0,0,0,0,0
2001,530419,1,1,0,0,0,0,0,0,0,0,0,10
2001,530421,1,1,35,35,35,35,35,35,35,35,35,35
2001,530421,2,1,0,0,0,0,0,0,0,0,0,0
2001,530422,1,1,0,0,0,0,0,0,0,0,0,0
2001,530422,2,1,0,0,0,0,0,0,0,0,0,0
2001,530423,1,1,0,0,0,0,0,0,0,0,0,0
2001,530423,2,1,0,0,0,0,0,0,0,0,14,0
2001,530424,1,1,0,0,0,0,0,0,0,0,0,0
2001,530424,2,1,0,0,0,0,0,0,0,0,0,0
2001,530425,1,1,16,16,16,16,16,16,16,16,16,16
2001,530426,1,1,0,0,0,0,0,0,0,0,0,0
2001,530427,1,1,0,0,0,0,0,0,0,0,0,0
2001,530427,2,1,19,19,19,19,19,19,19,19,19,19
2001,530428,1,1,12,12,12,12,12,12,12,12,12,12
2001,530428,2,1,0,0,0,0,0,0,0,0,0,0
2001,530429,1,1,0,0,0,0,0,0,0,0,0,6
2001,530429,2,1,0,0,0,0,0,0,0,0,0,0
2001,530430,1,1,0,0,0,0,0,0,0,0,0,0
2001,530430,2,1,0,0,9,0,0,0,0,0,0,0
2001,530431,1,1,20,20,20,20,20,20,20,20,20,20
2001,530432,1,1,0,0,0,0,0,0,0,0,0,0
2001,530433,1,1,24,24,24,24,24,24,24,24,24,24
2001,530434,1,1,33,33,33,33,33,33,33,33,33,33
2001,530435,0,1,22,22,22,22,22,22,22,22,22,22
2001,530435,1,1,0,0,25,0,20,14,0,0,0,8
2001,530436,1,1,17,17,17,17,17,17,17,17,17,17
2001,530437,1,1,0,0,0,0,0,0,0,0,0,0
2001,530437,2,1,0,0,0,0,0,0,0,0,0,0
2001,530438,0,1,0,0,0,0,0,0,0,0,0,0
2001,530438,1,1,0,0,0,0,0,0,0,0,0,0
2001,530440,1,1,0,0,0,0,0,11,0,0,0,0
2001,530440,2,1,0,0,0,0,0,0,0,0,0,0
2001,530441,1,1,26,26,26,26,26,26,26,26,26,26
2001,530442,1,1,0,0,0,0,0,0,0,0,0,0
2001,530442,2,1,0,0,0,0,0,0,0,0,0,0
2001,530443,0,1,0,0,0,0,0,0,0,0,0,0
2001,530443,1,1,7,0,0,0,0,0,0,0,0,12
2001,530444,1,1,0,0,0,0,0,0,0,0,0,0
2001,530444,2,1,0,0,0,0,0,0,0,0,0,0
2001,530445,0,1,33,20,17,14,0,0,0,0,0,7
2001,530445,1,1,0,0,0,0,0,0,0,0,0,0
2001,530446,1,1,9,9,9,9,9,9,9,9,9,9
2001,530446,2,1,0,0,0,0,0,0,0,0,0,0
2001,530446,3,1,0,0,0,0,0,0,0,0,0,0
2001,530447,1,1,0,0,0,0,0,0,0,0,0,0
2001,530447,2,1,0,0,0,0,11,0,0,0,0,0
2001,530447,3,1,0,0,0,0,0,0,0,0,0,0
2001,530448,1,1,0,18,7,16,28,0,35,17,17,0
2001,530449,1,1,0,0,0,0,0,0,0,15,0,0
2001,530449,2,1,0,0,0,0,0,0,0,0,0,0
2001,530450,1,1,22,22,22,22,22,22,22,22,22,22
2001,530450,2,1,0,7,8,0,0,0,0,0,0,0
2001,530451,1,1,0,0,0,0,0,0,0,0,0,0
2001,530452,1,1,25,25,25,25,25,25,25,25,25,25
2001,530452,2,1,0,0,0,0,0,0,0,0,0,0
2001,530453,1,1,6,6,6,6,6,6,6,6,6,6
2001,530454,0,1,0,0,0,0,0,0,0,0,0,0
2001,530454,1,1,15,23,0,0,28,15,0,0,0,0
2001,530455,1,1,0,0,0,0,0,0,0,0,0,0
2001,530456,0,1,5,5,5,5,5,5,5,5,5,5
2001,530456,1,1,9,7,4,0,0,0,0,0,4,18
2001,530457,1,1,0,0,0,9,0,0,0,0,0,0
2001,530457,2,1,0,0,0,0,0,0,0,0,0,0
2001,530458,1,1,0,0,10,0,0,0,0,0,0,0
2001,530458,2,1,0,0,0,0,0,0,0,0,0,0
2001,530458,3,1,0,0,0,0,0,0,0,0,0,0
2001,530459,1,1,0,10,0,0,0,0,0,14,0,0
2001,530459,2,1,0,0,0,0,0,0,0,0,0,0
2001,530460,1,1,0,0,0,0,0,0,0,0,0,0
2001,530461,1,1,0,0,0,0,0,0,0,0,0,0
2001,530462,0,1,27,27,27,27,27,27,27,27,27,27
2001,530462,1,1,21,0,0,0,12,0,0,0,0,0
2001,530463,1,1,15,15,15,15,15,15,15,15,15,15
2001,530463,2,1,14,14,14,14,14,14,14,14,14,14
2001,530464,1,1,0,24,0,0,19,26,0,16,0,14
2001,530465,0,1,0,0,0,0,0,0,0,0,0,0
2001,530465,0,2,33,2,7,0,0,0,0,0,0,0
2001,530465,0,3,4,0,12,0,0,0,0,0,0,0
2001,530465,0,4,0,0,0,0,0,0,0,0,0,0
2001,530465,0,5,0,0,0,0,0,0,0,0,0,0
2001,530465,1,1,0,0,0,0,0,0,0,0,0,0
2001,530466,1,1,0,0,0,0,0,0,0,0,0,0
2001,530466,2,1,0,0,0,0,0,0,0,0,0,0
2001,530467,1,1,0,0,0,0,0,0,0,0,0,0
2001,530467,2,1,0,0,0,0,0,0,0,0,0,0
2001,530468,1,1,6,6,6,6,6,6,6,6,6,6
2001,530469,0,1,2,2,2,2,2,2,2,2,2,2
2001,530469,1,1,23,23,23,23,23,23,23,23,23,23
2001,530470,1,1,0,0,0,0,0,0,0,0,0,0
2001,530470,2,1,9,9,9,9,9,9,9,9,9,9
2001,530471,0,1,0,0,0,0,0,0,0,0,0,0
2001,530471,1,1,5,5,5,5,5,5,5,5,5,5
2001,530472,1,1,0,0,0,0,0,0,0,0,0,0
2001,530472,2,1,0,0,0,0,0,17,0,12,0,0
2001,530473,1,1,0,0,0,0,0,0,0,0,0,0
2001,530473,2,1,0,0,20,0,19,41,0,0,18,19
2001,530474,1,1,0,0,0,0,16,10,0,0,0,0
2001,530474,2,1,0,0,0,0,0,0,0,0,0,0
2001,530475,1,1,30,30,30,30,30,30,30,30,30,30
2001,530475,2,1,0,0,0,0,0,0,0,0,0,0
2001,530476,1,1,0,0,0,12,0,0,0,0,0,0
2001,530477,1,1,0,0,0,0,0,0,0,0,0,0
2001,530477,2,1,0,0,0,0,0,0,0,0,0,0
2001,530478,1,1,23,23,23,23,23,23,23,23,23,23
2001,530479,1,1,24,24,24,24,24,24,24,24,24,24
2001,530480,1,1,22,22,22,22,22,22,22,22,22,22
2001,530481,1,1,0,0,0,0,0,0,0,0,0,0
2001,530482,1,1,0,0,0,0,0,0,0,0,0,0
2001,530482,2,1,0,0,0,0,0,0,0,0,0,0
2001,530483,1,1,0,0,0,0,0,0,0,0,0,0
2001,530484,1,1,9,6,8,12,14,30,30,20,23,20
2001,530484,2,1,0,0,0,0,0,0,0,0,0,0
2001,530484,3,1,0,0,0,0,0,0,0,0,0,0
2001,530485,1,1,30,30,30,30,30,30,30,30,30,30
2001,530486,1,1,0,0,0,0,0,0,0,0,0,0
2001,530487,0,1,23,23,23,23,23,23,23,23,23,23
2001,530487,1,1,0,0,13,0,0,0,0,0,0,0
2001,530488,1,1,20,20,20,20,20,20,20,20,20,20
2001,530488,2,1,0,0,0,0,0,0,0,0,0,0
2001,530488,3,1,0,0,0,0,0,0,0,0,0,0
2001,530489,0,1,30,30,30,30,30,30,30,30,30,30
2001,530489,1,1,0,0,0,0,0,0,0,0,0,0
2001,530490,1,1,20,20,20,20,20,20,20,20,20,20
2001,530491,1,1,0,0,23,10,0,0,17,0,8,0
2001,530491,2,1,0,0,0,0,0,0,0,0,0,0
2001,530492,1,1,0,0,0,0,0,0,0,0,0,0
2001,530492,2,1,2,2,2,2,2,2,2,2,2,2
2001,530493,1,1,29,29,29,29,29,29,29,29,29,29
2001,530494,1,1,20,20,20,20,20,20,20,20,20,20
2001,530494,2,1,0,0,0,0,0,0,0,0,0,0
2001,530495,1,1,0,0,0,0,0,0,0,0,0,0
2001,530495,2,1,0,0,0,0,0,0,0,0,0,0
2001,530496,1,1,0,0,0,0,0,0,0,0,0,0
2001,530496,2,1,0,0,0,0,0,0,0,0,0,0
2001,530497,1,1,11,11,11,11,11,11,11,11,11,11
2001,530497,2,1,0,0,0,0,0,0,0,0,0,0
2001,530497,3,1,0,0,0,0,17,0,0,0,0,0
2001,530498,1,1,5,5,5,5,5,5,5,5,5,5
2001,530499,1,1,0,0,0,0,0,0,0,0,0,0
2001,530499,2,1,0,0,0,0,0,0,0,0,0,0
2001,530499,3,1,8,0,0,0,0,0,0,0,0,0
2001,530500,1,1,12,12,12,12,12,12,12,12,12,12
2001,530500,2,1,0,0,0,0,0,0,0,0,0,0
2001,530500,3,1,0,0,0,0,0,0,11,0,0,0
2001,530500,4,1,0,0,0,0,0,0,0,0,0,0
2001,530501,1,1,4,4,4,4,4,4,4,4,4,4
2001,530501,2,1,0,0,0,0,0,0,0,0,0,0
2001,530502,1,1,11,11,11,11,11,11,11,11,11,11
2001,530503,1,1,0,0,0,0,0,0,0,0,0,0
2001,530503,2,1,0,0,0,0,0,0,0,0,0,0
2001,530503,3,1,0,0,0,0,0,0,0,0,0,0
2001,530503,4,1,0,0,0,0,0,0,0,0,0,0
2001,530504,0,1,0,0,0,0,0,0,0,0,0,0
2001,530504,1,1,0,0,0,0,0,0,0,0,0,0
2001,530505,1,1,16,16,16,16,16,16,16,16,16,16
2001,530506,1,1,0,37,25,0,7,0,22,0,0,15
2001,530507,1,1,0,0,0,0,0,0,0,0,0,0
2001,530508,0,1,0,0,0,0,0,0,0,0,0,0
2001,530508,1,1,0,0,0,0,0,0,0,0,0,0
2001,530509,1,1,0,0,0,0,0,0,0,0,0,0
2001,530509,2,1,0,0,0,0,0,0,0,0,0,18
2001,530510,1,1,0,0,0,0,0,0,0,0,0,0
2001,530511,0,1,10,10,10,10,10,10,10,10,10,10
2001,530511,1,1,0,0,0,0,0,0,0,0,0,0
2001,530512,1,1,15,15,15,15,15,15,15,15,15,15
2001,530513,1,1,0,0,0,0,0,0,0,0,0,0
2001,530514,1,1,0,0,0,0,0,0,0,0,0,0
2001,530515,1,1,0,0,0,0,0,0,0,0,0,0
2001,530515,2,1,0,0,0,0,0,0,0,0,0,0
2001,530516,1,1,27,27,27,27,27,27,27,27,27,27
2001,530516,2,1,0,0,0,0,0,0,0,0,0,0
2001,530517,1,1,0,0,0,0,0,0,16,0,0,0
2001,530517,2,1,0,0,2,0,0,0,0,0,0,0
2001,530518,1,1,10,10,10,10,10,10,10,10,10,10
2001,530518,2,1,0,0,0,0,0,0,0,0,0,0
2001,530518,3,1,0,0,0,0,0,0,0,0,0,0
2001,530519,1,1,0,0,0,0,0,0,0,0,0,0
2001,530520,1,1,0,0,0,0,0,0,0,0,0,0
2001,530520,2,1,0,0,0,0,0,0,0,0,0,0
2001,530521,1,1,0,0,0,0,0,0,0,0,0,0
2001,530521,2,1,0,0,0,0,0,0,0,0,0,0
2001,530522,0,1,10,10,10,10,10,10,10,10,10,10
2001,530522,1,1,0,0,0,0,0,0,0,0,0,0
2001,530523,1,1,6,6,6,6,6,6,6,6,6,6
2001,530524,1,1,24,24,24,24,24,24,24,24,24,24
2001,530525,1,1,0,0,0,0,0,0,0,10,0,0
2001,530525,2,1,0,0,0,0,0,0,0,0,0,0
2001,530526,1,1,0,0,0,0,0,0,0,18,0,0
2001,530526,2,1,0,0,0,0,0,0,0,0,0,0
2001,530527,1,1,0,0,0,0,0,0,0,0,0,0
2001,530528,1,1,3,3,3,3,3,3,3,3,3,3
2001,530529,1,1,21,21,21,21,21,21,21,21,21,21
2001,530530,1,1,17,17,17,17,17,17,17,17,17,17
2001,530531,1,1,15,15,15,15,15,15,15,15,15,15
2001,530532,1,1,0,0,0,0,0,0,0,0,0,0
2001,530532,2,1,0,0,0,5,0,0,0,0,0,0
2001,530532,3,1,0,0,0,0,0,0,0,0,0,0
2001,530533,0,1,23,23,23,23,23,23,23,23,23,23
2001,530533,1,1,0,0,0,0,13,0,0,0,0,0
2001,530534,0,1,22,22,22,22,22,22,22,22,22,22
2001,530534,1,1,0,0,0,0,0,0,0,0,0,0
2001,530535,1,1,11,11,11,11,11,11,11,11,11,11
2001,530536,1,1,24,24,24,24,24,24,24,24,24,24
2001,530537,1,1,15,15,15,15,15,15,15,15,15,15
2001,530538,0,1,0,0,0,0,0,0,0,0,0,0
2001,530538,1,1,0,0,0,0,0,0,0,0,0,0
2001,530539,1,1,0,0,0,0,0,0,0,0,0,0
2001,530540,0,1,24,24,24,24,24,24,24,24,24,24
2001,530540,1,1,0,0,0,0,0,0,0,16,0,0
2001,530541,0,1,0,0,0,0,0,0,0,0,0,0
2001,530541,1,1,0,0,0,0,0,0,0,0,0,0
2001,530542,0,1,0,0,0,0,0,0,0,0,0,0
2001,530542,1,1,0,0,0,0,0,0,0,0,0,0
2001,530543,1,1,0,0,0,0,0,0,0,0,0,0
2001,530543,2,1,0,0,0,0,0,0,0,0,14,0
2001,530543,3,1,0,0,0,0,0,8,0,0,16,21
2001,530544,0,1,0,0,0,0,18,0,0,0,0,0
2001,530544,1,1,0,0,0,0,0,0,0,0,0,0
2001,530545,1,1,0,0,0,0,0,0,0,0,0,0
2001,530545,2,1,0,0,0,0,0,0,0,0,0,0
2001,530546,1,1,0,0,0,0,0,0,0,0,0,0
2001,530547,1,1,25,25,25,25,25,25,25,25,25,25
2001,530548,1,1,11,11,11,11,11,11,11,11,11,11
2001,530549,0,1,0,0,0,0,0,0,0,0,0,0
2001,530550,1,1,0,0,0,0,0,12,0,0,0,0
2001,530550,2,1,0,0,0,0,0,0,0,0,0,0
2001,530551,1,1,0,0,0,0,0,0,0,0,0,0
2001,530552,1,1,0,0,0,0,0,0,0,0,0,0
2001,530552,2,1,0,0,0,0,0,0,0,0,0,0
2001,530552,3,1,0,0,0,0,0,0,0,0,0,0
2001,530553,1,1,0,0,0,0,0,0,0,0,0,0
2001,530554,1,1,27,27,27,27,27,27,27,27,27,27
2001,530555,1,1,24,24,24,24,24,24,24,24,24,24
2001,530555,2,1,12,5,14,0,16,0,0,20,13,0
2001,530556,1,1,0,0,0,0,0,0,0,0,0,0
2001,530557,1,1,3,3,3,3,3,3,3,3,3,3
2001,530558,1,1,24,24,24,24,24,24,24,24,24,24
2001,530559,1,1,0,0,0,0,0,0,0,0,0,0
2001,530560,1,1,3,3,3,3,3,3,3,3,3,3
2001,530561,1,1,0,0,0,9,0,0,0,0,0,0
2001,530561,2,1,0,0,0,0,0,0,0,0,0,0
2001,530562,1,1,12,12,12,12,12,12,12,12,12,12
2001,530563,1,2,13,22,13,9,12,15,0,20,13,8
2001,530564,0,1,0,0,0,0,0,0,0,0,0,0
2001,530564,1,1,0,0,0,0,0,0,0,0,0,0
2001,530565,1,1,17,17,17,17,17,17,17,17,17,17
2001,530565,2,1,9,0,0,0,0,0,0,0,0,0
2001,530565,3,1,6,6,6,6,6,6,6,6,6,6
2001,530566,1,1,0,0,0,0,0,0,0,0,0,0
2001,530566,2,1,0,0,0,0,0,0,0,0,0,17
2001,530567,0,1,0,0,0,0,0,0,0,0,0,0
2001,530567,1,1,0,0,0,0,0,0,0,0,0,0
2001,530568,1,1,21,21,21,21,21,21,21,21,21,21
2001,530569,1,1,0,0,0,0,0,0,0,0,0,0
2001,530570,1,1,0,0,0,0,35,0,19,0,0,35
2001,530571,1,1,0,34,11,0,24,24,16,35,7,21
2001,530572,1,1,0,0,0,0,0,0,0,0,0,0
2001,530573,1,1,0,0,0,0,0,0,0,0,0,0
2001,530574,1,1,0,0,0,0,0,0,0,0,0,0
2001,530574,2,1,0,0,0,0,0,0,0,0,0,0
2001,530575,1,1,0,0,0,17,0,0,0,0,0,0
2001,530575,2,1,0,0,0,0,0,0,0,0,0,0
2001,530575,3,1,0,0,0,0,0,0,0,0,0,0
2001,530575,4,1,0,0,0,0,0,0,0,0,0,0
2001,540001,1,1,19,19,19,19,19,19,19,19,19,19
2001,540002,1,1,0,0,0,0,0,0,0,0,0,0
2001,540003,1,1,0,0,0,0,0,0,0,0,0,0
2001,540004,1,1,0,0,0,0,0,0,0,0,0,0
2001,540005,1,1,0,0,0,0,0,0,0,0,0,0
2001,540006,1,1,0,0,0,21,0,0,0,0,0,0
2001,540006,2,1,0,0,0,0,0,0,0,0,0,0
2001,540007,1,1,0,0,0,0,0,0,0,0,0,0
2001,540007,2,1,6,6,6,6,6,6,6,6,6,6
2001,540008,1,1,0,0,0,0,0,0,0,0,0,0
2001,540008,2,1,0,0,0,0,0,0,0,0,0,0