YEAR,st_case,veh_no,per_no,P1,P2,P3,P4,P5,P6,P7,P8,P9,P10
2001,540009,1,1,29,29,29,29,29,29,29,29,29,29
2001,540010,1,1,0,0,0,0,0,0,0,0,0,0
2001,540011,1,1,19,19,19,19,19,19,19,19,19,19
2001,540012,0,1,2,2,2,2,2,2,2,2,2,2
2001,540012,1,1,0,0,0,0,0,0,0,0,0,0
2001,540013,1,1,0,0,0,0,0,0,0,0,0,0
2001,540014,1,1,0,0,0,0,0,0,0,0,0,0
2001,540014,2,1,0,0,0,0,0,0,0,0,0,0
2001,540015,1,1,0,0,0,16,0,0,0,0,0,0
2001,540016,1,1,0,0,0,0,0,0,0,0,0,0
2001,540016,2,1,0,0,0,0,0,0,0,0,0,0
2001,540017,0,1,0,0,0,0,0,0,0,0,0,0
2001,540017,1,1,0,0,0,0,0,0,0,0,0,0
2001,540018,1,1,0,0,0,0,0,0,0,0,0,0
2001,540019,1,1,0,0,0,0,0,0,0,0,0,0
2001,540020,1,1,26,26,26,26,26,26,26,26,26,26
2001,540021,1,1,0,0,0,0,0,0,0,0,0,0
2001,540021,2,1,0,0,0,0,0,0,0,0,0,0
2001,540022,1,1,0,0,0,0,0,0,0,0,0,0
2001,540023,1,1,21,21,21,21,21,21,21,21,21,21
2001,540024,1,1,13,13,13,13,13,13,13,13,13,13
2001,540025,1,1,0,0,0,0,7,0,0,0,0,11
2001,540026,1,1,0,0,0,0,0,0,0,0,0,0
2001,540026,2,1,0,0,0,0,0,0,0,0,0,0
2001,540027,1,1,0,0,0,0,0,0,0,0,0,0
2001,540027,2,1,0,0,0,0,0,0,0,0,0,0
2001,540028,1,1,15,15,15,15,15,15,15,15,15,15
2001,540029,1,1,18,18,18,18,18,18,18,18,18,18
2001,540029,2,1,0,0,0,0,0,0,0,10,0,0
2001,540030,1,1,22,22,22,22,22,22,22,22,22,22
2001,540031,1,1,0,0,0,0,0,0,0,0,0,0
2001,540032,0,1,33,33,33,33,33,33,33,33,33,33
2001,540032,1,1,0,17,0,0,0,0,0,0,0,0
2001,540033,1,1,0,0,0,0,0,0,0,0,0,0
2001,540033,2,1,0,0,0,0,0,0,0,0,0,0
2001,540034,1,1,23,23,23,23,23,23,23,23,23,23
2001,540034,2,1,0,0,0,0,0,0,0,0,0,0
2001,540035,0,1,0,0,0,0,0,0,0,0,0,0
2001,540035,1,1,0,0,0,0,0,0,0,0,0,0
2001,540036,1,1,0,0,0,0,0,0,0,0,0,0
2001,540036,2,1,0,0,0,0,24,0,0,0,0,0
2001,540037,1,1,0,0,0,0,0,0,0,0,0,0
2001,540038,1,1,0,0,0,0,0,0,0,0,0,0
2001,540038,2,1,0,0,0,0,0,0,0,0,0,0
2001,540039,1,1,0,0,0,0,0,0,0,0,0,0
2001,540039,2,1,0,0,0,0,0,0,0,0,0,0
2001,540039,3,1,0,0,0,0,0,0,0,0,0,0
2001,540040,1,1,0,0,0,0,0,0,0,0,0,0
2001,540040,2,1,0,0,0,0,0,0,0,0,0,0
2001,540041,1,1,11,11,11,11,11,11,11,11,11,11
2001,540042,0,1,10,10,10,10,10,10,10,10,10,10
2001,540042,1,1,0,0,0,0,0,0,0,0,0,0
2001,540043,1,1,8,8,8,8,8,8,8,8,8,8
2001,540044,1,1,0,0,0,0,0,0,0,0,0,0
2001,540044,2,1,11,11,11,11,11,11,11,11,11,11
2001,540045,1,1,0,0,0,0,0,0,0,0,0,0
2001,540046,1,1,0,0,0,0,0,0,0,0,0,0
2001,540046,2,1,0,0,0,0,0,0,0,0,0,0
2001,540047,1,1,0,0,0,0,0,9,0,0,0,8
2001,540047,2,1,0,0,0,0,0,0,0,0,0,0
2001,540048,1,1,26,26,26,26,26,26,26,26,26,26
2001,540049,1,1,0,0,0,0,0,0,0,0,0,0
2001,540050,1,1,0,0,0,0,0,0,0,0,0,0
2001,540051,1,1,0,0,0,0,0,0,0,0,0,0
2001,540052,1,1,0,0,0,0,0,0,0,0,0,0
2001,540053,0,1,0,0,0,0,0,0,0,0,0,0
2001,540053,1,1,0,0,0,0,0,0,0,0,0,0
2001,540054,1,1,21,21,21,21,21,21,21,21,21,21
2001,540055,1,1,0,0,0,0,0,0,0,0,0,0
2001,540056,1,1,17,17,17,17,17,17,17,17,17,17
2001,540057,0,1,31,31,31,31,31,31,31,31,31,31
2001,540057,1,1,0,0,0,0,0,0,0,0,0,0
2001,540058,1,1,0,0,0,0,0,0,0,0,0,0
2001,540059,1,1,0,0,0,0,0,0,0,0,0,0
2001,540059,2,1,0,0,0,0,0,0,0,0,0,0
2001,540060,1,1,0,0,0,0,0,0,0,0,0,0
2001,540061,1,1,8,8,8,8,8,8,8,8,8,8
2001,540061,2,1,0,0,0,0,0,0,0,0,0,0
2001,540062,1,1,26,26,26,26,26,26,26,26,26,26
2001,540063,1,1,2,2,2,2,2,2,2,2,2,2
2001,540064,1,1,0,0,0,0,0,0,0,0,0,0
2001,540065,1,1,16,16,16,16,16,16,16,16,16,16
2001,540066,0,1,0,0,0,0,0,0,0,0,0,0
2001,540066,1,1,21,14,6,0,30,0,6,26,17,26
2001,540067,1,1,16,16,16,16,16,16,16,16,16,16
2001,540068,0,1,0,0,0,0,0,0,0,0,0,0
2001,540068,1,1,0,0,0,0,0,0,0,0,0,0
2001,540069,1,1,21,21,21,21,21,21,21,21,21,21
2001,540070,1,1,9,9,9,9,9,9,9,9,9,9
2001,540071,1,1,24,24,24,24,24,24,24,24,24,24
2001,540071,2,1,0,0,0,0,0,0,0,0,0,0
2001,540072,1,1,0,0,0,0,0,0,0,0,0,0
2001,540073,1,1,0,0,0,0,0,0,0,0,0,0
2001,540073,2,1,0,0,0,0,0,0,0,0,0,0
2001,540074,1,1,0,0,0,0,0,0,0,0,0,0
2001,540075,1,1,0,0,0,0,0,0,0,0,0,0
2001,540076,1,1,26,26,26,26,26,26,26,26,26,26
2001,540077,1,1,0,0,0,0,0,0,0,0,0,0
2001,540077,2,1,0,0,0,0,0,0,0,0,0,0
2001,540078,0,1,17,17,17,17,17,17,17,17,17,17
2001,540078,1,1,0,0,0,0,0,0,0,0,0,0
2001,540079,1,1,0,0,0,0,0,0,0,0,0,0
2001,540080,1,1,0,0,0,0,0,0,0,0,0,0
2001,540080,2,1,0,0,0,0,0,0,0,0,0,0
2001,540080,3,1,0,0,0,0,0,0,0,0,0,0
2001,540081,1,1,0,0,0,0,0,0,0,0,0,0
2001,540081,2,1,0,0,0,0,0,0,0,0,0,0
2001,540082,1,1,0,0,0,0,0,0,0,0,0,0
2001,540083,1,1,0,0,0,0,0,0,0,0,0,0
2001,540083,2,1,0,0,0,0,0,0,0,0,0,0
2001,540084,1,1,15,15,15,15,15,15,15,15,15,15
2001,540085,1,1,5,5,5,5,5,5,5,5,5,5
2001,540086,1,1,23,23,23,23,23,23,23,23,23,23
2001,540087,0,1,0,0,0,0,0,0,0,0,0,0
2001,540087,1,1,0,0,0,0,0,0,0,0,0,0
2001,540088,1,1,0,0,0,0,0,0,5,0,0,0
2001,540088,2,1,0,0,0,0,0,0,0,0,0,0
2001,540089,1,1,19,19,19,19,19,19,19,19,19,19
2001,540090,1,1,4,4,4,4,4,4,4,4,4,4
2001,540091,1,1,0,0,0,0,0,0,0,0,0,0
2001,540092,1,1,18,18,18,18,18,18,18,18,18,18
2001,540093,1,1,0,0,0,0,0,0,0,0,0,0
2001,540093,2,1,5,5,5,5,5,5,5,5,5,5
2001,540094,1,1,0,0,0,0,0,0,0,0,0,0
2001,540094,2,1,0,0,0,0,0,0,0,0,0,0
2001,540095,1,1,0,0,0,0,0,0,0,0,0,0
2001,540096,0,1,0,0,0,0,0,0,0,0,0,0
2001,540096,1,1,0,0,0,0,0,0,0,0,3,0
2001,540097,1,1,0,0,0,0,0,0,0,0,0,0
2001,540097,2,1,0,0,0,0,0,0,0,0,0,0
2001,540098,1,1,0,0,0,0,0,0,0,0,0,0
2001,540098,2,1,0,0,0,0,0,0,0,0,0,0
2001,540099,0,1,18,18,18,18,18,18,18,18,18,18
2001,540099,1,1,0,0,0,0,0,0,0,0,0,0
2001,540099,2,1,0,0,0,0,0,0,0,0,0,5
2001,540100,1,1,12,12,12,12,12,12,12,12,12,12
2001,540101,1,1,0,0,0,0,0,0,0,0,0,0
2001,540101,2,1,0,0,0,0,0,0,0,0,0,0
2001,540102,1,1,0,0,0,0,0,0,0,0,0,0
2001,540103,1,1,0,0,0,0,0,0,0,0,0,0
2001,540104,1,1,0,0,0,0,0,0,0,0,0,0
2001,540105,1,1,16,16,16,16,16,16,16,16,16,16
2001,540106,1,1,0,0,0,0,0,0,0,0,0,0
2001,540106,2,1,0,0,0,0,0,0,0,0,0,0
2001,540107,0,1,0,0,0,0,0,0,0,0,0,0
2001,540107,1,1,0,0,0,0,0,0,0,0,0,24
2001,540108,1,1,0,0,0,0,0,0,0,0,0,0
2001,540109,1,1,0,0,0,0,0,0,0,0,0,0
2001,540110,1,1,0,0,0,0,0,0,0,0,0,0
2001,540110,2,1,0,0,0,0,0,0,0,0,0,0
2001,540111,1,1,20,20,20,20,20,20,20,20,20,20
2001,540112,1,1,0,0,0,0,0,0,0,0,0,0
2001,540112,2,1,31,31,31,31,31,31,31,31,31,31
2001,540113,1,1,0,0,0,0,0,0,0,0,0,0
2001,540113,2,1,0,0,0,0,0,0,0,0,0,0
2001,540114,1,1,0,0,0,0,0,0,0,0,0,0
2001,540114,2,1,0,0,0,0,0,0,0,0,0,0
2001,540115,1,1,0,0,0,0,0,0,0,0,0,0
2001,540115,2,1,0,0,0,0,0,0,0,0,0,0
2001,540116,1,1,0,0,0,0,0,0,0,0,0,0
2001,540116,2,1,28,0,0,20,9,6,0,10,0,28
2001,540117,1,1,0,0,0,0,0,0,0,0,0,0
2001,540118,0,1,0,0,0,0,0,0,0,0,0,0
2001,540118,1,1,0,0,0,0,0,0,0,0,0,0
2001,540119,1,1,0,0,0,0,0,0,0,0,0,0
2001,540120,1,1,0,0,0,0,0,0,0,0,0,0
2001,540121,1,1,30,4,19,13,18,19,14,20,18,9
2001,540122,1,1,0,0,0,0,0,0,0,0,0,0
2001,540122,2,1,0,0,0,0,0,0,0,0,0,0
2001,540123,1,1,0,0,10,22,0,0,0,8,18,0
2001,540124,1,1,0,0,30,0,0,0,0,0,0,4
2001,540124,2,1,0,0,0,0,0,0,0,0,0,0
2001,540125,1,1,15,15,15,15,15,15,15,15,15,15
2001,540126,1,1,9,9,9,9,9,9,9,9,9,9
2001,540127,0,1,0,0,0,0,0,0,0,0,0,0
2001,540127,1,1,0,0,0,0,0,0,0,0,0,0
2001,540128,1,1,24,24,24,24,24,24,24,24,24,24
2001,540129,1,1,6,6,6,6,6,6,6,6,6,6
2001,540130,1,1,2,21,5,28,5,10,11,15,5,20
2001,540130,2,1,2,2,2,2,2,2,2,2,2,2
2001,540131,1,1,22,22,22,22,22,22,22,22,22,22
2001,540132,1,1,0,0,0,0,0,0,0,0,0,0
2001,540133,1,1,0,0,0,0,0,0,0,0,0,0
2001,540133,2,1,0,0,0,0,0,0,0,0,0,0
2001,540134,1,1,0,0,0,0,0,0,0,0,0,0
2001,540134,2,1,0,0,0,0,0,0,0,0,0,0
2001,540135,1,1,0,0,0,0,0,0,0,0,0,0
2001,540135,2,1,0,0,0,0,0,0,0,0,0,0
2001,540135,3,1,0,0,0,0,0,0,0,0,0,0
2001,540136,1,1,0,0,0,0,0,0,0,0,0,0
2001,540136,2,1,0,0,0,0,0,0,0,0,14,0
2001,540137,1,1,0,0,0,0,0,0,0,0,0,0
2001,540137,2,1,0,0,0,0,0,0,0,0,0,0
2001,540139,1,1,0,0,0,0,0,0,0,0,0,0
2001,540140,1,1,0,0,0,0,0,0,0,0,0,0
2001,540141,1,1,0,0,0,0,0,0,0,0,0,0
2001,540142,1,1,0,0,0,0,0,0,0,0,0,0
2001,540143,0,1,0,0,0,0,0,0,0,0,0,0
2001,540143,1,1,0,0,0,0,0,0,0,0,0,0
2001,540144,1,1,24,24,24,24,24,24,24,24,24,24
2001,540145,1,1,0,0,0,0,0,0,0,0,0,0
2001,540145,2,1,0,8,0,0,0,0,0,0,0,0
2001,540146,0,1,0,0,0,0,0,0,0,0,0,0
2001,540146,1,1,0,0,0,0,0,0,0,0,0,0
2001,540147,0,1,0,0,0,0,0,0,0,0,0,0
2001,540147,0,2,0,0,0,0,0,26,0,0,10,0
2001,540147,1,1,20,20,20,20,20,20,20,20,20,20
2001,540148,1,1,0,0,0,0,0,0,0,0,0,0
2001,540149,1,1,25,25,25,25,25,25,25,25,25,25
2001,540150,1,1,0,0,0,0,0,0,0,0,0,0
2001,540150,2,1,0,0,0,0,0,0,0,0,0,0
2001,540151,1,1,0,0,0,0,0,0,0,0,0,0
2001,540151,2,1,0,0,0,0,0,0,0,0,0,0
2001,540152,1,1,0,0,0,0,0,0,0,0,0,0
2001,540153,1,1,5,5,5,5,5,5,5,5,5,5
2001,540154,1,1,8,8,8,8,8,8,8,8,8,8
2001,540155,1,1,0,0,0,0,0,0,0,0,0,0
2001,540156,1,1,15,15,15,15,15,15,15,15,15,15
2001,540156,2,1,0,0,0,0,0,0,0,0,0,0
2001,540157,1,1,0,0,0,0,0,0,0,0,0,0
2001,540158,1,1,0,0,0,0,0,0,0,0,0,0
2001,540158,2,1,0,0,0,0,0,0,0,0,0,0
2001,540159,1,1,2,2,2,2,2,2,2,2,2,2
2001,540160,1,1,0,0,0,0,0,0,0,0,0,0
2001,540161,1,1,25,25,25,25,25,25,25,25,25,25
2001,540162,1,1,23,23,23,23,23,23,23,23,23,23
2001,540163,1,1,0,0,0,0,0,0,0,0,0,0
2001,540163,2,1,8,0,0,0,0,0,10,0,0,0
2001,540163,3,1,0,0,0,0,0,0,0,0,0,0
2001,540164,1,1,24,24,24,24,24,24,24,24,24,24
2001,540165,0,1,0,0,0,0,0,0,0,0,0,0
2001,540165,1,1,0,0,0,0,0,0,0,0,0,0
2001,540166,0,1,0,0,0,0,0,0,0,0,0,0
2001,540166,1,1,0,0,0,0,0,0,0,0,0,0
2001,540167,1,1,5,5,5,5,5,5,5,5,5,5
2001,540168,1,1,2,2,2,2,2,2,2,2,2,2
2001,540169,1,1,0,0,0,0,0,0,0,0,0,0
2001,540169,2,1,0,0,0,0,0,0,0,0,0,0
2001,540170,0,1,22,22,22,22,22,22,22,22,22,22
2001,540170,1,1,0,12,7,0,0,15,9,8,0,12
2001,540171,1,1,0,0,0,0,0,0,0,0,0,19
2001,540172,1,1,18,18,18,18,18,18,18,18,18,18
2001,540173,1,1,0,0,0,0,0,0,0,0,0,0
2001,540173,2,1,0,0,0,0,0,0,0,0,0,0
2001,540174,1,1,0,0,0,0,0,0,0,0,0,0
2001,540174,2,1,0,0,0,0,0,0,0,0,0,0
2001,540175,1,1,0,0,0,0,0,0,0,0,0,0
2001,540175,2,1,0,0,0,0,0,0,0,0,0,0
2001,540176,1,1,0,0,0,0,0,0,0,0,0,0
2001,540176,2,1,0,0,0,0,0,0,0,0,0,0
2001,540176,3,1,0,0,0,0,0,0,0,0,0,0
2001,540177,1,1,0,0,0,0,0,0,0,0,0,0
2001,540177,2,1,0,0,0,0,0,0,0,0,0,0
2001,540178,1,1,0,0,0,0,0,0,0,0,0,0
2001,540179,1,1,0,0,0,0,0,0,0,0,0,0
2001,540180,1,1,39,39,39,39,39,39,39,39,39,39
2001,540180,2,1,0,0,0,0,0,0,0,0,0,0
2001,540181,1,1,22,22,22,22,22,22,22,22,22,22
2001,540182,1,1,0,0,0,0,0,0,0,0,0,0
2001,540182,2,1,0,0,0,0,0,0,0,0,0,0
2001,540183,1,1,0,0,0,0,0,0,0,0,0,0
2001,540183,2,1,0,0,0,0,0,0,0,0,0,0
2001,540184,1,1,19,19,19,19,19,19,19,19,19,19
2001,540185,0,1,0,0,0,0,0,0,0,0,0,0
2001,540185,1,1,0,0,0,0,0,0,0,0,0,0
2001,540186,1,1,0,0,0,0,0,0,0,0,0,18
2001,540187,1,1,0,0,0,0,0,0,0,0,0,0
2001,540188,1,1,0,0,0,0,0,0,0,0,0,0
2001,540189,1,1,0,0,0,0,0,0,0,0,0,0
2001,540189,2,1,0,0,0,0,0,0,0,0,0,0
2001,540190,1,1,0,0,0,0,0,0,0,0,0,0
2001,540190,2,1,0,0,0,0,0,0,0,0,0,0
2001,540190,3,1,0,0,0,0,0,0,0,0,0,0
2001,540191,1,1,10,10,10,10,10,10,10,10,10,10
2001,540192,1,1,0,0,0,0,0,0,0,0,0,0
2001,540192,2,1,0,0,0,0,0,0,0,0,0,0
2001,540193,1,1,7,7,7,7,7,7,7,7,7,7
2001,540194,1,1,0,0,0,0,0,0,0,0,0,0
2001,540195,1,1,0,0,0,0,0,0,0,0,0,0
2001,540195,2,1,0,0,0,0,0,0,0,0,0,0
2001,540195,3,1,0,0,0,0,0,0,0,0,0,0
2001,540196,1,1,0,0,0,0,0,11,0,0,0,0
2001,540197,1,1,0,0,0,0,0,0,0,0,0,0
2001,540198,1,1,0,0,0,0,0,0,0,0,0,0
2001,540198,2,1,13,13,13,13,13,13,13,13,13,13
2001,540199,1,1,20,20,20,20,20,20,20,20,20,20
2001,540200,1,1,15,15,15,15,15,15,15,15,15,15
2001,540201,1,1,0,0,0,0,0,0,0,0,0,0
2001,540202,1,1,0,0,0,0,0,0,0,0,0,0
2001,540202,2,1,0,0,0,0,0,0,0,0,0,0
2001,540203,1,1,0,0,0,0,0,0,0,0,0,0
2001,540204,1,1,0,0,0,0,0,0,0,0,0,0
2001,540205,1,1,0,0,0,0,0,0,0,0,0,0
2001,540205,2,1,0,0,0,0,0,0,0,0,0,0
2001,540206,1,1,20,20,20,20,20,20,20,20,20,20
2001,540206,2,1,0,0,0,0,0,0,0,0,0,0
2001,540207,1,1,25,25,25,25,25,25,25,25,25,25
2001,540208,1,1,24,24,24,24,24,24,24,24,24,24
2001,540208,2,1,0,0,0,0,0,0,0,0,0,0
2001,540209,1,1,0,0,0,0,0,0,0,0,0,0
2001,540210,1,1,0,0,0,0,0,0,8,0,0,14
2001,540210,2,1,15,15,15,15,15,15,15,15,15,15
2001,540211,1,1,26,26,26,26,26,26,26,26,26,26
2001,540212,1,1,16,16,16,16,16,16,16,16,16,16
2001,540213,1,1,0,0,0,0,0,0,0,0,0,0
2001,540214,1,1,0,0,0,0,0,0,0,0,0,0
2001,540214,2,1,0,0,0,0,0,0,0,0,0,0
2001,540215,1,1,11,14,11,27,2,9,23,12,16,23
2001,540216,1,1,0,0,0,0,0,0,0,0,0,0
2001,540216,2,1,0,11,0,0,0,0,0,0,0,0
2001,540217,1,1,0,0,0,0,0,0,0,0,0,0
2001,540217,2,1,0,0,0,0,0,0,0,0,0,0
2001,540217,3,1,0,0,0,0,0,0,0,0,0,0
2001,540218,1,1,0,0,0,0,0,0,0,0,0,0
2001,540219,1,1,0,0,0,0,0,0,0,0,0,0
2001,540219,2,1,0,0,0,0,0,0,0,0,0,0
2001,540220,1,1,0,0,0,0,0,0,0,0,0,0
2001,540221,1,1,0,0,0,0,0,0,0,0,0,0
2001,540221,2,1,0,0,0,0,0,0,0,0,0,0
2001,540222,1,1,14,14,14,14,14,14,14,14,14,14
2001,540223,1,1,12,12,12,12,12,12,12,12,12,12
2001,540224,1,1,0,0,0,0,0,0,0,0,0,0
2001,540225,1,1,0,0,0,0,0,0,0,0,0,0
2001,540226,1,1,0,0,0,0,0,0,0,0,0,0
2001,540226,2,1,0,0,0,0,0,0,0,0,0,0
2001,540227,1,1,0,0,0,0,0,0,0,0,0,0
2001,540227,2,1,0,0,11,0,0,0,0,0,0,0
2001,540228,1,1,0,0,0,0,0,0,0,0,0,0
2001,540228,2,1,0,0,0,0,0,0,0,0,0,0
2001,540229,1,1,0,0,0,0,0,0,0,0,0,0
2001,540230,1,1,0,0,0,0,0,0,0,0,0,0
2001,540231,1,1,0,0,0,0,0,0,0,0,0,0
2001,540231,2,1,0,0,0,0,0,0,0,0,0,0
2001,540232,1,1,0,0,0,0,0,0,0,0,0,0
2001,540232,2,1,0,0,0,0,0,0,0,0,0,0
2001,540233,1,1,33,16,18,24,7,19,7,13,12,3
2001,540234,1,1,0,0,0,0,0,0,0,0,0,0
2001,540234,2,1,0,0,0,0,0,0,0,5,0,0
2001,540235,1,1,0,0,0,0,0,0,0,0,0,0
2001,540236,1,1,0,0,0,0,0,0,0,0,0,0
2001,540236,2,1,0,0,0,0,0,0,0,0,0,0
2001,540236,3,1,0,0,0,0,0,0,0,0,0,0
2001,540237,0,1,0,0,0,0,0,0,0,0,0,0
2001,540237,1,1,0,0,0,0,0,0,0,0,0,0
2001,540238,1,1,0,0,0,0,0,0,0,0,0,0
2001,540239,1,1,0,0,0,0,0,0,0,0,0,0
2001,540240,1,1,21,21,21,21,21,21,21,21,21,21
2001,540241,1,1,0,0,0,0,0,0,0,0,0,0
2001,540242,1,1,0,0,0,0,0,0,0,0,0,0
2001,540242,2,1,0,0,0,0,0,0,0,0,0,0
2001,540243,1,1,0,0,0,0,0,0,0,0,0,0
2001,540243,2,1,0,0,0,0,0,0,0,0,0,0
2001,540244,1,1,0,0,0,0,0,0,0,0,0,0
2001,540245,1,1,24,24,24,24,24,24,24,24,24,24
2001,540245,2,1,0,0,0,14,0,0,0,0,0,0
2001,540246,1,1,24,24,24,24,24,24,24,24,24,24
2001,540247,1,1,0,0,0,0,0,0,0,0,0,0
2001,540247,2,1,0,0,0,0,0,0,0,0,0,0
2001,540248,1,1,0,0,0,0,0,0,0,0,0,0
2001,540249,1,1,0,0,0,0,0,0,0,0,0,0
2001,540249,2,1,0,0,0,0,0,0,0,0,0,0
2001,540249,3,1,0,0,0,0,0,0,0,0,0,0
2001,540249,4,1,0,0,0,0,0,0,0,0,0,0
2001,540250,1,1,0,0,0,0,0,0,0,0,0,0
2001,540251,1,1,0,0,0,0,0,0,0,0,0,0
2001,540253,1,1,21,21,21,21,21,21,21,21,21,21
2001,540254,1,1,10,10,10,10,10,10,10,10,10,10
2001,540255,1,1,0,0,0,0,0,0,0,0,0,0
2001,540256,1,1,0,0,0,0,0,0,0,0,0,0
2001,540257,1,1,0,0,0,0,0,0,0,0,0,0
2001,540257,2,1,0,0,0,0,0,0,0,0,29,0
2001,540257,3,1,0,0,0,0,0,0,0,0,0,0
2001,540258,1,1,0,0,0,0,0,0,0,0,0,0
2001,540259,1,1,31,31,31,31,31,31,31,31,31,31
2001,540260,1,1,12,12,12,12,12,12,12,12,12,12
2001,540261,1,1,0,0,0,0,0,0,0,0,0,0
2001,540261,2,1,0,0,0,0,0,0,0,0,0,0
2001,540262,1,1,29,11,3,17,10,13,15,2,24,21
2001,540263,0,1,0,0,0,0,0,0,0,0,0,0
2001,540263,1,1,0,0,0,0,0,0,0,0,0,0
2001,540264,1,1,0,0,0,0,0,0,0,0,0,0
2001,540264,2,1,0,0,0,0,0,0,0,0,0,0
2001,540265,0,1,0,0,0,0,0,0,0,0,0,0
2001,540265,1,1,0,0,0,0,0,0,0,0,0,0
2001,540266,1,1,0,0,0,0,0,0,0,0,0,0
2001,540267,1,1,0,0,0,0,0,0,0,0,0,0
2001,540267,2,1,0,0,0,0,0,0,0,0,0,0
2001,540268,1,1,0,0,0,0,0,0,0,0,0,0
2001,540269,1,1,0,0,0,0,0,0,0,0,0,0
2001,540269,2,1,0,0,0,0,0,17,0,0,0,0
2001,540270,1,1,0,0,0,0,0,0,0,0,0,0
2001,540270,2,1,0,0,0,0,0,0,0,0,0,0
2001,540271,1,1,0,0,0,0,0,0,0,0,0,0
2001,540271,2,1,0,0,0,0,0,0,0,0,0,0
2001,540272,1,1,0,0,0,0,0,0,0,0,0,0
2001,540272,2,1,11,11,11,11,11,11,11,11,11,11
2001,540273,1,1,0,0,0,0,0,0,0,0,0,0
2001,540274,1,1,0,0,0,0,0,0,0,0,0,0
2001,540274,2,1,0,0,0,0,0,0,0,0,0,0
2001,540274,3,1,0,0,0,0,0,0,0,0,0,0
2001,540275,1,1,0,0,0,0,0,0,0,0,0,0
2001,540275,2,1,0,0,0,0,0,0,0,0,0,0
2001,540276,1,1,0,0,0,0,0,0,0,0,0,0
2001,540277,1,1,4,4,4,4,4,4,4,4,4,4
2001,540278,1,1,0,0,0,0,0,0,0,0,0,0
2001,540278,2,1,0,0,0,0,0,0,0,0,0,0
2001,540279,1,1,23,23,23,23,23,23,23,23,23,23
2001,540279,2,1,0,0,0,0,22,0,0,0,7,0
2001,540280,1,1,16,16,16,16,16,16,16,16,16,16
2001,540281,1,1,0,0,0,0,0,0,0,0,0,0
2001,540281,2,1,0,0,0,0,0,0,0,0,0,0
2001,540282,1,1,0,4,0,0,0,0,17,0,0,0
2001,540283,1,1,25,25,25,25,25,25,25,25,25,25
2001,540284,1,1,0,0,0,0,0,0,0,0,0,0
2001,540285,1,1,0,0,0,0,0,0,0,0,0,0
2001,540286,1,1,0,0,9,0,0,0,11,0,0,0
2001,540287,1,1,27,27,27,27,27,27,27,27,27,27
2001,540288,1,1,25,25,25,25,25,25,25,25,25,25
2001,540289,1,1,0,0,0,0,0,0,0,0,0,0
2001,540290,0,1,0,0,0,0,0,0,0,0,0,0
2001,540290,1,1,0,0,0,0,0,0,0,0,0,0
2001,540291,1,1,0,0,0,0,0,0,0,0,0,0
2001,540291,2,1,30,30,30,30,30,30,30,30,30,30
2001,540292,0,1,0,0,0,0,0,0,0,0,0,0
2001,540292,1,1,0,0,0,0,0,0,0,0,0,0
2001,540293,1,1,0,0,0,0,0,0,0,0,0,0
2001,540294,1,1,0,0,0,0,0,0,0,0,0,0
2001,540294,2,1,0,0,0,0,0,0,0,0,0,0
2001,540295,1,1,0,0,0,0,0,0,0,0,0,0
2001,540296,1,1,0,0,0,0,0,0,0,0,0,0
2001,540297,1,1,0,0,0,0,0,0,0,0,0,0
2001,540297,2,1,0,0,0,0,0,0,0,0,0,0
2001,540297,3,1,0,0,0,0,0,0,0,0,0,0
2001,540298,1,1,0,0,0,0,0,0,0,0,0,0
2001,540299,1,1,0,0,0,0,0,0,0,0,0,0
2001,540299,2,1,0,0,0,0,0,0,0,14,0,0
2001,540300,1,1,0,0,0,0,0,0,0,0,0,0
2001,540300,2,1,0,0,0,0,0,0,0,0,0,0
2001,540301,0,1,25,25,25,25,25,25,25,25,25,25
2001,540301,1,1,0,0,0,0,0,0,0,0,0,0
2001,540302,1,1,15,15,15,15,15,15,15,15,15,15
2001,540303,1,1,12,12,12,12,12,12,12,12,12,12
2001,540303,2,1,0,0,0,0,0,0,0,0,0,0
2001,540304,1,1,0,0,0,0,0,0,0,0,0,0
2001,540305,1,1,0,0,0,0,0,0,0,0,0,0
2001,540305,2,1,0,0,0,0,0,0,0,0,0,0
2001,540306,1,1,0,0,0,0,0,0,0,0,14,0
2001,540306,2,1,0,0,0,0,0,0,0,0,0,0
2001,540307,1,1,0,0,0,0,0,0,0,0,0,0
2001,540307,2,1,21,21,21,21,21,21,21,21,21,21
2001,540307,3,1,0,0,0,0,0,0,0,0,10,0
2001,540308,1,1,9,22,34,12,0,29,21,14,25,0
2001,540309,1,1,0,0,0,0,0,0,0,0,0,0
2001,540310,1,1,0,0,0,0,0,0,0,0,0,0
2001,540311,1,1,0,0,39,0,0,0,0,0,0,0
2001,540312,1,1,20,20,20,20,20,20,20,20,20,20
2001,540313,1,1,0,0,0,0,0,0,0,0,0,0
2001,540314,1,1,0,0,0,0,0,0,0,0,0,0
2001,540314,2,1,0,0,0,0,0,0,0,0,0,0
2001,540315,1,1,0,0,0,0,0,0,0,0,0,0
2001,540315,2,1,0,0,6,0,0,0,0,0,0,0
2001,540316,1,1,16,16,16,16,16,16,16,16,16,16