YEAR,st_case,veh_no,per_no,P1,P2,P3,P4,P5,P6,P7,P8,P9,P10
2001,540317,0,1,0,0,0,0,0,0,0,0,0,0
2001,540317,1,1,10,0,15,13,6,16,0,11,15,0
2001,540318,1,1,0,9,0,0,0,0,0,0,0,0
2001,540319,1,1,9,9,9,9,9,9,9,9,9,9
2001,540320,1,1,33,33,33,33,33,33,33,33,33,33
2001,540321,1,1,10,10,10,10,10,10,10,10,10,10
2001,540322,1,1,0,0,0,0,0,0,0,0,0,5
2001,540322,2,1,0,0,0,14,17,0,0,0,25,0
2001,540323,1,1,0,0,0,0,0,0,0,0,0,0
2001,540323,2,1,0,0,0,0,0,0,0,0,0,0
2001,540323,3,1,0,0,0,0,0,0,0,0,0,0
2001,540324,1,1,0,0,0,0,0,0,0,0,0,0
2001,540324,2,1,0,0,0,0,0,0,0,0,0,0
2001,540325,1,1,0,0,0,0,0,0,0,0,0,0
2001,540325,2,1,29,29,29,29,29,29,29,29,29,29
2001,540326,1,1,0,0,0,0,0,0,0,0,0,0
2001,540327,1,1,0,0,0,0,0,0,0,0,0,0
2001,540328,1,1,27,27,27,27,27,27,27,27,27,27
2001,540329,1,1,0,0,0,0,0,0,0,0,0,0
2001,540329,2,1,0,0,0,0,0,0,0,0,0,0
2001,540329,3,1,0,0,0,0,0,0,0,0,0,0
2001,540329,4,1,0,0,0,0,0,0,0,0,0,0
2001,540330,1,1,1,1,1,1,1,1,1,1,1,1
2001,540331,1,1,15,15,15,15,15,15,15,15,15,15
2001,540332,1,1,0,0,0,0,0,0,0,0,0,0
2001,540332,2,1,0,0,0,0,14,0,0,0,0,0
2001,540333,1,1,0,0,0,0,0,0,0,0,0,0
2001,540333,2,1,0,0,0,0,0,8,0,0,0,0
2001,540334,1,1,0,0,0,0,0,0,0,0,0,0
2001,540334,2,1,0,0,0,0,0,0,0,0,0,0
2001,540335,1,1,13,13,13,13,13,13,13,13,13,13
2001,540335,2,1,0,0,0,0,0,0,0,0,0,0
2001,540336,1,1,0,0,0,0,0,0,0,0,0,0
2001,540336,2,1,22,22,22,22,22,22,22,22,22,22
2001,540337,1,1,0,0,0,0,0,0,0,0,0,0
2001,540337,2,1,0,0,0,0,0,0,0,0,0,0
2001,540338,1,1,0,0,0,0,0,0,0,0,0,0
2001,540339,1,1,27,27,27,27,27,27,27,27,27,27
2001,540339,2,1,0,0,31,19,0,0,0,0,0,0
2001,540340,1,1,13,13,13,13,13,13,13,13,13,13
2001,540341,1,1,0,0,0,0,0,0,0,0,0,0
2001,540341,2,1,0,0,0,0,0,0,0,0,0,0
2001,540342,1,1,0,0,0,0,0,0,0,0,0,0
2001,540343,1,1,20,20,20,20,20,20,20,20,20,20
2001,540344,1,1,0,0,0,0,0,0,0,0,0,0
2001,540344,2,1,0,0,0,0,0,0,0,0,0,0
2001,540345,1,1,9,9,9,9,9,9,9,9,9,9
2001,540346,1,1,20,20,20,20,20,20,20,20,20,20
2001,540346,2,1,0,0,0,0,0,0,0,0,0,0
2001,540346,3,1,0,0,0,0,0,0,0,0,0,0
2001,540347,1,1,0,0,0,0,0,0,0,0,0,0
2001,540347,2,1,17,12,16,9,13,28,11,9,3,0
2001,540348,1,1,13,13,13,13,13,13,13,13,13,13
2001,540349,1,1,0,0,0,0,0,0,0,0,0,0
2001,540350,1,1,0,0,0,0,0,0,0,0,0,0
2001,540350,2,1,13,13,13,13,13,13,13,13,13,13
2001,540351,1,1,0,0,0,0,0,0,0,0,0,0
2001,540351,2,1,0,0,0,0,0,0,0,0,0,0
2001,540352,0,1,0,0,16,0,0,0,0,0,0,0
2001,540352,1,1,0,0,0,0,0,0,0,0,0,0
2001,540353,1,1,11,11,11,11,11,11,11,11,11,11
2001,540354,0,1,0,0,0,0,0,0,0,0,0,0
2001,540354,1,1,0,0,0,0,0,0,0,0,0,0
2001,540355,1,1,0,0,0,0,0,0,0,0,0,0
2001,540355,2,1,0,0,18,0,0,0,0,0,0,0
2001,540356,1,1,14,14,14,14,14,14,14,14,14,14
2001,540357,1,1,0,0,0,0,0,0,0,0,0,34
2001,550001,1,1,0,0,0,0,0,0,0,0,0,0
2001,550001,2,1,0,0,0,0,0,0,0,0,0,0
2001,550002,1,1,0,0,0,0,0,0,0,0,0,0
2001,550002,2,1,0,0,0,0,17,0,0,0,0,17
2001,550003,1,1,0,0,0,0,0,0,0,0,0,0
2001,550003,2,1,0,0,0,0,0,0,0,0,0,0
2001,550004,1,1,0,0,0,0,0,0,0,0,0,0
2001,550005,1,1,0,0,0,0,0,0,0,0,0,0
2001,550005,2,1,0,0,0,18,0,0,0,0,0,0
2001,550006,1,1,0,0,0,0,0,0,0,0,0,0
2001,550006,2,1,0,0,0,0,0,0,0,0,0,0
2001,550007,0,1,0,0,0,0,0,0,0,0,0,0
2001,550007,1,1,0,0,6,0,0,0,0,0,0,0
2001,550008,1,1,0,0,0,0,0,0,0,0,0,0
2001,550008,2,1,0,0,0,0,0,0,0,0,0,0
2001,550009,1,1,0,0,0,0,0,0,0,0,0,0
2001,550009,2,1,0,0,0,0,0,0,0,0,0,0
2001,550010,1,1,18,0,24,0,0,0,0,0,13,22
2001,550010,2,1,0,0,0,0,0,0,0,0,0,0
2001,550011,1,1,19,19,19,19,19,19,19,19,19,19
2001,550012,1,1,0,0,0,0,0,0,0,0,0,0
2001,550012,2,1,0,0,0,4,0,0,0,0,0,0
2001,550013,1,1,0,0,0,0,0,0,0,0,0,0
2001,550014,1,1,0,0,0,0,0,0,0,0,0,0
2001,550014,2,1,0,0,0,0,0,0,0,0,0,0
2001,550015,0,1,11,11,11,11,11,11,11,11,11,11
2001,550015,1,1,0,0,0,0,0,0,0,0,0,0
2001,550016,1,1,0,0,0,0,0,0,0,0,0,0
2001,550016,2,1,25,25,25,25,25,25,25,25,25,25
2001,550017,0,1,0,0,0,0,0,0,0,0,0,0
2001,550017,1,1,0,0,0,0,0,0,0,0,0,0
2001,550018,1,1,0,0,0,0,0,0,0,0,0,0
2001,550019,1,1,0,0,0,0,0,0,0,0,0,0
2001,550019,2,1,0,0,0,0,0,0,0,0,0,0
2001,550020,1,1,0,0,0,0,0,0,0,0,0,0
2001,550020,2,1,0,0,0,0,0,0,0,0,0,0
2001,550021,1,1,0,0,0,0,0,0,0,0,0,0
2001,550021,2,1,2,2,2,2,2,2,2,2,2,2
2001,550022,1,1,0,0,0,0,0,0,0,0,0,0
2001,550023,1,1,25,25,25,25,25,25,25,25,25,25
2001,550023,2,1,0,0,4,0,0,0,0,0,0,0
2001,550024,1,1,0,0,0,0,0,0,0,0,0,0
2001,550025,1,1,0,0,0,0,0,0,0,0,0,0
2001,550025,2,1,0,0,0,0,0,0,0,0,0,0
2001,550026,1,1,0,0,0,0,0,0,0,0,0,0
2001,550026,2,1,0,0,0,0,0,0,0,0,0,0
2001,550027,1,1,0,0,16,0,0,0,0,0,13,0
2001,550027,2,1,0,0,0,0,0,0,0,0,0,0
2001,550028,1,1,14,14,14,14,14,14,14,14,14,14
2001,550029,1,1,0,0,0,0,0,0,0,0,0,0
2001,550029,2,1,0,0,0,0,0,0,0,0,0,0
2001,550030,1,1,0,0,0,0,0,0,0,0,0,0
2001,550030,2,1,0,0,0,0,0,0,0,0,0,0
2001,550031,1,1,19,19,19,19,19,19,19,19,19,19
2001,550032,1,1,0,0,0,0,0,0,0,0,0,0
2001,550032,2,1,0,0,13,0,0,0,0,0,0,0
2001,550033,1,1,0,0,0,0,0,0,0,0,0,0
2001,550033,2,1,0,0,0,0,0,0,0,0,0,0
2001,550034,1,1,0,0,0,0,0,0,0,0,0,0
2001,550034,2,1,0,0,0,0,0,0,0,0,0,0
2001,550034,3,1,0,0,0,0,0,0,0,0,0,0
2001,550035,1,1,24,24,24,24,24,24,24,24,24,24
2001,550036,0,1,0,0,0,0,0,0,0,0,0,0
2001,550036,1,1,0,0,0,0,0,0,0,0,0,0
2001,550037,1,1,0,0,0,0,0,4,0,0,0,0
2001,550037,2,1,0,0,0,15,0,0,0,0,0,0
2001,550038,1,1,0,0,0,0,0,0,0,0,0,0
2001,550038,2,1,0,0,0,0,0,0,0,0,0,0
2001,550039,1,1,0,0,0,0,0,0,0,0,0,0
2001,550040,0,1,24,24,24,24,24,24,24,24,24,24
2001,550040,1,1,0,0,0,0,0,0,0,0,0,0
2001,550041,1,1,0,0,0,0,0,0,0,0,0,0
2001,550041,2,1,0,0,0,0,0,0,0,0,0,0
2001,550042,1,1,0,0,0,0,0,0,0,0,0,0
2001,550043,1,1,21,21,21,21,21,21,21,21,21,21
2001,550044,1,1,0,0,0,0,0,0,0,0,0,0
2001,550045,1,1,0,0,0,0,0,0,0,0,0,0
2001,550045,2,1,0,0,0,0,0,0,0,0,0,0
2001,550046,1,1,0,0,0,0,4,0,0,0,0,0
2001,550046,2,1,0,0,0,0,0,0,9,16,0,6
2001,550047,0,1,0,0,0,0,4,0,0,0,0,0
2001,550047,1,1,10,10,10,10,10,10,10,10,10,10
2001,550048,1,1,0,0,0,0,0,0,0,0,0,0
2001,550048,2,1,0,0,0,0,0,0,0,0,0,0
2001,550049,1,1,0,0,0,0,0,0,2,0,0,0
2001,550049,2,1,0,0,0,0,0,0,0,0,0,0
2001,550050,1,1,0,0,0,0,0,0,0,0,0,0
2001,550050,2,1,0,0,0,0,0,0,0,0,0,0
2001,550051,1,1,0,0,0,0,0,7,0,0,0,0
2001,550052,1,1,0,0,0,0,0,0,0,0,0,0
2001,550052,2,1,0,0,0,0,0,0,0,0,0,0
2001,550052,3,1,0,0,0,0,0,0,0,0,0,0
2001,550053,1,1,0,0,0,10,0,0,0,0,0,0
2001,550053,2,1,0,0,0,0,0,0,0,0,0,0
2001,550054,1,1,0,0,0,0,0,0,0,0,0,0
2001,550054,2,1,0,0,0,0,0,10,0,0,0,0
2001,550055,1,1,0,0,0,0,0,0,0,0,0,0
2001,550056,1,1,0,0,0,0,0,0,0,0,0,0
2001,550056,2,1,0,0,0,0,0,6,0,0,0,0
2001,550057,1,1,20,20,20,20,20,20,20,20,20,20
2001,550058,1,1,13,0,0,0,0,0,0,0,0,0
2001,550059,1,1,10,10,10,10,10,10,10,10,10,10
2001,550060,1,1,0,0,0,0,0,0,0,0,0,0
2001,550060,2,1,22,22,22,22,22,22,22,22,22,22
2001,550061,1,1,0,0,0,0,0,0,0,0,0,0
2001,550062,1,1,0,0,0,0,0,0,0,0,0,0
2001,550062,2,1,0,0,10,0,0,9,0,0,0,0
2001,550063,1,1,0,0,0,0,0,0,0,0,0,0
2001,550063,2,1,0,0,0,0,0,0,0,0,0,0
2001,550064,1,1,31,31,31,31,31,31,31,31,31,31
2001,550064,2,1,0,0,0,0,0,0,0,0,0,0
2001,550064,3,1,0,0,0,0,0,0,0,0,0,0
2001,550064,4,1,26,0,0,4,0,0,15,0,0,0
2001,550065,1,1,0,0,0,0,0,0,0,0,0,0
2001,550065,2,1,4,0,0,0,0,0,0,0,0,0
2001,550065,3,1,0,0,0,0,0,0,0,0,0,0
2001,550066,1,1,21,21,21,21,21,21,21,21,21,21
2001,550067,1,1,0,0,0,0,0,0,0,0,0,0
2001,550067,2,1,0,0,0,0,0,0,0,0,0,0
2001,550067,3,1,0,0,0,0,0,0,0,0,0,0
2001,550068,1,1,0,0,0,0,0,0,0,0,0,0
2001,550068,2,1,0,0,0,7,0,0,0,0,0,0
2001,550069,1,1,0,0,0,0,0,0,0,0,0,0
2001,550070,1,1,0,0,0,0,0,0,0,0,0,0
2001,550070,2,1,0,0,0,0,0,0,0,0,0,0
2001,550071,1,1,9,15,14,15,10,22,24,23,30,11
2001,550072,1,1,14,14,14,14,14,14,14,14,14,14
2001,550073,1,1,0,0,0,0,0,0,0,0,0,0
2001,550073,2,1,0,0,0,0,0,10,0,0,18,0
2001,550074,1,1,0,0,0,0,0,0,0,0,0,0
2001,550074,2,1,0,0,0,0,0,0,0,0,0,0
2001,550075,1,1,25,25,25,25,25,25,25,25,25,25
2001,550076,1,1,0,0,0,0,0,0,0,0,0,0
2001,550077,1,1,0,0,0,0,0,0,0,0,0,0
2001,550078,0,1,21,21,21,21,21,21,21,21,21,21
2001,550078,1,1,0,0,0,0,0,0,0,0,0,0
2001,550079,1,1,0,0,0,0,0,0,0,0,0,0
2001,550079,2,1,0,0,0,0,0,0,0,0,0,0
2001,550079,3,1,0,0,0,0,0,0,0,0,0,0
2001,550080,1,1,26,26,26,26,26,26,26,26,26,26
2001,550081,1,1,0,0,0,0,0,0,0,0,0,0
2001,550081,2,1,0,0,0,0,0,0,0,0,0,0
2001,550082,1,1,12,12,12,12,12,12,12,12,12,12
2001,550083,1,1,14,14,14,14,14,14,14,14,14,14
2001,550084,1,1,14,14,14,14,14,14,14,14,14,14
2001,550085,1,1,14,14,14,14,14,14,14,14,14,14
2001,550086,1,1,0,0,0,0,0,0,0,0,0,0
2001,550086,2,1,0,0,0,0,0,0,0,0,0,0
2001,550087,0,1,0,0,0,0,0,0,0,0,0,0
2001,550087,1,1,7,7,7,7,7,7,7,7,7,7
2001,550088,1,1,0,0,0,0,0,0,0,0,0,0
2001,550088,2,1,0,0,0,0,0,0,0,0,0,0
2001,550089,1,1,23,23,23,23,23,23,23,23,23,23
2001,550090,0,1,0,0,0,0,0,0,0,0,0,0
2001,550090,1,1,0,13,0,3,0,0,0,0,12,0
2001,550091,1,1,0,0,0,0,0,0,0,0,0,0
2001,550092,1,1,0,0,22,23,12,32,0,0,0,17
2001,550093,1,1,12,12,12,12,12,12,12,12,12,12
2001,550093,2,1,0,0,0,0,0,0,0,0,0,0
2001,550094,1,1,0,0,0,0,0,0,0,0,0,0
2001,550095,1,1,0,0,0,0,0,0,0,0,0,0
2001,550095,2,1,0,0,0,0,0,0,0,0,0,0
2001,550095,3,1,0,0,0,0,0,0,0,0,0,0
2001,550096,1,1,0,0,0,0,0,0,0,0,0,0
2001,550096,2,1,0,0,0,0,0,0,0,0,0,15
2001,550097,0,1,0,0,0,0,0,0,0,0,6,0
2001,550097,1,1,0,0,0,0,0,0,0,0,0,0
2001,550098,1,1,23,23,23,23,23,23,23,23,23,23
2001,550099,1,1,16,16,16,16,16,16,16,16,16,16
2001,550100,0,1,25,25,25,25,25,25,25,25,25,25
2001,550100,1,1,16,16,16,16,16,16,16,16,16,16
2001,550101,0,1,20,20,20,20,20,20,20,20,20,20
2001,550101,1,1,14,14,14,14,14,14,14,14,14,14
2001,550102,1,1,4,4,4,4,4,4,4,4,4,4
2001,550102,2,1,0,0,0,0,0,0,0,0,0,0
2001,550103,1,1,0,5,0,0,0,0,0,0,0,0
2001,550103,2,1,0,0,0,0,0,0,0,0,0,0
2001,550104,1,1,0,0,0,0,0,0,0,0,0,0
2001,550104,2,1,0,0,0,0,0,0,0,0,0,0
2001,550105,1,1,32,32,32,32,32,32,32,32,32,32
2001,550106,1,1,22,22,22,22,22,22,22,22,22,22
2001,550107,1,1,32,32,32,32,32,32,32,32,32,32
2001,550108,1,1,0,0,0,0,0,0,0,0,0,0
2001,550109,1,1,0,0,0,0,0,0,0,0,0,0
2001,550109,2,1,0,0,0,0,0,0,0,0,0,0
2001,550110,1,1,0,0,10,0,0,0,0,0,0,0
2001,550110,2,1,0,0,0,0,0,0,0,0,0,0
2001,550111,1,1,0,0,0,0,0,0,0,14,0,0
2001,550112,0,1,0,0,0,0,0,0,0,0,0,0
2001,550112,1,1,0,0,0,0,0,0,0,0,0,0
2001,550113,1,1,0,0,0,0,0,0,0,0,0,0
2001,550113,2,1,0,0,0,0,0,0,0,0,0,0
2001,550114,1,1,0,0,0,0,0,0,0,0,0,0
2001,550114,2,1,0,0,0,0,0,0,0,0,0,0
2001,550115,1,1,26,26,26,26,26,26,26,26,26,26
2001,550116,1,1,0,0,0,0,0,0,0,0,0,0
2001,550116,2,1,0,0,0,0,0,0,0,0,0,0
2001,550117,1,1,20,20,20,20,20,20,20,20,20,20
2001,550118,1,1,15,15,15,15,15,15,15,15,15,15
2001,550119,1,1,24,24,24,24,24,24,24,24,24,24
2001,550120,1,1,18,18,18,18,18,18,18,18,18,18
2001,550121,1,1,28,28,28,28,28,28,28,28,28,28
2001,550122,1,1,9,9,9,9,9,9,9,9,9,9
2001,550123,1,1,0,0,0,0,0,0,0,0,0,0
2001,550123,2,1,0,0,0,0,0,0,0,0,0,0
2001,550124,1,1,24,42,16,24,24,31,19,33,13,9
2001,550125,1,1,0,6,0,0,21,0,9,0,0,0
2001,550126,1,1,0,0,0,0,0,0,0,0,0,0
2001,550127,1,1,25,25,25,25,25,25,25,25,25,25
2001,550128,1,1,30,30,30,30,30,30,30,30,30,30
2001,550129,1,1,3,3,3,3,3,3,3,3,3,3
2001,550130,1,1,0,0,0,0,0,0,0,0,0,0
2001,550130,2,1,0,0,0,0,0,0,0,0,0,0
2001,550130,3,1,0,0,0,0,0,0,0,0,0,0
2001,550131,0,1,0,0,0,0,0,0,0,0,0,0
2001,550131,1,1,0,0,0,0,0,0,0,0,0,0
2001,550132,1,1,25,26,11,17,13,8,18,17,17,20
2001,550133,1,1,0,0,0,0,0,0,0,0,0,0
2001,550133,2,1,20,20,20,20,20,20,20,20,20,20
2001,550134,1,1,18,18,18,18,18,18,18,18,18,18
2001,550134,2,1,0,19,19,0,0,0,0,0,0,0
2001,550135,1,1,0,0,0,0,0,0,0,0,0,0
2001,550136,1,1,25,25,25,25,25,25,25,25,25,25
2001,550137,1,1,18,18,18,18,18,18,18,18,18,18
2001,550138,1,1,3,3,3,3,3,3,3,3,3,3
2001,550139,0,1,25,25,25,25,25,25,25,25,25,25
2001,550139,1,1,14,14,14,14,14,14,14,14,14,14
2001,550140,1,1,0,0,0,0,0,0,0,0,0,0
2001,550141,1,1,0,0,0,0,0,0,0,0,0,0
2001,550141,2,1,0,0,0,0,0,0,0,0,0,0
2001,550142,1,1,0,0,0,0,0,0,0,0,0,0
2001,550142,2,1,0,0,0,0,0,0,0,0,0,0
2001,550143,1,1,0,0,0,17,0,27,34,0,0,11
2001,550144,1,1,0,0,0,0,0,14,4,0,0,8
2001,550144,2,1,0,0,0,0,0,0,0,0,0,0
2001,550145,1,1,0,0,0,0,0,0,0,0,0,0
2001,550145,2,1,0,0,0,0,0,0,0,0,0,0
2001,550146,1,1,0,0,0,0,0,0,0,0,0,0
2001,550146,2,1,0,0,15,0,0,0,0,0,0,0
2001,550147,1,1,0,0,0,0,0,0,0,0,0,0
2001,550147,2,1,0,0,0,0,0,0,0,0,0,0
2001,550148,1,1,26,26,26,26,26,26,26,26,26,26
2001,550149,1,1,0,9,0,0,0,0,0,0,0,0
2001,550149,2,1,0,0,0,0,0,0,0,0,0,0
2001,550150,1,1,0,0,15,0,15,0,0,0,0,0
2001,550151,1,1,0,0,0,0,0,0,0,0,0,0
2001,550151,2,1,0,0,0,0,0,0,0,0,0,7
2001,550152,1,1,12,12,12,12,12,12,12,12,12,12
2001,550153,0,1,0,0,0,0,0,0,0,0,0,0
2001,550153,1,1,0,0,0,0,0,0,0,0,0,0
2001,550154,1,1,18,18,18,18,18,18,18,18,18,18
2001,550155,1,1,0,0,0,0,0,0,0,0,0,0
2001,550155,2,1,0,0,0,0,0,0,0,0,0,0
2001,550156,0,1,0,0,0,0,25,0,18,0,19,41
2001,550156,1,1,0,0,0,0,0,0,0,0,0,0
2001,550157,0,1,0,0,0,0,0,0,0,0,0,0
2001,550157,1,1,0,0,0,0,0,0,0,0,0,0
2001,550158,1,1,17,17,17,17,17,17,17,17,17,17
2001,550159,1,1,0,0,0,0,0,0,0,0,0,0
2001,550159,2,1,0,0,0,0,0,0,0,0,0,0
2001,550160,1,1,0,0,0,0,0,0,0,0,0,0
2001,550160,2,1,0,0,0,0,0,0,0,27,0,0
2001,550160,3,1,0,0,0,3,0,0,0,0,0,0
2001,550160,4,1,0,0,0,0,0,0,0,0,0,8
2001,550161,1,1,0,0,0,0,0,0,0,0,0,0
2001,550161,2,1,0,0,0,0,0,0,0,0,0,0
2001,550161,3,1,0,0,0,0,0,0,0,0,0,0
2001,550161,4,1,0,0,0,0,0,0,0,0,0,0
2001,550162,1,1,0,0,0,0,0,0,0,0,0,0
2001,550163,1,1,0,0,0,0,0,0,0,0,0,0
2001,550163,2,1,0,0,0,0,0,0,0,0,0,0
2001,550164,1,1,0,0,0,0,0,0,0,0,0,0
2001,550165,1,1,0,0,0,0,0,0,0,0,0,0
2001,550165,2,1,8,8,8,8,8,8,8,8,8,8
2001,550166,1,1,0,0,0,0,0,0,0,0,0,0
2001,550167,1,1,18,18,18,18,18,18,18,18,18,18
2001,550167,2,1,0,0,0,0,0,0,0,0,0,0
2001,550168,1,1,0,0,0,0,0,0,0,0,0,0
2001,550168,2,1,0,0,0,0,0,0,0,0,0,0
2001,550169,1,1,22,22,22,22,22,22,22,22,22,22
2001,550170,1,1,0,0,0,0,0,0,0,0,0,0
2001,550170,2,1,21,21,21,21,21,21,21,21,21,21
2001,550171,1,1,27,27,27,27,27,27,27,27,27,27
2001,550172,1,1,15,15,15,15,15,15,15,15,15,15
2001,550173,1,1,25,25,25,25,25,25,25,25,25,25
2001,550174,1,1,31,31,31,31,31,31,31,31,31,31
2001,550175,1,1,0,0,0,0,0,0,0,0,0,0
2001,550175,2,1,0,0,0,0,0,0,0,0,0,0
2001,550176,1,1,0,0,0,0,0,0,0,0,0,0
2001,550176,2,1,0,0,0,0,0,0,0,0,0,0
2001,550177,1,1,20,20,20,20,20,20,20,20,20,20
2001,550177,2,1,4,4,4,4,4,4,4,4,4,4
2001,550178,1,1,16,16,16,16,16,16,16,16,16,16
2001,550179,1,1,13,29,0,9,0,19,0,0,0,0
2001,550180,1,1,12,12,12,12,12,12,12,12,12,12
2001,550181,1,1,0,0,0,0,0,0,0,0,0,0
2001,550182,1,1,0,0,0,0,0,0,0,0,0,0
2001,550182,2,1,0,0,0,0,0,0,0,0,0,0
2001,550182,3,1,0,0,0,0,0,0,0,0,0,0
2001,550183,1,1,0,0,0,0,0,0,0,0,0,0
2001,550183,2,1,0,0,0,0,0,0,0,0,0,0
2001,550184,1,1,22,22,22,22,22,22,22,22,22,22
2001,550184,2,1,0,0,0,0,0,0,0,0,0,0
2001,550185,0,1,0,17,20,0,0,0,0,0,0,15
2001,550185,1,1,17,17,17,17,17,17,17,17,17,17
2001,550186,1,1,18,18,18,18,18,18,18,18,18,18
2001,550187,1,1,21,21,21,21,21,21,21,21,21,21
2001,550188,1,1,27,27,27,27,27,27,27,27,27,27
2001,550189,1,1,21,21,21,21,21,21,21,21,21,21
2001,550190,1,1,0,0,0,0,0,0,0,0,0,0
2001,550190,2,1,0,0,0,0,0,0,0,0,0,0
2001,550191,1,1,0,0,0,0,0,0,0,0,0,0
2001,550192,1,1,0,18,0,16,0,0,0,0,0,0
2001,550193,1,1,28,28,28,28,28,28,28,28,28,28
2001,550193,2,1,0,0,0,0,0,0,0,0,0,0
2001,550194,1,1,0,0,0,0,0,0,0,0,0,0
2001,550195,1,1,0,0,0,0,0,0,0,0,0,0
2001,550195,2,1,0,0,0,0,0,0,0,0,0,0
2001,550196,1,1,0,0,0,0,0,0,0,0,0,0
2001,550196,2,1,0,0,0,0,0,0,0,0,0,0
2001,550197,1,1,21,21,21,21,21,21,21,21,21,21
2001,550198,1,1,23,23,23,23,23,23,23,23,23,23
2001,550199,0,1,0,0,0,0,0,0,0,0,0,0
2001,550199,1,1,0,0,0,0,0,0,0,0,0,0
2001,550200,1,1,22,22,22,22,22,22,22,22,22,22
2001,550201,1,1,0,0,0,0,0,0,0,0,0,0
2001,550201,2,1,0,0,0,0,0,0,0,0,0,0
2001,550202,1,1,0,0,0,0,0,0,0,0,0,0
2001,550202,2,1,0,0,0,0,0,0,0,0,0,0
2001,550203,1,1,0,0,0,0,0,0,0,0,0,0
2001,550204,1,1,0,0,0,0,0,0,0,0,0,0
2001,550204,2,1,0,24,0,0,0,0,11,0,0,28
2001,550205,1,1,13,13,13,13,13,13,13,13,13,13
2001,550206,1,1,0,0,0,0,0,0,0,0,0,0
2001,550206,2,1,0,0,0,0,0,0,0,0,0,0
2001,550206,3,1,0,0,0,0,0,0,0,0,0,0
2001,550207,1,1,6,6,6,6,6,6,6,6,6,6
2001,550208,1,1,8,8,8,8,8,8,8,8,8,8
2001,550209,0,1,0,0,0,0,0,0,0,0,0,0
2001,550209,1,1,3,3,3,3,3,3,3,3,3,3
2001,550210,1,1,19,19,19,19,19,19,19,19,19,19
2001,550211,1,1,25,12,13,19,17,7,14,27,14,20
2001,550212,0,1,0,0,0,0,0,0,0,0,0,0
2001,550212,1,1,0,0,0,0,0,0,0,0,0,0
2001,550213,1,1,0,0,0,0,0,0,0,0,0,0
2001,550213,2,1,0,0,0,0,0,0,0,0,0,0
2001,550214,1,1,0,0,0,0,0,0,0,0,0,0
2001,550214,2,1,0,0,0,0,0,0,0,0,0,0
2001,550215,0,1,0,0,0,0,0,0,0,0,0,0
2001,550215,1,1,0,0,0,0,0,0,17,0,0,0
2001,550216,1,1,0,0,0,0,0,0,0,0,0,0
2001,550217,1,1,0,0,0,0,0,0,0,0,0,0
2001,550217,2,1,17,17,17,17,17,17,17,17,17,17
2001,550218,1,1,0,0,0,0,0,0,0,0,0,0
2001,550218,2,1,0,0,0,0,0,0,0,0,0,0
2001,550218,3,1,0,0,0,0,0,0,0,0,0,0
2001,550219,1,1,0,0,0,0,20,0,0,28,0,12
2001,550220,1,1,0,0,0,0,0,0,0,0,0,0
2001,550220,2,1,17,17,17,17,17,17,17,17,17,17
2001,550221,1,1,0,0,0,0,0,0,0,0,0,0
2001,550221,2,1,0,0,0,0,0,0,0,0,0,0
2001,550222,1,1,3,3,3,3,3,3,3,3,3,3
2001,550223,1,1,0,0,0,0,0,0,0,0,0,0
2001,550223,2,1,0,0,0,0,0,0,0,0,0,0
2001,550223,3,1,0,0,0,0,0,0,0,0,0,0
2001,550224,1,1,0,0,0,0,0,0,0,0,0,0
2001,550225,1,1,22,0,0,0,14,0,0,12,0,21
2001,550225,2,1,0,0,0,0,0,0,0,0,0,0
2001,550226,1,1,16,16,16,16,16,16,16,16,16,16
2001,550226,2,1,0,0,4,0,0,0,0,0,0,0
2001,550226,3,1,0,0,0,0,0,0,0,0,0,0
2001,550227,0,1,30,30,30,30,30,30,30,30,30,30
2001,550227,1,1,8,12,0,15,0,0,3,8,17,0
2001,550228,1,1,0,0,0,0,0,0,0,0,0,0
2001,550229,1,1,0,0,0,0,0,30,0,0,0,0
2001,550229,2,1,0,0,0,0,0,0,0,0,0,0
2001,550229,3,1,0,0,0,0,0,0,9,0,0,0
2001,550230,0,1,0,0,0,0,0,0,0,0,0,0
2001,550230,1,1,0,0,0,0,0,0,0,0,0,0
2001,550231,1,1,20,20,20,20,20,20,20,20,20,20
2001,550231,2,1,0,0,0,0,0,0,0,0,0,0
2001,550231,3,1,9,0,0,18,0,0,6,0,15,0
2001,550232,1,1,0,0,0,0,0,0,0,0,0,0
2001,550232,2,1,0,0,0,0,0,0,0,0,0,0
2001,550233,1,1,12,12,12,12,12,12,12,12,12,12
2001,550234,1,1,14,14,14,14,14,14,14,14,14,14
2001,550235,1,1,0,0,0,0,0,0,0,0,0,0
2001,550235,2,1,0,0,0,0,0,0,0,0,0,0
2001,550235,3,1,0,0,0,0,0,0,0,0,0,7