YEAR,st_case,veh_no,per_no,P1,P2,P3,P4,P5,P6,P7,P8,P9,P10
2001,550236,1,1,0,0,0,9,0,0,0,0,0,0
2001,550237,1,1,21,21,21,21,21,21,21,21,21,21
2001,550238,1,1,0,0,0,0,0,0,0,0,0,0
2001,550238,2,1,0,0,0,0,0,0,0,0,0,0
2001,550239,1,1,17,17,17,17,17,17,17,17,17,17
2001,550240,1,1,0,0,0,0,0,0,0,0,0,0
2001,550241,1,1,6,6,6,6,6,6,6,6,6,6
2001,550242,1,1,0,0,0,0,0,0,0,0,0,0
2001,550243,0,1,0,0,0,0,0,0,0,0,0,0
2001,550243,1,1,0,0,0,0,0,0,0,0,0,0
2001,550244,1,1,0,0,0,0,0,0,0,0,0,0
2001,550244,2,1,26,26,26,26,26,26,26,26,26,26
2001,550245,1,1,0,0,0,0,0,0,0,0,0,0
2001,550246,1,1,0,0,0,0,0,0,0,0,0,0
2001,550246,2,1,28,0,0,0,0,0,0,0,0,0
2001,550247,1,1,1,1,1,1,1,1,1,1,1,1
2001,550248,1,1,0,0,0,0,0,0,0,0,18,0
2001,550249,1,1,0,0,0,0,0,0,0,0,0,0
2001,550249,2,1,0,0,0,0,0,0,0,0,0,0
2001,550250,1,1,0,0,0,0,0,18,0,0,0,0
2001,550251,1,1,0,0,0,0,0,0,0,0,0,0
2001,550251,2,1,0,0,0,0,0,0,0,0,0,0
2001,550252,1,1,11,0,13,0,23,9,10,12,12,11
2001,550253,1,1,0,0,0,4,0,0,0,0,0,0
2001,550253,2,1,0,0,14,0,0,0,0,0,0,0
2001,550254,1,1,29,22,19,15,15,22,27,18,20,15
2001,550255,1,1,0,0,0,0,0,0,0,0,0,0
2001,550255,2,1,0,0,0,0,0,0,0,0,0,0
2001,550256,1,1,5,12,0,8,0,4,11,10,11,9
2001,550256,2,1,0,0,0,0,0,0,0,0,0,0
2001,550257,0,1,0,0,0,0,0,0,0,0,0,0
2001,550257,1,1,0,0,0,0,0,0,0,0,0,0
2001,550258,1,1,20,20,20,20,20,20,20,20,20,20
2001,550258,2,1,0,0,0,14,0,0,17,0,0,0
2001,550259,1,1,0,0,0,0,0,0,0,0,0,0
2001,550259,2,1,0,0,0,0,0,0,0,0,0,0
2001,550259,3,1,0,0,6,0,0,0,0,0,0,0
2001,550259,4,1,0,5,0,0,0,0,0,0,0,0
2001,550260,1,1,2,2,2,2,2,2,2,2,2,2
2001,550261,1,1,0,0,0,0,0,0,0,0,0,0
2001,550262,1,1,0,0,0,0,0,0,0,0,0,0
2001,550263,1,1,20,20,20,20,20,20,20,20,20,20
2001,550264,1,1,29,29,29,29,29,29,29,29,29,29
2001,550265,1,1,0,0,0,0,0,0,0,0,0,0
2001,550265,2,1,0,0,0,0,0,0,0,0,0,0
2001,550266,1,1,0,0,0,0,0,0,0,0,0,0
2001,550266,2,1,23,23,23,23,23,23,23,23,23,23
2001,550267,1,1,0,0,0,0,0,0,0,0,0,0
2001,550268,1,1,16,0,0,0,0,10,23,0,0,0
2001,550269,1,1,20,20,20,20,20,20,20,20,20,20
2001,550270,1,1,18,18,18,18,18,18,18,18,18,18
2001,550270,2,1,0,0,0,0,0,0,0,14,0,0
2001,550270,3,1,0,0,0,19,0,0,12,0,0,16
2001,550271,1,1,21,21,21,21,21,21,21,21,21,21
2001,550272,1,1,1,1,1,1,1,1,1,1,1,1
2001,550273,1,1,26,26,26,26,26,26,26,26,26,26
2001,550274,1,1,0,0,0,0,0,0,0,0,0,0
2001,550275,1,1,0,0,0,0,0,0,0,0,0,0
2001,550276,1,1,0,0,0,11,0,0,0,0,0,0
2001,550276,2,1,0,0,0,0,0,0,0,0,0,0
2001,550277,1,1,0,0,0,0,0,0,0,0,0,0
2001,550277,2,1,14,0,0,0,0,0,0,5,0,0
2001,550277,3,1,0,0,0,13,0,0,0,0,0,0
2001,550278,1,1,19,19,19,19,19,19,19,19,19,19
2001,550279,1,1,10,10,10,10,10,10,10,10,10,10
2001,550279,2,1,0,0,0,0,0,0,0,0,0,0
2001,550280,1,1,21,21,21,21,21,21,21,21,21,21
2001,550281,1,1,11,11,11,11,11,11,11,11,11,11
2001,550282,1,1,16,16,16,16,16,16,16,16,16,16
2001,550283,1,1,17,17,17,17,17,17,17,17,17,17
2001,550284,1,1,0,0,0,0,0,0,0,0,0,0
2001,550284,2,1,0,0,0,0,0,0,0,0,0,0
2001,550285,1,1,4,4,4,4,4,4,4,4,4,4
2001,550285,2,1,0,0,0,0,0,0,0,0,0,0
2001,550285,3,1,0,0,0,0,0,0,10,0,0,0
2001,550286,1,1,18,18,18,18,18,18,18,18,18,18
2001,550287,1,1,0,0,0,0,0,0,0,0,0,0
2001,550287,2,1,0,0,0,16,0,0,0,0,0,0
2001,550287,3,1,0,0,0,0,11,0,0,0,0,0
2001,550288,1,1,21,21,21,21,21,21,21,21,21,21
2001,550289,1,1,0,0,0,0,0,0,0,0,0,0
2001,550290,1,1,0,0,0,0,0,0,0,0,0,0
2001,550291,1,1,17,17,17,17,17,17,17,17,17,17
2001,550292,1,1,11,11,11,11,11,11,11,11,11,11
2001,550292,2,1,17,16,22,3,10,12,14,15,12,16
2001,550293,1,1,0,0,0,0,0,0,0,0,0,0
2001,550293,2,1,0,0,0,0,0,0,0,0,0,0
2001,550294,1,1,37,37,37,37,37,37,37,37,37,37
2001,550295,1,1,0,0,0,0,0,0,0,0,0,0
2001,550295,2,1,0,0,0,5,0,0,0,0,0,0
2001,550296,1,1,0,0,0,0,0,0,0,0,0,0
2001,550296,2,1,0,0,0,0,0,0,0,0,0,0
2001,550296,3,1,0,0,0,0,0,0,0,0,0,0
2001,550297,1,1,12,12,12,12,12,12,12,12,12,12
2001,550298,1,1,0,0,0,0,0,0,0,0,0,0
2001,550299,1,1,0,0,0,0,0,0,0,0,0,0
2001,550300,1,1,0,0,0,0,0,0,0,0,0,0
2001,550301,1,1,0,0,0,0,0,0,0,0,0,0
2001,550302,1,1,8,8,8,8,8,8,8,8,8,8
2001,550303,1,1,27,27,27,27,27,27,27,27,27,27
2001,550304,1,1,21,21,21,21,21,21,21,21,21,21
2001,550305,1,1,0,0,0,0,0,0,0,0,0,0
2001,550306,1,1,5,5,5,5,5,5,5,5,5,5
2001,550307,0,1,23,23,23,23,23,23,23,23,23,23
2001,550307,0,2,22,10,0,24,27,0,17,0,17,17
2001,550307,1,1,0,0,0,0,0,0,0,0,0,0
2001,550308,1,1,0,0,11,0,0,0,0,0,0,0
2001,550309,0,1,21,21,21,21,21,21,21,21,21,21
2001,550309,1,1,0,0,0,0,0,0,0,0,0,0
2001,550310,1,1,0,0,0,0,0,0,0,0,0,0
2001,550310,2,1,0,0,0,0,0,0,0,0,0,0
2001,550311,1,1,18,18,18,18,18,18,18,18,18,18
2001,550312,1,1,0,3,0,0,0,0,0,0,11,0
2001,550313,1,1,11,11,11,11,11,11,11,11,11,11
2001,550314,1,1,0,0,0,0,0,0,0,0,0,0
2001,550314,2,1,0,0,0,0,0,0,0,0,0,0
2001,550315,1,1,16,19,20,13,28,24,15,35,29,23
2001,550316,1,1,0,29,27,18,20,3,0,20,10,0
2001,550317,1,1,0,0,0,0,0,0,0,0,0,0
2001,550318,1,1,0,0,0,0,0,0,0,0,0,0
2001,550318,2,1,0,0,0,0,0,14,0,0,0,0
2001,550319,1,1,17,17,17,17,17,17,17,17,17,17
2001,550319,2,1,0,0,0,0,18,0,0,0,10,0
2001,550320,1,1,0,0,0,0,0,0,0,0,0,0
2001,550321,1,1,0,0,0,0,0,0,0,0,0,0
2001,550321,2,1,0,0,0,0,0,0,0,0,0,0
2001,550321,3,1,0,0,0,0,0,0,0,0,0,0
2001,550322,1,1,30,30,30,30,30,30,30,30,30,30
2001,550322,2,1,0,0,9,0,0,0,0,0,0,0
2001,550323,1,1,11,0,0,9,0,0,0,0,0,5
2001,550323,2,1,0,0,0,0,0,0,0,0,0,0
2001,550324,1,1,0,0,0,0,0,0,0,0,0,0
2001,550325,1,1,0,0,0,0,0,0,0,0,0,0
2001,550325,2,1,0,0,0,0,0,0,0,0,0,0
2001,550326,0,1,0,0,0,0,0,0,0,0,0,0
2001,550326,1,1,24,24,24,24,24,24,24,24,24,24
2001,550326,2,1,6,13,0,0,0,0,0,0,15,0
2001,550327,1,1,0,0,0,0,0,0,0,0,0,0
2001,550327,2,1,16,16,16,16,16,16,16,16,16,16
2001,550328,1,1,0,0,0,0,0,0,0,0,0,0
2001,550328,2,1,0,0,0,0,0,0,0,0,0,0
2001,550329,1,1,15,15,15,15,15,15,15,15,15,15
2001,550330,1,1,9,9,9,9,9,9,9,9,9,9
2001,550331,1,1,0,0,0,0,0,0,0,0,0,0
2001,550331,2,1,0,0,0,0,0,0,0,0,0,0
2001,550332,1,1,0,3,0,0,0,0,0,11,0,0
2001,550333,1,1,16,16,16,16,16,16,16,16,16,16
2001,550333,2,1,0,4,0,0,12,0,0,12,0,9
2001,550334,1,1,18,18,18,18,18,18,18,18,18,18
2001,550335,1,1,6,0,0,0,0,0,0,0,0,0
2001,550336,1,1,0,0,0,0,0,0,0,0,0,0
2001,550336,2,1,0,0,0,0,0,0,0,0,0,0
2001,550337,1,1,24,24,24,24,24,24,24,24,24,24
2001,550338,1,1,19,19,19,19,19,19,19,19,19,19
2001,550339,1,1,14,14,14,14,14,14,14,14,14,14
2001,550340,1,1,1,1,1,1,1,1,1,1,1,1
2001,550340,2,1,0,0,0,0,0,0,0,0,0,0
2001,550341,1,1,0,0,0,0,0,0,0,0,0,0
2001,550341,2,1,0,0,0,0,0,0,0,0,0,0
2001,550342,1,1,0,18,0,0,0,0,0,0,0,0
2001,550342,2,1,0,0,0,0,0,0,0,0,0,0
2001,550342,3,1,0,0,0,0,0,0,0,0,0,0
2001,550343,1,1,11,11,11,11,11,11,11,11,11,11
2001,550344,1,1,14,23,5,26,18,6,14,6,16,14
2001,550345,1,1,0,0,0,0,0,0,0,0,0,0
2001,550345,2,1,0,0,0,0,0,0,0,0,0,0
2001,550346,0,1,0,0,0,0,0,0,0,0,0,0
2001,550346,1,1,0,0,0,0,0,0,0,0,0,0
2001,550347,1,1,0,0,0,0,0,0,0,0,0,0
2001,550347,2,1,0,0,0,0,0,0,0,0,0,0
2001,550348,1,1,0,0,0,0,0,0,0,0,0,0
2001,550349,1,1,0,0,0,0,0,0,0,0,0,0
2001,550349,2,1,10,17,13,12,0,21,20,0,0,8
2001,550350,1,1,0,0,0,0,0,0,0,0,0,0
2001,550350,2,1,0,0,0,0,0,0,0,0,0,0
2001,550351,1,1,0,0,0,0,0,0,0,0,0,0
2001,550351,2,1,0,0,0,0,0,0,0,0,0,0
2001,550352,1,1,0,20,4,0,0,0,0,15,19,0
2001,550352,2,1,0,0,0,0,21,0,18,0,0,0
2001,550353,1,1,0,0,0,0,5,0,0,0,0,0
2001,550353,2,1,0,0,0,0,0,0,0,0,0,0
2001,550354,1,1,0,0,0,0,0,0,0,0,0,0
2001,550354,2,1,0,0,0,0,0,0,0,0,0,0
2001,550355,1,1,0,0,0,0,0,0,0,0,0,0
2001,550356,0,1,0,0,0,0,0,0,0,0,0,0
2001,550356,1,1,0,0,0,0,0,0,0,0,0,0
2001,550357,1,1,0,0,0,0,0,0,0,7,0,0
2001,550357,2,1,0,0,0,0,0,0,0,0,0,0
2001,550358,1,1,0,0,0,0,0,0,0,0,0,0
2001,550358,2,1,10,10,10,10,10,10,10,10,10,10
2001,550358,3,1,0,0,0,0,0,0,0,0,0,0
2001,550358,4,1,0,0,0,0,0,0,0,0,0,0
2001,550359,1,1,0,0,0,0,0,0,0,0,0,0
2001,550359,2,1,1,1,1,1,1,1,1,1,1,1
2001,550360,1,1,23,23,23,23,23,23,23,23,23,23
2001,550361,1,1,10,10,10,10,10,10,10,10,10,10
2001,550362,0,1,0,38,20,13,0,18,11,10,20,14
2001,550362,1,1,16,23,21,23,0,9,27,12,20,14
2001,550363,1,1,13,13,13,13,13,13,13,13,13,13
2001,550363,2,1,0,0,0,0,0,0,0,0,0,0
2001,550364,1,1,35,35,35,35,35,35,35,35,35,35
2001,550365,1,1,0,0,14,0,0,0,20,0,0,0
2001,550365,2,1,11,11,11,11,11,11,11,11,11,11
2001,550366,1,1,14,14,14,14,14,14,14,14,14,14
2001,550367,1,1,0,0,0,0,0,0,0,0,0,0
2001,550368,1,1,0,0,0,0,0,0,0,0,0,0
2001,550368,2,1,0,0,0,0,0,0,0,0,0,0
2001,550369,1,1,16,16,8,25,16,13,24,21,20,16
2001,550370,1,1,14,14,14,14,14,14,14,14,14,14
2001,550371,1,1,0,0,0,0,0,0,0,0,0,0
2001,550372,1,1,13,13,13,13,13,13,13,13,13,13
2001,550373,1,1,15,0,0,0,0,0,0,7,0,0
2001,550374,1,1,16,16,16,16,16,16,16,16,16,16
2001,550375,1,1,0,0,0,0,0,0,0,0,0,0
2001,550375,2,1,0,0,0,0,0,0,0,0,0,0
2001,550376,1,1,0,0,0,0,0,0,0,0,5,0
2001,550376,2,1,0,0,0,0,0,0,0,0,0,0
2001,550377,1,1,0,0,0,0,0,0,0,0,0,0
2001,550377,2,1,0,0,0,0,0,0,0,0,0,0
2001,550378,1,1,0,0,0,0,0,0,0,0,0,0
2001,550379,1,1,0,0,0,0,0,0,0,0,0,0
2001,550380,1,1,0,0,0,0,0,0,0,0,0,0
2001,550380,2,1,0,0,0,0,0,0,0,0,0,0
2001,550381,1,1,13,0,9,0,0,13,0,0,0,0
2001,550381,2,1,0,0,0,0,0,0,0,0,0,0
2001,550382,1,1,21,21,21,21,21,21,21,21,21,21
2001,550382,2,1,18,16,10,13,0,0,0,0,0,0
2001,550383,1,1,26,26,26,26,26,26,26,26,26,26
2001,550384,1,1,0,0,0,0,0,0,0,0,0,0
2001,550385,1,1,25,25,25,25,25,25,25,25,25,25
2001,550386,1,1,1,1,1,1,1,1,1,1,1,1
2001,550386,2,1,0,0,0,0,0,0,0,0,0,0
2001,550386,3,1,0,0,0,0,0,0,0,0,0,0
2001,550387,1,1,0,0,0,0,0,0,0,0,0,0
2001,550387,2,1,0,0,0,0,0,0,0,0,0,0
2001,550388,1,1,0,0,0,0,0,0,0,0,0,0
2001,550388,2,1,0,0,0,0,0,0,0,0,0,0
2001,550389,1,1,0,0,0,0,15,0,0,0,0,0
2001,550389,2,1,0,0,0,0,0,0,0,0,0,0
2001,550389,3,1,0,0,0,0,0,0,0,0,0,0
2001,550390,1,1,21,21,21,21,21,21,21,21,21,21
2001,550391,1,1,0,0,0,0,0,0,0,0,0,0
2001,550391,2,1,0,0,0,0,0,0,0,0,0,0
2001,550391,3,1,0,0,0,0,0,0,0,0,0,0
2001,550392,1,1,0,0,0,0,0,0,0,0,0,0
2001,550392,2,1,0,0,0,0,0,0,0,0,0,0
2001,550393,1,1,14,14,14,14,14,14,14,14,14,14
2001,550394,1,1,24,24,24,24,24,24,24,24,24,24
2001,550395,1,1,21,22,16,13,19,20,31,10,25,17
2001,550396,1,1,0,0,0,0,0,0,0,0,0,0
2001,550397,1,1,8,15,8,0,13,12,15,19,10,25
2001,550398,1,1,0,0,0,0,0,0,0,0,0,0
2001,550398,2,1,0,0,0,0,0,0,0,0,0,0
2001,550399,1,1,12,0,23,18,9,20,7,16,6,0
2001,550400,1,1,12,12,12,12,12,12,12,12,12,12
2001,550401,1,1,6,0,22,0,0,9,0,0,0,0
2001,550402,1,1,10,10,10,10,10,10,10,10,10,10
2001,550403,1,1,19,0,25,0,17,2,9,13,38,16
2001,550404,1,1,0,0,0,0,0,0,0,0,0,0
2001,550404,2,1,0,0,0,0,0,0,0,0,0,0
2001,550405,1,1,0,0,0,0,0,0,0,0,0,0
2001,550405,2,1,0,0,0,0,15,0,0,0,0,0
2001,550406,1,1,27,27,27,27,27,27,27,27,27,27
2001,550407,1,1,0,0,0,0,0,0,0,0,0,0
2001,550407,2,1,0,0,0,0,0,0,0,0,0,0
2001,550408,1,1,0,0,0,0,0,0,0,0,0,0
2001,550408,2,1,0,0,0,0,0,0,0,0,0,0
2001,550409,1,1,0,14,0,0,0,0,0,0,0,7
2001,550409,2,1,0,0,0,0,0,0,0,0,0,0
2001,550410,1,1,20,20,20,20,20,20,20,20,20,20
2001,550411,1,1,0,0,0,0,0,0,0,0,0,0
2001,550411,2,1,0,0,0,0,0,0,0,0,0,0
2001,550412,1,1,0,0,0,0,0,0,0,0,0,0
2001,550412,2,1,0,0,0,0,0,0,0,0,0,0
2001,550413,0,1,29,29,29,29,29,29,29,29,29,29
2001,550413,1,1,0,0,0,0,0,0,0,0,0,0
2001,550413,2,1,0,0,0,0,0,0,0,0,0,0
2001,550413,3,1,22,0,0,0,0,0,0,0,0,0
2001,550414,1,1,0,0,0,0,0,0,0,0,0,0
2001,550414,2,1,0,0,0,0,0,0,0,0,0,0
2001,550415,1,1,0,0,0,0,0,0,0,0,0,0
2001,550415,2,1,22,22,22,22,22,22,22,22,22,22
2001,550416,1,1,0,0,0,0,0,0,0,0,0,0
2001,550416,2,1,0,0,0,0,0,0,0,0,0,0
2001,550417,1,1,0,0,0,0,0,0,0,0,0,0
2001,550417,2,1,0,0,0,0,0,0,0,0,0,0
2001,550418,1,1,16,16,16,16,16,16,16,16,16,16
2001,550418,2,1,1,1,1,1,1,1,1,1,1,1
2001,550419,1,1,0,0,0,0,0,0,0,0,0,0
2001,550419,2,1,0,0,0,0,0,0,0,0,0,0
2001,550420,1,1,21,21,21,21,21,21,21,21,21,21
2001,550421,1,1,0,0,0,0,0,0,0,0,0,0
2001,550421,2,1,0,0,0,0,0,0,0,0,0,0
2001,550422,1,1,0,0,0,0,0,0,0,0,0,0
2001,550422,2,1,0,0,0,0,0,0,0,0,0,0
2001,550423,0,1,27,0,32,26,6,0,22,0,0,0
2001,550423,1,1,0,0,0,0,0,0,0,0,0,0
2001,550424,1,1,0,0,0,0,0,0,0,0,0,0
2001,550424,2,1,0,0,0,0,0,0,0,0,0,0
2001,550425,1,1,18,18,18,18,18,18,18,18,18,18
2001,550426,1,1,22,22,22,22,22,22,22,22,22,22
2001,550427,1,1,19,19,19,19,19,19,19,19,19,19
2001,550428,1,1,11,11,11,11,11,11,11,11,11,11
2001,550429,0,1,24,24,24,24,24,24,24,24,24,24
2001,550429,1,1,13,0,0,0,0,0,0,0,0,0
2001,550430,1,1,2,5,0,0,11,6,8,0,0,11
2001,550430,2,1,0,0,0,0,0,0,0,0,0,0
2001,550431,0,1,34,34,34,34,34,34,34,34,34,34
2001,550431,1,1,17,17,17,17,17,17,17,17,17,17
2001,550432,1,1,0,16,14,0,0,0,0,0,0,0
2001,550432,2,1,0,0,0,0,0,0,0,0,0,0
2001,550433,1,1,30,30,30,30,30,30,30,30,30,30
2001,550434,1,1,0,0,0,0,0,0,0,0,0,0
2001,550434,2,1,0,0,0,0,0,0,0,0,0,0
2001,550435,1,1,16,16,16,16,16,16,16,16,16,16
2001,550436,1,1,16,16,16,16,16,16,16,16,16,16
2001,550436,2,1,0,0,0,0,0,0,0,0,0,0
2001,550437,1,1,0,0,0,16,0,0,13,0,0,0
2001,550437,2,1,0,0,0,0,0,0,0,0,0,0
2001,550438,1,1,15,19,25,3,22,6,9,19,18,8
2001,550439,1,1,0,0,0,0,0,0,0,0,0,0
2001,550439,2,1,0,0,0,0,0,0,0,0,0,0
2001,550440,1,1,19,19,19,19,19,19,19,19,19,19
2001,550441,1,1,0,0,0,0,0,0,0,0,0,0
2001,550441,2,1,0,0,0,0,0,0,0,0,0,0
2001,550442,1,1,0,0,17,0,0,0,0,0,0,0
2001,550442,2,1,0,0,0,0,0,0,0,0,0,0
2001,550442,3,1,0,0,0,0,0,0,0,0,0,0
2001,550443,1,1,0,0,0,0,0,0,0,0,0,0
2001,550444,1,1,0,0,0,0,0,0,0,0,0,0
2001,550444,2,1,0,0,0,0,0,0,0,0,0,0
2001,550445,1,1,31,31,31,31,31,31,31,31,31,31
2001,550446,1,1,0,0,0,0,0,0,0,0,0,0
2001,550446,2,1,0,0,0,0,0,0,0,0,0,0
2001,550447,1,1,0,0,0,0,0,0,0,0,0,0
2001,550447,2,1,0,0,0,0,0,0,0,0,0,0
2001,550448,1,1,25,25,25,25,25,25,25,25,25,25
2001,550449,1,1,0,0,0,0,0,0,0,0,0,0
2001,550449,2,1,0,0,0,0,0,0,0,0,0,0
2001,550450,1,1,0,4,15,0,16,24,0,0,0,14
2001,550451,1,1,13,13,13,13,13,13,13,13,13,13
2001,550452,0,1,0,0,0,0,0,0,0,0,0,0
2001,550452,1,1,0,0,0,0,0,0,0,0,0,0
2001,550453,1,1,0,0,0,0,0,0,0,0,0,0
2001,550453,2,1,0,0,0,0,0,0,0,0,0,0
2001,550454,1,1,0,0,0,0,0,0,0,0,0,0
2001,550454,2,1,0,0,0,0,0,0,0,0,0,0
2001,550455,1,1,15,15,15,15,15,15,15,15,15,15
2001,550455,2,1,14,14,14,14,14,14,14,14,14,14
2001,550456,1,1,10,10,10,10,10,10,10,10,10,10
2001,550457,1,1,41,41,41,41,41,41,41,41,41,41
2001,550458,1,1,14,14,14,14,14,14,14,14,14,14
2001,550459,1,1,15,15,15,15,15,15,15,15,15,15
2001,550460,1,1,24,24,24,24,24,24,24,24,24,24
2001,550461,1,1,0,0,0,0,0,0,0,0,0,0
2001,550462,1,1,20,20,20,20,20,20,20,20,20,20
2001,550463,1,1,13,13,13,13,13,13,13,13,13,13
2001,550463,2,1,0,0,0,4,0,0,0,0,0,0
2001,550464,1,1,6,6,6,6,6,6,6,6,6,6
2001,550465,1,1,10,10,10,10,10,10,10,10,10,10
2001,550466,1,1,26,26,26,26,26,26,26,26,26,26
2001,550467,1,1,18,18,18,18,18,18,18,18,18,18
2001,550468,1,1,0,0,0,0,0,0,0,0,0,0
2001,550469,1,1,0,0,0,0,0,0,0,0,0,0
2001,550469,2,1,0,0,0,0,0,0,0,0,0,0
2001,550470,1,1,0,0,0,0,0,0,0,0,0,0
2001,550470,2,1,0,0,0,0,0,0,0,0,0,0
2001,550471,1,1,33,22,0,0,23,0,0,0,15,23
2001,550472,1,1,0,0,0,0,0,0,0,0,0,0
2001,550472,2,1,14,0,31,0,0,0,0,0,19,0
2001,550473,1,1,15,15,15,15,15,15,15,15,15,15
2001,550474,1,1,6,6,6,6,6,6,6,6,6,6
2001,550475,1,1,0,0,0,0,0,0,0,0,0,0
2001,550475,2,1,0,0,0,0,0,0,0,0,0,0
2001,550476,1,1,36,36,36,36,36,36,36,36,36,36
2001,550477,1,1,0,0,0,0,0,0,0,0,0,0
2001,550477,2,1,0,0,0,0,0,0,0,0,0,0
2001,550478,1,1,17,0,19,23,3,13,4,11,3,15
2001,550478,2,1,14,14,14,14,14,14,14,14,14,14
2001,550479,1,1,20,20,20,20,20,20,20,20,20,20
2001,550480,1,1,27,27,27,27,27,27,27,27,27,27
2001,550481,1,1,27,27,27,27,27,27,27,27,27,27
2001,550482,1,1,20,20,20,20,20,20,20,20,20,20
2001,550483,1,1,0,0,0,0,0,0,0,0,0,0
2001,550483,2,1,0,0,0,0,0,0,0,0,0,0
2001,550484,1,1,19,19,19,19,19,19,19,19,19,19
2001,550485,1,1,0,0,0,0,0,0,0,0,0,0
2001,550486,1,1,0,0,0,0,0,0,0,0,0,0
2001,550486,2,1,0,0,0,0,0,0,0,0,0,0
2001,550487,1,1,22,22,22,22,22,22,22,22,22,22
2001,550488,1,1,22,22,22,22,22,22,22,22,22,22
2001,550489,1,1,21,21,21,21,21,21,21,21,21,21
2001,550490,0,1,20,20,20,20,20,20,20,20,20,20
2001,550490,1,1,20,20,20,20,20,20,20,20,20,20
2001,550491,1,1,15,15,15,15,15,15,15,15,15,15
2001,550491,2,1,4,4,4,4,4,4,4,4,4,4
2001,550492,1,1,0,0,0,0,0,0,0,0,0,0
2001,550492,2,1,8,9,0,13,17,0,0,11,0,0
2001,550492,3,1,0,21,0,0,0,0,0,0,0,0
2001,550493,1,1,16,16,16,16,16,16,16,16,16,16
2001,550494,1,1,16,16,16,16,16,16,16,16,16,16
2001,550495,1,1,29,29,29,29,29,29,29,29,29,29
2001,550496,1,1,0,0,0,0,0,0,0,0,0,0
2001,550496,2,1,0,0,0,0,0,0,0,0,0,0
2001,550497,0,1,29,29,29,29,29,29,29,29,29,29
2001,550497,1,1,0,0,0,0,0,0,0,0,0,0
2001,550498,0,1,0,30,0,30,0,0,21,0,19,0
2001,550498,1,1,0,0,0,0,0,0,0,0,0,0
2001,550499,1,1,0,0,0,0,0,0,0,0,0,0
2001,550500,1,1,27,27,27,27,27,27,27,27,27,27
2001,550501,1,1,0,0,0,0,0,0,0,0,0,0
2001,550502,1,1,0,0,0,0,0,0,0,0,0,0
2001,550502,2,1,0,0,0,0,0,0,0,0,0,0
2001,550503,0,1,0,0,0,0,0,0,0,0,0,0
2001,550503,1,1,0,0,0,0,0,0,0,0,0,0
2001,550504,1,1,0,0,0,0,0,0,0,0,0,0
2001,550504,2,1,0,0,0,0,0,0,0,0,0,0
2001,550505,0,1,3,3,3,3,3,3,3,3,3,3
2001,550505,1,1,0,0,12,0,0,13,0,15,0,20
2001,550506,1,1,22,22,22,22,22,22,22,22,22,22
2001,550507,1,1,2,2,2,2,2,2,2,2,2,2
2001,550508,1,1,0,0,0,0,0,0,0,0,0,0
2001,550509,1,1,8,0,0,17,0,0,0,0,0,0
2001,550509,2,1,0,0,0,0,0,0,0,0,0,0
2001,550510,1,1,16,16,16,16,16,16,16,16,16,16
2001,550511,1,1,18,20,27,32,0,0,14,0,0,7
2001,550512,1,1,0,0,0,0,0,0,0,0,0,0
2001,550513,1,1,19,19,19,19,19,19,19,19,19,19
2001,550514,1,1,0,0,0,0,0,0,0,0,0,0
2001,550514,2,1,0,0,0,0,0,0,0,0,0,0
2001,550515,1,1,0,0,0,0,0,0,0,0,0,0
2001,550516,1,1,0,0,0,0,0,0,0,0,0,0
2001,550516,2,1,0,0,0,0,0,0,0,0,0,0
2001,550517,1,1,0,0,0,0,0,0,0,0,0,0
2001,550517,2,1,0,0,0,0,0,0,0,0,0,0
2001,550518,1,1,0,0,0,0,0,0,0,0,0,0
2001,550518,2,1,0,0,0,0,0,0,0,0,0,0
2001,550518,3,1,1,0,0,15,2,0,0,0,0,0
2001,550519,1,1,19,19,19,19,19,19,19,19,19,19
2001,550520,1,1,0,0,0,0,0,0,0,0,0,0
2001,550520,2,1,0,0,0,0,0,0,0,0,0,0
2001,550521,1,1,0,0,0,0,0,0,0,0,0,0
2001,550521,2,1,0,0,0,0,0,0,0,0,0,0
2001,550522,1,1,0,0,0,0,0,0,0,0,0,0
2001,550522,2,1,0,0,0,0,0,0,0,0,0,0
2001,550523,1,1,24,24,24,24,24,24,24,24,24,24
2001,550524,1,1,29,29,29,29,29,29,29,29,29,29
2001,550524,2,1,0,0,0,0,0,0,0,0,0,0
2001,550525,0,1,0,0,0,0,0,0,0,0,0,0