YEAR,st_case,veh_no,per_no,P1,P2,P3,P4,P5,P6,P7,P8,P9,P10
2001,550525,1,1,0,0,0,0,0,0,0,0,0,0
2001,550526,1,1,0,0,0,0,0,0,0,0,0,0
2001,550527,1,1,20,20,20,20,20,20,20,20,20,20
2001,550528,1,1,0,0,0,0,0,0,0,0,0,0
2001,550528,2,1,25,25,25,25,25,25,25,25,25,25
2001,550529,1,1,19,19,19,19,19,19,19,19,19,19
2001,550530,1,1,25,25,25,25,25,25,25,25,25,25
2001,550531,1,1,0,0,0,0,0,0,0,0,0,0
2001,550532,1,1,0,0,22,14,0,18,5,19,18,0
2001,550533,1,1,1,1,1,1,1,1,1,1,1,1
2001,550533,2,1,0,12,0,0,0,0,0,0,0,0
2001,550534,0,1,0,8,0,0,32,0,15,0,10,0
2001,550534,1,1,0,0,0,0,0,0,0,0,22,0
2001,550535,1,1,0,0,0,0,0,0,0,0,0,0
2001,550535,2,1,0,0,0,0,0,0,0,0,0,0
2001,550536,1,1,10,10,10,10,10,10,10,10,10,10
2001,550536,2,1,0,0,0,0,0,0,0,0,0,0
2001,550537,1,1,24,24,24,24,24,24,24,24,24,24
2001,550538,2,1,6,6,6,6,6,6,6,6,6,6
2001,550539,1,1,0,0,24,9,0,4,0,0,0,0
2001,550540,1,1,15,15,15,15,15,15,15,15,15,15
2001,550541,1,1,0,0,0,0,0,0,0,0,0,0
2001,550541,2,1,0,0,0,0,0,0,0,0,0,0
2001,550542,1,1,9,9,9,9,9,9,9,9,9,9
2001,550542,2,1,0,0,0,0,0,0,0,0,0,0
2001,550543,1,1,0,0,0,0,0,0,0,0,0,0
2001,550543,2,1,0,0,0,0,0,0,0,0,0,0
2001,550544,1,1,0,0,0,0,0,0,0,0,0,0
2001,550544,2,1,0,0,7,0,0,0,0,0,5,0
2001,550545,1,1,11,11,11,11,11,11,11,11,11,11
2001,550546,1,1,18,18,18,18,18,18,18,18,18,18
2001,550547,1,1,44,19,22,25,29,16,38,22,18,21
2001,550548,1,1,0,0,0,0,0,0,0,0,0,0
2001,550549,1,2,17,8,11,9,21,0,0,15,32,0
2001,550550,1,1,0,0,0,0,0,0,0,0,0,0
2001,550550,2,1,0,0,0,0,0,0,0,0,0,0
2001,550551,1,1,16,16,16,16,16,16,16,16,16,16
2001,550552,1,1,0,0,0,0,0,0,0,0,0,0
2001,550552,2,1,0,0,0,0,0,0,0,0,0,0
2001,550553,1,1,26,26,26,26,26,26,26,26,26,26
2001,550554,1,1,0,9,21,0,0,0,0,0,0,18
2001,550555,1,1,19,19,19,19,19,19,19,19,19,19
2001,550556,0,1,0,0,0,0,0,0,0,0,0,0
2001,550556,1,1,0,0,0,0,0,0,0,0,0,0
2001,550557,1,1,20,20,20,20,20,20,20,20,20,20
2001,550558,1,1,27,27,27,27,27,27,27,27,27,27
2001,550559,1,1,0,0,0,0,0,0,0,0,0,0
2001,550560,1,1,0,0,5,2,0,0,0,0,0,0
2001,550560,2,1,0,0,0,0,0,0,0,0,0,0
2001,550561,1,1,0,0,18,0,0,0,0,0,0,0
2001,550561,2,1,0,0,0,0,0,0,0,0,0,0
2001,550562,1,1,20,20,20,20,20,20,20,20,20,20
2001,550562,2,1,0,0,0,0,25,0,0,0,0,0
2001,550563,1,1,0,0,0,0,0,0,0,0,0,0
2001,550564,1,1,0,0,0,0,0,0,0,0,0,0
2001,550565,1,1,0,0,0,0,0,0,10,0,0,0
2001,550566,1,1,0,0,0,0,0,0,0,0,0,0
2001,550566,2,1,17,17,17,17,17,17,17,17,17,17
2001,550567,1,1,11,11,11,11,11,11,11,11,11,11
2001,550568,1,1,0,0,0,0,0,0,0,0,0,0
2001,550569,1,1,0,0,17,0,0,0,0,0,0,0
2001,550569,2,1,0,0,0,0,0,0,0,0,0,0
2001,550570,1,1,0,0,0,0,0,0,0,0,0,0
2001,550570,2,1,0,0,0,0,0,0,11,0,0,20
2001,550570,3,1,0,0,0,0,11,6,0,0,0,13
2001,550571,1,1,0,0,0,0,0,0,0,0,0,0
2001,550572,1,1,0,0,0,0,0,0,0,0,0,0
2001,550572,2,1,0,0,0,0,0,0,0,0,0,0
2001,550572,3,1,0,0,0,0,0,0,0,0,0,0
2001,550573,1,1,8,8,8,8,8,8,8,8,8,8
2001,550574,0,1,31,31,31,31,31,31,31,31,31,31
2001,550574,1,1,0,0,0,0,0,0,0,0,0,0
2001,550575,1,1,3,23,21,21,19,15,3,23,18,10
2001,550576,1,1,19,19,19,19,19,19,19,19,19,19
2001,550577,0,1,23,23,23,23,23,23,23,23,23,23
2001,550577,1,1,0,0,0,0,0,0,0,0,0,0
2001,550578,0,1,0,0,0,0,0,0,0,0,0,0
2001,550578,1,1,0,0,0,0,0,0,0,0,0,14
2001,550579,1,1,26,26,26,26,26,26,26,26,26,26
2001,550580,1,1,11,0,0,0,0,13,0,0,0,0
2001,550581,1,1,7,7,7,7,7,7,7,7,7,7
2001,550582,1,1,0,0,0,0,0,0,24,6,0,10
2001,550583,0,1,18,18,18,18,18,18,18,18,18,18
2001,550583,1,1,0,0,0,0,0,0,0,0,0,0
2001,550584,1,1,15,15,15,15,15,15,15,15,15,15
2001,550585,1,1,0,0,0,0,0,0,0,0,0,0
2001,550586,1,1,0,0,0,0,0,0,0,0,0,0
2001,550587,0,1,22,22,22,22,22,22,22,22,22,22
2001,550587,1,1,8,14,3,0,21,8,11,7,0,7
2001,550588,1,1,0,0,0,0,0,0,0,0,0,0
2001,550588,2,1,0,0,0,0,0,0,0,0,0,0
2001,550589,1,1,0,0,0,0,0,0,0,0,0,0
2001,550589,2,1,0,0,0,0,0,0,0,0,0,0
2001,550590,1,1,20,20,20,20,20,20,20,20,20,20
2001,550591,1,1,21,21,21,21,21,21,21,21,21,21
2001,550591,2,1,0,0,0,0,0,0,0,0,0,0
2001,550592,0,1,14,14,14,14,14,14,14,14,14,14
2001,550592,1,1,4,4,4,4,4,4,4,4,4,4
2001,550593,1,1,0,0,0,0,0,0,0,0,0,0
2001,550593,2,1,0,0,0,0,0,0,0,0,0,0
2001,550594,1,1,0,0,0,0,0,0,0,0,0,0
2001,550594,2,1,0,0,0,0,0,0,0,0,0,0
2001,550595,1,1,0,0,0,0,0,0,0,0,0,0
2001,550595,2,1,6,6,6,6,6,6,6,6,6,6
2001,550596,1,1,12,12,12,12,12,12,12,12,12,12
2001,550597,1,1,0,0,0,0,0,0,0,0,0,0
2001,550598,1,1,0,0,0,0,0,0,0,0,0,0
2001,550598,2,1,0,0,0,0,0,0,0,0,0,0
2001,550599,1,1,0,0,0,0,0,0,0,0,0,0
2001,550600,1,1,0,0,0,0,0,0,0,0,0,0
2001,550600,2,1,0,0,0,0,0,0,24,0,0,17
2001,550601,1,1,24,24,24,24,24,24,24,24,24,24
2001,550602,1,1,0,27,18,0,0,21,17,0,35,3
2001,550603,1,1,0,0,0,0,0,0,0,0,0,0
2001,550604,1,1,0,0,0,0,0,0,0,0,0,0
2001,550604,2,1,0,0,0,0,0,0,0,0,0,0
2001,550605,1,1,0,0,0,0,0,0,0,0,0,0
2001,550605,2,1,0,0,0,0,0,0,0,0,0,0
2001,550606,1,1,7,7,7,7,7,7,7,7,7,7
2001,550607,1,1,0,0,0,0,0,0,0,0,0,0
2001,550607,2,1,0,0,0,0,0,0,0,0,0,0
2001,550608,1,1,0,16,0,0,0,4,0,0,11,15
2001,550608,2,1,0,0,0,0,0,0,0,0,0,0
2001,550609,1,1,19,23,24,0,0,0,0,0,0,0
2001,550610,1,1,0,0,5,11,0,14,0,13,0,0
2001,550610,2,1,24,24,24,24,24,24,24,24,24,24
2001,550611,1,1,10,10,10,10,10,10,10,10,10,10
2001,550612,0,1,13,13,13,13,13,13,13,13,13,13
2001,550612,1,1,0,9,11,0,0,0,7,7,3,18
2001,550613,1,1,13,13,13,13,13,13,13,13,13,13
2001,550614,1,1,0,0,0,0,0,0,0,0,0,0
2001,550614,2,1,0,0,0,0,0,0,0,0,0,0
2001,550614,3,1,0,0,0,0,0,0,0,0,0,0
2001,550615,1,1,0,0,0,0,0,0,0,0,0,0
2001,550615,2,1,41,0,0,0,0,0,0,0,0,0
2001,550616,1,1,13,13,13,13,13,13,13,13,13,13
2001,550616,2,1,0,0,0,0,0,0,0,0,0,0
2001,550617,1,1,0,0,0,0,0,0,0,0,0,0
2001,550617,2,1,0,0,0,0,0,0,6,0,0,14
2001,550617,3,1,0,0,0,0,0,11,0,0,0,0
2001,550618,1,1,22,22,22,22,22,22,22,22,22,22
2001,550619,1,1,21,21,21,21,21,21,21,21,21,21
2001,550620,1,1,0,0,0,0,0,0,0,0,0,0
2001,550620,2,1,0,17,0,0,21,0,0,0,0,0
2001,550620,3,1,0,0,0,0,0,0,0,0,0,0
2001,550621,1,1,0,0,0,0,0,0,0,0,0,0
2001,550621,2,1,0,0,0,0,0,0,0,0,0,0
2001,550622,1,1,27,27,27,27,27,27,27,27,27,27
2001,550623,1,1,0,0,0,0,0,0,0,0,0,0
2001,550623,2,1,0,0,0,0,0,0,0,0,0,0
2001,550624,0,1,19,19,19,19,19,19,19,19,19,19
2001,550624,1,1,0,0,0,0,0,0,0,0,0,0
2001,550625,1,1,0,0,0,0,0,0,0,0,0,0
2001,550625,2,1,0,0,0,0,0,0,0,0,0,0
2001,550626,1,1,0,0,0,0,0,0,0,0,0,0
2001,550627,1,1,10,0,0,0,0,0,0,0,0,0
2001,550627,2,1,27,27,27,27,27,27,27,27,27,27
2001,550628,1,1,28,28,28,28,28,28,28,28,28,28
2001,550629,1,1,0,0,0,0,0,0,0,0,0,0
2001,550629,2,1,0,0,0,0,0,0,0,0,0,0
2001,550630,1,1,0,0,0,0,0,0,0,0,0,0
2001,550630,2,1,0,0,12,10,21,28,0,8,0,35
2001,550630,3,1,0,0,0,0,0,0,0,0,0,0
2001,550631,1,1,0,0,0,0,0,0,0,0,0,0
2001,550632,1,1,0,0,0,0,0,0,0,0,0,0
2001,550633,1,1,17,17,17,17,17,17,17,17,17,17
2001,550634,1,1,24,24,24,24,24,24,24,24,24,24
2001,550635,1,1,0,0,5,0,0,0,0,0,0,0
2001,550636,1,1,0,0,0,0,0,0,0,0,0,0
2001,550637,1,1,0,0,0,0,0,0,0,0,0,0
2001,550637,2,1,0,0,0,0,0,0,0,0,0,0
2001,550638,1,1,12,12,12,12,12,12,12,12,12,12
2001,550638,2,1,0,0,0,0,0,0,0,0,0,0
2001,550639,1,1,0,0,0,0,0,0,0,0,0,0
2001,550639,2,1,0,0,0,12,0,0,0,0,0,0
2001,550640,1,1,33,0,16,0,0,27,24,18,0,12
2001,550641,1,1,0,0,0,0,0,0,0,0,0,0
2001,550641,2,1,0,0,0,0,0,0,0,0,0,0
2001,550642,1,1,26,26,26,26,26,26,26,26,26,26
2001,550643,1,1,14,30,3,24,24,18,8,11,14,21
2001,550644,1,1,36,36,36,36,36,36,36,36,36,36
2001,550644,2,1,0,0,0,0,17,0,0,0,0,0
2001,550645,1,1,0,0,0,0,0,0,0,0,0,0
2001,550645,2,1,0,0,0,0,0,0,0,0,0,0
2001,550646,1,1,4,4,4,4,4,4,4,4,4,4
2001,550646,2,1,0,0,0,0,0,0,0,0,0,0
2001,550646,3,1,0,26,0,0,0,15,9,0,12,0
2001,550647,1,1,0,0,0,0,0,0,0,0,0,0
2001,550647,2,1,0,0,0,0,0,0,0,0,0,0
2001,550648,1,1,0,0,0,0,0,0,0,0,0,0
2001,550648,2,1,0,0,0,0,0,0,0,0,0,0
2001,550649,1,1,17,10,10,35,12,16,28,14,15,23
2001,550650,1,1,0,0,0,0,0,0,0,0,0,0
2001,550651,1,1,29,29,29,29,29,29,29,29,29,29
2001,550652,1,1,0,0,0,0,0,0,0,0,0,0
2001,550653,1,1,0,0,0,0,0,0,0,0,0,0
2001,550653,2,1,0,9,0,0,0,0,0,0,0,0
2001,550654,1,1,26,0,0,0,0,0,0,0,0,0
2001,550654,2,1,0,0,0,0,0,0,0,11,0,0
2001,550655,1,1,0,0,0,0,0,0,0,0,0,0
2001,550655,2,1,0,0,0,0,0,0,0,0,0,0
2001,550656,1,1,31,31,31,31,31,31,31,31,31,31
2001,550657,1,1,21,21,21,21,21,21,21,21,21,21
2001,550657,2,1,0,0,0,0,0,0,0,0,23,0
2001,550658,1,1,12,0,0,0,0,15,0,0,0,0
2001,550658,2,1,0,0,0,0,0,0,0,0,0,0
2001,550659,1,1,25,25,25,25,25,25,25,25,25,25
2001,550660,1,1,0,0,0,0,0,0,0,0,0,0
2001,550661,1,1,13,13,13,13,13,13,13,13,13,13
2001,550662,1,1,0,0,0,0,0,0,0,0,0,0
2001,550663,1,1,26,26,26,26,26,26,26,26,26,26
2001,550664,1,1,0,0,0,0,0,0,0,0,0,0
2001,550665,1,1,0,0,0,0,0,0,0,0,0,0
2001,550666,1,1,0,0,0,0,0,0,0,0,0,0
2001,550666,2,1,0,0,0,0,0,0,0,0,0,0
2001,550666,3,1,0,0,0,0,0,0,0,0,0,0
2001,550667,1,1,12,12,12,12,12,12,12,12,12,12
2001,550668,1,1,21,21,21,21,21,21,21,21,21,21
2001,550669,1,1,0,0,0,0,0,0,0,0,0,0
2001,550669,2,1,0,0,0,0,0,0,0,0,0,0
2001,550670,1,1,9,9,9,9,9,9,9,9,9,9
2001,550671,1,1,0,12,0,0,0,0,0,0,0,0
2001,550672,1,1,0,0,0,0,0,0,0,0,0,0
2001,550672,2,1,0,0,0,0,0,0,0,0,0,0
2001,550673,1,1,16,9,25,0,31,0,3,0,9,26
2001,550674,1,1,23,0,0,0,0,35,0,33,0,0
2001,550674,2,1,0,0,0,0,0,0,0,0,0,0
2001,550675,1,1,0,0,0,0,0,0,0,0,0,0
2001,550676,1,1,0,0,0,0,0,0,0,0,0,0
2001,550676,2,1,0,0,0,0,0,0,0,0,0,0
2001,550677,1,1,0,0,0,0,0,0,0,0,0,0
2001,550677,2,1,0,0,0,0,0,0,0,0,0,0
2001,550678,1,1,0,0,0,0,0,0,0,0,0,0
2001,550679,1,1,24,24,24,24,24,24,24,24,24,24
2001,550679,2,1,0,0,0,0,0,0,0,0,0,0
2001,550679,3,1,0,0,0,0,0,0,0,0,0,0
2001,550680,1,1,0,0,0,0,18,0,0,0,0,0
2001,550681,1,1,0,0,0,0,0,0,0,0,0,0
2001,550682,1,1,0,0,0,0,0,0,0,0,0,0
2001,550683,0,1,0,0,15,0,0,0,8,0,0,0
2001,550683,1,1,6,6,6,6,6,6,6,6,6,6
2001,560001,1,1,10,10,10,10,10,10,10,10,10,10
2001,560001,2,1,21,0,0,19,0,0,0,0,0,0
2001,560002,1,1,0,0,0,0,0,0,0,0,0,0
2001,560002,2,1,0,0,0,0,0,0,0,0,21,0
2001,560003,1,1,18,18,18,18,18,18,18,18,18,18
2001,560004,0,1,0,0,0,0,0,0,0,0,0,0
2001,560004,1,1,0,0,0,0,0,0,0,0,0,0
2001,560005,1,1,0,0,0,0,0,0,0,0,0,0
2001,560006,1,1,0,0,0,0,0,0,0,0,0,0
2001,560007,1,1,0,0,0,0,0,0,0,0,0,0
2001,560008,1,1,0,0,0,34,0,0,0,0,0,0
2001,560009,1,1,0,0,0,0,0,0,0,0,0,0
2001,560009,2,1,10,0,0,0,0,0,0,0,21,0
2001,560010,1,1,0,0,0,0,0,0,0,0,0,0
2001,560011,1,1,1,1,1,1,1,1,1,1,1,1
2001,560012,1,1,0,0,0,0,0,0,0,0,0,0
2001,560012,2,1,0,0,0,0,0,0,0,0,0,0
2001,560013,1,1,0,0,0,0,0,0,0,0,0,0
2001,560013,2,1,0,0,0,0,0,0,0,0,0,0
2001,560014,1,1,0,0,0,0,0,0,0,0,0,0
2001,560014,2,1,0,0,0,0,0,0,0,0,0,0
2001,560015,1,1,17,17,17,17,17,17,17,17,17,17
2001,560016,1,1,0,0,0,0,0,17,0,0,0,0
2001,560017,1,1,0,0,0,0,0,0,0,0,0,0
2001,560017,2,1,8,0,0,0,0,0,0,0,0,0
2001,560017,3,1,0,0,0,0,0,0,0,0,0,0
2001,560017,4,1,0,0,0,0,0,0,0,0,0,0
2001,560017,5,1,0,0,0,0,0,0,0,0,0,0
2001,560018,1,1,0,0,0,0,0,0,0,0,0,0
2001,560018,2,1,0,0,0,16,0,0,0,0,0,0
2001,560019,1,1,0,0,0,0,0,0,15,0,0,0
2001,560020,1,1,18,18,18,18,18,18,18,18,18,18
2001,560021,1,1,30,30,30,30,30,30,30,30,30,30
2001,560021,2,1,0,0,0,0,0,0,0,0,0,0
2001,560022,1,1,0,0,0,0,0,0,0,0,0,0
2001,560023,1,1,25,25,25,25,25,25,25,25,25,25
2001,560024,1,1,0,0,0,8,0,0,36,0,0,26
2001,560025,1,1,0,0,0,18,17,23,0,0,14,0
2001,560026,1,1,21,21,21,21,21,21,21,21,21,21
2001,560027,1,1,0,0,0,0,0,0,0,0,7,0
2001,560028,1,1,0,17,20,0,0,0,0,28,0,4
2001,560029,1,1,17,17,17,17,17,17,17,17,17,17
2001,560029,2,1,0,0,0,0,0,0,0,0,0,0
2001,560030,1,1,0,0,0,0,0,0,0,0,0,0
2001,560031,1,1,28,28,28,28,28,28,28,28,28,28
2001,560032,1,1,0,0,0,0,0,0,15,0,0,0
2001,560032,2,1,0,0,0,0,0,0,0,0,0,0
2001,560033,1,1,20,20,20,20,20,20,20,20,20,20
2001,560034,1,1,1,1,1,1,1,1,1,1,1,1
2001,560035,1,1,33,33,33,33,33,33,33,33,33,33
2001,560036,1,1,0,0,0,0,0,0,0,0,0,0
2001,560037,0,1,0,0,0,0,0,0,0,0,0,0
2001,560037,1,1,8,8,8,8,8,8,8,8,8,8
2001,560038,1,1,34,34,34,34,34,34,34,34,34,34
2001,560039,1,1,8,8,8,8,8,8,8,8,8,8
2001,560040,1,1,5,5,5,5,5,5,5,5,5,5
2001,560040,2,1,0,0,0,0,0,0,0,0,0,0
2001,560041,1,1,0,0,0,0,0,0,0,0,0,0
2001,560042,1,1,23,23,23,23,23,23,23,23,23,23
2001,560043,1,1,6,6,6,6,6,6,6,6,6,6
2001,560044,1,1,0,0,0,0,0,0,0,0,0,0
2001,560045,1,1,0,19,23,27,0,0,0,0,0,10
2001,560046,1,1,0,0,0,0,0,0,0,0,0,0
2001,560047,1,1,0,0,0,0,0,0,0,0,3,0
2001,560048,1,1,2,2,2,2,2,2,2,2,2,2
2001,560049,1,2,0,0,0,0,0,0,0,25,0,0
2001,560050,1,1,20,20,20,20,20,20,20,20,20,20
2001,560050,2,1,0,0,0,0,0,0,0,0,0,0
2001,560051,1,1,30,30,30,30,30,30,30,30,30,30
2001,560052,1,1,0,0,23,0,0,0,0,0,0,0
2001,560053,1,1,0,0,0,0,0,0,0,0,0,0
2001,560053,2,1,0,0,0,0,0,0,0,0,0,0
2001,560054,1,1,0,0,4,13,16,0,18,0,25,27
2001,560054,2,1,0,10,14,0,0,0,0,0,0,7
2001,560055,1,1,0,0,0,0,0,0,0,0,0,0
2001,560055,2,1,0,0,0,0,0,0,0,0,0,0
2001,560056,1,1,0,0,0,0,0,0,0,0,0,0
2001,560056,2,1,0,0,0,0,0,0,0,0,0,0
2001,560057,1,1,8,7,6,21,18,6,14,23,11,5
2001,560058,1,1,16,16,16,16,16,16,16,16,16,16
2001,560059,1,1,6,17,4,9,21,13,6,21,10,29
2001,560059,2,1,0,0,0,0,0,0,0,0,0,0
2001,560060,1,1,16,0,27,45,25,4,0,10,22,52
2001,560061,1,1,0,0,0,0,0,0,0,0,0,0
2001,560062,1,1,0,0,0,0,0,0,0,0,0,0
2001,560062,2,1,0,0,0,0,0,0,0,0,0,0
2001,560063,1,1,22,0,27,16,11,25,7,7,9,12
2001,560064,1,1,0,0,0,0,0,0,0,0,0,0
2001,560065,1,1,0,0,0,0,0,0,0,0,0,0
2001,560066,1,1,0,0,0,0,0,0,0,0,0,0
2001,560067,1,1,0,0,0,0,0,0,0,0,0,0
2001,560067,2,1,11,11,11,11,11,11,11,11,11,11
2001,560068,1,1,0,0,0,0,0,0,0,0,0,0
2001,560069,1,1,0,0,0,0,0,0,0,0,0,0
2001,560070,1,1,0,0,0,0,0,0,0,0,0,0
2001,560070,2,1,0,0,0,0,0,0,0,0,0,0
2001,560071,1,1,25,25,25,25,25,25,25,25,25,25
2001,560072,1,1,14,14,14,14,14,14,14,14,14,14
2001,560073,1,1,0,0,0,0,0,0,0,0,0,0
2001,560074,1,1,22,22,22,22,22,22,22,22,22,22
2001,560075,1,1,29,29,29,29,29,29,29,29,29,29
2001,560076,1,1,0,0,0,0,0,0,0,0,0,0
2001,560076,2,1,0,0,0,0,0,0,0,0,0,0
2001,560077,0,1,0,0,0,0,0,0,0,0,0,0
2001,560077,1,1,0,0,0,0,0,0,0,0,0,0
2001,560078,1,1,0,0,0,0,0,0,0,0,0,0
2001,560078,2,1,0,0,0,0,0,0,0,0,0,0
2001,560079,1,1,8,8,8,8,8,8,8,8,8,8
2001,560079,2,1,0,23,0,0,0,15,0,0,0,0
2001,560080,1,1,0,0,0,0,0,0,2,0,0,0
2001,560080,2,1,0,0,0,0,0,0,0,0,0,0
2001,560081,1,1,17,17,17,17,17,17,17,17,17,17
2001,560082,1,1,28,28,28,28,28,28,28,28,28,28
2001,560083,1,1,17,17,17,17,17,17,17,17,17,17
2001,560084,1,1,0,0,0,0,0,0,0,0,0,0
2001,560085,1,1,29,29,29,29,29,29,29,29,29,29
2001,560086,1,1,0,0,0,0,0,0,0,0,0,0
2001,560087,1,1,0,0,0,0,0,0,0,0,0,0
2001,560087,2,1,0,0,0,0,0,0,0,0,0,0
2001,560088,1,1,0,0,0,0,0,0,0,0,0,0
2001,560088,2,1,0,0,0,0,0,0,0,0,0,0
2001,560089,1,1,0,0,0,0,0,0,0,0,0,0
2001,560089,2,1,0,0,0,0,0,0,0,0,0,0
2001,560090,1,1,0,0,0,0,0,0,0,0,0,0
2001,560090,2,1,0,0,0,0,0,0,0,0,0,0
2001,560091,1,1,0,11,0,14,0,0,17,0,0,0
2001,560092,1,1,26,26,26,26,26,26,26,26,26,26
2001,560093,1,1,5,0,18,0,0,0,0,0,16,0
2001,560094,1,1,0,0,0,0,0,0,0,0,0,0
2001,560095,1,1,11,11,11,11,11,11,11,11,11,11
2001,560096,1,1,0,0,0,0,0,0,0,0,0,0
2001,560096,2,1,0,0,0,0,0,0,0,15,0,0
2001,560096,3,1,0,0,0,0,0,0,0,0,0,0
2001,560097,1,1,0,0,0,0,0,0,0,0,0,0
2001,560097,2,1,0,0,0,0,0,0,0,0,0,0
2001,560097,3,1,0,0,0,0,0,0,0,0,0,0
2001,560098,1,1,0,35,30,28,43,4,12,19,23,0
2001,560099,0,1,0,0,0,0,0,0,0,0,0,0
2001,560099,1,1,0,0,0,0,0,0,0,0,0,0
2001,560100,1,1,0,0,0,0,0,0,0,0,13,0
2001,560101,1,1,0,0,0,0,0,0,0,0,0,0
2001,560102,1,1,15,15,15,15,15,15,15,15,15,15
2001,560103,1,1,11,11,11,11,11,11,11,11,11,11
2001,560103,2,1,0,0,0,0,0,0,0,0,0,0
2001,560104,1,1,22,22,22,22,22,22,22,22,22,22
2001,560104,2,1,27,27,27,27,27,27,27,27,27,27
2001,560105,1,1,7,7,7,7,7,7,7,7,7,7
2001,560106,1,1,0,0,0,0,0,0,0,0,0,0
2001,560107,1,1,28,28,28,28,28,28,28,28,28,28
2001,560108,1,1,0,0,0,0,0,0,0,0,0,0
2001,560108,2,1,0,0,0,0,0,0,0,0,0,0
2001,560108,3,1,0,0,0,0,0,0,0,0,0,0
2001,560109,1,1,0,0,0,0,0,0,0,0,0,0
2001,560110,1,1,0,0,0,0,0,0,0,0,0,0
2001,560110,2,1,16,16,16,16,16,16,16,16,16,16
2001,560111,1,1,0,0,0,0,0,0,0,0,0,0
2001,560111,2,1,0,0,0,0,0,14,0,0,0,0
2001,560112,1,1,0,28,0,0,0,0,0,0,0,0
2001,560113,1,1,0,0,0,0,0,0,0,0,0,0
2001,560113,2,1,0,0,0,0,0,0,0,0,0,0
2001,560114,1,1,40,40,40,40,40,40,40,40,40,40
2001,560115,1,1,0,0,0,0,0,0,0,0,0,0
2001,560116,1,1,0,0,0,0,0,0,0,0,0,0
2001,560117,1,1,0,0,0,0,0,0,0,0,0,0
2001,560117,2,1,0,0,0,0,0,0,0,0,0,0
2001,560118,1,1,24,24,24,24,24,24,24,24,24,24
2001,560119,1,1,24,24,24,24,24,24,24,24,24,24
2001,560120,1,1,0,0,0,0,0,0,0,0,0,21
2001,560121,0,1,31,14,0,5,10,0,23,27,0,0
2001,560121,1,1,27,27,27,27,27,27,27,27,27,27
2001,560122,1,1,24,24,24,24,24,24,24,24,24,24
2001,560123,1,1,0,0,0,0,0,0,0,0,0,0
2001,560124,1,1,0,0,0,0,0,0,0,0,0,0
2001,560124,2,1,0,0,0,0,0,0,0,0,0,0
2001,560125,0,1,25,25,25,25,25,25,25,25,25,25
2001,560125,1,1,0,0,0,0,0,0,0,0,0,0
2001,560126,1,1,0,0,0,0,0,0,0,0,22,0
2001,560127,1,1,0,0,0,0,0,0,0,0,0,0
2001,560128,1,1,0,0,0,0,0,0,0,0,0,0
2001,560129,1,1,0,0,0,0,0,0,0,0,0,0
2001,560130,1,1,0,0,0,0,0,0,0,0,0,0
2001,560131,1,1,2,2,2,2,2,2,2,2,2,2
2001,560132,1,1,0,0,0,0,0,0,0,0,0,0
2001,560132,2,1,0,0,0,0,0,0,0,0,0,0
2001,560133,1,1,0,0,0,0,0,0,0,0,0,0
2001,560134,1,1,0,0,0,0,0,0,0,0,0,0
2001,560134,2,1,0,0,0,0,0,0,0,0,0,0
2001,560135,1,1,0,0,0,0,0,0,0,0,0,0
2001,560136,1,1,0,0,0,0,0,0,0,0,0,0
2001,560137,1,1,0,0,0,0,0,0,0,0,0,0
2001,560138,1,1,0,12,0,0,17,0,0,0,0,0
2001,560139,1,1,18,4,24,30,9,9,7,10,0,1
2001,560140,1,1,0,0,0,0,0,0,17,0,0,5
2001,560141,1,1,0,0,22,0,0,0,0,0,0,0
2001,560142,1,1,0,0,0,0,0,0,0,0,0,0
2001,560142,2,1,0,0,0,0,0,0,0,0,0,0
2001,560143,1,1,24,24,24,24,24,24,24,24,24,24
2001,560144,1,1,0,0,0,0,0,0,0,0,0,0
2001,560144,2,1,0,0,0,0,0,0,0,0,0,0
2001,560145,1,1,33,33,33,33,33,33,33,33,33,33
2001,560146,1,1,0,0,0,0,0,0,0,0,0,0
2001,560147,1,1,0,0,0,0,0,0,0,0,0,0
2001,560148,1,1,0,0,0,0,0,0,0,0,0,0
2001,560149,1,1,28,28,28,28,28,28,28,28,28,28
2001,560150,1,1,0,0,0,0,0,0,0,0,0,0
2001,560150,2,1,0,0,0,0,0,0,0,0,0,0
2001,560151,1,1,22,22,22,22,22,22,22,22,22,22
2001,560152,1,1,0,0,0,0,0,0,0,0,0,0
2001,560152,2,1,0,0,0,0,0,0,0,0,0,0
2001,560153,1,1,0,0,0,0,0,0,0,0,0,0
2001,560154,1,1,0,0,0,0,0,0,0,18,0,0
2001,560155,1,1,16,0,18,15,0,14,14,0,14,0