YEAR,st_case,veh_no,per_no,P1,P2,P3,P4,P5,P6,P7,P8,P9,P10
2001,60001,0,1,0,0,0,0,0,0,0,0,0,0
2001,60001,1,1,0,0,0,0,0,0,0,0,0,0
2001,60002,0,1,0,0,0,0,0,0,0,0,0,0
2001,60002,1,1,0,0,0,0,0,0,0,0,0,0
2001,60003,0,1,0,0,0,0,0,0,0,0,0,0
2001,60003,1,1,0,0,0,0,0,0,0,0,0,0
2001,60004,0,1,5,5,5,5,5,5,5,5,5,5
2001,60004,1,1,0,0,0,0,0,0,0,0,0,0
2001,60005,1,1,0,0,0,0,0,0,0,0,0,0
2001,60006,1,1,11,11,11,11,11,11,11,11,11,11
2001,60007,0,1,15,15,15,15,15,15,15,15,15,15
2001,60007,1,1,0,0,0,0,0,0,0,0,0,0
2001,60008,0,1,0,0,0,0,0,0,0,0,0,0
2001,60008,1,1,0,5,0,20,45,20,14,33,14,13
2001,60009,1,1,28,28,28,28,28,28,28,28,28,28
2001,60010,1,1,0,0,0,0,0,0,0,0,0,0
2001,60011,0,1,0,6,0,0,0,27,0,17,0,29
2001,60011,1,1,0,0,0,0,0,0,0,0,0,0
2001,60012,1,1,0,0,0,0,0,0,0,0,0,0
2001,60013,1,1,0,0,0,0,0,2,12,0,0,0
2001,60013,2,1,0,0,0,0,0,0,0,0,0,0
2001,60013,3,1,0,0,0,0,0,0,0,0,0,0
2001,60014,1,1,21,21,21,21,21,21,21,21,21,21
2001,60015,0,1,32,32,32,32,32,32,32,32,32,32
2001,60015,1,1,0,16,0,0,0,0,0,0,0,0
2001,60016,1,1,0,0,0,0,0,0,0,0,0,0
2001,60017,1,1,0,0,10,0,0,0,0,0,0,0
2001,60017,2,1,0,0,16,0,17,0,0,0,0,11
2001,60017,3,1,0,0,12,0,0,0,0,0,0,0
2001,60018,1,1,0,0,0,0,0,17,0,0,0,0
2001,60018,2,1,0,0,0,0,0,0,0,0,0,0
2001,60019,1,1,0,0,0,0,0,0,0,0,0,0
2001,60019,2,1,0,0,0,0,0,0,0,0,0,0
2001,60020,1,1,0,0,0,0,0,0,0,0,0,0
2001,60020,2,1,0,0,0,0,6,0,0,0,0,0
2001,60021,1,1,0,0,0,0,0,0,0,20,0,0
2001,60021,2,1,0,0,0,0,0,0,0,0,0,0
2001,60022,1,1,0,0,0,0,0,0,0,0,0,2
2001,60022,2,1,0,0,0,0,0,0,0,0,0,0
2001,60023,1,1,0,0,0,0,0,0,0,0,0,0
2001,60023,2,1,0,0,0,0,0,0,0,0,0,0
2001,60024,1,1,0,0,0,0,0,0,0,0,0,0
2001,60025,0,1,0,0,0,0,0,0,0,0,0,0
2001,60025,1,1,0,0,0,0,0,0,0,0,0,0
2001,60026,1,1,0,0,0,0,0,0,0,0,0,0
2001,60027,1,1,0,0,0,0,0,0,0,0,0,0
2001,60027,2,1,0,0,0,0,0,0,0,0,0,0
2001,60028,1,1,14,14,14,14,14,14,14,14,14,14
2001,60028,2,1,0,0,0,0,0,0,0,0,0,0
2001,60029,0,1,17,17,17,17,17,17,17,17,17,17
2001,60029,1,1,14,0,26,0,10,0,0,7,0,0
2001,60030,1,1,0,0,0,0,0,0,0,0,0,0
2001,60031,1,1,0,0,0,0,0,0,0,0,0,0
2001,60031,2,1,15,15,15,15,15,15,15,15,15,15
2001,60032,1,1,0,0,0,0,0,0,0,0,0,0
2001,60032,2,1,0,0,0,0,0,0,0,0,0,0
2001,60033,1,1,0,0,0,0,0,0,0,0,0,0
2001,60033,2,1,0,0,0,0,0,0,0,0,0,0
2001,60034,1,1,0,0,0,0,0,0,0,0,0,0
2001,60035,0,1,15,0,11,0,0,17,0,0,0,16
2001,60035,1,1,0,0,0,0,0,0,0,0,0,0
2001,60036,1,1,0,0,0,0,0,0,0,0,0,0
2001,60036,2,1,0,0,0,0,0,0,0,0,0,0
2001,60037,1,1,0,0,0,0,0,0,0,0,0,0
2001,60037,2,1,0,0,0,0,0,0,0,0,0,0
2001,60038,1,1,0,0,0,0,0,0,0,0,0,0
2001,60038,2,1,0,0,0,0,0,0,0,0,0,0
2001,60039,1,1,0,0,0,0,0,0,0,0,0,0
2001,60039,2,1,0,0,0,0,0,0,0,10,0,0
2001,60040,1,1,17,17,17,17,17,17,17,17,17,17
2001,60041,1,1,19,19,19,19,19,19,19,19,19,19
2001,60042,1,1,0,0,0,0,0,0,0,0,0,0
2001,60042,2,1,0,0,0,0,0,0,0,0,0,0
2001,60043,1,1,20,20,20,20,20,20,20,20,20,20
2001,60044,1,1,0,0,0,0,0,0,0,0,0,0
2001,60045,1,1,15,0,19,0,0,0,0,0,28,0
2001,60045,2,1,0,0,0,0,0,0,0,0,0,0
2001,60046,1,1,14,14,14,14,14,14,14,14,14,14
2001,60047,0,1,38,20,29,30,19,29,28,25,27,26
2001,60047,1,1,24,0,0,24,5,3,0,17,6,0
2001,60048,1,1,23,23,23,23,23,23,23,23,23,23
2001,60048,2,1,0,0,0,0,0,0,0,0,0,0
2001,60049,1,1,0,0,0,0,0,0,0,0,0,0
2001,60049,2,1,0,0,0,0,0,0,0,0,0,0
2001,60049,3,1,0,0,0,0,0,0,0,0,0,0
2001,60050,1,1,21,21,21,21,21,21,21,21,21,21
2001,60050,2,1,0,0,0,0,0,0,0,0,0,0
2001,60051,1,1,35,35,35,35,35,35,35,35,35,35
2001,60052,0,1,48,48,48,48,48,48,48,48,48,48
2001,60052,1,1,0,0,0,0,0,0,0,0,0,0
2001,60053,1,1,0,0,0,0,0,0,0,0,0,0
2001,60054,1,1,0,0,0,0,0,0,0,0,0,0
2001,60054,2,1,0,0,0,0,0,0,0,0,0,0
2001,60055,1,1,11,11,11,11,11,11,11,11,11,11
2001,60056,1,1,6,6,6,6,6,6,6,6,6,6
2001,60057,1,1,0,0,0,0,0,0,0,0,0,0
2001,60057,2,1,0,0,0,0,0,0,0,0,0,0
2001,60058,1,1,0,0,0,0,0,0,0,0,0,0
2001,60059,1,1,0,0,0,0,0,0,0,0,0,0
2001,60060,1,1,0,0,0,0,0,0,0,0,0,0
2001,60061,1,1,0,0,0,0,0,0,0,0,0,0
2001,60062,0,1,0,0,0,0,0,0,0,0,0,0
2001,60062,1,1,0,0,0,0,0,0,0,0,0,0
2001,60063,1,1,0,0,0,0,0,0,0,0,0,0
2001,60063,2,1,15,15,15,15,15,15,15,15,15,15
2001,60064,1,1,1,1,1,1,1,1,1,1,1,1
2001,60065,1,1,0,0,0,0,0,0,0,0,0,0
2001,60065,2,1,0,0,0,0,0,0,0,0,0,0
2001,60066,1,1,0,0,0,0,0,0,0,0,0,0
2001,60066,2,1,0,0,0,0,0,0,0,0,0,0
2001,60067,1,1,11,11,11,11,11,11,11,11,11,11
2001,60068,1,1,0,0,0,0,0,0,0,0,0,0
2001,60068,2,1,0,0,0,0,0,0,0,0,0,0
2001,60069,1,1,13,13,13,13,13,13,13,13,13,13
2001,60070,1,1,0,0,0,0,0,0,0,0,0,0
2001,60071,1,1,37,37,37,37,37,37,37,37,37,37
2001,60071,2,1,0,0,0,0,0,0,0,0,0,0
2001,60072,1,1,35,35,35,35,35,35,35,35,35,35
2001,60072,2,1,0,0,0,0,0,0,0,0,0,0
2001,60072,3,1,0,0,0,0,0,0,0,0,0,0
2001,60073,1,1,16,16,16,16,16,16,16,16,16,16
2001,60074,1,1,27,17,7,32,0,14,27,16,11,7
2001,60074,2,1,0,0,0,0,0,0,0,0,0,0
2001,60075,1,1,3,3,3,3,3,3,3,3,3,3
2001,60075,2,1,0,0,0,0,0,0,0,0,0,0
2001,60076,1,1,0,0,0,0,0,0,0,0,0,0
2001,60076,2,1,0,0,0,0,0,0,0,0,0,0
2001,60076,3,1,0,0,0,0,0,0,0,0,0,0
2001,60076,4,1,0,0,0,0,0,0,0,0,0,0
2001,60077,1,1,0,0,0,0,0,0,0,0,0,0
2001,60077,2,1,0,0,0,0,0,0,0,0,0,0
2001,60078,1,1,0,0,0,0,0,0,0,0,0,0
2001,60078,2,1,0,0,0,0,0,0,0,0,0,0
2001,60079,1,1,0,0,0,0,0,0,0,0,0,0
2001,60079,2,1,0,0,0,0,0,0,0,0,0,0
2001,60080,0,1,0,0,0,0,0,0,0,0,0,0
2001,60080,1,1,0,0,0,0,0,0,0,0,0,0
2001,60081,0,1,0,0,0,0,0,0,0,0,0,0
2001,60081,1,1,0,0,0,0,0,0,0,0,0,0
2001,60081,2,1,0,0,0,0,0,0,0,0,11,0
2001,60082,0,1,0,0,0,0,0,0,0,0,0,0
2001,60082,1,1,26,26,26,26,26,26,26,26,26,26
2001,60083,1,1,25,25,25,25,25,25,25,25,25,25
2001,60084,1,1,0,0,0,0,0,0,0,0,0,0
2001,60084,2,1,7,7,7,7,7,7,7,7,7,7
2001,60085,1,1,0,0,0,0,0,0,0,0,0,0
2001,60085,2,1,25,25,25,25,25,25,25,25,25,25
2001,60086,1,1,0,0,0,0,0,0,0,0,0,0
2001,60086,2,1,0,0,0,0,0,0,0,0,0,0
2001,60087,1,1,16,20,0,0,0,5,0,12,22,0
2001,60088,1,1,0,0,0,0,0,0,0,0,0,0
2001,60088,2,1,0,0,0,0,0,0,0,0,0,0
2001,60088,3,1,0,0,0,0,0,0,0,0,0,0
2001,60089,1,1,0,0,0,0,0,0,0,0,0,0
2001,60090,1,1,18,18,18,18,18,18,18,18,18,18
2001,60091,0,1,39,39,39,39,39,39,39,39,39,39
2001,60091,1,1,0,0,0,0,0,0,0,0,0,0
2001,60091,2,1,0,0,0,0,0,0,0,0,0,0
2001,60092,1,1,25,25,25,25,25,25,25,25,25,25
2001,60093,1,1,0,0,0,0,0,0,0,25,0,0
2001,60094,1,1,21,21,21,21,21,21,21,21,21,21
2001,60095,1,1,18,18,18,18,18,18,18,18,18,18
2001,60095,2,1,0,0,0,0,0,0,0,0,0,0
2001,60096,1,1,0,0,0,0,0,0,0,0,0,0
2001,60097,1,1,0,0,0,0,0,0,0,0,0,0
2001,60097,2,1,0,0,0,0,0,0,0,0,0,0
2001,60098,0,1,0,0,0,0,0,0,0,0,0,0
2001,60098,1,1,0,0,0,0,0,0,0,0,0,0
2001,60099,1,1,30,0,0,0,0,0,0,0,0,0
2001,60099,2,1,0,0,0,0,0,0,0,0,0,0
2001,60100,1,1,0,0,0,0,0,0,0,0,0,0
2001,60100,2,1,0,0,0,0,0,0,0,0,0,0
2001,60100,3,1,0,0,0,0,0,0,0,0,0,0
2001,60101,1,1,12,12,12,12,12,12,12,12,12,12
2001,60102,1,1,0,0,0,17,0,0,0,0,0,0
2001,60102,2,1,0,0,0,0,0,0,0,0,0,0
2001,60102,3,1,0,0,0,0,0,0,0,0,0,0
2001,60103,1,1,0,0,0,0,0,0,0,0,0,0
2001,60103,2,1,0,0,0,0,0,0,0,0,0,0
2001,60104,0,1,0,0,0,0,0,0,0,0,0,0
2001,60104,1,1,0,0,0,0,0,0,0,0,0,0
2001,60105,1,1,0,0,0,0,0,0,0,0,0,0
2001,60105,2,1,0,0,0,0,0,0,0,0,0,0
2001,60106,1,1,0,0,0,0,0,0,0,0,0,0
2001,60106,2,1,0,0,0,0,0,0,0,0,0,0
2001,60107,1,1,0,0,0,0,0,0,0,0,0,0
2001,60107,2,1,0,0,0,0,0,0,0,0,0,0
2001,60108,1,1,0,0,0,0,0,0,0,0,0,0
2001,60109,0,1,0,0,0,0,0,0,0,0,0,0
2001,60109,1,1,0,0,0,0,0,0,0,0,0,0
2001,60110,1,1,0,0,0,0,0,0,0,0,0,0
2001,60111,1,1,29,15,0,27,6,21,0,17,0,0
2001,60112,0,1,0,0,0,0,0,0,0,0,0,0
2001,60112,1,1,0,0,0,0,0,0,0,0,0,0
2001,60113,0,1,0,0,0,0,0,0,0,0,0,0
2001,60113,1,1,0,0,0,0,0,0,0,0,0,0
2001,60114,1,1,0,0,0,0,0,0,0,0,0,0
2001,60114,2,1,0,0,0,0,0,0,0,0,0,4
2001,60115,0,1,0,0,0,0,0,0,0,0,0,0
2001,60115,1,1,0,0,0,0,0,0,0,0,0,0
2001,60116,0,1,0,0,0,0,0,0,0,0,0,0
2001,60116,1,1,0,0,0,0,0,0,0,0,0,0
2001,60117,1,1,4,4,4,4,4,4,4,4,4,4
2001,60118,1,1,0,0,0,0,0,0,0,0,0,0
2001,60119,0,1,19,19,19,19,19,19,19,19,19,19
2001,60119,1,1,0,0,0,0,0,0,0,0,0,0
2001,60120,0,1,7,7,7,7,7,7,7,7,7,7
2001,60120,1,1,0,0,0,0,0,5,0,0,0,0
2001,60121,1,1,26,26,26,26,26,26,26,26,26,26
2001,60121,2,1,0,0,0,0,0,0,0,0,0,0
2001,60121,3,1,0,0,0,0,0,0,0,0,0,0
2001,60122,1,1,0,0,0,0,0,0,0,0,0,0
2001,60123,1,1,0,0,0,0,0,0,0,0,0,14
2001,60123,2,1,0,0,0,0,0,0,0,0,0,0
2001,60124,0,1,0,0,0,0,0,0,0,0,0,0
2001,60124,1,1,0,0,0,0,0,0,0,0,0,0
2001,60125,1,1,0,0,0,0,0,0,0,0,16,0
2001,60126,1,1,0,0,0,0,0,0,0,0,0,0
2001,60126,2,1,0,0,0,0,0,0,0,0,0,0
2001,60127,1,1,0,0,0,0,0,0,0,0,0,0
2001,60127,2,1,0,0,0,0,0,0,0,0,0,0
2001,60128,1,1,0,0,0,0,0,0,0,0,0,0
2001,60129,0,1,21,21,21,21,21,21,21,21,21,21
2001,60129,1,1,0,0,0,0,0,0,0,0,0,0
2001,60130,0,1,0,0,0,0,0,0,0,0,0,0
2001,60130,1,1,0,0,0,0,0,0,0,0,0,0
2001,60131,1,1,27,27,27,27,27,27,27,27,27,27
2001,60132,0,1,0,0,0,0,0,0,0,0,0,0
2001,60132,1,1,0,0,0,0,0,0,0,0,0,0
2001,60133,1,1,0,0,0,0,0,0,0,0,0,0
2001,60133,2,1,0,0,0,0,0,0,0,0,0,0
2001,60134,1,1,0,0,0,0,0,0,0,0,0,0
2001,60134,2,1,0,0,0,0,0,0,0,0,28,0
2001,60134,3,1,0,0,0,0,0,0,0,0,0,0
2001,60135,0,1,0,0,0,0,0,0,0,0,0,0
2001,60135,1,1,0,0,0,0,0,0,0,0,0,0
2001,60136,1,1,0,0,0,0,0,0,0,0,0,0
2001,60136,2,1,0,0,0,0,0,0,0,0,0,0
2001,60137,1,1,0,0,0,0,0,0,0,0,0,0
2001,60137,2,1,0,0,0,0,0,0,0,0,0,0
2001,60138,1,1,0,0,0,0,0,0,0,0,0,0
2001,60139,0,1,22,0,0,22,0,8,0,0,0,0
2001,60139,1,1,0,0,0,0,0,0,0,0,0,0
2001,60140,0,1,0,0,0,0,0,0,0,6,0,0
2001,60140,1,1,0,0,0,0,0,0,0,0,0,0
2001,60141,1,1,0,0,0,0,0,0,0,0,0,0
2001,60141,2,1,0,0,0,0,0,0,0,0,0,0
2001,60142,0,1,6,6,6,6,6,6,6,6,6,6
2001,60142,1,1,14,0,0,0,5,6,0,0,12,0
2001,60143,1,1,0,0,0,0,0,0,0,0,0,0
2001,60143,2,1,0,0,0,0,0,0,0,0,0,0
2001,60144,1,1,0,0,0,0,0,0,0,0,0,0
2001,60144,2,1,0,0,0,21,0,0,0,0,0,0
2001,60145,1,1,0,0,0,0,0,0,0,0,0,0
2001,60145,2,1,0,0,0,0,0,0,0,0,0,0
2001,60146,1,1,0,0,0,0,0,0,0,0,0,0
2001,60146,2,1,0,0,0,0,0,0,0,0,0,0
2001,60147,1,1,0,0,0,0,0,0,0,0,0,0
2001,60148,1,1,0,0,0,0,0,0,0,0,0,0
2001,60148,2,1,0,0,0,0,0,0,0,0,0,0
2001,60149,1,1,19,19,19,19,19,19,19,19,19,19
2001,60150,1,1,21,21,21,21,21,21,21,21,21,21
2001,60151,1,1,0,0,0,0,0,0,0,0,0,0
2001,60152,1,1,0,0,0,0,0,0,0,0,0,0
2001,60152,2,1,0,19,0,0,0,0,0,0,0,0
2001,60153,1,1,0,0,0,0,0,0,0,0,0,0
2001,60153,2,1,0,0,0,0,0,0,0,0,0,0
2001,60154,1,1,0,0,0,0,0,0,0,0,0,0
2001,60155,1,1,9,12,0,0,17,10,20,4,3,8
2001,60156,1,1,0,20,18,36,0,0,0,15,0,37
2001,60157,1,1,0,0,0,0,0,0,0,0,0,0
2001,60157,2,1,0,0,0,0,0,0,0,0,0,0
2001,60158,1,1,0,0,0,0,0,0,0,0,0,0
2001,60158,2,1,0,0,0,0,0,0,0,0,16,0
2001,60159,1,1,0,0,0,0,0,0,0,0,0,0
2001,60159,2,1,0,0,0,0,0,0,0,0,0,0
2001,60159,3,1,0,0,0,0,0,0,0,0,0,0
2001,60160,1,1,0,0,0,0,0,0,0,0,0,0
2001,60160,2,1,0,0,0,0,0,0,0,0,0,0
2001,60161,1,1,0,0,0,0,0,0,0,0,0,0
2001,60161,2,1,0,0,0,0,0,0,0,0,0,0
2001,60162,1,1,0,0,0,0,0,0,0,0,0,0
2001,60163,0,1,0,0,0,0,0,0,0,0,0,0
2001,60163,1,1,0,0,0,0,0,0,0,0,0,0
2001,60164,0,1,0,0,0,0,0,0,0,9,0,0
2001,60164,1,1,0,0,0,29,0,0,0,0,0,0
2001,60165,0,1,0,0,0,0,0,0,0,0,0,0
2001,60165,1,1,0,0,0,0,22,0,7,0,8,5
2001,60166,1,1,0,0,0,0,0,0,0,0,0,0
2001,60167,0,1,28,28,28,28,28,28,28,28,28,28
2001,60167,1,1,4,4,4,4,4,4,4,4,4,4
2001,60168,0,1,0,7,0,8,0,0,0,0,0,25
2001,60168,1,1,0,0,0,0,0,5,0,0,0,0
2001,60169,0,1,0,0,0,0,0,0,0,0,0,0
2001,60169,1,1,8,8,8,8,8,8,8,8,8,8
2001,60170,1,1,0,0,0,0,0,0,0,0,0,0
2001,60170,2,1,0,0,0,0,0,0,0,0,0,0
2001,60171,1,1,0,0,0,0,0,0,0,0,0,0
2001,60172,1,1,8,8,8,8,8,8,8,8,8,8
2001,60172,2,1,0,0,23,0,0,0,0,0,19,0
2001,60173,0,1,18,18,18,18,18,18,18,18,18,18
2001,60173,1,1,0,0,0,0,0,0,0,0,0,0
2001,60174,0,1,0,0,0,0,0,0,0,0,0,0
2001,60174,1,1,9,0,0,0,30,8,15,0,0,0
2001,60174,2,1,0,0,0,0,0,0,0,0,0,0
2001,60175,1,1,15,15,15,15,15,15,15,15,15,15
2001,60176,1,1,0,0,0,0,0,0,0,0,0,0
2001,60176,2,1,0,0,0,0,0,0,0,0,0,0
2001,60177,1,1,0,0,0,0,0,0,0,0,0,0
2001,60177,2,1,0,0,0,0,0,0,0,0,0,0
2001,60178,1,1,15,14,4,7,11,14,14,12,14,15
2001,60178,2,1,0,0,0,0,0,0,0,0,0,0
2001,60179,1,1,0,0,0,0,0,0,0,0,0,0
2001,60180,1,1,28,28,28,28,28,28,28,28,28,28
2001,60181,1,1,0,0,0,0,0,0,0,0,0,4
2001,60181,2,1,0,0,0,0,0,0,0,0,0,0
2001,60182,0,1,0,0,0,0,0,0,0,0,0,0
2001,60182,1,1,0,0,0,0,0,0,0,0,0,0
2001,60183,1,1,27,27,27,27,27,27,27,27,27,27
2001,60184,1,1,21,13,0,0,0,0,0,0,21,0
2001,60185,1,1,16,16,16,16,16,16,16,16,16,16
2001,60186,1,1,24,24,24,24,24,24,24,24,24,24
2001,60187,1,1,20,20,20,20,20,20,20,20,20,20
2001,60188,0,1,0,0,0,0,0,0,0,0,0,0
2001,60188,1,1,0,0,0,0,0,0,0,0,0,0
2001,60189,1,1,0,0,0,0,0,0,0,0,0,0
2001,60189,2,1,0,0,0,0,0,0,0,0,0,0
2001,60190,1,1,12,12,12,12,12,12,12,12,12,12
2001,60191,1,1,0,0,0,0,0,0,0,0,0,0
2001,60191,2,1,0,0,0,0,0,0,0,0,0,0
2001,60192,1,1,0,0,0,0,0,0,0,0,0,0
2001,60193,1,1,21,21,21,21,21,21,21,21,21,21
2001,60194,1,1,0,0,0,0,0,0,0,0,0,0
2001,60194,2,1,0,0,0,0,0,0,0,0,0,0
2001,60195,1,1,10,10,10,10,10,10,10,10,10,10
2001,60196,1,1,0,0,0,0,0,0,0,0,0,0
2001,60197,0,1,0,0,0,0,0,0,0,0,0,0
2001,60197,1,1,0,0,0,0,0,16,0,0,0,0
2001,60197,2,1,0,0,16,0,0,0,0,0,0,0
2001,60198,0,1,24,12,23,12,22,29,7,22,15,32
2001,60198,1,1,4,4,4,4,4,4,4,4,4,4
2001,60199,1,1,11,11,11,11,11,11,11,11,11,11
2001,60199,2,1,0,0,0,0,0,0,0,0,0,0
2001,60200,0,1,0,0,0,0,0,0,0,0,0,0
2001,60200,1,1,13,19,10,10,0,13,11,2,16,7
2001,60201,1,1,0,0,0,0,0,0,20,23,0,13
2001,60202,0,1,0,0,0,0,0,0,0,0,0,0
2001,60202,1,1,0,0,0,0,0,0,0,0,0,0
2001,60203,1,1,14,14,14,14,14,14,14,14,14,14
2001,60204,0,1,0,0,0,0,0,0,0,0,0,0
2001,60204,1,1,0,0,0,0,0,0,0,0,0,0
2001,60205,1,1,0,0,0,0,0,0,0,0,0,0
2001,60205,2,1,0,0,0,0,0,0,0,0,0,0
2001,60206,1,1,14,14,14,14,14,14,14,14,14,14
2001,60206,2,1,0,0,0,0,0,0,0,0,0,0
2001,60207,0,1,0,0,0,0,0,0,0,0,0,0
2001,60207,1,1,0,0,0,15,12,0,0,0,0,0
2001,60208,1,1,0,0,0,0,0,0,0,0,0,0
2001,60209,1,1,0,0,0,0,0,0,0,0,0,0
2001,60210,0,1,0,0,0,0,0,0,0,0,0,0
2001,60210,0,2,0,0,0,0,0,0,0,0,0,0
2001,60210,1,1,0,0,0,0,0,0,0,0,0,0
2001,60211,1,1,7,7,7,7,7,7,7,7,7,7
2001,60212,1,1,25,25,25,25,25,25,25,25,25,25
2001,60212,2,1,0,0,0,0,0,0,0,0,0,0
2001,60213,1,1,0,0,0,0,0,0,0,0,0,0
2001,60213,2,1,0,0,0,0,0,0,0,0,0,0
2001,60214,0,1,0,0,0,0,0,0,0,0,0,0
2001,60214,0,2,0,0,0,0,0,0,0,0,0,0
2001,60214,1,1,0,0,0,0,0,0,0,0,0,0
2001,60215,1,1,32,32,32,32,32,32,32,32,32,32
2001,60216,1,1,0,0,0,0,0,0,0,0,0,0
2001,60217,1,1,24,24,24,24,24,24,24,24,24,24
2001,60218,0,1,0,0,0,0,0,0,0,0,0,0
2001,60218,1,1,0,0,0,0,0,29,0,0,0,0
2001,60219,0,1,0,0,0,0,0,0,0,0,0,0
2001,60219,1,1,0,0,0,0,0,0,0,0,0,0
2001,60220,0,1,0,0,0,0,0,0,0,0,0,0
2001,60220,1,1,0,0,0,0,0,0,0,0,0,0
2001,60221,1,1,0,0,0,0,0,0,0,0,0,0
2001,60222,1,1,0,0,0,0,0,0,0,0,0,0
2001,60223,1,1,0,0,0,0,0,0,0,0,0,0
2001,60224,1,1,0,19,11,23,39,16,18,0,17,13
2001,60224,2,1,17,17,17,17,17,17,17,17,17,17
2001,60225,0,1,0,0,0,0,0,0,0,0,0,0
2001,60225,1,1,0,0,0,0,0,0,0,0,0,0
2001,60226,1,1,0,0,0,0,0,0,0,0,0,0
2001,60227,1,1,18,9,19,5,13,5,8,9,21,16
2001,60228,1,1,3,3,3,3,3,3,3,3,3,3
2001,60229,1,1,0,0,0,0,0,0,0,0,0,0
2001,60229,2,1,0,0,19,0,0,0,0,0,0,0
2001,60230,0,1,0,0,0,0,0,0,0,0,0,0
2001,60230,0,2,0,0,0,0,0,0,0,0,0,27
2001,60230,0,3,0,0,0,0,0,0,0,0,0,0
2001,60230,1,1,14,0,0,0,0,0,0,0,0,0
2001,60231,1,1,8,11,16,9,19,37,14,11,26,24
2001,60231,2,1,0,0,0,0,0,0,0,0,0,0
2001,60232,1,1,24,29,19,21,26,53,10,24,10,32
2001,60233,0,1,0,0,0,0,0,0,0,0,0,0
2001,60233,1,1,0,0,0,0,0,0,0,0,0,0
2001,60234,1,1,13,13,13,13,13,13,13,13,13,13
2001,60234,2,1,0,0,9,0,24,0,12,0,0,20
2001,60234,3,1,0,0,0,0,0,0,0,0,0,0
2001,60234,4,1,0,0,0,0,0,0,0,0,0,0
2001,60235,0,1,0,0,0,0,0,0,0,0,0,0
2001,60235,1,1,0,0,0,0,0,0,0,0,0,0
2001,60236,1,1,0,0,0,0,0,0,0,0,0,0
2001,60237,1,1,0,0,0,0,0,0,0,0,0,0
2001,60237,2,1,0,0,0,0,0,0,0,0,0,0
2001,60238,0,1,0,0,0,0,0,0,0,0,0,0
2001,60238,1,1,0,14,0,13,0,0,0,0,0,0
2001,60239,1,1,11,11,11,11,11,11,11,11,11,11
2001,60240,1,1,0,0,0,0,0,0,0,0,0,0
2001,60240,2,1,0,0,0,0,0,0,0,0,0,0
2001,60241,1,1,30,30,30,30,30,30,30,30,30,30
2001,60241,2,1,0,0,0,0,0,0,0,0,0,0
2001,60241,3,1,0,0,0,0,0,0,0,0,0,0
2001,60241,4,1,0,0,0,0,0,0,0,0,0,0
2001,60242,1,1,0,0,0,0,0,0,0,0,0,0
2001,60242,2,1,0,0,0,0,0,0,0,0,0,0
2001,60243,0,1,13,13,13,13,13,13,13,13,13,13
2001,60243,1,1,0,0,0,0,0,0,0,0,0,0
2001,60244,0,1,0,0,0,0,0,0,0,0,0,34
2001,60244,1,1,0,0,0,0,0,0,0,0,0,0
2001,60245,1,1,23,23,23,23,23,23,23,23,23,23
2001,60246,1,1,0,0,0,0,0,0,0,0,0,0
2001,60247,1,1,8,14,17,18,14,20,0,25,0,0
2001,60248,0,1,0,0,0,0,0,0,0,0,0,0
2001,60248,1,1,0,0,0,0,0,0,0,0,0,0
2001,60249,0,1,14,14,14,14,14,14,14,14,14,14
2001,60249,1,1,0,0,0,13,0,0,0,0,0,0
2001,60250,0,1,22,22,22,22,22,22,22,22,22,22
2001,60250,1,1,6,6,6,6,6,6,6,6,6,6
2001,60251,1,1,0,0,0,0,0,0,0,0,0,0
2001,60251,2,1,0,0,0,0,0,0,0,0,0,0
2001,60252,1,1,0,0,0,0,0,0,0,0,0,0
2001,60253,1,1,0,0,0,0,0,0,0,0,0,0
2001,60254,1,1,0,0,0,0,0,0,0,0,0,0
2001,60255,1,1,0,0,0,0,0,0,0,0,0,0
2001,60255,2,1,0,0,0,0,0,0,0,0,0,0
2001,60256,0,1,0,0,0,0,0,0,0,0,0,0
2001,60256,1,1,0,0,9,13,0,0,0,0,0,0
2001,60257,1,1,11,11,11,11,11,11,11,11,11,11
2001,60258,1,1,0,0,0,0,0,0,0,0,0,0
2001,60258,2,1,0,0,0,0,0,0,0,0,0,0
2001,60259,1,1,0,0,0,0,0,0,0,0,0,0
2001,60260,1,1,26,26,26,26,26,26,26,26,26,26
2001,60261,1,1,3,3,3,3,3,3,3,3,3,3
2001,60261,2,1,8,8,8,8,8,8,8,8,8,8
2001,60262,1,1,26,26,26,26,26,26,26,26,26,26
2001,60263,1,1,25,25,25,25,25,25,25,25,25,25
2001,60264,1,1,9,9,9,9,9,9,9,9,9,9
2001,60265,1,1,0,0,0,0,0,0,0,0,0,0
2001,60265,2,1,0,0,0,0,0,0,0,0,0,0
2001,60265,3,1,0,0,0,0,0,0,0,0,0,0
2001,60266,1,1,0,0,0,0,30,0,0,0,0,21
2001,60267,1,1,0,0,0,0,0,0,0,0,0,0
2001,60267,2,1,0,0,0,0,0,0,0,0,0,0
2001,60268,0,1,0,0,0,0,0,0,0,0,0,0
2001,60268,1,1,0,0,0,0,0,0,0,0,0,0
2001,60269,1,1,10,10,10,10,10,10,10,10,10,10
2001,60270,1,1,10,10,10,10,10,10,10,10,10,10
2001,60270,2,1,13,13,13,13,13,13,13,13,13,13
2001,60270,3,1,4,4,4,4,4,4,4,4,4,4
2001,60270,4,1,0,0,0,0,0,0,0,0,9,0
2001,60271,1,1,0,0,0,0,0,0,0,0,0,0
2001,60272,1,1,0,0,0,0,0,0,0,0,0,0
2001,60273,1,1,6,6,6,6,6,6,6,6,6,6
2001,60273,2,1,0,0,0,0,0,0,0,0,0,0
2001,60274,0,1,3,3,3,3,3,3,3,3,3,3
2001,60274,0,2,41,0,0,9,0,0,0,21,0,0
2001,60274,1,1,16,16,16,16,16,16,16,16,16,16
2001,60275,1,1,0,0,0,0,0,0,0,0,0,0
2001,60275,2,1,0,0,0,0,0,0,0,0,0,0
2001,60276,1,1,0,0,0,0,0,0,0,0,0,0
2001,60276,2,1,0,0,0,0,0,0,0,0,0,0
2001,60277,1,1,18,18,18,18,18,18,18,18,18,18