YEAR,st_case,veh_no,per_no,P1,P2,P3,P4,P5,P6,P7,P8,P9,P10
2001,60278,1,1,0,0,0,0,0,0,0,0,0,0
2001,60278,2,1,0,0,0,0,0,0,0,0,0,0
2001,60279,1,1,8,8,8,8,8,8,8,8,8,8
2001,60280,1,1,0,0,0,0,0,0,0,0,0,0
2001,60280,2,1,0,0,0,0,0,0,0,0,0,0
2001,60281,1,1,0,0,0,0,0,0,0,0,0,0
2001,60282,1,1,22,22,22,22,22,22,22,22,22,22
2001,60282,2,1,0,0,0,0,0,0,0,0,0,0
2001,60282,3,1,0,0,0,0,0,0,0,0,0,0
2001,60283,1,1,0,0,0,0,0,0,0,0,0,0
2001,60284,1,1,0,0,0,0,0,0,0,0,0,0
2001,60285,1,1,6,6,6,6,6,6,6,6,6,6
2001,60286,1,1,0,0,0,0,0,0,0,0,0,0
2001,60286,2,1,0,0,0,0,0,0,0,10,0,13
2001,60287,1,1,10,10,10,10,10,10,10,10,10,10
2001,60288,0,1,42,0,0,17,0,36,14,0,0,23
2001,60288,1,1,0,0,0,0,0,0,0,0,0,0
2001,60289,0,1,6,6,6,6,6,6,6,6,6,6
2001,60289,1,1,0,0,0,0,0,0,0,0,0,0
2001,60290,1,1,0,0,0,0,0,0,0,0,0,0
2001,60291,1,1,8,8,8,8,8,8,8,8,8,8
2001,60292,0,1,0,0,0,0,0,0,0,0,0,0
2001,60292,1,1,0,0,0,0,0,0,0,0,0,0
2001,60293,1,1,0,0,0,0,0,0,0,0,0,0
2001,60293,2,1,0,0,0,0,0,0,0,0,0,0
2001,60294,1,1,0,0,0,0,0,0,0,0,0,0
2001,60294,2,1,0,0,0,0,0,0,0,0,0,0
2001,60295,1,1,0,0,0,0,0,0,0,0,0,0
2001,60296,1,1,0,0,0,0,0,0,0,0,0,0
2001,60297,1,1,1,1,1,1,1,1,1,1,1,1
2001,60298,0,1,0,0,0,0,0,0,0,0,0,0
2001,60298,1,1,0,0,0,0,0,0,0,0,0,0
2001,60299,1,1,43,43,43,43,43,43,43,43,43,43
2001,60300,1,1,0,0,0,0,0,0,0,0,0,0
2001,60301,1,1,0,0,0,0,0,0,0,0,0,0
2001,60301,2,1,0,0,0,0,0,0,0,0,0,0
2001,60302,1,1,0,0,0,0,0,0,0,0,0,0
2001,60302,2,1,0,0,0,0,0,0,0,0,0,0
2001,60302,3,1,0,0,0,0,0,0,0,0,0,0
2001,60303,1,1,0,0,0,0,0,0,0,0,0,0
2001,60304,0,1,50,50,50,50,50,50,50,50,50,50
2001,60304,1,1,0,0,0,0,0,0,0,0,0,0
2001,60305,0,1,0,0,0,0,0,0,0,0,0,0
2001,60305,1,1,0,0,0,0,0,0,0,0,0,0
2001,60306,0,1,17,17,17,17,17,17,17,17,17,17
2001,60306,1,1,0,0,0,0,0,0,0,0,0,0
2001,60307,0,1,26,26,26,26,26,26,26,26,26,26
2001,60307,1,1,0,0,0,0,0,13,0,0,0,0
2001,60308,1,1,11,11,11,11,11,11,11,11,11,11
2001,60309,1,1,23,23,23,23,23,23,23,23,23,23
2001,60309,2,1,0,0,0,0,0,0,0,0,0,0
2001,60310,0,1,30,30,30,30,30,30,30,30,30,30
2001,60310,1,1,0,0,0,0,5,10,0,11,10,0
2001,60311,0,1,0,0,0,0,0,0,0,0,0,0
2001,60311,1,1,0,0,0,0,0,0,0,0,0,0
2001,60312,1,1,0,0,0,0,0,0,0,0,0,0
2001,60313,0,1,0,0,0,0,0,0,0,0,0,0
2001,60313,1,1,0,0,0,0,0,0,0,0,0,0
2001,60314,1,1,0,0,0,0,0,0,0,0,0,0
2001,60314,2,1,0,0,0,0,0,0,6,0,0,0
2001,60315,1,1,21,21,21,21,21,21,21,21,21,21
2001,60315,2,1,0,0,0,0,0,0,0,0,0,0
2001,60316,1,1,0,0,0,0,0,0,0,0,0,0
2001,60317,1,1,23,23,23,23,23,23,23,23,23,23
2001,60317,2,1,0,0,0,0,0,0,0,0,0,0
2001,60318,0,1,7,42,0,0,37,9,0,21,15,24
2001,60318,1,1,0,0,0,0,0,0,0,0,0,0
2001,60319,0,1,0,0,0,0,0,0,0,0,0,0
2001,60319,1,1,0,0,0,0,0,0,0,0,0,13
2001,60320,1,1,17,17,17,17,17,17,17,17,17,17
2001,60321,1,1,0,0,0,0,0,0,0,0,0,0
2001,60322,1,1,0,0,0,0,0,0,0,0,0,0
2001,60322,2,1,0,0,0,0,0,0,0,0,0,0
2001,60323,1,1,0,0,0,0,0,0,0,0,0,0
2001,60323,2,1,0,0,0,0,0,0,0,0,0,0
2001,60324,1,1,10,0,11,0,0,0,22,0,0,0
2001,60324,2,1,0,0,0,0,0,0,0,0,0,0
2001,60325,1,1,0,0,0,0,0,0,0,0,0,0
2001,60325,2,1,0,0,0,0,0,0,0,0,0,0
2001,60326,1,1,0,0,0,0,0,0,0,0,0,0
2001,60326,2,1,0,0,0,0,0,0,0,0,0,0
2001,60327,1,1,0,0,0,0,0,0,0,0,0,0
2001,60328,1,1,0,0,0,0,0,0,0,0,0,0
2001,60329,1,1,7,7,7,7,7,7,7,7,7,7
2001,60330,1,1,15,0,14,5,19,19,17,13,19,20
2001,60331,1,1,2,2,2,2,2,2,2,2,2,2
2001,60332,1,1,0,0,0,0,0,0,0,0,0,0
2001,60332,2,1,0,0,0,0,0,0,0,0,0,0
2001,60333,0,1,0,0,0,0,0,0,0,0,0,0
2001,60333,1,1,0,0,0,0,0,0,0,0,0,0
2001,60334,1,1,0,0,0,0,0,0,0,0,0,0
2001,60334,2,1,0,0,0,0,0,0,0,0,0,14
2001,60334,3,1,0,0,0,0,0,0,0,0,0,0
2001,60335,1,1,0,0,0,0,0,0,0,0,0,0
2001,60335,2,1,0,0,0,0,0,0,0,0,0,0
2001,60336,1,1,16,16,16,16,16,16,16,16,16,16
2001,60336,2,1,0,21,0,11,0,0,0,0,21,0
2001,60337,1,1,20,20,20,20,20,20,20,20,20,20
2001,60338,1,1,17,17,17,17,17,17,17,17,17,17
2001,60339,1,1,0,0,0,0,0,0,0,0,0,0
2001,60339,2,1,0,0,0,0,0,0,0,0,0,0
2001,60340,1,1,0,0,0,0,0,0,0,0,0,0
2001,60340,2,1,0,0,0,0,0,0,0,0,0,0
2001,60341,1,1,11,15,0,15,14,12,9,14,6,24
2001,60341,2,1,2,2,2,2,2,2,2,2,2,2
2001,60342,0,1,0,0,0,0,0,0,0,0,0,0
2001,60342,1,1,0,0,0,0,0,0,0,0,0,8
2001,60343,1,1,7,0,0,0,0,0,20,0,19,0
2001,60344,1,1,35,35,35,35,35,35,35,35,35,35
2001,60344,2,1,0,0,0,0,0,0,0,0,0,0
2001,60345,0,1,32,32,32,32,32,32,32,32,32,32
2001,60345,1,1,0,0,0,11,0,0,0,0,0,1
2001,60346,0,1,0,0,0,0,0,0,0,0,0,0
2001,60346,1,1,21,21,21,21,21,21,21,21,21,21
2001,60347,1,1,20,20,20,20,20,20,20,20,20,20
2001,60347,2,1,10,10,10,10,10,10,10,10,10,10
2001,60348,1,1,0,0,0,0,0,0,0,0,0,0
2001,60348,2,1,0,0,0,0,0,0,0,0,0,0
2001,60348,3,1,0,0,0,0,0,0,0,0,0,0
2001,60348,4,1,0,0,0,0,0,0,0,0,0,0
2001,60349,1,1,8,8,8,8,8,8,8,8,8,8
2001,60350,1,1,15,15,15,15,15,15,15,15,15,15
2001,60351,1,1,0,0,0,17,0,0,0,0,16,0
2001,60352,1,1,0,0,0,0,0,0,0,0,0,0
2001,60353,1,1,0,0,0,0,0,0,0,0,0,0
2001,60354,1,1,21,21,21,21,21,21,21,21,21,21
2001,60354,2,1,0,0,0,0,0,0,0,0,0,0
2001,60355,1,1,0,0,0,0,0,0,0,0,0,0
2001,60356,1,1,0,0,0,0,0,0,0,0,0,0
2001,60357,0,1,0,0,0,0,0,0,0,0,0,0
2001,60357,1,1,0,0,0,0,0,0,0,0,0,0
2001,60358,1,1,0,0,0,0,0,0,0,0,0,0
2001,60358,2,1,0,0,0,0,0,0,0,0,0,0
2001,60359,1,1,15,15,15,15,15,15,15,15,15,15
2001,60360,1,1,0,0,0,0,0,0,0,0,0,0
2001,60361,1,1,0,0,0,0,0,0,0,0,0,0
2001,60362,1,1,0,0,0,0,0,0,0,0,0,0
2001,60362,2,1,0,0,0,0,0,0,0,0,0,0
2001,60363,1,1,10,10,10,10,10,10,10,10,10,10
2001,60364,0,1,50,50,50,50,50,50,50,50,50,50
2001,60364,1,1,0,0,0,0,0,0,0,0,0,0
2001,60364,2,1,16,0,0,0,0,17,15,6,0,0
2001,60365,1,1,24,24,0,0,18,4,10,0,0,0
2001,60365,2,1,0,0,0,24,0,14,0,10,0,0
2001,60366,1,1,0,0,0,0,0,0,0,0,0,0
2001,60367,1,1,0,18,14,0,8,0,0,24,19,0
2001,60367,2,1,0,19,0,0,0,16,0,0,10,15
2001,60368,1,1,19,19,19,19,19,19,19,19,19,19
2001,60369,0,1,0,0,0,0,0,0,0,0,0,0
2001,60369,1,1,0,0,0,0,0,0,0,0,0,0
2001,60370,1,1,6,6,6,6,6,6,6,6,6,6
2001,60370,2,1,0,0,0,0,0,0,0,0,0,0
2001,60370,3,1,0,0,0,0,0,0,0,0,0,0
2001,60371,1,1,0,0,0,0,0,0,0,0,0,0
2001,60372,1,1,10,10,10,10,10,10,10,10,10,10
2001,60372,2,1,0,0,0,0,0,0,0,0,0,0
2001,60373,1,1,25,25,25,25,25,25,25,25,25,25
2001,60374,1,1,0,0,0,0,0,0,0,0,0,0
2001,60374,2,1,0,0,0,0,0,0,0,0,0,0
2001,60375,1,1,0,0,0,0,0,0,0,0,0,0
2001,60376,0,1,0,0,0,0,0,0,0,0,0,0
2001,60376,1,1,0,0,0,0,0,0,0,0,0,0
2001,60377,1,1,0,0,0,0,0,0,0,0,0,0
2001,60378,1,1,0,0,0,0,0,0,0,0,0,0
2001,60378,2,1,0,0,0,0,0,0,0,0,0,0
2001,60379,0,1,0,0,23,0,17,13,0,0,0,0
2001,60379,1,1,10,0,3,0,3,1,0,5,0,0
2001,60380,1,1,18,18,18,18,18,18,18,18,18,18
2001,60381,1,1,0,0,0,0,0,0,0,0,0,0
2001,60382,0,1,16,16,16,16,16,16,16,16,16,16
2001,60382,1,1,10,9,11,0,6,10,12,20,13,18
2001,60383,1,1,11,11,11,11,11,11,11,11,11,11
2001,60383,2,1,0,0,0,0,0,0,0,0,0,0
2001,60384,1,1,37,37,37,37,37,37,37,37,37,37
2001,60385,1,1,0,0,0,0,0,0,0,0,0,0
2001,60385,2,1,0,0,0,0,0,0,0,0,0,0
2001,60386,0,1,16,28,25,0,0,0,32,0,18,0
2001,60386,1,1,14,10,0,0,4,4,0,0,11,10
2001,60387,1,1,0,0,0,0,0,0,0,0,0,0
2001,60388,1,1,0,0,0,0,0,0,0,0,0,0
2001,60388,2,1,0,0,0,0,0,0,0,0,0,0
2001,60389,1,1,17,17,17,17,17,17,17,17,17,17
2001,60390,1,1,0,0,0,0,0,0,0,0,0,0
2001,60390,2,1,0,0,0,0,7,5,0,18,0,0
2001,60390,3,1,0,0,0,0,0,0,0,0,0,0
2001,60391,1,1,18,18,18,18,18,18,18,18,18,18
2001,60391,2,1,0,0,0,0,0,0,0,0,0,0
2001,60392,0,1,0,0,0,0,0,0,0,0,0,0
2001,60392,1,1,0,9,0,0,6,0,0,0,20,0
2001,60392,2,1,0,0,0,0,0,0,0,10,5,0
2001,60393,1,1,21,21,21,21,21,21,21,21,21,21
2001,60394,1,1,25,25,25,25,25,25,25,25,25,25
2001,60394,2,1,0,0,0,0,0,0,0,0,0,0
2001,60395,1,1,0,0,0,0,0,0,0,0,0,0
2001,60396,1,1,0,0,0,0,0,0,0,0,0,0
2001,60396,2,1,0,0,0,0,0,0,0,0,0,0
2001,60396,3,1,0,0,0,0,0,0,0,5,0,0
2001,60397,1,1,0,0,0,0,0,0,0,0,0,0
2001,60398,1,1,12,12,12,12,12,12,12,12,12,12
2001,60399,1,1,0,0,0,0,0,0,0,0,0,0
2001,60399,2,1,0,0,17,0,0,0,0,0,0,0
2001,60400,1,1,0,0,0,0,0,0,0,0,0,0
2001,60401,1,1,0,0,0,0,0,0,10,0,0,0
2001,60402,0,1,6,6,6,6,6,6,6,6,6,6
2001,60402,1,1,0,0,4,0,0,0,0,0,0,0
2001,60403,0,1,2,2,2,2,2,2,2,2,2,2
2001,60403,1,1,0,0,0,0,0,0,0,0,0,0
2001,60403,2,1,0,0,0,0,0,1,0,0,0,0
2001,60404,0,1,8,0,13,29,15,31,67,0,2,0
2001,60404,1,1,0,0,8,0,0,0,0,0,0,0
2001,60405,1,1,0,0,0,0,0,0,0,0,0,0
2001,60405,2,1,0,0,0,0,0,0,0,0,0,0
2001,60405,3,1,0,0,0,0,0,0,0,0,0,0
2001,60406,1,1,0,0,0,0,0,0,0,0,0,0
2001,60407,0,1,0,0,0,0,0,0,0,0,0,0
2001,60407,1,1,17,17,17,17,17,17,17,17,17,17
2001,60408,1,1,7,7,7,7,7,7,7,7,7,7
2001,60408,2,1,6,14,21,12,14,20,21,10,10,9
2001,60409,1,1,16,16,16,16,16,16,16,16,16,16
2001,60410,1,1,21,21,21,21,21,21,21,21,21,21
2001,60411,1,1,0,0,0,0,0,0,0,0,0,0
2001,60412,0,1,0,0,0,0,0,25,0,0,0,0
2001,60412,1,1,0,0,0,0,0,0,0,0,0,0
2001,60413,1,1,0,0,0,0,0,0,0,0,0,0
2001,60413,2,1,0,0,0,0,0,0,0,0,0,0
2001,60414,1,1,0,0,0,0,0,0,0,0,0,0
2001,60414,2,1,0,0,0,0,0,0,0,0,0,0
2001,60415,0,1,0,0,0,0,0,0,0,0,0,0
2001,60415,1,1,0,0,0,0,0,0,0,0,0,0
2001,60416,1,1,0,0,0,0,0,0,0,0,0,0
2001,60416,2,1,0,0,0,0,0,0,0,0,0,0
2001,60416,3,1,0,0,0,0,0,0,0,0,0,0
2001,60417,1,1,0,0,15,0,0,0,0,0,0,0
2001,60418,0,1,0,0,0,0,0,0,0,0,0,0
2001,60418,1,1,0,0,0,0,0,0,0,0,0,0
2001,60419,0,1,0,0,0,0,0,0,0,0,0,0
2001,60419,0,2,0,0,0,0,0,0,0,0,0,10
2001,60419,0,3,0,0,0,0,0,0,0,0,0,0
2001,60419,1,1,0,17,0,22,25,13,0,10,0,0
2001,60420,1,1,0,0,0,0,0,0,0,0,0,0
2001,60420,2,1,0,0,0,0,0,0,0,0,0,0
2001,60421,0,1,0,0,0,0,0,0,0,0,0,0
2001,60421,1,1,0,0,0,0,0,0,0,0,0,0
2001,60422,1,1,0,0,0,0,0,0,0,0,0,0
2001,60423,1,1,9,11,18,9,4,14,21,9,14,18
2001,60423,2,1,0,0,0,0,0,0,0,0,0,0
2001,60424,1,1,4,35,11,18,18,7,8,5,10,12
2001,60425,0,1,0,0,0,0,0,0,0,0,0,0
2001,60425,1,1,0,0,0,0,0,0,0,0,0,0
2001,60426,1,1,0,0,0,0,0,0,0,0,0,0
2001,60426,2,1,0,0,0,0,0,0,0,0,0,0
2001,60427,1,1,0,0,0,0,0,26,0,0,0,0
2001,60428,1,1,20,20,20,20,20,20,20,20,20,20
2001,60429,0,1,0,0,0,0,0,0,0,0,0,0
2001,60429,0,2,0,0,0,0,0,0,0,0,0,17
2001,60429,1,1,0,0,0,0,0,0,0,0,0,0
2001,60430,1,1,0,0,0,0,0,0,0,0,0,0
2001,60430,2,1,0,0,0,0,0,0,0,0,0,0
2001,60431,0,1,0,0,0,0,0,0,0,0,0,0
2001,60431,1,1,0,0,0,0,0,0,0,0,0,0
2001,60432,1,1,0,0,0,0,0,0,0,0,0,0
2001,60433,1,1,0,0,0,0,0,0,0,0,0,0
2001,60434,1,1,0,0,0,0,0,0,0,0,0,0
2001,60434,2,1,0,0,0,0,0,0,0,0,0,0
2001,60434,3,1,0,0,0,0,0,0,0,0,0,0
2001,60434,4,1,0,0,0,0,0,0,0,0,0,0
2001,60435,0,1,0,0,0,0,0,0,0,0,0,0
2001,60435,1,1,0,0,0,0,0,0,0,0,0,0
2001,60436,1,1,0,0,0,0,0,0,0,0,0,0
2001,60437,1,1,0,0,0,0,0,0,0,0,0,0
2001,60437,2,1,0,0,0,0,0,0,0,0,0,0
2001,60437,3,1,0,0,0,0,0,0,0,0,0,0
2001,60438,1,1,21,21,21,21,21,21,21,21,21,21
2001,60438,2,1,0,0,0,0,0,0,0,0,0,0
2001,60439,1,1,0,0,0,0,0,0,0,0,0,0
2001,60440,1,1,0,0,0,0,0,0,0,0,0,0
2001,60440,2,1,0,0,0,0,0,0,0,0,0,0
2001,60440,3,1,0,0,0,0,0,20,0,0,0,0
2001,60440,4,1,0,0,0,0,0,0,0,0,0,0
2001,60441,1,1,0,0,0,0,0,0,0,0,0,0
2001,60441,2,1,0,0,0,0,0,0,0,0,0,0
2001,60441,3,1,0,0,0,0,0,0,0,0,0,0
2001,60442,0,1,22,22,22,22,22,22,22,22,22,22
2001,60442,1,1,0,0,4,0,0,0,0,0,0,0
2001,60442,2,1,15,23,9,13,0,0,0,0,0,0
2001,60442,3,1,0,0,0,0,0,0,0,0,0,0
2001,60443,1,1,0,0,0,0,0,0,0,0,0,15
2001,60443,2,1,0,0,0,0,0,0,0,0,0,0
2001,60444,0,1,7,7,7,7,7,7,7,7,7,7
2001,60444,1,1,0,0,0,0,0,0,0,0,0,0
2001,60445,0,1,20,20,20,20,20,20,20,20,20,20
2001,60445,1,1,6,13,0,4,0,11,0,12,0,0
2001,60446,0,1,0,0,0,0,0,0,0,0,0,0
2001,60446,1,1,0,0,0,0,0,0,0,0,0,0
2001,60447,1,1,0,0,0,0,0,0,0,0,0,0
2001,60447,2,1,0,0,0,0,0,0,0,36,0,0
2001,60448,0,1,0,0,32,0,0,0,0,0,0,0
2001,60448,1,1,0,0,0,0,0,0,0,0,0,0
2001,60449,1,1,0,0,0,0,0,0,0,0,0,0
2001,60449,2,1,0,0,0,0,0,0,0,0,0,0
2001,60449,3,1,0,0,0,0,0,0,0,0,0,0
2001,60450,0,1,20,20,20,20,20,20,20,20,20,20
2001,60450,1,1,0,0,0,0,0,0,0,0,0,0
2001,60451,1,1,23,23,23,23,23,23,23,23,23,23
2001,60451,2,1,0,0,0,0,0,0,0,0,0,30
2001,60451,3,1,0,0,0,0,0,0,0,0,0,0
2001,60451,4,1,0,0,0,0,0,0,13,0,0,0
2001,60451,5,1,0,0,0,28,0,0,0,0,0,0
2001,60452,1,1,18,18,18,18,18,18,18,18,18,18
2001,60453,0,1,0,0,0,0,0,0,0,0,0,0
2001,60453,1,1,0,0,0,15,0,19,18,8,0,0
2001,60454,1,1,19,19,19,19,19,19,19,19,19,19
2001,60455,0,1,0,0,0,0,0,0,0,0,0,0
2001,60455,1,1,0,0,0,0,0,0,0,0,0,0
2001,60455,2,1,0,0,0,0,0,0,0,0,0,0
2001,60456,1,1,0,0,0,0,0,0,0,0,0,0
2001,60456,2,1,0,0,0,0,0,0,0,0,0,0
2001,60457,1,1,0,0,0,0,0,0,0,0,0,0
2001,60457,2,1,0,0,0,0,0,0,0,0,0,0
2001,60457,3,1,15,15,15,15,15,15,15,15,15,15
2001,60457,4,1,0,0,0,0,0,0,16,4,0,26
2001,60458,1,1,0,0,0,0,0,0,0,0,0,0
2001,60458,2,1,0,0,0,0,0,0,0,0,0,0
2001,60458,3,1,0,0,0,0,0,0,0,0,0,0
2001,60459,1,1,0,0,0,0,0,0,0,0,0,0
2001,60460,0,1,0,0,0,0,0,0,0,0,0,0
2001,60460,0,2,0,0,0,0,0,0,0,0,0,0
2001,60460,0,3,10,10,10,10,10,10,10,10,10,10
2001,60460,0,4,12,12,12,12,12,12,12,12,12,12
2001,60460,0,5,26,17,0,0,0,0,19,0,0,3
2001,60460,1,1,0,0,0,0,0,0,0,0,0,0
2001,60461,1,1,19,19,19,19,19,19,19,19,19,19
2001,60462,1,1,0,0,0,0,0,0,0,0,0,0
2001,60463,1,1,0,0,0,0,0,0,0,0,0,0
2001,60463,2,1,0,0,0,0,0,0,0,0,0,0
2001,60464,1,1,0,0,0,0,0,0,0,0,0,0
2001,60464,2,1,0,0,0,0,0,0,0,0,0,0
2001,60465,1,1,18,0,0,0,0,0,0,0,0,0
2001,60466,0,1,0,0,0,0,0,0,0,0,0,0
2001,60466,0,2,3,3,3,3,3,3,3,3,3,3
2001,60466,1,1,0,0,0,0,0,0,0,0,6,0
2001,60466,2,1,0,0,0,10,0,0,0,0,0,0
2001,60467,1,1,0,0,0,0,5,0,0,0,0,0
2001,60467,2,1,0,0,0,11,0,13,5,0,0,0
2001,60467,3,1,0,0,12,0,0,0,0,0,0,0
2001,60468,1,1,0,0,0,0,0,0,0,0,0,0
2001,60468,2,1,0,0,0,0,0,0,0,0,0,0
2001,60469,1,1,0,0,0,0,0,0,0,0,0,0
2001,60469,2,1,0,0,0,0,0,0,0,0,0,0
2001,60470,1,1,0,0,0,0,0,0,0,0,0,0
2001,60470,2,1,0,0,0,0,0,0,0,0,0,0
2001,60470,3,1,0,0,0,0,0,0,0,0,0,0
2001,60471,1,1,0,0,0,0,0,0,0,0,0,0
2001,60471,2,1,0,0,0,0,0,0,0,0,0,0
2001,60472,1,1,0,0,0,0,0,0,0,0,0,0
2001,60473,1,1,0,0,0,0,0,0,0,0,0,0
2001,60474,0,1,5,5,5,5,5,5,5,5,5,5
2001,60474,1,1,0,0,0,0,0,0,0,0,0,0
2001,60475,1,1,17,17,17,17,17,17,17,17,17,17
2001,60475,2,1,0,0,0,0,0,0,0,0,0,0
2001,60476,1,1,16,16,16,16,16,16,16,16,16,16
2001,60476,2,1,0,0,0,0,0,0,0,0,0,0
2001,60477,1,1,32,32,32,32,32,32,32,32,32,32
2001,60478,1,1,18,18,18,18,18,18,18,18,18,18
2001,60478,2,1,0,0,0,0,0,0,0,0,0,0
2001,60479,1,1,1,1,1,1,1,1,1,1,1,1
2001,60479,2,1,0,0,0,0,0,0,0,0,0,0
2001,60480,1,1,0,0,0,0,0,0,0,0,0,0
2001,60481,0,1,2,2,2,2,2,2,2,2,2,2
2001,60481,1,1,0,0,0,0,0,0,0,12,0,0
2001,60482,1,1,24,24,24,24,24,24,24,24,24,24
2001,60483,1,1,12,12,12,12,12,12,12,12,12,12
2001,60484,1,1,0,0,0,0,0,0,0,0,0,0
2001,60484,2,1,0,0,0,0,0,0,0,0,0,0
2001,60484,3,1,0,0,0,0,0,0,0,0,0,0
2001,60484,4,1,0,0,0,0,0,0,0,0,0,0
2001,60484,5,1,0,0,0,0,0,0,0,0,0,0
2001,60485,1,1,0,0,0,0,0,0,0,0,0,0
2001,60485,2,1,0,0,0,0,0,0,0,0,0,0
2001,60485,3,1,0,0,0,0,0,0,0,0,0,0
2001,60486,0,1,0,0,0,0,0,0,0,0,0,0
2001,60486,1,1,0,0,0,0,0,0,0,0,0,0
2001,60487,1,1,0,0,0,0,0,0,0,0,0,0
2001,60488,1,1,0,0,0,0,0,0,0,0,0,0
2001,60489,1,1,17,17,17,17,17,17,17,17,17,17
2001,60490,0,1,0,0,0,0,0,0,0,0,0,0
2001,60490,1,1,0,0,0,0,0,0,0,0,0,0
2001,60491,1,1,0,0,0,0,0,0,0,0,0,0
2001,60491,2,1,0,0,0,0,0,0,0,0,0,0
2001,60491,3,1,0,0,0,0,0,0,0,0,0,0
2001,60492,0,1,0,0,0,0,0,0,0,0,0,0
2001,60492,1,1,0,0,0,0,0,0,0,0,0,0
2001,60493,1,1,0,0,0,0,0,0,0,0,0,0
2001,60494,0,1,12,12,12,12,12,12,12,12,12,12
2001,60494,1,1,0,0,0,0,0,0,0,0,0,0
2001,60495,1,1,6,6,6,6,6,6,6,6,6,6
2001,60495,2,1,0,0,0,0,0,0,0,12,0,0
2001,60496,1,1,0,0,0,0,0,0,0,0,0,0
2001,60497,1,1,0,0,0,0,0,0,0,0,0,0
2001,60497,2,1,0,0,0,0,0,0,0,0,0,0
2001,60498,1,1,19,19,19,19,19,19,19,19,19,19
2001,60499,0,1,0,0,0,0,0,0,0,0,0,0
2001,60499,1,1,1,1,1,1,1,1,1,1,1,1
2001,60500,1,1,12,12,12,12,12,12,12,12,12,12
2001,60501,1,1,12,0,0,20,14,13,17,12,0,0
2001,60502,0,1,0,0,0,0,0,0,0,0,0,0
2001,60502,1,1,0,0,0,0,0,0,0,0,0,0
2001,60503,1,1,0,0,0,0,0,0,0,0,0,0
2001,60503,2,1,0,0,0,0,0,0,0,0,0,0
2001,60504,1,1,5,7,11,0,0,0,13,5,19,0
2001,60505,1,1,23,23,23,23,23,23,23,23,23,23
2001,60506,1,1,14,14,14,14,14,14,14,14,14,14
2001,60506,2,1,0,0,4,0,0,0,0,0,0,0
2001,60507,1,1,22,22,22,22,22,22,22,22,22,22
2001,60508,1,1,8,8,8,8,8,8,8,8,8,8
2001,60509,1,1,0,0,0,0,0,0,0,0,0,0
2001,60509,2,1,0,0,0,0,0,0,0,0,0,0
2001,60509,3,1,0,0,0,0,0,0,0,0,0,0
2001,60510,1,1,0,0,0,0,0,0,0,0,0,0
2001,60510,2,1,0,0,0,0,0,0,0,0,0,0
2001,60511,1,1,0,0,0,0,0,0,0,0,0,0
2001,60511,2,1,0,0,0,0,0,0,0,0,12,0
2001,60511,3,1,0,0,0,0,0,0,0,0,0,0
2001,60511,4,1,0,0,0,0,0,0,0,0,0,0
2001,60512,1,3,0,0,0,12,0,0,0,14,11,19
2001,60513,1,1,0,0,25,0,13,9,0,16,11,0
2001,60514,1,1,0,0,0,0,0,0,0,0,0,0
2001,60515,1,1,0,0,0,0,0,0,0,0,0,0
2001,60515,2,1,0,0,0,0,0,0,0,0,0,0
2001,60515,3,1,0,0,0,0,0,0,0,0,0,0
2001,60516,1,1,0,0,0,0,0,0,0,0,0,0
2001,60516,2,1,0,0,0,0,0,0,0,0,0,0
2001,60517,0,1,0,0,0,0,0,0,0,0,0,0
2001,60517,1,1,0,0,0,0,0,0,0,0,0,0
2001,60518,1,1,22,22,22,22,22,22,22,22,22,22
2001,60519,1,1,0,0,0,0,0,0,0,0,0,0
2001,60520,1,1,0,0,0,0,0,0,0,0,0,0
2001,60520,2,1,0,0,0,0,0,0,16,0,0,0
2001,60521,1,1,12,12,12,12,12,12,12,12,12,12
2001,60522,0,1,0,0,0,0,0,0,0,0,0,0
2001,60522,1,1,0,0,0,0,0,0,0,0,0,0
2001,60523,1,1,0,0,0,0,0,0,0,0,0,0
2001,60524,0,1,0,0,0,0,0,0,0,0,0,0
2001,60524,1,1,0,0,0,0,0,0,0,0,0,0
2001,60525,1,1,0,0,0,0,0,0,0,0,0,0
2001,60525,2,1,0,0,0,0,0,0,0,0,0,0
2001,60526,1,1,0,0,0,0,0,0,0,0,0,0
2001,60527,1,1,9,9,9,9,9,9,9,9,9,9
2001,60528,1,1,8,8,8,8,8,8,8,8,8,8
2001,60528,2,1,0,0,0,0,0,0,0,4,0,19
2001,60529,1,1,10,10,10,10,10,10,10,10,10,10
2001,60530,0,1,0,0,0,0,0,0,0,0,0,0
2001,60530,1,1,0,0,0,0,0,0,0,0,0,0
2001,60531,1,1,12,12,12,12,12,12,12,12,12,12
2001,60532,1,1,9,9,9,9,9,9,9,9,9,9
2001,60532,2,1,9,0,0,0,13,10,0,20,0,0
2001,60532,3,1,9,9,9,9,9,9,9,9,9,9
2001,60533,0,1,0,0,0,0,0,0,0,0,0,0
2001,60533,1,1,0,0,3,0,0,0,0,0,0,0
2001,60533,2,1,0,0,0,0,0,0,0,2,0,0
2001,60534,0,1,0,0,0,0,0,0,0,0,0,0
2001,60534,1,1,0,0,0,0,0,24,0,0,0,0
2001,60535,1,1,0,0,0,0,0,0,0,0,0,0
2001,60536,1,1,0,0,0,0,0,0,0,0,0,0
2001,60536,2,1,0,0,0,0,0,0,0,0,0,0
2001,60536,3,1,0,0,0,0,0,0,0,0,0,0
2001,60537,1,1,0,0,0,0,0,0,0,0,0,0
2001,60537,2,1,0,0,0,0,0,0,0,0,0,0
2001,60537,3,1,0,0,0,0,0,0,0,0,0,0
2001,60538,0,1,0,0,0,0,0,0,0,0,0,0
2001,60538,1,1,0,0,0,0,0,0,0,0,0,0
2001,60539,1,1,0,0,0,0,0,0,0,0,0,0
2001,60539,2,1,0,0,0,0,0,11,0,0,0,0
2001,60540,1,1,20,6,11,10,3,4,28,11,19,11
2001,60540,2,1,0,0,0,0,0,0,0,0,0,0
2001,60541,1,1,0,0,0,0,0,0,0,0,0,0
2001,60542,0,1,10,10,10,10,10,10,10,10,10,10
2001,60542,1,1,0,0,0,0,0,0,0,0,0,0