YEAR,st_case,veh_no,per_no,P1,P2,P3,P4,P5,P6,P7,P8,P9,P10
2001,60819,2,1,0,0,0,0,0,0,0,0,0,0
2001,60820,1,1,0,0,0,0,0,0,0,0,0,0
2001,60821,1,1,24,24,24,24,24,24,24,24,24,24
2001,60822,1,1,0,0,0,0,0,0,0,0,0,0
2001,60822,2,1,0,0,0,0,0,0,0,0,0,0
2001,60823,0,1,0,0,0,0,0,0,0,0,0,0
2001,60823,1,1,0,0,0,0,22,0,0,0,0,0
2001,60824,1,1,16,16,16,16,16,16,16,16,16,16
2001,60824,2,1,0,0,0,0,0,0,0,0,0,0
2001,60825,0,1,0,0,0,0,0,0,0,0,0,0
2001,60825,1,1,0,0,0,0,0,0,0,0,0,0
2001,60826,1,1,10,10,10,10,10,10,10,10,10,10
2001,60826,2,1,0,18,19,0,0,0,13,0,15,0
2001,60827,1,1,0,0,0,14,0,0,0,0,0,0
2001,60828,1,1,0,0,0,0,0,0,0,0,0,0
2001,60829,1,1,0,0,0,0,0,0,0,0,0,0
2001,60830,1,1,0,0,0,0,0,0,0,0,0,0
2001,60830,2,1,0,0,0,0,0,0,0,0,0,0
2001,60831,1,1,0,0,0,0,0,0,0,0,0,0
2001,60831,2,1,0,0,0,0,0,0,0,0,0,0
2001,60832,1,1,0,0,0,0,23,0,0,0,0,0
2001,60833,0,1,32,32,32,32,32,32,32,32,32,32
2001,60833,1,1,25,12,0,6,0,0,0,16,0,0
2001,60834,1,1,21,21,21,21,21,21,21,21,21,21
2001,60834,2,1,0,0,0,0,0,0,0,0,0,0
2001,60835,1,1,0,0,0,0,0,0,0,0,0,0
2001,60836,1,1,0,17,17,10,0,0,0,0,0,0
2001,60836,2,1,5,5,5,5,5,5,5,5,5,5
2001,60837,1,1,20,20,20,20,20,20,20,20,20,20
2001,60837,2,1,0,0,14,0,0,0,0,0,29,9
2001,60838,1,1,0,0,0,0,0,0,0,0,0,0
2001,60838,2,1,0,0,0,0,0,0,0,0,0,0
2001,60839,1,1,0,0,0,0,0,0,0,0,0,0
2001,60840,1,1,0,0,0,0,0,0,0,0,0,0
2001,60840,2,1,12,12,12,12,12,12,12,12,12,12
2001,60841,1,1,17,17,17,17,17,17,17,17,17,17
2001,60842,1,1,16,16,16,16,16,16,16,16,16,16
2001,60843,1,1,14,14,14,14,14,14,14,14,14,14
2001,60844,1,1,0,0,0,0,0,0,0,0,0,0
2001,60845,1,1,0,0,11,0,0,0,10,0,26,14
2001,60846,1,1,10,10,10,10,10,10,10,10,10,10
2001,60847,1,1,0,0,0,0,0,0,0,0,0,0
2001,60847,2,1,0,0,0,0,0,0,0,0,0,0
2001,60848,0,1,0,0,0,17,0,0,0,0,0,14
2001,60848,1,1,0,0,0,0,0,0,0,7,0,0
2001,60849,1,1,0,0,0,0,0,0,0,0,0,0
2001,60849,2,1,0,20,0,0,0,0,0,0,0,0
2001,60850,1,1,0,0,0,0,0,0,0,0,0,0
2001,60851,1,1,0,17,0,0,0,0,0,0,0,0
2001,60851,2,1,0,0,0,0,0,0,0,0,0,0
2001,60851,3,1,0,0,0,0,0,0,0,0,0,0
2001,60852,1,1,0,0,0,0,0,0,0,0,0,0
2001,60853,1,1,20,20,20,20,20,20,20,20,20,20
2001,60854,1,1,0,0,0,0,0,0,0,0,0,0
2001,60855,1,1,14,0,25,17,0,23,0,10,16,15
2001,60856,0,1,17,17,17,17,17,17,17,17,17,17
2001,60856,1,1,0,0,0,0,0,0,0,0,0,0
2001,60857,1,1,24,24,24,24,24,24,24,24,24,24
2001,60858,1,1,0,0,0,0,0,0,0,0,0,0
2001,60859,1,1,17,22,16,18,20,9,22,22,14,16
2001,60860,1,1,0,0,0,0,0,0,0,0,0,0
2001,60861,1,1,0,0,0,0,0,0,0,0,0,0
2001,60862,1,1,0,0,0,0,0,0,0,0,0,0
2001,60862,2,1,0,0,0,0,0,0,0,0,0,0
2001,60863,1,1,0,0,0,0,0,0,0,0,0,0
2001,60863,2,1,0,0,0,0,0,0,0,0,0,0
2001,60864,1,1,11,11,11,11,11,11,11,11,11,11
2001,60864,2,1,0,0,0,0,0,0,0,0,0,0
2001,60864,3,1,0,13,0,0,0,0,0,0,0,0
2001,60864,4,1,0,0,12,0,0,0,0,0,0,0
2001,60865,1,1,0,0,0,0,0,0,0,0,0,0
2001,60865,2,1,0,0,0,0,0,0,0,0,0,0
2001,60866,1,1,0,0,0,0,0,0,0,0,0,0
2001,60866,2,1,0,0,0,0,0,0,0,0,0,0
2001,60866,3,1,0,0,0,0,0,0,0,0,0,0
2001,60867,1,1,22,0,3,0,3,18,0,0,13,0
2001,60867,2,1,13,13,13,13,13,13,13,13,13,13
2001,60867,3,1,0,0,0,0,0,12,0,0,0,0
2001,60868,1,1,0,0,0,0,0,0,0,21,0,0
2001,60869,0,1,0,0,0,0,0,0,0,0,0,0
2001,60869,1,1,0,0,0,0,0,0,0,0,0,0
2001,60870,1,1,0,0,0,0,0,0,0,0,0,0
2001,60870,2,1,0,0,0,0,0,0,0,0,0,0
2001,60871,1,1,0,0,0,0,0,0,0,0,0,0
2001,60871,2,1,0,0,0,0,0,0,0,0,0,0
2001,60872,1,1,24,24,24,24,24,24,24,24,24,24
2001,60873,1,1,12,12,12,12,12,12,12,12,12,12
2001,60874,1,1,0,0,0,0,0,0,0,0,0,0
2001,60874,2,1,0,0,0,0,0,0,0,0,0,0
2001,60875,1,1,0,0,0,0,0,0,0,0,0,0
2001,60875,2,1,0,0,0,0,0,0,0,0,0,0
2001,60876,1,1,0,3,9,0,0,9,5,27,16,0
2001,60877,1,1,0,0,0,0,0,0,0,0,0,0
2001,60878,1,1,0,0,0,0,0,0,0,0,0,0
2001,60879,1,1,21,21,21,21,21,21,21,21,21,21
2001,60880,1,1,6,6,6,6,6,6,6,6,6,6
2001,60881,1,1,0,0,0,0,0,0,0,0,0,0
2001,60881,2,1,0,0,0,0,0,0,0,0,0,0
2001,60882,0,1,0,0,0,0,0,0,0,0,0,0
2001,60882,1,1,0,0,0,0,0,0,0,0,0,0
2001,60883,1,1,0,0,0,0,0,0,0,0,0,0
2001,60883,2,1,0,0,0,0,0,0,0,0,0,0
2001,60884,0,1,0,0,0,0,0,0,0,0,0,0
2001,60884,0,2,0,0,0,0,0,0,0,0,0,0
2001,60884,0,3,0,0,0,0,0,0,0,0,0,0
2001,60884,1,1,0,0,0,0,0,0,0,0,0,0
2001,60884,2,1,0,0,11,0,0,0,0,0,0,0
2001,60884,3,1,0,0,0,0,0,0,0,0,0,0
2001,60885,0,1,23,23,23,23,23,23,23,23,23,23
2001,60885,1,1,0,0,0,0,0,0,0,0,0,0
2001,60886,1,1,7,7,7,7,7,7,7,7,7,7
2001,60886,2,1,0,11,0,0,0,0,0,0,6,0
2001,60887,0,1,19,19,19,19,19,19,19,19,19,19
2001,60887,1,1,0,0,0,0,0,0,0,0,0,0
2001,60888,0,1,30,30,30,30,30,30,30,30,30,30
2001,60888,1,1,0,0,0,0,0,0,0,0,0,0
2001,60889,1,1,0,0,0,0,0,0,0,0,0,0
2001,60890,0,1,14,14,14,14,14,14,14,14,14,14
2001,60890,1,1,0,0,0,0,0,0,0,0,0,0
2001,60891,1,1,0,0,0,0,0,0,0,0,0,0
2001,60891,2,1,0,0,0,0,0,0,0,0,0,0
2001,60892,1,1,0,0,0,0,0,0,0,0,0,0
2001,60892,2,1,0,0,0,0,0,0,0,0,0,0
2001,60893,1,1,17,17,17,17,17,17,17,17,17,17
2001,60894,1,1,0,0,0,0,0,0,0,0,0,0
2001,60895,1,1,0,0,0,0,0,0,0,0,0,0
2001,60895,2,1,0,0,0,0,0,0,0,0,0,0
2001,60895,3,1,0,0,0,0,0,0,0,0,0,0
2001,60896,1,1,0,0,0,0,0,0,0,0,0,0
2001,60896,2,1,9,0,0,0,0,0,0,0,0,0
2001,60897,1,1,0,0,0,0,0,0,0,0,0,0
2001,60897,2,1,0,0,0,0,0,0,0,0,0,0
2001,60897,3,1,4,4,4,4,4,4,4,4,4,4
2001,60898,1,1,13,13,13,13,13,13,13,13,13,13
2001,60898,2,1,0,0,0,0,4,14,16,0,0,0
2001,60899,1,1,0,0,0,0,0,0,0,0,0,0
2001,60900,1,1,4,4,4,4,4,4,4,4,4,4
2001,60901,1,1,22,22,22,22,22,22,22,22,22,22
2001,60902,0,1,42,42,42,42,42,42,42,42,42,42
2001,60902,1,1,0,0,0,0,0,0,0,0,0,0
2001,60903,0,1,6,6,6,6,6,6,6,6,6,6
2001,60903,1,1,0,0,0,0,0,0,0,0,0,0
2001,60904,1,1,17,17,17,17,17,17,17,17,17,17
2001,60905,1,1,0,0,0,0,0,0,0,0,0,0
2001,60906,1,1,0,0,0,0,0,0,0,0,0,0
2001,60907,1,1,0,0,0,0,0,0,0,0,0,0
2001,60907,2,1,0,0,0,0,0,0,0,0,0,0
2001,60908,1,1,0,0,0,0,0,0,0,0,0,0
2001,60909,1,1,29,29,29,29,29,29,29,29,29,29
2001,60910,1,1,0,0,0,0,15,0,0,10,12,0
2001,60911,1,1,0,0,0,0,0,0,0,0,0,0
2001,60912,1,1,0,0,0,0,0,0,0,0,0,0
2001,60912,2,1,29,24,21,6,15,12,16,18,0,23
2001,60912,3,1,0,0,0,0,0,0,28,0,0,0
2001,60913,1,1,0,10,0,17,11,27,0,0,0,0
2001,60914,1,1,31,31,31,31,31,31,31,31,31,31
2001,60915,1,1,0,0,0,0,0,0,0,0,0,0
2001,60916,1,1,13,13,13,13,13,13,13,13,13,13
2001,60917,1,1,0,0,0,0,0,0,0,0,0,0
2001,60918,1,1,0,0,0,0,0,0,0,0,0,0
2001,60919,1,1,0,0,0,0,0,0,0,0,0,0
2001,60919,2,1,0,0,0,0,0,0,0,0,0,0
2001,60920,0,1,0,0,0,0,0,0,0,0,0,0
2001,60920,1,1,0,0,0,0,0,0,0,0,0,0
2001,60921,1,1,0,0,0,0,0,0,0,0,0,0
2001,60921,2,1,0,0,0,0,0,0,0,0,0,0
2001,60922,1,1,0,0,0,0,0,0,0,0,0,0
2001,60922,2,1,0,0,0,0,0,0,0,0,0,0
2001,60923,1,1,0,0,0,0,0,0,0,0,0,0
2001,60923,2,1,0,0,0,0,0,0,0,0,0,0
2001,60924,0,1,0,0,0,0,0,0,0,0,0,0
2001,60924,1,1,0,0,0,0,0,0,0,0,0,0
2001,60925,0,1,0,0,0,0,0,0,0,0,0,0
2001,60925,1,1,0,0,0,0,0,0,0,0,0,0
2001,60926,1,1,31,31,31,31,31,31,31,31,31,31
2001,60926,2,1,0,0,0,0,0,0,0,0,0,0
2001,60927,1,1,0,0,0,0,0,0,0,0,0,0
2001,60927,2,1,0,0,0,0,0,0,0,0,0,0
2001,60928,1,1,0,0,0,0,0,0,0,0,0,0
2001,60929,1,1,0,0,0,0,0,0,0,0,0,0
2001,60929,2,1,8,8,8,8,8,8,8,8,8,8
2001,60930,0,1,18,18,18,18,18,18,18,18,18,18
2001,60930,1,1,4,0,15,0,0,22,11,0,0,27
2001,60931,0,1,2,2,2,2,2,2,2,2,2,2
2001,60931,2,1,0,0,0,0,0,0,0,0,0,0
2001,60932,1,1,23,23,23,23,23,23,23,23,23,23
2001,60932,2,1,0,0,0,0,0,0,0,0,0,0
2001,60933,1,1,0,0,0,0,0,0,0,0,0,0
2001,60933,2,1,0,0,0,0,0,0,0,0,0,0
2001,60934,1,1,0,0,0,0,0,0,0,0,0,0
2001,60934,2,1,0,0,0,0,0,0,0,0,0,0
2001,60935,0,1,29,29,29,29,29,29,29,29,29,29
2001,60935,1,1,0,0,0,0,0,0,0,0,0,0
2001,60936,1,1,0,0,0,0,0,0,0,0,0,0
2001,60937,1,1,0,0,0,0,0,0,0,0,0,0
2001,60937,2,1,0,0,0,0,0,0,0,0,0,0
2001,60937,3,1,0,0,0,0,0,0,0,0,0,0
2001,60938,1,1,14,14,14,14,14,14,14,14,14,14
2001,60939,1,1,14,14,14,14,14,14,14,14,14,14
2001,60940,1,1,12,12,12,12,12,12,12,12,12,12
2001,60941,1,1,0,0,0,0,0,0,0,0,0,0
2001,60942,1,1,0,0,0,0,0,0,0,0,0,0
2001,60942,2,1,0,0,0,0,0,0,0,0,0,0
2001,60943,1,1,0,0,0,0,0,0,0,0,0,0
2001,60944,1,1,10,10,10,10,10,10,10,10,10,10
2001,60944,2,1,0,0,0,0,0,0,0,0,0,0
2001,60945,1,1,0,0,0,0,0,0,0,0,0,0
2001,60945,2,1,0,0,0,0,0,0,0,0,0,0
2001,60946,1,1,0,0,0,0,0,0,0,0,0,0
2001,60946,2,1,0,0,0,0,0,0,0,0,0,0
2001,60947,1,1,0,0,0,0,0,0,0,0,0,0
2001,60948,1,1,0,0,0,0,0,0,0,0,0,0
2001,60948,2,1,0,0,0,0,0,0,0,0,0,0
2001,60949,1,1,0,0,0,0,0,0,0,0,0,0
2001,60949,2,1,0,0,0,0,0,0,0,0,0,0
2001,60950,1,1,9,9,9,9,9,9,9,9,9,9
2001,60951,1,1,0,0,0,10,0,0,0,0,0,0
2001,60951,2,1,0,0,0,0,0,0,0,0,0,0
2001,60952,0,1,0,0,0,0,0,0,0,0,0,0
2001,60952,1,1,0,0,0,0,0,0,0,0,0,0
2001,60953,1,1,6,0,7,0,0,4,0,0,0,0
2001,60953,2,1,0,0,0,0,0,0,0,0,0,0
2001,60953,3,1,0,0,0,0,0,32,0,0,0,0
2001,60954,0,1,0,0,0,0,0,0,0,0,0,0
2001,60954,1,1,13,13,0,0,0,22,0,0,28,0
2001,60955,1,1,0,0,0,0,0,0,0,0,0,0
2001,60956,1,1,0,0,0,0,0,0,0,0,0,0
2001,60957,0,1,0,0,0,0,0,0,0,0,0,0
2001,60957,1,1,0,0,0,0,0,0,0,0,0,0
2001,60958,1,1,0,0,0,0,0,0,0,0,0,0
2001,60959,1,1,16,16,16,16,16,16,16,16,16,16
2001,60959,2,1,0,0,0,0,0,0,0,0,0,0
2001,60960,0,1,22,22,22,22,22,22,22,22,22,22
2001,60960,1,1,0,13,21,0,0,0,28,0,0,0
2001,60961,1,1,0,0,0,0,0,0,0,0,0,0
2001,60962,1,1,32,17,29,19,14,21,10,12,17,15
2001,60963,1,1,9,9,9,9,9,9,9,9,9,9
2001,60963,2,1,0,0,0,0,0,0,0,0,0,0
2001,60964,0,1,0,0,0,0,0,0,0,0,0,0
2001,60964,1,1,0,0,0,0,0,0,0,0,0,0
2001,60965,1,1,23,23,23,23,23,23,23,23,23,23
2001,60965,2,1,6,6,6,6,6,6,6,6,6,6
2001,60965,3,1,8,21,6,10,23,5,0,23,9,15
2001,60966,1,1,0,0,0,0,0,0,0,0,0,0
2001,60966,2,1,0,0,0,0,0,0,0,0,0,0
2001,60966,3,1,0,0,0,0,0,0,0,0,0,0
2001,60966,4,1,0,0,0,0,0,0,0,0,0,0
2001,60966,5,1,0,0,0,0,0,0,0,0,0,0
2001,60967,1,1,11,11,11,11,11,11,11,11,11,11
2001,60967,2,1,0,0,0,0,0,0,0,0,0,0
2001,60967,3,1,0,0,0,0,0,0,0,0,0,22
2001,60968,1,1,0,0,0,0,0,0,0,0,0,0
2001,60968,2,1,0,0,0,0,0,0,0,0,0,0
2001,60969,1,1,2,2,2,2,2,2,2,2,2,2
2001,60969,2,1,0,0,0,0,0,0,0,0,0,0
2001,60970,0,1,18,18,18,18,18,18,18,18,18,18
2001,60970,1,1,0,0,0,0,0,0,0,0,0,0
2001,60971,1,1,0,0,0,0,0,0,0,0,0,0
2001,60971,2,1,0,0,0,0,0,0,0,0,0,0
2001,60971,3,1,0,0,0,34,0,0,0,0,0,0
2001,60972,0,1,30,30,30,30,30,30,30,30,30,30
2001,60972,1,1,0,0,0,0,0,0,0,0,0,0
2001,60973,1,1,0,0,0,0,0,0,0,0,0,0
2001,60973,2,1,39,39,39,39,39,39,39,39,39,39
2001,60974,1,1,0,0,0,0,0,0,0,0,0,0
2001,60974,2,1,0,0,0,0,0,0,0,0,0,0
2001,60975,1,1,0,0,0,0,0,0,0,0,0,0
2001,60975,2,1,0,0,0,0,0,0,0,0,0,0
2001,60976,1,1,0,0,0,0,0,0,0,0,0,0
2001,60977,1,1,0,0,0,0,0,0,0,0,7,3
2001,60978,0,1,32,32,32,32,32,32,32,32,32,32
2001,60978,1,1,0,0,0,0,0,0,0,0,0,0
2001,60979,1,1,0,0,0,0,0,0,0,0,0,0
2001,60979,2,1,0,0,0,0,0,0,0,0,0,0
2001,60979,3,1,0,0,0,0,0,0,0,0,0,0
2001,60980,1,1,13,13,13,13,13,13,13,13,13,13
2001,60980,2,1,0,14,0,0,0,0,0,0,0,0
2001,60980,3,1,0,0,0,0,0,0,0,0,0,0
2001,60981,1,1,15,15,15,15,15,15,15,15,15,15
2001,60982,1,1,13,19,0,10,16,11,16,4,0,0
2001,60982,2,1,0,0,0,0,0,0,0,0,0,0
2001,60983,1,1,0,0,0,0,12,0,0,0,0,0
2001,60983,2,1,0,0,0,0,0,0,0,0,0,0
2001,60984,1,1,0,0,0,0,0,0,0,0,0,0
2001,60984,2,1,0,0,0,0,0,0,0,0,0,0
2001,60985,1,1,0,0,0,0,0,0,0,0,0,0
2001,60986,1,1,0,0,0,0,0,0,0,0,0,0
2001,60986,2,1,0,0,0,0,0,0,0,0,0,0
2001,60987,1,1,0,0,0,0,0,0,0,0,0,0
2001,60988,1,1,0,0,12,0,0,0,0,0,0,0
2001,60988,2,1,0,0,0,0,11,0,0,0,0,0
2001,60989,0,1,20,20,20,20,20,20,20,20,20,20
2001,60989,1,1,18,18,12,19,0,0,21,0,0,0
2001,60989,2,1,0,0,20,0,26,0,20,0,0,0
2001,60989,3,1,0,0,0,20,0,0,0,15,0,21
2001,60989,4,1,25,4,0,0,0,14,0,0,0,15
2001,60990,1,1,11,11,11,11,11,11,11,11,11,11
2001,60991,1,1,0,0,0,0,0,0,0,0,0,0
2001,60991,2,1,0,0,0,0,0,0,0,0,0,0
2001,60992,0,1,19,19,19,19,19,19,19,19,19,19
2001,60992,1,1,0,0,0,0,0,0,0,0,0,0
2001,60993,1,1,10,10,10,10,10,10,10,10,10,10
2001,60994,0,3,21,0,0,0,3,0,0,0,20,0
2001,60994,1,1,0,0,0,0,0,0,0,0,0,0
2001,60995,1,1,0,0,0,0,0,0,0,0,0,0
2001,60995,2,1,0,0,0,0,0,0,0,0,0,0
2001,60996,1,1,0,0,0,0,0,0,0,0,0,0
2001,60996,2,1,0,0,0,0,0,0,0,0,0,0
2001,60997,1,1,16,16,16,16,16,16,16,16,16,16
2001,60998,1,1,12,12,12,12,12,12,12,12,12,12
2001,60998,2,1,0,0,0,0,0,0,0,0,0,0
2001,60999,1,1,0,0,0,0,0,0,0,0,0,0
2001,61000,1,1,12,12,12,12,12,12,12,12,12,12
2001,61000,2,1,0,0,0,0,0,0,0,0,0,0
2001,61001,1,1,0,0,0,0,0,0,0,0,0,0
2001,61002,1,1,49,49,49,49,49,49,49,49,49,49
2001,61003,1,1,0,0,0,0,0,0,0,0,0,0
2001,61004,1,1,0,0,0,0,0,0,0,0,0,0
2001,61004,2,1,0,0,0,0,0,0,0,0,0,0
2001,61005,0,1,23,23,23,23,23,23,23,23,23,23
2001,61005,1,1,0,11,0,17,6,8,2,5,16,11
2001,61006,1,1,5,5,5,5,5,5,5,5,5,5
2001,61007,1,1,23,23,23,23,23,23,23,23,23,23
2001,61008,1,1,0,0,0,0,0,0,0,0,0,0
2001,61010,1,1,4,4,4,4,4,4,4,4,4,4
2001,61011,0,1,0,0,0,0,0,0,0,0,0,0
2001,61011,1,1,14,0,0,0,0,10,0,0,0,0
2001,61012,1,1,0,0,0,0,0,0,0,0,0,0
2001,61012,2,1,0,0,0,0,0,0,0,0,0,0
2001,61013,0,1,0,0,0,0,0,0,0,0,0,0
2001,61013,1,1,0,0,0,0,0,0,0,0,0,0
2001,61014,1,1,0,0,0,0,0,0,0,0,0,0
2001,61014,2,1,0,0,0,0,23,0,0,0,0,0
2001,61015,1,1,17,17,17,17,17,17,17,17,17,17
2001,61016,1,1,0,0,0,0,0,6,0,0,32,17
2001,61016,2,1,0,0,0,0,8,24,24,5,18,16
2001,61017,1,1,0,0,0,0,0,0,0,0,0,0
2001,61018,1,1,0,0,0,0,0,0,0,0,0,0
2001,61018,2,1,0,0,0,0,0,0,0,0,0,0
2001,61019,1,1,0,0,0,0,0,0,0,0,0,0
2001,61020,0,1,0,0,0,0,0,0,0,0,0,0
2001,61020,0,2,0,0,0,16,0,0,0,0,0,0
2001,61020,0,3,0,0,0,0,0,0,0,0,0,0
2001,61020,0,4,0,0,0,0,0,0,0,0,0,0
2001,61020,1,1,0,0,0,0,0,0,0,0,0,0
2001,61020,2,1,0,0,0,0,0,0,0,0,0,0
2001,61021,1,1,0,0,0,0,0,0,0,0,0,0
2001,61021,2,1,0,0,0,0,0,0,0,0,0,0
2001,61022,1,1,0,3,0,0,0,0,0,0,0,0
2001,61023,1,1,0,0,0,0,0,0,0,0,0,0
2001,61023,2,1,0,0,0,0,0,17,0,0,0,0
2001,61024,1,1,0,0,0,0,0,0,0,0,0,0
2001,61024,2,1,0,0,0,0,0,0,0,0,0,0
2001,61024,3,1,0,0,27,0,0,0,0,0,0,0
2001,61024,4,1,0,0,0,0,0,0,0,0,0,0
2001,61024,5,1,0,0,17,0,0,0,0,0,0,0
2001,61025,1,1,0,0,0,0,0,0,0,0,0,0
2001,61025,2,1,28,28,28,28,28,28,28,28,28,28
2001,61026,0,1,0,0,0,0,0,0,0,0,0,0
2001,61026,1,1,0,0,0,0,0,0,0,0,0,0
2001,61027,1,1,22,22,22,22,22,22,22,22,22,22
2001,61028,1,1,17,17,17,17,17,17,17,17,17,17
2001,61028,2,1,0,0,0,0,0,0,0,0,0,0
2001,61029,0,1,0,0,0,0,0,0,0,0,0,0
2001,61029,1,1,0,0,0,0,0,0,0,0,0,0
2001,61030,0,1,0,0,0,0,0,0,0,0,0,0
2001,61030,1,1,0,0,0,0,0,0,0,0,0,0
2001,61031,1,1,0,0,0,0,0,0,0,0,0,0
2001,61032,1,1,0,0,0,0,0,0,0,0,0,0
2001,61032,2,1,0,0,0,0,0,0,0,0,0,0
2001,61033,1,1,0,0,0,0,0,0,0,0,0,0
2001,61033,2,1,0,0,0,0,0,0,0,0,0,0
2001,61034,1,1,0,0,0,0,0,0,0,0,0,0
2001,61035,1,1,0,0,0,0,0,0,0,0,0,0
2001,61035,2,1,0,0,0,0,0,0,0,0,14,0
2001,61035,3,1,0,0,0,0,0,0,0,0,0,0
2001,61036,1,1,0,0,0,0,0,0,0,0,0,0
2001,61037,0,1,0,0,0,0,0,0,0,0,0,0
2001,61037,1,1,0,0,0,0,0,0,0,0,0,0
2001,61038,1,1,0,0,0,0,0,0,0,0,0,0
2001,61038,2,1,0,0,0,0,0,0,0,0,0,0
2001,61039,1,1,1,1,1,1,1,1,1,1,1,1
2001,61039,2,1,0,0,1,0,0,0,0,0,0,0
2001,61039,3,1,0,0,0,0,0,0,0,0,0,0
2001,61040,1,1,0,0,0,0,0,0,0,0,0,0
2001,61041,1,1,0,0,0,0,0,0,0,0,0,0
2001,61041,2,1,9,9,9,9,9,9,9,9,9,9
2001,61042,0,1,0,23,27,18,0,10,0,28,0,33
2001,61042,1,1,0,0,0,0,0,0,0,14,0,0
2001,61043,0,1,0,0,0,0,0,0,0,0,0,0
2001,61043,1,1,0,0,0,0,0,0,0,0,0,0
2001,61044,1,1,22,22,22,22,22,22,22,22,22,22
2001,61045,0,1,0,0,10,35,15,0,0,0,30,0
2001,61045,1,1,0,0,0,0,0,0,0,0,0,0
2001,61046,1,1,0,0,0,0,0,0,0,0,0,0
2001,61047,1,1,0,0,0,0,0,0,0,0,0,0
2001,61047,2,1,0,0,0,0,0,0,0,0,0,0
2001,61047,3,1,4,0,0,0,0,0,0,0,0,0
2001,61048,1,1,9,9,9,9,9,9,9,9,9,9
2001,61049,1,1,0,0,0,0,0,0,0,0,0,0
2001,61049,2,1,0,0,0,0,0,0,0,0,0,0
2001,61050,1,1,0,0,7,0,24,36,24,13,7,11
2001,61050,2,1,0,0,0,0,0,0,0,0,0,0
2001,61051,1,1,0,0,0,0,0,0,0,0,0,0
2001,61052,1,1,0,0,0,0,0,0,0,0,0,0
2001,61053,1,1,0,0,0,0,0,0,0,0,0,0
2001,61053,2,1,0,0,0,0,0,0,0,0,0,0
2001,61054,0,1,0,0,0,0,0,0,0,0,0,0
2001,61054,1,1,0,0,0,0,0,0,0,0,0,0
2001,61055,0,1,0,0,0,0,0,0,0,0,0,0
2001,61055,1,1,1,1,1,1,1,1,1,1,1,1
2001,61056,1,1,0,0,0,0,0,0,0,0,0,0
2001,61056,2,1,15,0,0,16,0,0,19,0,16,0
2001,61056,3,1,0,0,0,0,0,0,0,0,0,0
2001,61057,1,1,4,4,4,4,4,4,4,4,4,4
2001,61058,1,1,0,0,0,0,0,0,0,0,0,0
2001,61058,2,1,0,0,0,0,0,0,0,0,0,0
2001,61059,0,1,26,26,26,26,26,26,26,26,26,26
2001,61059,1,1,35,35,35,35,35,35,35,35,35,35
2001,61060,1,1,17,12,24,31,31,22,9,15,25,6
2001,61061,1,1,0,0,0,0,0,0,0,0,0,0
2001,61062,0,1,0,0,0,0,0,0,0,0,0,0
2001,61062,1,1,0,0,0,0,0,0,0,0,0,0
2001,61063,0,1,30,30,30,30,30,30,30,30,30,30
2001,61063,1,1,0,0,0,0,0,0,0,0,0,0
2001,61063,2,1,0,0,0,0,0,0,15,0,0,0
2001,61064,1,1,0,0,0,0,0,0,0,0,0,0
2001,61065,1,1,29,29,29,29,29,29,29,29,29,29
2001,61066,1,1,0,0,0,0,0,0,0,0,0,0
2001,61067,1,1,20,20,20,20,20,20,20,20,20,20
2001,61067,2,1,0,0,0,0,0,0,0,0,0,0
2001,61067,3,1,0,0,0,0,0,0,0,0,0,0
2001,61068,1,1,0,0,0,0,0,0,0,0,0,0
2001,61069,1,1,0,0,0,0,0,0,0,0,0,0
2001,61070,1,1,0,0,0,0,0,0,0,0,0,0
2001,61070,2,1,0,0,0,0,0,0,0,0,0,0
2001,61071,1,1,0,0,0,0,0,0,0,0,0,0
2001,61071,2,1,0,0,0,0,0,0,0,0,0,0
2001,61072,1,1,0,0,0,0,0,0,0,0,0,0
2001,61072,2,1,0,0,0,0,0,0,0,0,0,0
2001,61073,1,1,0,0,0,0,0,0,0,0,0,0
2001,61073,2,1,0,0,0,0,0,0,0,0,0,0
2001,61073,3,1,0,0,0,0,0,0,0,0,0,0
2001,61074,1,1,22,22,22,22,22,22,22,22,22,22
2001,61074,2,1,0,0,0,0,0,0,0,0,0,0
2001,61075,1,1,0,0,0,0,0,0,0,0,0,0
2001,61075,2,1,0,0,0,0,0,0,0,0,0,0
2001,61075,3,1,0,0,0,0,0,0,0,0,0,0
2001,61075,4,1,0,0,0,0,0,0,0,0,0,0
2001,61075,5,1,0,0,0,0,0,0,0,0,0,0
2001,61075,6,1,0,0,0,0,0,0,0,0,0,0
2001,61075,7,1,0,0,0,0,0,0,0,0,0,0
2001,61075,8,1,0,0,0,0,0,0,0,0,0,0
2001,61075,9,1,0,0,0,0,0,0,0,0,0,0
2001,61075,10,1,0,0,0,0,0,0,0,0,0,0
2001,61075,11,1,0,0,0,0,0,0,0,0,0,0
2001,61075,12,1,0,0,0,0,0,0,0,0,0,0
2001,61076,1,1,0,0,0,0,0,0,0,0,0,0
2001,61076,2,1,0,0,0,0,0,0,0,0,0,0
2001,61076,3,1,0,0,0,0,0,0,0,0,0,0
2001,61077,0,1,0,0,0,0,0,0,0,0,0,0
2001,61077,1,1,0,0,0,0,0,0,0,0,0,0
2001,61078,1,1,30,30,30,30,30,30,30,30,30,30
2001,61079,0,1,54,54,54,54,54,54,54,54,54,54
2001,61079,1,1,0,0,0,0,0,0,0,0,0,0
2001,61080,1,1,0,0,0,0,0,0,0,0,0,0
2001,61080,2,1,0,0,0,0,0,0,0,0,0,0
2001,61081,1,1,0,0,0,0,0,0,0,0,0,0
2001,61082,0,1,0,0,0,0,0,0,0,0,0,0
2001,61082,1,1,0,0,0,0,0,0,0,0,0,0
2001,61083,1,1,24,24,24,24,24,24,24,24,24,24
2001,61084,0,1,0,0,0,0,0,0,0,0,0,0
2001,61084,1,1,0,0,0,0,0,0,0,0,0,0
2001,61085,0,1,25,25,25,25,25,25,25,25,25,25
2001,61085,1,1,0,0,24,0,0,0,0,0,0,16
2001,61085,2,1,0,0,0,0,0,0,0,0,0,10
2001,61086,1,1,3,3,3,3,3,3,3,3,3,3