YEAR,st_case,veh_no,per_no,P1,P2,P3,P4,P5,P6,P7,P8,P9,P10
2001,61087,1,1,0,0,0,0,0,0,0,0,0,0
2001,61087,2,1,0,0,0,0,0,0,0,0,0,0
2001,61088,0,1,17,17,17,17,17,17,17,17,17,17
2001,61088,1,1,0,0,0,0,0,0,17,0,6,0
2001,61089,1,1,0,0,0,0,0,0,0,0,0,0
2001,61089,2,1,0,0,0,0,0,0,0,0,0,0
2001,61090,1,1,0,0,0,0,0,0,0,0,0,0
2001,61091,1,1,0,0,0,0,0,0,0,0,0,0
2001,61091,2,1,0,0,0,0,0,0,0,0,0,0
2001,61091,3,1,0,0,0,0,0,0,0,0,0,0
2001,61091,4,1,0,0,0,0,0,0,0,0,0,0
2001,61092,1,1,0,0,0,0,0,0,0,0,0,0
2001,61092,2,1,0,0,0,0,0,0,0,0,0,0
2001,61093,0,1,0,0,0,0,0,0,0,0,0,0
2001,61093,1,1,0,0,0,0,0,0,0,0,0,0
2001,61094,0,1,0,18,0,0,0,8,19,9,0,23
2001,61094,1,1,26,26,26,26,26,26,26,26,26,26
2001,61094,3,1,0,0,0,28,14,0,0,0,0,0
2001,61095,1,1,0,0,0,0,0,0,0,0,0,0
2001,61095,2,1,24,24,24,24,24,24,24,24,24,24
2001,61096,1,1,0,0,0,0,0,0,0,0,0,0
2001,61097,0,1,0,0,0,0,0,0,0,0,0,0
2001,61097,1,1,0,0,0,0,0,0,0,0,0,0
2001,61098,1,1,0,0,0,0,0,0,0,0,0,0
2001,61098,2,1,0,0,0,0,0,0,0,0,0,0
2001,61098,3,1,0,10,10,10,11,4,9,4,6,12
2001,61099,1,1,0,0,0,0,0,0,0,0,0,0
2001,61100,1,1,9,9,9,9,9,9,9,9,9,9
2001,61101,1,1,0,0,0,0,0,0,0,0,0,0
2001,61102,1,1,0,0,0,0,0,0,0,0,0,0
2001,61102,2,1,0,0,0,0,0,0,0,0,0,0
2001,61103,1,1,43,43,43,43,43,43,43,43,43,43
2001,61104,1,1,1,1,1,1,1,1,1,1,1,1
2001,61105,1,1,0,0,0,0,0,0,0,0,0,0
2001,61105,2,1,0,0,0,0,0,0,0,0,0,0
2001,61105,3,1,0,0,0,0,0,0,0,0,0,0
2001,61106,0,1,0,0,0,0,0,0,0,0,0,0
2001,61106,1,1,0,0,0,7,0,0,0,0,0,0
2001,61106,2,1,0,0,0,0,0,0,0,0,0,0
2001,61107,0,1,28,28,28,28,28,28,28,28,28,28
2001,61107,1,1,0,0,0,10,0,0,0,0,0,0
2001,61108,1,1,0,0,0,0,0,0,0,0,0,0
2001,61109,1,1,0,0,0,0,0,0,0,0,0,0
2001,61110,0,1,0,0,0,0,0,0,0,0,0,0
2001,61110,1,1,0,0,0,0,0,0,0,0,0,0
2001,61111,0,1,0,0,0,0,0,0,0,0,0,8
2001,61111,1,1,0,0,0,0,0,0,0,0,0,0
2001,61112,1,1,0,0,0,0,0,0,0,0,0,0
2001,61113,1,1,0,0,0,0,0,0,0,0,0,0
2001,61113,2,1,0,0,0,0,0,0,0,0,0,0
2001,61113,3,1,0,0,0,0,0,0,0,0,0,0
2001,61114,1,1,16,16,16,16,16,16,16,16,16,16
2001,61115,0,1,17,17,17,17,17,17,17,17,17,17
2001,61115,1,1,0,0,0,0,10,0,0,0,0,0
2001,61115,2,1,0,0,0,0,0,23,0,0,0,0
2001,61116,0,1,20,8,7,0,14,0,0,13,0,0
2001,61116,1,1,10,10,10,10,10,10,10,10,10,10
2001,61117,1,1,12,12,12,12,12,12,12,12,12,12
2001,61118,1,1,0,0,0,0,0,0,0,0,0,0
2001,61118,2,1,0,0,0,0,0,0,0,0,0,0
2001,61118,3,1,0,0,0,0,0,0,0,0,0,0
2001,61119,0,1,0,0,0,0,0,0,0,0,0,0
2001,61119,1,1,0,0,0,0,0,0,0,0,0,0
2001,61120,1,1,0,0,35,0,0,0,19,0,0,0
2001,61121,1,1,16,16,16,16,16,16,16,16,16,16
2001,61122,1,1,26,26,26,26,26,26,26,26,26,26
2001,61122,2,1,0,0,0,0,0,0,0,0,0,0
2001,61122,3,1,0,0,15,0,0,0,11,0,0,0
2001,61123,1,1,11,11,11,11,11,11,11,11,11,11
2001,61124,1,1,0,14,0,14,0,0,0,19,23,0
2001,61125,1,1,0,0,0,0,0,0,0,0,0,0
2001,61125,2,1,0,0,0,0,0,0,0,0,0,0
2001,61126,1,1,0,0,0,0,0,0,0,0,0,0
2001,61127,1,1,11,11,11,11,11,11,11,11,11,11
2001,61128,1,1,22,22,22,22,22,22,22,22,22,22
2001,61129,1,1,0,0,0,0,0,0,0,0,0,0
2001,61129,2,1,0,0,0,0,0,0,0,0,0,0
2001,61130,1,1,26,26,26,26,26,26,26,26,26,26
2001,61131,1,1,26,26,26,26,26,26,26,26,26,26
2001,61132,0,1,0,0,33,13,12,10,0,28,20,18
2001,61132,1,1,0,0,0,0,0,0,0,0,0,0
2001,61133,1,1,13,13,13,13,13,13,13,13,13,13
2001,61134,1,1,7,12,22,10,13,0,14,5,15,14
2001,61135,1,1,0,0,0,0,0,0,0,0,0,0
2001,61135,2,1,0,0,0,0,0,0,0,0,0,0
2001,61136,0,1,7,7,7,7,7,7,7,7,7,7
2001,61136,1,1,0,0,0,0,8,0,0,0,18,0
2001,61137,1,1,16,16,16,16,16,16,16,16,16,16
2001,61138,1,1,10,10,10,10,10,10,10,10,10,10
2001,61139,1,1,0,0,0,0,0,0,0,0,0,0
2001,61140,1,1,0,0,0,0,0,0,0,0,0,0
2001,61140,2,1,0,0,0,0,0,0,0,0,0,0
2001,61141,1,1,14,14,14,14,14,14,14,14,14,14
2001,61142,1,1,10,10,10,10,10,10,10,10,10,10
2001,61143,1,1,0,9,0,28,0,0,0,0,0,0
2001,61144,1,1,0,0,0,0,0,0,0,0,0,0
2001,61144,2,1,0,0,0,0,0,0,0,0,0,0
2001,61145,1,1,0,0,0,0,0,0,0,0,0,0
2001,61145,2,1,0,0,0,0,0,0,0,0,0,0
2001,61145,3,1,0,0,0,0,0,0,0,0,0,0
2001,61146,1,1,10,10,10,10,10,10,10,10,10,10
2001,61147,0,1,0,0,0,0,0,0,0,0,0,0
2001,61147,1,1,0,0,0,0,0,0,0,0,20,0
2001,61148,1,1,13,13,13,13,13,13,13,13,13,13
2001,61149,1,1,18,18,18,18,18,18,18,18,18,18
2001,61150,0,1,0,0,0,0,0,0,0,0,0,0
2001,61150,1,1,5,5,5,5,5,5,5,5,5,5
2001,61151,1,1,13,13,13,13,13,13,13,13,13,13
2001,61151,2,1,0,0,0,0,0,0,0,0,0,0
2001,61152,1,1,18,7,0,0,0,0,0,0,0,0
2001,61152,2,1,0,0,13,13,11,27,15,12,15,12
2001,61152,3,1,0,0,0,0,0,0,0,7,0,0
2001,61153,1,1,0,0,0,0,0,0,0,0,0,0
2001,61153,2,1,0,0,0,0,0,0,0,0,0,0
2001,61154,1,1,0,0,0,0,0,0,0,0,27,0
2001,61155,0,1,0,0,0,0,0,0,0,0,0,0
2001,61155,1,1,0,0,0,0,15,0,0,0,0,0
2001,61156,1,1,0,0,0,0,0,0,0,0,0,0
2001,61156,2,1,1,1,1,1,1,1,1,1,1,1
2001,61157,1,1,0,0,0,0,0,0,0,0,0,0
2001,61157,2,1,0,0,0,0,0,0,0,0,0,0
2001,61158,0,1,0,0,0,0,0,0,0,0,0,0
2001,61158,1,1,0,0,0,0,0,0,0,0,0,0
2001,61159,1,1,20,20,20,20,20,20,20,20,20,20
2001,61160,1,1,13,13,13,13,13,13,13,13,13,13
2001,61161,1,1,0,0,0,0,0,0,0,0,0,0
2001,61162,1,1,0,0,0,0,0,0,0,0,0,0
2001,61163,1,1,25,25,25,25,25,25,25,25,25,25
2001,61164,1,1,0,0,0,0,0,0,0,0,0,0
2001,61164,2,1,0,0,0,0,0,0,0,0,0,0
2001,61165,1,1,0,0,0,0,0,0,0,0,0,0
2001,61166,1,1,21,21,21,21,21,21,21,21,21,21
2001,61166,2,1,0,0,0,0,0,0,0,0,0,0
2001,61167,1,1,13,13,13,13,13,13,13,13,13,13
2001,61168,1,1,0,0,0,0,0,0,0,0,0,0
2001,61168,2,1,0,0,0,0,0,0,0,0,0,0
2001,61169,1,1,0,0,0,0,0,0,0,0,0,0
2001,61170,1,1,0,0,0,0,0,0,0,0,0,0
2001,61170,2,1,0,0,0,0,0,0,0,0,0,0
2001,61171,1,1,0,0,0,0,0,0,0,0,0,0
2001,61171,2,1,0,0,0,0,0,0,0,0,0,0
2001,61172,1,1,0,0,0,0,0,0,0,14,0,0
2001,61172,2,1,0,0,0,0,0,0,0,0,0,0
2001,61173,1,1,0,0,0,0,0,0,0,0,0,0
2001,61173,2,1,0,0,0,0,0,0,0,0,0,0
2001,61174,0,1,0,0,0,0,0,0,0,0,0,0
2001,61174,1,1,0,0,0,0,0,0,0,0,0,0
2001,61175,0,1,25,0,12,33,0,0,0,24,0,0
2001,61175,1,1,15,0,0,0,12,0,0,0,0,19
2001,61176,1,1,0,0,0,0,0,0,0,0,0,0
2001,61177,1,1,0,0,0,0,0,0,0,0,0,0
2001,61177,2,1,0,0,0,0,0,0,0,0,0,0
2001,61178,1,1,0,0,0,0,0,0,0,0,0,0
2001,61179,1,1,0,0,0,0,0,0,0,0,0,0
2001,61179,2,1,0,0,0,0,0,0,0,0,0,0
2001,61179,3,1,0,0,0,0,0,0,0,0,0,0
2001,61180,0,1,0,0,0,0,0,0,0,0,0,0
2001,61180,1,1,0,0,0,0,0,0,0,0,0,0
2001,61180,2,1,0,0,0,0,0,0,0,0,0,0
2001,61181,1,1,0,0,0,0,0,0,0,0,0,0
2001,61181,2,1,0,0,0,0,0,0,0,0,0,0
2001,61182,1,1,2,2,2,2,2,2,2,2,2,2
2001,61183,1,1,0,0,0,0,0,0,0,0,0,0
2001,61183,2,1,0,0,0,0,0,0,0,0,0,0
2001,61184,1,1,0,0,0,0,0,0,0,0,0,0
2001,61184,2,1,0,0,0,0,0,0,0,0,0,0
2001,61184,3,1,0,0,0,0,7,0,0,0,0,0
2001,61185,1,1,13,13,13,13,13,13,13,13,13,13
2001,61186,1,1,0,0,0,0,0,0,0,0,0,0
2001,61187,1,1,0,0,0,0,0,0,0,0,0,0
2001,61188,1,1,0,0,0,0,0,0,0,0,0,0
2001,61188,2,1,0,0,0,0,0,0,0,0,0,0
2001,61189,1,1,0,0,0,0,0,0,0,0,16,0
2001,61190,1,1,0,0,0,0,0,0,0,0,0,0
2001,61190,2,1,0,0,0,0,0,0,0,0,0,0
2001,61191,1,1,0,0,0,0,0,0,0,0,0,0
2001,61191,2,1,0,0,0,0,0,0,0,0,0,0
2001,61191,3,1,0,0,0,0,0,0,0,0,0,0
2001,61192,0,1,0,0,0,0,0,0,0,0,0,0
2001,61192,1,1,0,0,0,0,0,0,0,0,0,0
2001,61193,1,1,0,0,0,0,0,0,0,0,0,0
2001,61194,1,1,0,0,0,0,0,0,0,0,0,0
2001,61195,1,1,0,0,0,0,0,0,0,0,0,0
2001,61196,1,1,0,0,0,0,0,0,0,0,0,0
2001,61196,2,1,0,22,0,0,0,0,0,0,0,0
2001,61197,0,1,0,0,0,0,0,0,0,0,0,0
2001,61197,1,1,0,0,0,0,0,0,0,0,0,0
2001,61198,0,1,0,0,0,0,0,0,0,0,0,0
2001,61198,1,1,0,0,0,0,0,0,0,0,0,0
2001,61199,1,1,33,33,33,33,33,33,33,33,33,33
2001,61200,1,1,0,0,0,0,0,0,0,0,0,0
2001,61200,2,1,0,0,0,0,0,0,0,0,0,0
2001,61201,1,1,0,0,0,0,0,0,0,0,0,0
2001,61201,2,1,0,0,0,0,0,0,0,0,0,0
2001,61202,1,1,0,0,0,0,0,0,0,0,0,0
2001,61203,1,1,0,0,0,0,0,0,0,0,0,0
2001,61204,1,1,24,24,24,24,24,24,24,24,24,24
2001,61204,2,1,0,0,0,0,0,0,0,0,0,0
2001,61205,1,1,16,16,16,16,16,16,16,16,16,16
2001,61206,1,1,0,0,0,0,0,0,0,0,0,0
2001,61207,1,1,0,0,0,0,0,0,0,0,0,0
2001,61208,1,1,17,17,17,17,17,17,17,17,17,17
2001,61209,1,1,16,16,16,16,16,16,16,16,16,16
2001,61210,1,1,15,15,15,15,15,15,15,15,15,15
2001,61211,1,1,0,0,0,0,0,0,0,0,0,0
2001,61211,2,1,4,4,4,4,4,4,4,4,4,4
2001,61212,1,1,11,11,11,11,11,11,11,11,11,11
2001,61213,1,1,21,26,0,21,6,0,22,16,11,14
2001,61214,1,1,0,0,0,0,0,0,0,0,0,0
2001,61214,2,1,0,0,0,0,0,0,0,0,0,0
2001,61215,1,1,0,0,0,0,0,0,0,19,0,0
2001,61215,2,1,0,0,0,0,0,0,0,0,0,0
2001,61215,3,1,0,0,0,0,0,0,0,0,0,0
2001,61216,1,1,0,0,0,0,0,0,0,0,0,0
2001,61216,2,1,0,0,0,7,0,0,0,0,0,0
2001,61217,2,1,0,0,0,0,0,0,0,0,21,0
2001,61218,1,1,15,15,15,15,15,15,15,15,15,15
2001,61219,1,1,16,16,16,16,16,16,16,16,16,16
2001,61220,1,1,0,0,0,0,0,0,0,0,0,0
2001,61221,1,1,13,13,13,13,13,13,13,13,13,13
2001,61222,1,1,0,0,0,0,0,0,0,0,0,0
2001,61222,2,1,0,0,0,0,0,0,0,0,0,0
2001,61222,3,1,24,0,0,0,0,0,0,0,0,0
2001,61223,1,1,15,15,15,15,15,15,15,15,15,15
2001,61224,1,1,0,0,0,0,0,0,0,0,0,0
2001,61224,2,1,0,0,0,0,0,0,0,0,0,0
2001,61224,3,1,0,0,0,0,0,0,0,0,0,0
2001,61225,1,1,0,0,0,0,0,0,0,0,0,0
2001,61225,2,1,0,0,0,0,0,0,0,0,0,0
2001,61225,3,1,0,0,0,0,0,0,0,0,0,0
2001,61226,1,1,2,2,2,2,2,2,2,2,2,2
2001,61227,1,1,0,0,0,0,0,0,0,0,0,0
2001,61228,1,1,0,0,0,0,0,0,0,0,0,0
2001,61228,2,1,5,5,5,5,5,5,5,5,5,5
2001,61229,1,1,0,0,0,0,0,6,0,0,0,0
2001,61230,1,1,0,0,0,0,0,0,0,0,0,0
2001,61231,1,1,28,28,28,28,28,28,28,28,28,28
2001,61232,0,1,40,40,40,40,40,40,40,40,40,40
2001,61232,1,1,0,0,0,0,6,0,16,7,0,21
2001,61233,1,1,0,0,0,0,0,0,0,0,0,0
2001,61234,1,1,21,21,21,21,21,21,21,21,21,21
2001,61235,1,1,0,0,0,20,0,0,37,0,0,0
2001,61235,2,1,0,0,0,0,0,0,0,0,0,0
2001,61236,1,1,0,0,0,0,0,0,0,0,0,0
2001,61236,2,1,0,0,0,0,0,0,0,0,0,0
2001,61237,1,1,0,0,0,0,0,0,0,0,0,0
2001,61237,2,1,0,0,0,0,0,23,0,0,0,0
2001,61238,0,1,0,0,0,0,0,0,0,0,0,0
2001,61238,1,1,0,0,0,0,0,0,0,0,0,0
2001,61239,1,1,0,0,0,0,0,0,0,0,0,0
2001,61240,1,1,0,0,0,0,0,0,0,0,0,0
2001,61240,2,1,0,0,0,0,0,0,0,0,0,0
2001,61241,1,1,14,14,14,14,14,14,14,14,14,14
2001,61242,1,1,19,19,19,19,19,19,19,19,19,19
2001,61243,1,1,0,0,0,0,0,0,0,0,0,0
2001,61243,2,1,0,0,0,0,0,0,0,0,0,0
2001,61244,1,1,0,0,0,0,0,0,0,0,0,0
2001,61244,2,1,0,0,0,0,0,0,0,0,0,0
2001,61245,1,1,0,13,0,0,0,0,0,0,0,0
2001,61245,2,1,0,0,0,0,0,0,0,0,0,0
2001,61245,3,1,0,0,0,0,0,0,0,0,0,0
2001,61246,1,1,17,17,17,17,17,17,17,17,17,17
2001,61247,0,1,0,0,0,0,0,0,0,0,0,0
2001,61247,1,1,0,0,0,0,0,0,0,0,0,0
2001,61248,1,1,15,15,15,15,15,15,15,15,15,15
2001,61248,2,1,3,3,3,3,3,3,3,3,3,3
2001,61249,0,1,0,0,0,0,0,0,0,0,0,0
2001,61249,1,1,0,0,0,0,0,0,0,0,0,0
2001,61250,1,1,0,0,0,0,0,0,0,0,0,0
2001,61251,1,1,16,16,16,16,16,16,16,16,16,16
2001,61251,2,1,0,0,0,0,0,0,0,0,0,0
2001,61252,0,1,0,0,0,0,0,0,0,0,0,0
2001,61252,1,1,0,0,8,0,0,19,0,0,0,0
2001,61253,1,1,0,0,0,0,0,0,0,0,0,0
2001,61254,1,1,0,0,0,0,0,0,0,0,0,0
2001,61255,1,1,0,0,0,0,0,0,0,0,0,0
2001,61255,2,1,0,0,0,0,0,0,0,0,0,0
2001,61256,1,1,28,28,28,28,28,28,28,28,28,28
2001,61257,1,1,0,0,0,0,0,0,0,0,0,0
2001,61258,1,1,31,31,31,31,31,31,31,31,31,31
2001,61259,0,1,24,24,24,24,24,24,24,24,24,24
2001,61259,1,1,0,9,0,0,0,0,0,0,0,0
2001,61260,1,1,0,0,0,0,0,0,0,0,0,0
2001,61261,0,1,34,34,34,34,34,34,34,34,34,34
2001,61261,1,1,0,0,0,0,0,0,0,0,0,0
2001,61262,1,1,0,0,0,0,0,0,0,0,0,0
2001,61263,1,1,0,0,0,0,0,0,6,0,0,0
2001,61263,2,1,0,0,0,0,0,0,0,0,0,0
2001,61264,1,1,24,24,24,24,24,24,24,24,24,24
2001,61264,2,1,0,0,0,0,0,0,0,0,0,0
2001,61264,3,1,0,0,0,0,0,0,0,0,0,0
2001,61265,1,1,2,2,2,2,2,2,2,2,2,2
2001,61266,1,1,8,8,8,8,8,8,8,8,8,8
2001,61266,2,1,0,0,0,0,0,0,0,0,0,0
2001,61267,0,1,0,0,0,0,0,0,0,0,0,0
2001,61267,1,1,0,0,0,0,0,0,0,0,0,0
2001,61268,1,1,15,15,15,15,15,15,15,15,15,15
2001,61269,0,1,0,0,0,0,0,0,0,0,0,0
2001,61269,1,1,0,0,0,0,0,0,9,13,0,0
2001,61270,1,1,0,0,0,10,0,0,0,0,0,0
2001,61271,0,1,0,0,0,0,0,0,0,0,0,0
2001,61271,1,1,0,0,0,0,0,0,0,0,0,0
2001,61272,1,1,6,0,0,0,0,0,0,11,0,12
2001,61273,0,1,0,0,0,0,0,0,0,0,0,0
2001,61273,1,1,0,0,0,0,10,10,0,0,0,0
2001,61274,0,1,0,22,25,0,0,0,14,11,18,18
2001,61274,1,1,0,18,25,16,25,0,0,0,0,0
2001,61275,0,1,13,0,19,0,35,22,0,0,0,5
2001,61275,1,1,0,0,0,0,0,0,0,0,0,0
2001,61276,1,1,4,4,4,4,4,4,4,4,4,4
2001,61276,2,1,0,0,0,0,0,0,0,0,9,0
2001,61277,1,1,0,0,0,0,0,0,0,0,0,0
2001,61278,1,1,0,0,0,0,0,0,0,0,0,0
2001,61279,0,1,0,0,0,0,0,0,0,0,0,0
2001,61279,1,1,0,0,0,0,0,0,0,0,0,0
2001,61280,0,1,0,0,0,0,0,0,0,0,0,0
2001,61280,1,1,0,0,0,0,0,0,0,0,0,0
2001,61281,1,1,0,0,0,0,0,0,0,0,0,0
2001,61282,0,1,0,0,0,0,0,0,0,0,0,0
2001,61282,1,1,0,0,0,0,0,11,0,3,0,0
2001,61283,1,1,0,0,0,0,0,0,0,0,0,0
2001,61284,1,1,14,14,14,14,14,14,14,14,14,14
2001,61284,2,1,23,23,23,23,23,23,23,23,23,23
2001,61285,1,1,0,0,0,0,0,0,0,0,0,0
2001,61286,1,1,0,0,0,0,0,0,0,0,0,0
2001,61286,2,1,0,0,0,0,0,0,0,0,0,0
2001,61287,1,1,0,0,0,0,0,0,0,0,0,0
2001,61287,2,1,0,0,9,0,0,0,0,0,0,0
2001,61288,1,1,0,0,0,0,0,0,0,0,0,0
2001,61289,0,1,13,0,0,0,0,0,0,0,0,0
2001,61289,1,1,0,0,0,0,0,0,0,0,0,0
2001,61290,1,1,0,0,0,0,0,0,0,0,0,0
2001,61291,1,1,0,0,0,0,0,0,0,0,0,0
2001,61292,0,1,0,0,0,0,0,0,0,0,0,0
2001,61292,0,2,0,0,0,0,0,0,0,0,0,0
2001,61292,1,1,0,0,0,0,0,0,0,0,0,0
2001,61293,1,1,25,25,25,25,25,25,25,25,25,25
2001,61293,2,1,26,0,0,0,0,0,0,0,16,0
2001,61294,1,1,0,0,0,0,0,0,0,0,0,0
2001,61294,2,1,0,0,0,0,0,0,0,0,0,0
2001,61295,1,1,0,0,0,0,0,0,0,0,0,0
2001,61295,2,1,0,0,0,0,0,0,0,0,0,0
2001,61296,1,1,0,0,0,0,0,0,0,0,0,0
2001,61297,1,1,0,0,0,0,0,0,0,0,0,0
2001,61298,1,1,0,0,0,0,0,0,0,0,0,0
2001,61298,2,1,0,0,0,0,0,0,0,0,0,0
2001,61299,1,1,0,0,0,0,0,0,0,0,0,0
2001,61300,1,1,0,0,0,0,0,0,0,0,0,0
2001,61301,1,1,25,25,25,25,25,25,25,25,25,25
2001,61302,1,1,0,0,0,0,0,0,0,0,0,0
2001,61302,2,1,21,0,0,5,0,0,0,0,17,14
2001,61303,1,1,16,6,21,15,10,7,0,31,16,14
2001,61304,1,1,0,23,2,27,16,20,8,14,0,0
2001,61305,0,1,0,0,18,0,0,0,0,0,0,0
2001,61305,1,1,0,0,0,0,0,0,0,0,0,0
2001,61306,1,1,0,0,0,0,0,0,0,0,0,0
2001,61306,2,1,0,0,0,0,0,0,0,0,0,0
2001,61307,1,1,13,6,0,13,35,32,9,8,19,16
2001,61308,1,1,26,26,26,26,26,26,26,26,26,26
2001,61308,2,1,0,0,0,0,0,0,11,0,0,0
2001,61309,0,1,23,23,23,23,23,23,23,23,23,23
2001,61309,1,1,0,0,0,0,0,17,30,0,0,0
2001,61309,2,1,12,0,0,0,29,12,0,0,0,0
2001,61309,3,1,0,0,0,0,0,0,0,0,0,0
2001,61310,1,1,0,0,8,0,0,0,0,0,0,0
2001,61311,1,1,18,18,18,18,18,18,18,18,18,18
2001,61311,2,1,0,0,0,0,0,0,0,0,0,0
2001,61312,1,1,17,17,17,17,17,17,17,17,17,17
2001,61312,2,1,0,0,0,0,0,0,0,0,0,0
2001,61313,1,1,0,0,0,0,0,0,0,0,0,0
2001,61314,1,1,7,7,7,7,7,7,7,7,7,7
2001,61315,1,1,0,0,0,0,0,0,0,0,0,0
2001,61316,1,1,0,14,0,0,22,12,0,11,0,0
2001,61316,2,1,0,0,0,3,0,0,0,0,0,0
2001,61317,0,1,0,0,0,28,11,17,29,0,19,0
2001,61317,1,1,0,0,0,4,0,0,0,0,0,0
2001,61318,1,1,0,0,0,0,0,0,0,0,0,0
2001,61319,0,1,0,0,0,0,0,0,0,0,0,0
2001,61319,1,1,0,0,0,0,0,0,0,0,0,0
2001,61320,1,1,0,0,0,0,0,5,0,0,0,0
2001,61320,2,1,0,0,0,0,0,0,0,0,0,0
2001,61320,3,1,0,0,0,0,0,0,0,0,0,0
2001,61321,0,1,15,15,15,15,15,15,15,15,15,15
2001,61321,1,1,0,29,0,0,16,16,0,0,0,11
2001,61322,0,1,0,0,0,0,0,0,0,0,0,0
2001,61322,1,1,0,0,0,0,0,0,0,0,0,0
2001,61323,1,1,0,0,0,0,0,0,0,0,0,0
2001,61323,2,1,0,0,0,0,0,0,0,0,0,0
2001,61324,1,1,0,0,0,0,0,0,0,0,0,0
2001,61325,0,1,0,0,0,0,0,0,0,0,0,0
2001,61325,1,1,0,0,0,0,0,0,0,0,0,0
2001,61326,1,1,0,0,0,0,0,0,0,0,0,0
2001,61326,2,1,0,0,0,0,0,0,0,0,0,0
2001,61326,3,1,0,0,0,0,0,0,17,0,5,0
2001,61327,1,1,0,0,0,0,0,0,0,0,0,0
2001,61327,2,1,0,0,0,0,0,0,0,0,0,0
2001,61328,1,1,2,2,2,2,2,2,2,2,2,2
2001,61329,1,1,24,24,24,24,24,24,24,24,24,24
2001,61329,2,1,0,0,0,0,0,0,0,0,0,0
2001,61330,1,1,0,0,0,0,0,0,0,0,0,0
2001,61330,2,1,15,15,15,15,15,15,15,15,15,15
2001,61331,0,1,0,0,0,0,0,0,0,0,0,0
2001,61331,1,1,0,0,0,0,15,0,0,0,0,0
2001,61332,0,1,11,11,11,11,11,11,11,11,11,11
2001,61332,1,1,0,0,0,0,0,0,0,0,0,0
2001,61333,0,1,0,0,0,0,0,0,0,0,0,0
2001,61333,1,1,0,0,0,0,0,0,0,0,18,21
2001,61334,1,1,0,0,0,0,0,0,0,0,0,0
2001,61334,2,1,8,8,8,8,8,8,8,8,8,8
2001,61335,1,1,0,0,0,0,0,0,0,0,0,0
2001,61335,2,1,0,0,0,0,0,0,0,0,0,0
2001,61336,1,1,21,21,21,21,21,21,21,21,21,21
2001,61336,2,1,0,0,0,0,0,0,0,0,0,0
2001,61337,1,1,0,0,0,0,0,0,0,0,0,0
2001,61338,1,1,13,13,13,13,13,13,13,13,13,13
2001,61339,0,1,0,0,0,0,0,0,0,0,0,0
2001,61339,1,1,0,0,0,0,0,0,0,0,0,0
2001,61340,0,1,0,0,0,0,0,0,0,0,0,0
2001,61340,1,1,27,30,34,12,9,15,21,12,9,23
2001,61341,1,1,0,0,0,0,0,0,0,0,0,0
2001,61342,1,1,24,24,24,24,24,24,24,24,24,24
2001,61343,1,1,0,0,0,0,0,0,0,0,0,0
2001,61343,2,1,7,0,33,3,0,4,6,21,3,5
2001,61343,3,1,0,14,0,0,0,0,0,0,0,0
2001,61344,1,1,0,0,0,0,0,0,0,0,0,0
2001,61344,2,1,0,0,0,0,0,0,0,0,0,0
2001,61345,1,1,0,0,0,0,0,0,0,0,0,0
2001,61345,2,1,0,0,0,0,0,0,0,0,0,0
2001,61346,1,1,11,11,11,11,11,11,11,11,11,11
2001,61347,1,1,0,0,0,0,0,0,0,0,0,0
2001,61348,1,1,0,0,0,0,0,0,0,0,0,0
2001,61348,2,1,0,0,0,0,0,0,0,0,0,0
2001,61349,1,1,0,0,0,0,0,0,0,0,0,0
2001,61349,2,1,0,0,0,0,0,0,0,0,0,0
2001,61349,3,1,0,0,0,0,0,0,0,0,0,0
2001,61350,1,1,1,1,1,1,1,1,1,1,1,1
2001,61351,1,1,0,0,0,0,0,0,0,0,0,0
2001,61351,2,1,0,0,0,0,0,0,0,0,0,0
2001,61352,1,1,17,15,9,10,23,20,11,18,0,20
2001,61353,1,1,18,0,0,0,0,0,0,0,0,0
2001,61353,2,1,0,0,0,0,0,0,0,0,0,0
2001,61354,1,1,0,0,0,0,0,0,0,0,0,0
2001,61354,2,1,0,0,0,0,0,0,0,0,0,0
2001,61355,1,1,16,16,16,16,16,16,16,16,16,16
2001,61356,0,1,0,0,0,0,0,0,0,0,0,0
2001,61356,1,1,0,0,0,0,0,0,0,0,13,0
2001,61357,1,1,0,0,0,0,0,0,0,0,0,0
2001,61357,2,1,0,11,0,0,0,0,0,0,0,0
2001,61358,1,1,0,0,0,0,0,0,0,0,0,0
2001,61359,1,1,0,0,0,0,0,0,0,0,0,8
2001,61359,2,1,0,0,0,0,0,0,0,0,0,0
2001,61360,1,1,17,17,17,17,17,17,17,17,17,17
2001,61361,1,1,25,25,25,25,25,25,25,25,25,25
2001,61362,1,1,0,0,0,0,0,0,0,0,0,0
2001,61363,1,1,0,0,0,0,0,0,0,0,0,0
2001,61364,1,1,0,0,0,0,0,0,0,0,0,0
2001,61365,1,1,21,21,21,21,21,21,21,21,21,21
2001,61366,1,1,6,6,6,6,6,6,6,6,6,6
2001,61367,1,1,25,17,20,13,10,16,11,18,16,21
2001,61367,2,1,0,0,0,0,0,0,0,0,0,0
2001,61367,3,1,0,0,0,0,0,0,0,0,0,0
2001,61368,0,1,0,0,0,0,0,0,0,0,0,0
2001,61368,1,1,24,22,8,9,31,19,8,17,14,25
2001,61369,1,1,0,0,0,0,0,0,0,0,0,0
2001,61370,0,1,0,0,0,0,0,0,0,0,0,0
2001,61370,1,1,0,0,0,0,0,0,0,0,0,0
2001,61371,0,1,0,0,0,0,0,0,0,0,0,0
2001,61371,1,1,11,12,0,0,10,0,10,5,0,0
2001,61372,1,1,5,5,5,5,5,5,5,5,5,5
2001,61373,1,1,0,0,0,0,0,0,0,0,0,0
2001,61373,2,1,0,0,0,0,0,0,0,0,0,0
2001,61374,1,1,0,0,0,0,0,0,0,0,0,0
2001,61375,1,1,9,37,20,22,12,14,12,17,27,16
2001,61375,2,1,19,5,0,4,0,5,0,7,0,5
2001,61376,1,1,0,0,0,0,0,0,0,0,0,0