YEAR,st_case,veh_no,per_no,P1,P2,P3,P4,P5,P6,P7,P8,P9,P10
2001,61376,2,1,0,0,0,0,0,0,0,0,0,0
2001,61376,3,1,0,0,0,0,0,0,0,0,0,0
2001,61377,1,1,0,0,0,0,0,0,0,0,0,0
2001,61377,2,1,0,0,0,0,0,0,0,0,0,0
2001,61378,0,1,0,0,0,0,0,0,0,0,0,0
2001,61378,1,1,0,0,21,0,0,0,0,0,9,0
2001,61379,1,1,0,0,0,0,0,0,0,0,0,0
2001,61380,0,1,0,0,0,0,0,0,0,0,0,0
2001,61380,1,1,0,0,0,0,0,0,0,0,0,0
2001,61381,1,1,0,0,0,0,0,0,0,0,0,0
2001,61381,2,1,0,0,0,0,0,0,0,0,0,0
2001,61382,0,1,11,11,11,11,11,11,11,11,11,11
2001,61382,1,1,0,0,0,0,0,0,0,0,0,0
2001,61383,1,1,0,0,0,0,0,0,0,0,0,0
2001,61384,1,1,13,13,13,13,13,13,13,13,13,13
2001,61385,1,1,29,29,29,29,29,29,29,29,29,29
2001,61386,1,1,0,0,0,0,0,0,0,0,0,0
2001,61387,1,1,0,0,0,0,0,0,0,0,0,0
2001,61388,0,1,0,0,0,0,0,0,0,0,0,0
2001,61388,0,2,0,0,0,0,18,0,0,0,0,0
2001,61388,1,1,0,0,0,0,0,0,0,0,0,0
2001,61389,1,1,0,0,0,0,0,0,0,0,0,0
2001,61390,1,1,12,12,12,12,12,12,12,12,12,12
2001,61391,1,1,0,0,0,0,0,0,0,0,0,0
2001,61391,2,1,0,0,0,0,0,0,0,0,0,0
2001,61391,3,1,0,0,0,0,0,0,0,0,0,0
2001,61392,1,1,0,0,0,0,0,0,0,0,0,0
2001,61393,1,1,22,22,22,22,22,22,22,22,22,22
2001,61394,0,1,0,0,0,0,0,0,0,0,0,0
2001,61394,1,1,0,0,0,0,0,0,0,0,0,0
2001,61395,1,1,0,0,0,0,0,0,0,0,0,0
2001,61395,2,1,0,0,0,0,0,0,0,0,0,0
2001,61396,1,1,0,0,0,0,0,0,0,0,0,0
2001,61397,1,1,13,13,13,13,13,13,13,13,13,13
2001,61397,2,1,13,0,0,38,21,30,0,22,0,0
2001,61398,1,1,29,29,29,29,29,29,29,29,29,29
2001,61399,0,1,18,18,18,18,18,18,18,18,18,18
2001,61399,1,1,17,0,0,0,0,0,0,0,0,0
2001,61400,1,1,0,0,0,0,0,0,0,0,0,0
2001,61401,0,1,0,0,0,0,0,0,0,0,0,0
2001,61401,1,1,0,0,11,0,0,0,0,0,0,14
2001,61402,1,1,0,0,0,0,0,0,0,0,0,0
2001,61402,2,1,0,0,0,0,0,0,0,0,0,0
2001,61403,1,1,12,12,12,12,12,12,12,12,12,12
2001,61404,1,1,21,21,21,21,21,21,21,21,21,21
2001,61405,1,1,0,0,0,0,0,0,0,0,0,0
2001,61406,1,1,14,14,14,14,14,14,14,14,14,14
2001,61407,1,1,0,0,0,0,0,0,0,0,0,0
2001,61407,2,1,0,0,0,0,0,0,0,0,0,0
2001,61408,1,1,35,35,35,35,35,35,35,35,35,35
2001,61409,0,1,0,0,0,0,0,0,0,0,0,0
2001,61409,1,1,0,0,0,0,0,0,0,0,0,0
2001,61410,1,1,0,0,0,0,0,0,0,0,0,0
2001,61410,2,1,0,0,0,0,0,0,0,0,0,0
2001,61411,1,1,0,0,0,0,0,0,0,0,0,0
2001,61412,1,1,0,0,0,0,0,0,0,0,0,0
2001,61412,2,1,0,0,0,0,0,0,0,0,0,0
2001,61412,3,1,0,0,0,0,0,0,0,0,0,0
2001,61412,4,1,0,0,0,0,0,0,0,0,0,15
2001,61413,1,1,18,24,0,22,0,0,0,0,0,0
2001,61413,2,1,0,20,0,39,0,0,15,0,9,10
2001,61414,1,1,0,0,0,0,0,0,0,0,0,0
2001,61414,2,1,0,0,0,0,0,0,0,0,0,0
2001,61414,3,1,0,0,0,0,0,0,0,0,0,0
2001,61415,0,1,8,8,8,8,8,8,8,8,8,8
2001,61415,1,1,0,0,0,0,30,20,0,0,8,0
2001,61416,1,1,23,23,23,23,23,23,23,23,23,23
2001,61416,2,1,0,0,0,0,0,0,0,0,0,0
2001,61417,1,1,8,8,8,8,8,8,8,8,8,8
2001,61418,1,1,17,17,17,17,17,17,17,17,17,17
2001,61419,1,1,13,13,13,13,13,13,13,13,13,13
2001,61420,1,1,0,0,0,0,0,0,0,0,0,0
2001,61421,1,1,30,30,30,30,30,30,30,30,30,30
2001,61422,0,1,0,0,0,0,0,0,0,0,0,0
2001,61422,1,1,0,0,0,0,0,0,0,0,0,0
2001,61423,1,1,0,0,0,0,0,0,0,0,0,0
2001,61423,2,1,0,0,0,0,0,0,0,0,0,0
2001,61424,0,1,0,0,0,0,0,0,0,0,0,0
2001,61424,1,1,0,0,0,0,0,0,0,0,0,0
2001,61425,0,1,0,0,0,0,0,0,0,0,0,0
2001,61425,1,1,0,0,0,0,0,0,0,0,0,0
2001,61426,1,1,0,0,0,0,0,0,0,0,0,0
2001,61427,0,1,0,0,0,0,0,0,0,0,0,0
2001,61427,1,1,0,0,20,0,0,0,19,17,34,0
2001,61428,1,1,0,0,0,0,0,0,0,0,0,0
2001,61429,1,1,0,0,0,0,0,0,0,0,0,0
2001,61430,1,1,1,1,1,1,1,1,1,1,1,1
2001,61431,1,1,15,15,15,15,15,15,15,15,15,15
2001,61431,2,1,0,0,0,0,0,0,0,0,0,0
2001,61432,0,1,0,0,0,0,0,0,0,0,0,0
2001,61432,0,2,0,0,0,0,0,0,0,0,0,23
2001,61432,1,1,0,0,0,0,0,0,0,0,0,0
2001,61433,1,1,0,0,0,0,0,0,0,0,0,0
2001,61434,1,1,12,12,12,12,12,12,12,12,12,12
2001,61435,1,1,6,6,6,6,6,6,6,6,6,6
2001,61436,0,1,16,16,16,16,16,16,16,16,16,16
2001,61436,0,2,0,20,0,20,25,12,24,23,25,15
2001,61436,1,1,0,0,0,19,10,0,0,0,21,12
2001,61437,1,1,21,21,21,21,21,21,21,21,21,21
2001,61438,1,1,0,0,0,0,0,0,0,0,0,0
2001,61438,2,1,0,0,0,0,0,0,0,0,0,0
2001,61439,1,1,0,0,0,0,0,0,0,0,0,0
2001,61440,0,1,0,0,0,0,0,0,0,0,0,0
2001,61440,1,1,0,0,0,0,0,0,0,0,0,0
2001,61441,1,1,0,0,0,0,0,0,0,0,0,0
2001,61441,2,1,0,0,0,0,0,0,0,0,0,0
2001,61442,1,1,0,0,0,0,0,0,0,0,0,0
2001,61442,2,1,0,0,0,0,0,0,0,0,0,0
2001,61442,3,1,4,4,4,4,4,4,4,4,4,4
2001,61443,1,1,0,0,0,0,0,0,0,0,0,0
2001,61443,2,1,0,0,0,0,0,0,0,0,0,0
2001,61444,0,1,0,0,0,0,0,0,0,0,0,0
2001,61444,1,1,0,0,0,0,0,0,0,0,0,0
2001,61445,1,1,0,0,0,0,0,0,0,0,0,0
2001,61445,2,1,0,0,0,13,0,0,0,0,0,0
2001,61446,1,1,0,0,9,0,0,0,0,27,25,0
2001,61446,2,1,0,0,0,0,0,0,0,0,0,0
2001,61447,1,1,22,22,22,22,22,22,22,22,22,22
2001,61448,1,1,0,0,0,0,0,0,0,0,0,0
2001,61448,2,1,0,0,0,0,0,0,0,0,0,0
2001,61449,0,1,0,0,0,0,0,0,0,0,0,0
2001,61449,1,1,0,0,0,0,0,0,0,0,0,0
2001,61450,1,1,0,0,0,0,0,0,0,0,0,0
2001,61451,1,1,21,21,21,21,21,21,21,21,21,21
2001,61452,1,1,23,23,23,23,23,23,23,23,23,23
2001,61453,1,1,11,11,11,11,11,11,11,11,11,11
2001,61453,2,1,0,0,0,2,0,0,0,0,0,0
2001,61453,3,1,0,0,0,0,0,0,6,0,0,0
2001,61454,1,1,0,0,0,0,0,0,0,0,0,0
2001,61454,2,1,0,0,0,0,0,0,8,0,0,0
2001,61454,3,1,0,0,0,0,0,0,0,0,0,0
2001,61454,4,1,0,0,0,0,0,0,0,0,0,0
2001,61455,1,1,0,0,0,0,0,0,0,0,0,0
2001,61456,1,1,0,0,0,0,0,0,0,0,0,0
2001,61456,2,1,0,0,0,0,0,0,0,0,0,0
2001,61457,1,1,0,0,0,0,0,0,0,0,0,0
2001,61457,2,1,0,0,0,0,0,0,0,0,0,0
2001,61458,1,1,0,0,0,0,0,0,0,0,0,0
2001,61458,2,1,0,0,0,0,0,0,0,0,0,0
2001,61459,1,1,0,0,0,15,0,0,0,0,0,0
2001,61459,2,1,0,0,0,0,0,0,0,0,0,0
2001,61459,3,1,0,0,0,0,0,0,0,0,0,0
2001,61459,4,1,22,22,22,22,22,22,22,22,22,22
2001,61460,1,1,0,0,0,0,0,0,0,0,0,0
2001,61461,1,1,0,0,0,0,0,0,0,0,0,0
2001,61462,1,1,0,0,0,0,0,0,0,0,0,9
2001,61462,2,1,0,0,0,0,0,0,0,0,0,0
2001,61463,1,1,0,0,0,0,0,0,0,0,0,0
2001,61463,2,1,0,0,0,0,0,0,0,0,0,0
2001,61464,1,1,14,14,14,14,14,14,14,14,14,14
2001,61465,1,1,7,7,7,7,7,7,7,7,7,7
2001,61465,2,1,0,0,0,0,0,0,0,0,0,0
2001,61466,1,1,8,5,0,0,0,21,10,0,11,18
2001,61466,2,1,0,0,0,0,0,0,0,0,0,0
2001,61467,1,1,7,0,0,0,0,28,18,0,0,0
2001,61467,2,1,0,0,0,0,0,0,0,0,0,0
2001,61467,3,1,0,0,0,0,0,0,0,0,0,0
2001,61468,1,1,0,0,0,0,0,0,0,0,0,0
2001,61468,2,1,0,0,0,0,0,0,0,0,0,0
2001,61469,1,1,0,0,0,0,0,0,0,0,0,0
2001,61469,2,1,0,0,0,0,0,0,0,0,0,0
2001,61470,1,1,0,0,0,0,0,0,0,0,0,0
2001,61471,1,1,0,0,0,0,0,0,0,0,0,0
2001,61471,2,1,0,0,0,0,0,0,0,0,0,0
2001,61472,1,1,3,3,3,3,3,3,3,3,3,3
2001,61473,1,1,5,5,5,5,5,5,5,5,5,5
2001,61474,1,1,4,4,4,4,4,4,4,4,4,4
2001,61474,2,1,0,0,0,0,0,0,0,0,0,0
2001,61475,1,1,0,0,0,0,0,0,0,0,0,0
2001,61475,2,1,0,0,0,0,0,0,0,0,0,0
2001,61476,1,1,0,0,0,0,0,0,0,0,15,0
2001,61476,2,1,0,0,0,0,0,0,0,0,0,0
2001,61477,1,1,19,19,19,19,19,19,19,19,19,19
2001,61477,2,1,0,0,0,0,0,0,0,0,0,0
2001,61478,1,1,0,0,0,0,0,0,0,0,0,0
2001,61478,2,1,0,0,0,0,0,0,0,0,0,0
2001,61479,1,1,0,0,0,0,0,0,0,0,0,0
2001,61479,2,1,0,0,0,0,12,0,0,12,0,0
2001,61480,1,1,0,0,0,0,0,0,0,0,0,0
2001,61480,2,1,0,0,0,0,0,16,0,0,4,0
2001,61480,3,1,0,0,0,0,0,0,0,0,0,0
2001,61481,1,1,0,0,0,0,0,0,0,0,0,0
2001,61481,2,1,0,0,0,0,0,0,0,0,0,0
2001,61481,3,1,0,0,0,0,0,0,0,0,0,0
2001,61482,0,1,23,23,23,23,23,23,23,23,23,23
2001,61482,1,1,0,0,0,0,0,0,0,0,0,0
2001,61483,1,1,0,0,0,0,0,0,0,0,0,0
2001,61484,1,1,12,12,12,12,12,12,12,12,12,12
2001,61485,0,1,18,18,18,18,18,18,18,18,18,18
2001,61485,1,1,13,13,13,13,13,13,13,13,13,13
2001,61486,1,1,0,0,0,0,0,0,0,0,0,0
2001,61486,2,1,0,0,0,0,0,0,0,0,0,0
2001,61487,1,1,12,17,11,4,19,15,29,0,22,13
2001,61488,1,1,9,9,9,9,9,9,9,9,9,9
2001,61489,1,1,0,0,0,0,0,0,0,0,0,0
2001,61489,2,1,0,0,0,0,0,0,0,0,0,0
2001,61490,0,1,0,0,0,0,0,0,0,0,0,0
2001,61490,1,1,0,0,0,0,17,31,18,0,22,10
2001,61491,0,1,0,0,0,0,0,0,0,0,0,0
2001,61491,1,1,0,0,0,0,0,0,0,0,0,0
2001,61492,0,1,0,0,0,0,0,0,0,0,0,0
2001,61492,1,1,0,0,0,0,0,0,0,0,0,0
2001,61493,1,1,11,11,11,11,11,11,11,11,11,11
2001,61493,2,1,0,0,10,0,15,10,9,11,24,14
2001,61494,1,1,0,0,0,0,0,0,0,0,0,0
2001,61495,1,1,0,0,0,0,0,0,0,0,0,0
2001,61496,1,1,0,0,0,0,0,0,0,0,0,0
2001,61496,2,1,0,0,0,0,0,0,0,0,0,0
2001,61497,1,1,17,17,17,17,17,17,17,17,17,17
2001,61497,2,1,0,0,0,0,0,0,0,0,0,0
2001,61498,1,1,0,0,0,0,0,0,0,0,0,0
2001,61498,2,1,0,0,0,0,0,0,0,0,0,0
2001,61499,1,1,0,0,0,0,0,0,0,0,0,0
2001,61500,1,1,24,24,24,24,24,24,24,24,24,24
2001,61501,1,1,12,12,12,12,12,12,12,12,12,12
2001,61502,1,1,0,0,19,0,0,0,0,0,0,0
2001,61502,2,1,0,0,0,0,0,0,0,0,0,0
2001,61503,0,1,0,0,0,0,0,0,0,0,0,0
2001,61503,1,1,0,0,0,0,0,0,0,0,0,0
2001,61504,1,1,0,0,0,0,0,0,0,0,0,0
2001,61504,2,1,0,0,0,0,0,24,0,0,0,0
2001,61504,3,1,0,0,0,0,0,21,0,0,0,0
2001,61505,1,1,19,19,19,19,19,19,19,19,19,19
2001,61506,1,1,15,15,15,15,15,15,15,15,15,15
2001,61507,1,1,0,0,0,0,0,0,0,0,11,0
2001,61508,0,1,30,30,30,30,30,30,30,30,30,30
2001,61508,1,1,0,0,0,0,0,0,0,0,0,0
2001,61509,0,1,0,0,0,0,0,0,0,0,0,0
2001,61509,1,1,0,0,0,0,0,0,0,0,0,0
2001,61510,1,1,0,0,0,0,0,0,0,0,0,0
2001,61510,2,1,0,0,0,0,0,0,0,0,0,0
2001,61511,1,1,0,0,0,0,0,0,0,0,0,0
2001,61512,0,1,23,23,23,23,23,23,23,23,23,23
2001,61512,1,1,14,0,0,0,0,0,0,0,0,10
2001,61513,0,1,0,0,0,0,0,0,0,0,0,0
2001,61513,1,1,0,0,0,0,0,0,0,0,0,0
2001,61514,0,1,0,0,0,0,0,0,0,0,0,0
2001,61514,0,2,10,0,0,0,0,0,0,0,14,0
2001,61514,1,1,0,0,0,0,0,16,0,0,0,0
2001,61514,2,1,0,9,0,0,0,0,0,0,0,0
2001,61515,0,1,0,0,0,0,0,0,0,0,0,0
2001,61515,1,1,11,11,11,11,11,11,11,11,11,11
2001,61516,1,1,0,0,0,0,0,0,0,0,0,0
2001,61516,2,1,11,11,11,11,11,11,11,11,11,11
2001,61517,0,1,0,0,0,0,0,0,0,0,0,0
2001,61517,1,1,0,0,0,0,0,12,0,0,0,0
2001,61518,0,1,20,20,20,20,20,20,20,20,20,20
2001,61518,1,1,0,0,0,0,0,0,0,0,12,0
2001,61519,1,1,4,4,4,4,4,4,4,4,4,4
2001,61520,1,1,18,18,18,18,18,18,18,18,18,18
2001,61520,2,1,0,0,0,0,0,0,0,0,0,0
2001,61521,1,1,0,0,0,0,0,0,0,0,0,0
2001,61521,2,1,0,0,0,0,0,0,0,0,0,0
2001,61522,1,1,0,0,0,0,0,0,0,0,0,0
2001,61522,2,1,0,0,0,0,0,0,0,0,0,0
2001,61523,1,1,24,24,24,24,24,24,24,24,24,24
2001,61524,1,1,0,0,0,0,0,0,0,0,0,0
2001,61525,1,1,0,0,0,0,0,0,0,0,0,0
2001,61526,0,1,0,0,0,0,0,0,0,0,0,0
2001,61526,1,1,0,0,0,0,0,0,0,0,0,0
2001,61527,1,1,0,0,0,0,0,0,0,0,0,0
2001,61528,0,1,28,28,28,28,28,28,28,28,28,28
2001,61528,1,1,0,19,0,0,0,0,0,30,0,0
2001,61529,1,1,9,9,9,9,9,9,9,9,9,9
2001,61529,2,1,0,0,0,0,0,0,0,0,0,0
2001,61530,1,1,0,0,0,0,0,0,0,0,0,0
2001,61530,2,1,0,0,0,0,0,0,0,0,0,0
2001,61531,1,1,0,0,0,0,0,0,0,0,0,0
2001,61531,2,1,0,0,0,0,0,0,0,0,0,0
2001,61532,0,1,0,0,0,0,0,0,0,0,0,0
2001,61532,1,1,0,0,0,0,0,0,0,0,0,0
2001,61533,1,1,11,11,11,11,11,11,11,11,11,11
2001,61534,2,1,0,0,0,0,0,0,0,0,0,0
2001,61535,0,1,26,26,26,26,26,26,26,26,26,26
2001,61535,1,1,0,0,0,0,0,0,0,0,0,0
2001,61535,2,1,0,0,0,0,0,0,0,0,0,0
2001,61535,3,1,0,0,0,0,0,0,0,0,0,20
2001,61535,4,1,0,0,0,0,0,0,0,0,0,0
2001,61535,5,1,0,0,0,0,0,0,0,0,0,0
2001,61536,1,1,0,0,0,0,0,0,0,0,0,0
2001,61536,2,1,0,0,0,0,0,0,0,0,0,0
2001,61537,1,1,0,0,0,0,0,0,0,0,0,0
2001,61537,2,1,0,0,0,0,0,0,0,0,0,0
2001,61538,1,1,0,33,26,8,18,14,32,24,19,2
2001,61538,2,1,0,7,19,9,8,12,17,30,0,12
2001,61539,1,1,22,22,22,22,22,22,22,22,22,22
2001,61539,2,1,0,0,0,0,0,0,0,0,0,0
2001,61539,3,1,0,0,0,0,0,0,0,0,0,0
2001,61540,1,1,0,0,0,0,0,0,0,0,0,0
2001,61541,1,1,33,16,0,0,0,15,23,19,0,0
2001,61542,1,1,7,7,7,7,7,7,7,7,7,7
2001,61542,2,1,0,0,0,0,0,0,0,0,0,0
2001,61543,1,1,0,0,0,0,0,0,0,0,0,0
2001,61544,0,1,0,0,0,0,0,0,0,0,0,0
2001,61544,1,1,0,0,0,0,0,0,0,5,8,0
2001,61545,0,1,39,39,39,39,39,39,39,39,39,39
2001,61545,1,1,0,0,0,0,0,0,0,0,0,0
2001,61546,1,1,0,0,0,0,0,0,0,0,0,0
2001,61547,1,1,0,0,0,0,0,0,0,0,0,0
2001,61547,2,1,0,0,0,0,0,0,0,0,0,0
2001,61547,3,1,0,0,0,0,0,0,0,0,0,0
2001,61548,1,1,0,0,0,0,0,0,0,0,0,0
2001,61549,1,1,0,0,0,0,0,0,0,0,0,0
2001,61550,1,1,10,0,0,0,17,16,0,0,10,0
2001,61551,1,1,0,0,0,0,0,0,3,0,0,0
2001,61552,1,1,0,0,0,0,0,0,0,0,0,0
2001,61553,1,1,14,14,14,14,14,14,14,14,14,14
2001,61554,1,1,0,0,0,0,0,0,0,0,0,0
2001,61554,2,1,0,0,0,0,0,0,0,0,0,0
2001,61555,1,1,15,15,15,15,15,15,15,15,15,15
2001,61555,2,1,10,10,10,10,10,10,10,10,10,10
2001,61556,1,1,0,0,0,0,0,0,0,0,0,0
2001,61557,1,1,5,5,5,5,5,5,5,5,5,5
2001,61557,2,1,0,0,0,0,0,0,0,0,0,0
2001,61558,1,1,0,0,0,0,0,0,0,0,0,0
2001,61559,0,1,0,0,0,0,0,0,0,0,0,0
2001,61559,1,1,0,0,0,0,0,0,0,0,0,0
2001,61560,0,1,0,0,0,0,0,0,0,11,0,0
2001,61560,1,1,0,0,0,0,0,0,0,0,0,0
2001,61561,1,1,25,25,25,25,25,25,25,25,25,25
2001,61561,2,1,0,0,0,0,0,0,0,0,0,0
2001,61561,3,1,0,0,0,0,0,0,0,0,0,0
2001,61561,4,1,0,0,0,0,0,0,0,0,0,0
2001,61562,1,1,0,0,0,0,0,0,0,0,0,0
2001,61563,1,1,0,0,0,0,0,0,0,0,0,0
2001,61563,2,1,0,0,0,0,0,0,0,0,0,0
2001,61564,1,1,0,0,0,0,0,0,0,0,0,0
2001,61564,2,1,0,0,0,0,0,0,0,0,0,0
2001,61565,1,1,0,0,0,0,14,29,0,30,0,19
2001,61566,1,1,0,0,0,0,0,0,0,0,0,0
2001,61567,1,1,0,0,0,0,0,0,0,0,0,0
2001,61569,1,1,0,0,0,0,0,0,0,0,0,0
2001,61569,2,1,0,0,0,0,0,0,0,0,0,0
2001,61569,3,1,0,0,0,0,0,0,0,0,0,0
2001,61570,1,1,0,0,0,0,0,0,0,0,0,0
2001,61570,2,1,0,0,0,0,0,0,0,0,0,0
2001,61571,1,1,0,0,0,0,0,0,0,0,0,0
2001,61572,1,1,0,0,0,0,0,0,0,0,0,0
2001,61573,1,1,22,22,22,22,22,22,22,22,22,22
2001,61573,2,1,0,0,0,0,0,0,0,0,0,0
2001,61574,1,1,0,0,0,0,0,0,0,0,0,0
2001,61574,2,1,0,0,0,5,0,0,0,0,0,0
2001,61575,1,1,0,0,0,0,0,0,0,0,0,0
2001,61576,0,1,9,9,9,9,9,9,9,9,9,9
2001,61576,1,1,0,0,0,0,0,0,0,0,0,0
2001,61576,2,1,13,0,0,0,0,0,0,0,0,0
2001,61576,3,1,0,0,0,0,0,0,0,0,0,0
2001,61577,1,1,0,0,0,0,0,0,0,0,0,0
2001,61577,2,1,0,0,0,0,0,0,0,14,0,0
2001,61578,1,1,0,25,0,0,0,19,0,25,12,10
2001,61579,1,1,0,0,0,0,0,0,0,0,0,0
2001,61580,1,1,0,0,0,7,0,0,0,0,0,0
2001,61581,1,1,0,0,0,0,0,0,0,0,0,0
2001,61582,1,1,6,6,6,6,6,6,6,6,6,6
2001,61583,1,1,0,0,0,0,0,0,0,0,0,0
2001,61583,2,1,0,0,0,0,0,0,0,0,0,0
2001,61583,3,1,0,0,0,0,0,0,0,0,0,0
2001,61584,1,1,10,10,10,10,10,10,10,10,10,10
2001,61585,1,1,0,0,0,0,0,0,0,0,0,0
2001,61585,2,1,0,0,0,0,0,0,0,0,0,0
2001,61586,0,1,0,0,0,0,0,0,0,0,0,0
2001,61586,1,1,0,0,0,0,0,0,0,0,0,0
2001,61587,1,1,8,19,8,16,0,23,15,12,0,14
2001,61587,2,1,0,5,0,0,0,0,0,0,0,0
2001,61587,3,1,12,0,0,0,0,0,0,0,0,0
2001,61588,0,1,0,0,0,0,0,0,0,0,0,0
2001,61588,1,1,0,0,0,0,0,0,0,0,0,0
2001,61589,1,1,3,3,3,3,3,3,3,3,3,3
2001,61590,1,1,16,16,16,16,16,16,16,16,16,16
2001,61591,1,1,15,15,15,15,15,15,15,15,15,15
2001,61591,2,1,0,0,0,0,0,0,0,0,0,0
2001,61592,1,1,14,14,14,14,14,14,14,14,14,14
2001,61593,1,1,0,0,0,0,0,0,0,0,0,0
2001,61594,1,1,0,0,0,0,0,0,0,11,0,0
2001,61595,1,1,0,0,0,0,0,0,0,0,0,0
2001,61596,1,1,7,7,7,7,7,7,7,7,7,7
2001,61596,2,1,7,7,7,7,7,7,7,7,7,7
2001,61597,0,1,0,0,0,0,0,0,0,0,0,0
2001,61597,1,1,0,0,0,0,0,0,0,0,0,0
2001,61597,2,1,0,0,0,0,0,0,0,0,0,0
2001,61598,1,1,0,0,0,0,0,0,0,0,0,0
2001,61598,2,1,0,0,0,0,0,0,0,0,0,0
2001,61599,0,1,0,0,0,0,0,0,0,0,0,0
2001,61599,0,2,0,0,0,0,0,0,0,0,0,0
2001,61599,1,1,0,0,0,0,0,0,0,0,0,0
2001,61599,2,1,0,0,0,0,0,0,0,0,0,0
2001,61600,1,1,0,0,0,0,0,0,0,0,0,0
2001,61600,2,1,0,0,0,0,0,0,0,0,0,0
2001,61601,1,1,0,0,0,0,0,0,0,0,0,0
2001,61601,2,1,0,0,0,0,0,0,0,0,0,0
2001,61601,3,1,0,0,0,0,31,0,0,0,0,0
2001,61602,1,1,0,0,0,0,0,0,0,0,0,0
2001,61602,2,1,0,0,0,0,0,0,0,0,0,0
2001,61603,1,1,0,0,0,0,0,0,0,0,0,0
2001,61603,2,1,0,0,0,0,0,0,0,0,0,0
2001,61603,3,1,0,0,0,0,0,0,0,0,0,0
2001,61603,4,1,0,0,0,0,0,0,0,0,0,0
2001,61604,1,1,0,0,0,0,0,0,0,0,0,0
2001,61604,2,1,0,0,0,0,0,0,0,0,0,0
2001,61605,1,1,0,0,0,12,0,0,0,0,0,0
2001,61605,2,1,0,0,0,0,0,0,0,0,0,0
2001,61605,3,1,0,0,0,0,0,0,0,0,0,0
2001,61606,0,1,0,0,0,0,0,0,0,0,0,0
2001,61606,1,1,26,24,20,18,30,14,18,28,29,24
2001,61607,1,1,3,3,3,3,3,3,3,3,3,3
2001,61607,2,1,0,0,0,0,0,0,0,0,0,0
2001,61608,1,1,0,0,0,0,0,0,0,0,0,0
2001,61608,2,1,0,0,0,0,0,0,0,0,0,0
2001,61608,3,1,0,0,0,0,0,0,0,0,0,0
2001,61609,1,1,0,0,0,0,0,0,0,0,0,0
2001,61609,2,1,0,0,0,0,0,0,0,0,0,0
2001,61610,1,1,0,0,0,0,0,23,0,0,0,0
2001,61611,1,1,0,0,0,0,0,0,0,0,0,0
2001,61611,2,1,2,2,2,2,2,2,2,2,2,2
2001,61612,1,1,0,0,0,0,0,0,0,0,0,0
2001,61612,2,1,0,0,0,0,0,0,0,0,0,0
2001,61613,1,1,0,0,16,0,0,0,0,0,0,0
2001,61614,1,1,0,0,0,0,30,0,0,0,0,0
2001,61614,2,1,0,0,0,0,0,0,0,0,0,0
2001,61615,0,1,0,0,0,0,0,0,0,0,0,0
2001,61615,1,1,2,3,0,0,0,11,0,5,0,6
2001,61616,0,1,27,27,27,27,27,27,27,27,27,27
2001,61616,1,1,0,0,0,0,0,0,0,0,0,0
2001,61617,0,1,6,6,6,6,6,6,6,6,6,6
2001,61617,1,1,0,9,0,0,0,0,0,0,0,0
2001,61618,0,1,16,15,0,0,0,0,0,0,0,0
2001,61618,1,1,0,0,0,0,0,0,0,0,0,0
2001,61618,2,1,0,0,0,0,0,0,0,0,0,0
2001,61619,1,1,7,7,7,7,7,7,7,7,7,7
2001,61619,2,1,0,0,0,0,0,0,0,0,0,0
2001,61620,1,1,0,0,0,0,0,0,0,0,0,0
2001,61620,2,1,0,0,0,0,0,0,0,0,0,0
2001,61621,0,1,0,0,0,0,0,0,0,0,0,0
2001,61621,1,1,0,0,0,0,0,0,0,0,0,0
2001,61622,1,1,0,0,0,0,0,0,0,0,0,0
2001,61623,1,1,5,5,5,5,5,5,5,5,5,5
2001,61624,1,1,0,0,0,0,0,0,0,0,0,0
2001,61624,2,1,0,0,0,0,0,0,0,0,0,0
2001,61624,3,1,0,0,0,0,0,0,0,0,0,0
2001,61625,1,1,0,0,0,0,0,0,0,0,0,0
2001,61626,0,1,0,0,0,0,0,0,0,0,0,0
2001,61626,1,1,19,12,0,0,0,0,0,0,11,0
2001,61627,1,1,0,0,0,0,0,0,0,0,0,0
2001,61628,1,1,0,0,0,0,0,0,0,0,0,0
2001,61629,0,1,0,0,0,0,0,0,0,0,0,0
2001,61629,1,1,0,0,0,0,0,0,0,0,0,0
2001,61630,0,1,0,0,0,0,0,0,0,0,0,0
2001,61630,1,1,15,15,15,15,15,15,15,15,15,15
2001,61631,1,1,17,17,17,17,17,17,17,17,17,17
2001,61631,2,1,0,0,0,0,0,0,0,0,0,0
2001,61632,0,1,17,17,17,17,17,17,17,17,17,17
2001,61632,1,1,17,17,17,17,17,17,17,17,17,17
2001,61633,1,1,0,0,0,0,0,0,0,0,0,0
2001,61634,1,1,0,0,0,0,0,0,0,0,0,0
2001,61634,2,1,9,9,9,9,9,9,9,9,9,9
2001,61635,1,1,0,0,0,0,0,0,0,0,0,0
2001,61636,1,1,0,0,0,0,0,0,0,0,0,0
2001,61636,2,1,0,0,0,0,0,0,0,0,0,5
2001,61637,0,1,23,23,23,23,23,23,23,23,23,23
2001,61637,1,1,9,9,9,9,9,9,9,9,9,9
2001,61638,0,1,0,0,0,0,0,0,0,0,0,0
2001,61638,1,1,0,0,0,0,0,0,0,0,0,0
2001,61639,1,1,0,0,0,0,0,0,0,0,0,0
2001,61639,2,1,0,0,0,0,0,0,0,0,0,0
2001,61640,1,1,0,0,0,0,0,0,0,0,0,0
2001,61641,1,1,0,0,0,0,0,0,0,0,0,0
2001,61641,2,1,0,0,0,0,0,0,0,0,0,0
2001,61641,3,1,0,0,0,0,0,0,0,0,0,0
2001,61641,4,1,0,0,0,0,0,0,0,0,0,0
2001,61642,1,1,0,0,0,0,0,0,0,0,0,0
2001,61642,2,1,0,0,0,0,0,0,0,0,0,0
2001,61643,1,1,26,3,0,6,10,13,0,0,0,10
2001,61644,1,1,17,17,17,17,17,17,17,17,17,17
2001,61644,2,1,0,0,0,0,0,0,0,0,0,0
2001,61645,1,1,5,5,5,5,5,5,5,5,5,5
2001,61646,1,1,0,0,0,0,0,0,0,0,0,0
2001,61646,2,1,0,0,0,0,0,0,0,0,0,0
2001,61647,1,1,25,25,25,25,25,25,25,25,25,25
2001,61647,2,1,0,0,0,0,0,0,0,0,0,0
2001,61648,1,1,0,0,0,0,0,0,0,0,0,0