YEAR,st_case,veh_no,per_no,P1,P2,P3,P4,P5,P6,P7,P8,P9,P10
2001,61648,2,1,0,0,0,0,0,16,0,0,0,0
2001,61649,0,1,26,26,26,26,26,26,26,26,26,26
2001,61649,1,1,0,0,0,0,0,0,0,0,0,0
2001,61649,2,1,0,0,0,8,0,0,0,0,0,0
2001,61649,3,1,25,6,0,0,0,26,21,0,15,0
2001,61650,1,1,25,25,25,25,25,25,25,25,25,25
2001,61651,1,1,0,0,0,0,0,0,0,0,0,0
2001,61652,0,1,12,3,17,20,19,0,22,16,0,0
2001,61652,0,2,0,7,6,11,10,10,0,0,3,0
2001,61652,1,1,0,13,0,0,0,0,0,0,0,0
2001,61653,1,1,16,16,16,16,16,16,16,16,16,16
2001,61654,1,1,0,0,0,0,0,0,0,0,0,0
2001,61654,2,1,0,0,3,0,0,0,0,0,0,0
2001,61655,1,1,0,0,0,0,0,0,0,0,0,0
2001,61656,0,1,29,29,29,29,29,29,29,29,29,29
2001,61656,1,1,0,0,0,0,0,0,0,0,0,0
2001,61657,1,1,0,0,0,0,0,0,0,0,0,0
2001,61657,2,1,4,4,4,4,4,4,4,4,4,4
2001,61658,1,1,0,0,11,0,0,0,0,0,0,0
2001,61658,2,1,0,0,0,0,0,0,0,0,0,0
2001,61659,1,1,0,0,0,0,0,0,0,0,15,0
2001,61659,2,1,0,0,0,0,0,0,0,0,0,0
2001,61660,1,1,0,0,0,0,0,0,0,0,0,0
2001,61660,2,1,0,0,0,0,0,0,0,0,0,0
2001,61661,1,1,0,0,0,0,0,0,0,0,0,0
2001,61662,0,1,19,19,19,19,19,19,19,19,19,19
2001,61662,1,1,0,0,0,0,0,0,0,0,0,0
2001,61663,0,1,0,0,0,0,0,0,0,0,0,0
2001,61663,1,1,0,0,0,0,0,0,0,0,0,0
2001,61664,1,1,0,0,0,0,0,0,0,0,0,0
2001,61665,1,1,0,0,0,0,0,0,0,0,0,0
2001,61665,2,1,0,0,0,0,0,0,0,0,0,0
2001,61666,0,1,0,0,0,0,0,0,0,0,0,14
2001,61666,1,1,0,0,0,0,0,0,0,0,0,0
2001,61667,1,1,0,0,0,0,0,0,0,0,0,0
2001,61667,2,1,0,0,0,0,0,0,0,0,0,0
2001,61668,0,1,14,14,14,14,14,14,14,14,14,14
2001,61668,1,1,0,21,23,16,0,2,17,17,11,0
2001,61669,1,1,30,30,30,30,30,30,30,30,30,30
2001,61669,2,1,30,30,30,30,30,30,30,30,30,30
2001,61669,3,1,0,0,0,0,0,0,0,0,0,0
2001,61669,4,1,0,0,0,0,0,0,0,0,0,0
2001,61670,0,1,0,0,0,0,0,0,0,0,0,0
2001,61670,1,1,0,0,0,0,20,0,0,0,0,0
2001,61671,0,1,0,0,0,0,0,0,0,0,0,0
2001,61671,1,1,0,0,0,0,0,0,0,0,0,0
2001,61672,1,1,0,0,0,0,0,0,0,0,0,0
2001,61672,2,1,0,0,0,14,0,0,0,0,0,0
2001,61673,0,1,0,16,0,0,0,0,20,0,0,11
2001,61673,1,1,0,0,0,0,0,0,6,0,0,38
2001,61674,0,1,0,0,0,0,0,0,0,0,0,0
2001,61674,1,1,0,0,0,0,0,0,0,0,0,0
2001,61675,1,1,24,24,24,24,24,24,24,24,24,24
2001,61675,2,1,10,10,10,10,10,10,10,10,10,10
2001,61676,1,1,15,15,15,15,15,15,15,15,15,15
2001,61676,2,1,0,0,0,0,0,0,0,0,0,0
2001,61677,1,1,0,0,0,0,0,0,0,0,0,0
2001,61678,1,1,0,0,0,0,0,0,0,0,0,0
2001,61679,0,1,0,0,0,0,0,0,0,0,0,0
2001,61679,1,1,0,0,0,0,0,0,0,0,0,0
2001,61679,2,1,0,0,0,0,0,0,0,0,0,0
2001,61680,1,1,0,0,0,0,0,0,0,0,0,0
2001,61681,1,1,23,23,23,23,23,23,23,23,23,23
2001,61682,1,1,0,0,0,0,0,0,0,0,0,0
2001,61682,2,1,0,0,0,0,0,0,0,0,0,0
2001,61683,1,1,40,40,40,40,40,40,40,40,40,40
2001,61684,1,1,17,17,17,17,17,17,17,17,17,17
2001,61685,1,1,0,0,0,0,0,0,0,0,0,0
2001,61685,2,1,0,0,0,0,0,0,0,0,0,0
2001,61685,3,1,0,0,0,0,0,0,0,0,0,0
2001,61686,1,1,0,0,0,0,0,0,0,0,0,0
2001,61687,1,1,8,8,8,8,8,8,8,8,8,8
2001,61688,1,1,0,0,0,0,0,0,0,0,0,0
2001,61689,1,1,0,0,0,0,0,0,0,0,0,0
2001,61689,2,1,0,0,0,0,0,0,0,0,0,0
2001,61689,3,1,0,0,0,0,0,0,0,0,0,0
2001,61690,1,1,0,0,0,0,0,0,0,0,0,0
2001,61690,2,1,0,0,0,0,0,0,0,0,0,0
2001,61691,1,1,11,11,11,11,11,11,11,11,11,11
2001,61692,1,1,0,0,0,0,0,0,0,0,0,0
2001,61692,2,1,0,0,0,0,0,0,0,0,0,0
2001,61693,0,1,0,0,0,0,0,0,0,0,0,0
2001,61693,0,2,0,0,0,0,0,0,0,0,0,12
2001,61693,1,1,13,11,0,0,0,0,0,16,0,0
2001,61694,1,1,0,0,0,0,0,0,0,0,0,0
2001,61694,2,1,19,19,19,19,19,19,19,19,19,19
2001,61695,1,1,13,13,13,13,13,13,13,13,13,13
2001,61696,1,1,0,0,0,0,0,0,0,0,0,0
2001,61697,0,1,20,20,20,20,20,20,20,20,20,20
2001,61697,1,1,0,0,12,0,0,0,0,0,0,0
2001,61698,1,1,0,0,0,0,0,0,0,0,0,0
2001,61698,2,1,0,13,14,10,0,0,0,0,0,0
2001,61698,3,1,0,0,0,0,0,0,0,0,0,0
2001,61699,1,1,24,24,24,24,24,24,24,24,24,24
2001,61699,2,1,0,0,0,0,0,0,0,0,0,0
2001,61700,1,1,0,0,0,0,0,0,0,0,6,0
2001,61700,2,1,0,0,0,0,0,0,0,0,0,0
2001,61701,1,1,0,0,0,0,0,0,0,0,0,0
2001,61701,2,1,0,0,0,0,0,0,0,0,0,0
2001,61702,1,1,0,20,0,0,0,0,0,20,0,0
2001,61703,1,1,0,0,0,10,0,0,0,22,0,0
2001,61703,2,1,0,0,0,0,0,0,0,0,0,0
2001,61704,1,1,0,7,10,16,0,0,0,8,17,0
2001,61705,1,1,0,0,0,0,0,0,0,0,0,0
2001,61705,2,1,0,0,0,0,0,0,0,0,0,0
2001,61706,0,1,0,0,0,0,0,0,0,0,0,0
2001,61706,1,1,0,0,0,0,0,0,0,0,0,0
2001,61707,0,1,0,0,0,0,0,0,0,0,0,0
2001,61707,1,1,0,0,0,0,0,0,0,0,0,0
2001,61708,1,1,0,0,0,0,0,0,0,0,0,0
2001,61708,2,1,13,13,13,13,13,13,13,13,13,13
2001,61709,0,1,33,33,33,33,33,33,33,33,33,33
2001,61709,1,1,0,0,0,0,0,0,0,0,0,0
2001,61710,1,1,0,0,0,0,0,0,0,0,0,0
2001,61711,1,1,0,0,0,0,0,0,0,0,0,0
2001,61712,1,1,10,10,10,10,10,10,10,10,10,10
2001,61712,2,1,0,0,0,0,0,0,0,0,0,0
2001,61713,1,1,9,9,9,9,9,9,9,9,9,9
2001,61714,1,1,21,21,21,21,21,21,21,21,21,21
2001,61715,0,1,0,0,0,0,0,0,0,0,0,0
2001,61715,1,1,0,0,0,0,0,0,0,0,0,0
2001,61716,0,1,32,32,32,32,32,32,32,32,32,32
2001,61716,1,1,3,3,3,3,3,3,3,3,3,3
2001,61717,1,1,12,12,12,12,12,12,12,12,12,12
2001,61718,1,1,0,0,0,0,0,0,0,0,0,0
2001,61719,1,1,0,0,0,0,0,0,0,0,0,0
2001,61719,2,1,0,0,0,0,0,0,0,0,0,0
2001,61720,1,1,25,25,25,25,25,25,25,25,25,25
2001,61721,1,1,0,0,0,0,0,0,0,0,0,0
2001,61722,1,1,11,11,11,11,11,11,11,11,11,11
2001,61723,1,1,11,11,11,11,11,11,11,11,11,11
2001,61724,1,1,0,0,0,0,0,0,0,0,0,0
2001,61724,2,1,0,0,19,0,0,0,0,0,0,0
2001,61724,3,1,0,0,0,0,0,0,0,0,0,0
2001,61725,1,1,0,0,0,0,0,0,0,0,0,0
2001,61725,2,1,0,0,0,3,0,0,0,0,0,0
2001,61725,3,1,0,0,0,0,0,0,0,0,0,0
2001,61726,1,1,0,0,0,0,0,0,0,0,0,0
2001,61727,1,1,0,0,0,0,0,0,0,0,0,0
2001,61727,2,1,18,8,0,13,15,9,16,18,9,4
2001,61728,0,1,0,0,0,0,0,0,0,0,0,0
2001,61728,1,1,0,0,0,9,0,0,0,0,0,0
2001,61729,1,1,19,19,19,19,19,19,19,19,19,19
2001,61730,1,1,0,0,0,0,0,0,0,0,0,0
2001,61730,2,1,0,0,0,0,0,0,0,0,0,0
2001,61731,1,1,0,0,10,0,5,0,0,0,0,0
2001,61731,2,1,13,13,13,13,13,13,13,13,13,13
2001,61732,1,1,17,17,17,17,17,17,17,17,17,17
2001,61733,1,1,0,0,0,0,0,0,0,0,0,0
2001,61733,2,1,0,0,0,0,0,0,0,0,0,0
2001,61734,1,1,31,31,31,31,31,31,31,31,31,31
2001,61735,1,1,5,5,5,5,5,5,5,5,5,5
2001,61736,1,1,0,0,0,0,0,0,0,0,0,0
2001,61737,1,1,0,0,0,0,0,0,0,0,0,0
2001,61738,1,1,0,0,0,0,0,0,0,0,0,0
2001,61739,1,1,0,0,0,0,0,0,0,0,0,0
2001,61739,2,1,0,0,0,0,0,0,0,0,0,0
2001,61740,1,1,27,27,27,27,27,27,27,27,27,27
2001,61740,2,1,0,0,0,0,0,0,0,0,0,0
2001,61741,1,1,0,0,0,0,0,0,0,0,0,0
2001,61742,1,1,1,1,1,1,1,1,1,1,1,1
2001,61743,1,1,24,15,17,0,3,4,13,13,18,16
2001,61744,1,1,29,29,29,29,29,29,29,29,29,29
2001,61744,2,1,0,0,0,0,0,0,0,0,0,0
2001,61745,1,1,0,0,0,0,0,0,0,0,0,0
2001,61746,1,1,0,0,0,0,0,0,0,0,0,0
2001,61746,2,1,0,0,0,0,0,0,0,0,7,0
2001,61747,1,1,0,24,0,0,0,23,13,13,21,26
2001,61748,1,1,24,24,24,24,24,24,24,24,24,24
2001,61749,1,1,0,0,0,0,0,0,0,0,0,0
2001,61749,2,1,0,0,0,0,0,0,0,0,0,0
2001,61750,0,1,0,0,0,0,0,0,0,0,0,0
2001,61750,1,1,0,0,0,0,0,0,0,0,0,0
2001,61751,1,1,0,0,0,0,0,0,0,0,0,0
2001,61752,1,1,16,16,16,16,16,16,16,16,16,16
2001,61753,1,1,19,19,19,19,19,19,19,19,19,19
2001,61754,1,1,0,0,0,0,0,0,0,0,0,0
2001,61754,2,1,0,0,0,0,0,0,0,0,0,0
2001,61755,0,1,32,32,32,32,32,32,32,32,32,32
2001,61755,1,1,0,0,17,16,0,0,0,0,0,0
2001,61756,1,1,29,29,29,29,29,29,29,29,29,29
2001,61757,0,1,0,0,0,0,0,0,0,0,0,0
2001,61757,1,1,0,0,0,26,22,20,20,15,0,25
2001,61758,1,1,0,0,0,0,0,0,0,0,0,0
2001,61759,1,1,0,0,0,0,0,0,0,0,0,0
2001,61760,1,1,0,0,0,0,0,0,0,0,0,0
2001,61761,0,1,0,0,0,0,0,0,0,0,0,0
2001,61761,1,1,0,0,0,0,0,0,0,0,0,0
2001,61762,1,1,15,15,15,15,15,15,15,15,15,15
2001,61763,1,1,0,0,0,0,0,0,0,0,0,0
2001,61764,1,1,15,0,0,0,0,15,14,12,0,0
2001,61765,1,1,0,0,0,0,0,0,0,0,0,0
2001,61765,2,1,0,0,0,0,0,0,0,0,0,0
2001,61766,0,1,0,0,0,0,0,0,0,0,0,0
2001,61766,1,1,8,0,0,0,0,0,0,0,0,0
2001,61767,0,1,9,9,9,9,9,9,9,9,9,9
2001,61767,1,1,21,0,0,0,0,0,15,27,3,0
2001,61768,1,1,0,0,0,0,0,0,0,0,0,0
2001,61769,1,1,0,0,0,0,0,0,0,0,0,0
2001,61769,2,1,0,0,0,0,0,0,0,0,12,0
2001,61770,1,1,9,9,9,9,9,9,9,9,9,9
2001,61771,0,1,8,8,8,8,8,8,8,8,8,8
2001,61771,1,1,0,0,0,0,0,0,0,0,0,8
2001,61772,1,1,32,0,25,0,0,0,26,0,0,0
2001,61772,2,1,15,15,15,15,15,15,15,15,15,15
2001,61773,1,1,0,0,0,0,0,0,0,0,0,0
2001,61774,0,1,0,0,0,0,0,0,0,0,0,0
2001,61774,0,2,0,0,0,0,0,0,0,0,0,0
2001,61774,1,1,15,8,40,6,25,0,28,15,14,9
2001,61775,0,1,0,0,0,0,0,0,0,0,0,0
2001,61775,1,1,0,0,0,0,0,0,0,0,0,0
2001,61776,1,1,0,0,0,0,0,0,0,0,0,0
2001,61776,2,1,0,0,0,0,0,0,0,0,0,0
2001,61777,0,1,0,0,0,0,0,0,0,0,0,0
2001,61777,1,1,12,12,12,12,12,12,12,12,12,12
2001,61777,2,1,0,0,0,0,3,0,0,0,0,0
2001,61777,3,1,0,0,0,0,0,0,0,0,11,0
2001,61778,1,1,8,8,8,8,8,8,8,8,8,8
2001,61779,0,1,31,31,31,31,31,31,31,31,31,31
2001,61779,1,1,0,0,0,0,0,0,0,0,0,0
2001,61780,1,1,0,0,0,0,0,0,0,0,0,0
2001,61780,2,1,0,0,0,0,0,0,0,0,0,0
2001,61781,1,1,18,18,18,18,18,18,18,18,18,18
2001,61781,2,1,0,0,0,0,0,0,0,0,0,0
2001,61781,3,1,0,0,0,0,0,0,0,0,0,0
2001,61782,1,1,21,21,21,21,21,21,21,21,21,21
2001,61783,1,1,0,0,0,0,0,0,0,0,0,0
2001,61784,1,1,0,0,0,0,0,0,0,0,0,0
2001,61785,1,1,26,26,26,26,26,26,26,26,26,26
2001,61785,2,1,0,0,0,17,18,0,0,0,0,0
2001,61786,1,1,19,19,19,19,19,19,19,19,19,19
2001,61787,1,1,20,20,20,20,20,20,20,20,20,20
2001,61787,2,1,0,0,0,0,0,0,0,0,0,0
2001,61788,1,1,0,0,0,0,0,0,0,0,0,0
2001,61789,1,1,0,0,0,0,0,0,0,0,0,0
2001,61789,2,1,0,0,0,0,0,0,0,0,0,0
2001,61790,1,1,5,5,5,5,5,5,5,5,5,5
2001,61791,1,1,20,20,20,20,20,20,20,20,20,20
2001,61792,1,1,0,0,0,0,0,0,0,0,0,0
2001,61793,1,1,22,22,22,22,22,22,22,22,22,22
2001,61794,1,1,18,18,18,18,18,18,18,18,18,18
2001,61794,2,1,41,0,5,0,15,0,39,4,0,0
2001,61795,1,1,3,3,3,3,3,3,3,3,3,3
2001,61796,1,1,0,0,0,0,0,0,0,0,0,0
2001,61796,2,1,0,0,0,0,0,0,0,0,0,0
2001,61797,1,1,0,0,0,0,0,0,0,0,0,0
2001,61797,2,1,0,0,27,0,0,10,0,0,0,13
2001,61798,1,1,23,23,23,23,23,23,23,23,23,23
2001,61799,1,1,0,0,0,0,0,0,0,0,0,0
2001,61800,1,1,0,0,0,0,0,0,0,0,0,0
2001,61801,1,1,24,24,24,24,24,24,24,24,24,24
2001,61802,1,1,0,0,0,0,0,0,0,0,0,0
2001,61803,1,1,18,18,18,18,18,18,18,18,18,18
2001,61803,2,1,0,0,0,0,0,0,0,0,0,0
2001,61804,0,1,0,0,23,0,0,0,0,0,0,0
2001,61804,1,1,0,0,0,0,0,0,0,0,0,0
2001,61805,1,1,14,30,25,12,16,0,16,19,14,0
2001,61806,1,1,22,22,22,22,22,22,22,22,22,22
2001,61807,1,1,8,8,8,8,8,8,8,8,8,8
2001,61808,1,1,11,0,0,3,0,10,10,13,8,14
2001,61808,2,1,0,0,0,0,0,0,0,0,0,0
2001,61809,1,1,0,0,0,0,0,0,0,0,0,0
2001,61809,2,1,0,0,0,0,0,10,0,0,0,0
2001,61809,3,1,0,0,0,0,0,0,0,0,9,0
2001,61810,0,1,0,0,0,0,0,0,0,0,0,0
2001,61810,1,1,0,0,0,0,0,0,0,0,0,0
2001,61811,1,1,24,3,0,0,0,0,17,0,0,0
2001,61812,1,1,0,0,14,0,0,0,0,0,0,0
2001,61813,1,1,17,17,17,17,17,17,17,17,17,17
2001,61814,1,1,20,20,20,20,20,20,20,20,20,20
2001,61815,1,1,0,0,0,0,0,0,0,0,0,0
2001,61815,2,1,0,0,0,0,0,0,0,0,0,0
2001,61816,0,1,0,0,0,0,0,0,0,0,0,0
2001,61816,1,1,0,0,0,0,0,0,0,0,0,0
2001,61817,1,1,0,0,0,0,0,0,0,0,0,0
2001,61817,2,1,0,0,0,0,0,0,0,0,0,0
2001,61818,1,1,0,0,0,0,0,0,0,0,0,0
2001,61819,1,1,17,17,17,17,17,17,17,17,17,17
2001,61820,1,1,0,0,0,0,0,0,0,0,0,0
2001,61820,2,1,0,0,0,0,0,0,0,0,0,0
2001,61821,1,1,0,0,0,0,0,0,0,0,0,0
2001,61821,2,1,0,0,0,0,0,0,0,0,0,0
2001,61822,0,1,2,2,2,2,2,2,2,2,2,2
2001,61822,1,1,0,0,0,0,0,0,0,0,0,0
2001,61822,2,1,0,0,0,0,0,0,0,0,0,0
2001,61823,1,1,13,13,13,13,13,13,13,13,13,13
2001,61824,1,1,0,0,0,0,0,0,0,0,0,0
2001,61825,0,1,29,17,36,22,18,21,5,0,27,15
2001,61825,1,1,0,0,0,0,0,0,0,0,0,0
2001,61826,1,1,21,21,21,21,21,21,21,21,21,21
2001,61827,1,1,0,0,0,20,0,0,0,0,0,0
2001,61828,1,1,21,21,21,21,21,21,21,21,21,21
2001,61828,2,1,0,0,0,0,0,0,0,0,0,0
2001,61829,1,1,0,0,0,0,0,0,0,0,0,0
2001,61829,2,1,0,0,0,0,0,0,0,0,0,0
2001,61830,1,1,0,0,0,0,0,0,0,0,0,0
2001,61831,1,1,18,18,18,18,18,18,18,18,18,18
2001,61832,1,1,17,17,17,17,17,17,17,17,17,17
2001,61833,1,1,22,22,22,22,22,22,22,22,22,22
2001,61834,1,1,0,0,0,0,0,0,0,0,0,0
2001,61835,1,1,0,0,0,0,0,0,0,0,0,0
2001,61835,2,1,0,0,0,0,0,0,0,0,0,0
2001,61836,1,1,0,0,0,0,0,0,0,0,0,0
2001,61836,2,1,0,0,0,0,0,0,0,0,0,0
2001,61837,1,1,0,0,0,0,0,0,0,0,0,0
2001,61838,1,1,0,0,0,0,0,0,0,0,0,0
2001,61838,2,1,0,0,0,0,0,0,0,0,0,0
2001,61838,3,1,0,5,0,0,15,0,0,0,19,0
2001,61839,1,1,0,0,0,0,0,0,0,0,0,0
2001,61840,1,1,0,0,0,0,0,0,0,0,0,0
2001,61840,2,1,0,0,0,0,0,0,0,0,0,0
2001,61841,1,1,0,0,0,0,0,0,0,0,0,0
2001,61841,2,1,0,0,0,0,0,0,0,0,0,0
2001,61842,0,1,0,0,0,0,0,0,0,0,0,0
2001,61842,1,1,0,0,0,0,0,0,0,0,27,0
2001,61843,0,1,23,23,23,23,23,23,23,23,23,23
2001,61843,1,1,0,0,0,0,0,0,0,0,0,0
2001,61844,1,1,0,0,0,0,0,0,0,0,0,0
2001,61845,1,1,0,0,0,0,0,8,19,0,11,0
2001,61845,2,1,0,0,0,0,0,0,0,0,0,0
2001,61845,3,1,0,10,23,0,4,0,0,0,0,0
2001,61845,4,1,0,0,0,0,0,0,0,0,0,14
2001,61846,1,1,0,0,0,0,0,0,0,0,0,0
2001,61846,2,1,0,0,0,0,0,0,0,0,0,0
2001,61847,0,1,0,0,0,0,0,0,0,0,0,0
2001,61847,1,1,22,0,0,0,0,0,10,0,0,0
2001,61848,1,1,18,18,18,18,18,18,18,18,18,18
2001,61848,2,1,0,0,0,0,0,0,0,0,0,0
2001,61849,1,1,0,8,0,15,22,0,12,0,0,34
2001,61850,1,1,28,28,28,28,28,28,28,28,28,28
2001,61851,0,1,0,0,0,0,0,0,0,0,0,0
2001,61851,0,2,0,0,0,0,0,0,0,0,0,0
2001,61851,1,1,0,0,0,0,15,0,0,8,0,8
2001,61852,1,1,0,0,0,0,0,0,0,0,0,0
2001,61852,2,1,0,0,0,0,0,0,0,0,0,0
2001,61853,1,1,28,28,28,28,28,28,28,28,28,28
2001,61854,1,1,0,0,0,0,0,0,0,0,0,0
2001,61855,1,1,0,0,0,0,0,23,0,0,0,0
2001,61855,2,1,0,0,0,0,0,0,0,0,0,0
2001,61855,3,1,0,0,0,0,0,0,0,0,0,0
2001,61856,0,1,0,0,0,0,0,0,0,0,0,0
2001,61856,1,1,0,0,0,0,9,0,0,0,0,0
2001,61857,1,1,16,22,7,6,0,10,0,0,11,0
2001,61857,3,1,0,0,20,0,0,0,0,0,0,0
2001,61857,4,1,0,0,0,0,21,0,0,0,0,19
2001,61858,1,1,17,0,22,30,0,0,0,14,19,0
2001,61859,1,1,9,9,9,9,9,9,9,9,9,9
2001,61859,2,1,0,0,0,0,0,0,0,0,0,0
2001,61859,3,1,0,0,0,0,0,0,0,0,0,0
2001,61860,1,1,17,17,17,17,17,17,17,17,17,17
2001,61861,1,1,24,24,24,24,24,24,24,24,24,24
2001,61861,2,1,0,0,0,0,0,0,0,0,0,0
2001,61862,1,1,21,21,21,21,21,21,21,21,21,21
2001,61863,1,1,26,26,26,26,26,26,26,26,26,26
2001,61864,1,1,0,0,0,0,0,0,0,0,0,0
2001,61865,1,1,0,0,0,0,0,0,0,0,0,0
2001,61866,1,1,0,0,0,0,0,0,0,0,0,0
2001,61866,2,1,0,0,0,0,0,0,0,0,0,0
2001,61867,1,1,2,2,2,2,2,2,2,2,2,2
2001,61868,0,1,6,6,6,6,6,6,6,6,6,6
2001,61868,1,1,0,0,0,0,0,0,0,0,0,0
2001,61869,1,1,0,0,0,0,0,0,0,0,0,0
2001,61869,2,1,0,0,0,0,0,0,0,0,0,0
2001,61869,3,1,0,0,0,0,0,0,0,0,0,0
2001,61870,1,1,0,0,0,0,0,0,0,0,0,0
2001,61871,1,1,0,0,0,0,0,0,0,0,0,0
2001,61871,2,1,0,0,0,0,0,0,0,0,0,0
2001,61872,1,1,0,0,0,0,0,0,0,0,0,0
2001,61873,1,1,0,0,0,0,0,0,0,0,0,0
2001,61873,2,1,0,0,0,0,0,0,0,0,0,0
2001,61874,1,1,0,0,0,0,0,0,0,0,0,0
2001,61875,1,1,27,27,27,27,27,27,27,27,27,27
2001,61875,2,1,0,0,0,0,0,0,0,0,0,0
2001,61876,1,1,0,0,0,0,0,0,0,0,0,0
2001,61876,2,1,0,0,0,0,0,0,0,0,0,0
2001,61877,1,1,2,2,2,2,2,2,2,2,2,2
2001,61877,2,1,0,0,0,0,0,0,0,0,0,0
2001,61878,1,1,20,20,20,20,20,20,20,20,20,20
2001,61879,0,1,0,0,0,0,0,0,0,0,0,0
2001,61879,1,1,0,0,0,0,5,0,0,0,0,0
2001,61880,1,1,0,11,33,24,13,11,0,16,24,20
2001,61881,1,1,1,1,1,1,1,1,1,1,1,1
2001,61881,2,1,0,0,0,0,0,0,0,0,0,0
2001,61882,0,1,17,17,17,17,17,17,17,17,17,17
2001,61882,1,1,0,0,0,0,0,0,15,0,0,0
2001,61883,1,1,0,0,0,0,0,2,0,0,0,0
2001,61883,2,1,0,0,0,0,0,0,0,0,0,0
2001,61884,1,1,0,0,0,0,0,0,0,0,0,0
2001,61884,2,1,0,0,0,0,0,0,0,0,0,0
2001,61885,1,1,5,5,5,5,5,5,5,5,5,5
2001,61885,2,1,0,0,0,0,0,0,0,0,0,0
2001,61886,0,1,10,0,0,0,0,15,21,0,25,0
2001,61886,1,1,0,0,0,0,0,0,0,7,14,0
2001,61886,2,1,0,0,0,16,0,6,0,0,0,0
2001,61886,3,1,0,22,10,4,10,0,13,0,0,0
2001,61886,4,1,0,0,8,20,0,11,0,23,0,0
2001,61886,5,1,0,0,0,0,0,0,0,0,0,0
2001,61886,6,1,0,0,0,0,0,0,0,0,0,0
2001,61886,7,1,0,0,0,7,0,16,0,0,0,0
2001,61887,1,1,18,18,18,18,18,18,18,18,18,18
2001,61888,1,1,0,0,0,0,0,0,0,0,0,0
2001,61888,2,1,0,0,0,0,0,0,0,0,0,0
2001,61888,3,1,0,0,0,0,0,0,0,0,0,0
2001,61889,1,1,7,7,7,7,7,7,7,7,7,7
2001,61890,1,1,10,0,0,14,0,29,18,0,25,6
2001,61891,1,1,2,2,2,2,2,2,2,2,2,2
2001,61892,1,1,0,0,0,0,0,0,0,0,0,0
2001,61892,2,1,0,0,0,0,0,0,0,0,0,0
2001,61893,1,1,0,0,0,0,0,0,0,0,0,0
2001,61894,1,1,0,0,0,0,0,0,0,0,0,0
2001,61894,2,1,0,7,2,0,0,0,0,22,0,0
2001,61894,3,1,0,0,0,0,0,0,0,0,0,0
2001,61895,1,1,0,0,0,0,0,0,0,0,0,0
2001,61896,1,1,0,0,0,0,0,0,0,0,0,0
2001,61896,2,1,0,0,0,0,0,0,12,0,0,0
2001,61897,0,1,0,0,0,0,0,0,0,0,0,0
2001,61897,1,1,0,0,0,0,0,0,0,0,0,0
2001,61898,0,1,0,0,25,0,0,0,15,0,0,0
2001,61898,1,1,0,0,0,0,0,0,0,0,0,0
2001,61899,1,1,0,0,0,0,0,0,0,0,0,0
2001,61899,2,1,0,0,0,0,0,0,0,0,0,0
2001,61900,1,1,0,0,0,0,0,0,0,0,0,0
2001,61901,1,1,15,15,15,15,15,15,15,15,15,15
2001,61901,2,1,0,0,0,0,0,0,0,0,0,0
2001,61901,3,1,0,0,0,0,18,0,0,0,0,0
2001,61901,4,1,0,0,0,0,0,0,0,0,0,0
2001,61902,1,1,60,60,60,60,60,60,60,60,60,60
2001,61902,2,1,0,0,0,0,4,0,0,0,0,0
2001,61903,1,1,0,0,0,0,0,0,0,0,0,0
2001,61903,2,1,0,0,0,0,0,0,0,0,0,0
2001,61904,1,1,0,0,0,0,0,0,0,0,0,0
2001,61904,2,1,0,0,0,0,0,0,0,0,0,0
2001,61905,1,1,15,15,15,15,15,15,15,15,15,15
2001,61906,0,1,0,0,0,0,0,0,0,0,0,0
2001,61906,1,1,0,0,0,0,0,0,0,0,0,0
2001,61907,1,1,0,0,0,0,0,16,0,12,0,0
2001,61908,1,1,0,0,0,0,0,6,0,0,0,0
2001,61909,0,1,0,0,0,0,0,0,0,0,0,0
2001,61909,1,1,0,0,0,0,0,0,0,0,0,0
2001,61910,0,1,24,24,24,24,24,24,24,24,24,24
2001,61910,1,1,0,0,0,0,0,0,0,0,0,0
2001,61910,2,1,0,0,0,0,0,0,0,16,0,0
2001,61911,1,1,0,0,0,0,0,0,0,0,0,0
2001,61911,2,1,0,0,0,0,0,0,0,0,0,0
2001,61912,1,1,0,0,0,0,0,0,10,0,0,0
2001,61913,1,1,0,0,0,0,0,0,0,0,0,0
2001,61913,2,1,16,16,16,16,16,16,16,16,16,16
2001,61914,1,1,25,25,25,25,25,25,25,25,25,25
2001,61914,2,1,0,0,12,0,0,0,0,0,0,0
2001,61914,3,1,0,0,0,0,0,0,25,0,0,0
2001,61915,1,1,0,0,0,0,0,0,0,0,0,0
2001,61915,2,1,0,0,0,14,0,0,0,0,0,0
2001,61916,0,1,0,0,0,0,0,0,0,0,0,0
2001,61916,1,1,0,0,0,0,0,0,0,0,0,0
2001,61917,0,1,0,0,0,0,0,0,0,0,0,0
2001,61917,1,1,0,0,0,12,0,8,0,0,0,0
2001,61917,2,1,27,0,0,0,0,0,0,0,0,0
2001,61918,1,1,0,0,0,0,0,0,0,0,0,0
2001,61919,1,1,0,0,0,0,0,0,0,0,0,0
2001,61919,2,1,0,0,0,0,0,0,0,0,0,0
2001,61919,3,1,0,0,0,0,0,0,0,0,0,0
2001,61920,0,1,28,28,28,28,28,28,28,28,28,28
2001,61920,1,1,0,0,0,0,0,0,0,0,0,0
2001,61921,1,1,0,0,0,0,0,0,0,0,0,0
2001,61922,1,1,0,0,0,0,0,0,0,0,0,0
2001,61922,2,1,0,0,0,0,0,0,0,0,0,0
2001,61923,0,1,0,0,0,0,0,0,0,0,0,0
2001,61923,1,1,0,0,0,0,0,0,0,0,0,0
2001,61924,1,1,25,25,25,25,25,25,25,25,25,25
2001,61924,2,1,0,0,0,0,0,0,0,0,0,0
2001,61924,3,1,0,0,0,0,0,0,0,0,0,0
2001,61925,1,1,10,12,0,0,0,17,0,0,0,0
2001,61926,1,1,15,15,15,15,15,15,15,15,15,15