YEAR,st_case,veh_no,per_no,P1,P2,P3,P4,P5,P6,P7,P8,P9,P10
2001,62481,2,1,0,0,0,0,0,0,0,0,0,0
2001,62482,1,1,0,0,0,0,0,0,0,0,0,0
2001,62483,1,1,0,0,0,0,0,0,0,0,0,0
2001,62483,2,1,0,0,0,0,0,0,0,0,0,0
2001,62483,3,1,0,0,0,0,0,0,0,0,0,0
2001,62483,4,1,0,0,0,0,0,0,0,0,0,0
2001,62484,1,1,18,18,18,18,18,18,18,18,18,18
2001,62485,1,1,10,10,10,10,10,10,10,10,10,10
2001,62486,0,1,0,0,0,0,0,0,0,0,0,0
2001,62486,1,1,0,0,0,0,0,0,0,0,0,0
2001,62486,2,1,0,0,0,0,0,0,0,0,0,0
2001,62487,0,1,0,0,0,0,0,0,0,0,0,0
2001,62487,1,1,0,0,0,0,0,0,0,0,0,0
2001,62488,1,1,24,24,24,24,24,24,24,24,24,24
2001,62488,2,1,8,8,8,8,8,8,8,8,8,8
2001,62489,0,1,0,0,0,0,0,0,0,0,0,0
2001,62489,1,1,0,0,0,0,0,0,0,0,0,0
2001,62490,0,1,0,0,0,0,31,0,0,0,25,0
2001,62490,1,1,0,0,14,12,17,0,0,0,13,8
2001,62491,0,1,0,0,0,0,0,0,0,0,0,0
2001,62491,1,1,0,0,0,0,0,0,0,0,0,0
2001,62492,0,1,14,14,14,14,14,14,14,14,14,14
2001,62492,1,1,0,0,0,0,0,0,0,0,0,0
2001,62493,1,1,0,0,0,0,0,0,0,0,0,0
2001,62493,2,1,0,0,0,0,0,0,0,0,0,0
2001,62493,3,1,0,0,0,0,0,0,0,0,0,4
2001,62493,4,1,0,0,0,0,0,0,0,0,0,0
2001,62493,5,1,0,0,0,0,0,0,0,0,0,0
2001,62493,6,1,0,0,0,0,0,0,0,0,0,0
2001,62493,7,1,0,0,0,0,0,0,0,0,0,0
2001,62494,1,1,0,0,0,0,0,0,0,0,0,0
2001,62495,1,1,0,0,0,0,0,0,0,0,0,0
2001,62496,1,1,0,0,0,0,0,0,0,0,0,0
2001,62497,1,1,0,0,0,0,0,0,0,0,0,0
2001,62498,1,1,0,0,0,4,0,0,0,0,0,17
2001,62499,1,1,0,0,0,0,0,0,0,0,0,0
2001,62500,0,1,17,17,17,17,17,17,17,17,17,17
2001,62500,1,1,0,0,0,0,0,0,0,0,0,0
2001,62501,1,1,0,0,0,0,0,0,0,0,0,0
2001,62502,1,1,2,2,2,2,2,2,2,2,2,2
2001,62503,1,1,0,0,0,0,8,0,0,0,19,0
2001,62504,0,1,0,0,0,0,0,0,0,0,0,0
2001,62504,1,1,0,0,0,0,0,0,0,0,0,0
2001,62505,1,1,5,17,0,8,13,13,10,35,26,18
2001,62506,1,1,0,0,0,0,0,0,0,0,0,0
2001,62507,1,1,0,0,0,0,0,0,0,0,0,0
2001,62507,2,1,0,0,0,0,0,0,0,0,0,0
2001,62508,1,1,20,28,25,15,0,4,25,16,10,24
2001,62508,2,1,11,11,11,11,11,11,11,11,11,11
2001,62509,1,1,0,26,10,14,0,25,11,0,0,20
2001,62510,0,1,0,0,0,0,0,0,0,0,0,0
2001,62510,0,2,0,0,23,4,10,0,0,0,1,7
2001,62510,1,1,11,12,2,14,0,4,5,4,0,16
2001,62511,1,1,0,0,0,0,0,0,0,0,0,0
2001,62511,2,1,0,0,0,0,0,0,0,0,0,0
2001,62512,1,1,0,0,0,0,0,0,0,0,0,0
2001,62512,2,1,0,0,0,0,0,0,0,0,0,0
2001,62513,1,1,0,0,0,0,0,0,0,0,0,0
2001,62514,1,1,0,0,0,0,13,0,0,0,0,0
2001,62514,2,1,0,0,0,0,23,0,0,0,0,0
2001,62514,3,1,0,0,0,0,0,0,0,0,0,0
2001,62514,4,1,0,0,0,0,0,0,0,0,0,0
2001,62515,1,1,0,0,0,0,0,0,0,0,0,0
2001,62516,1,1,26,26,26,26,26,26,26,26,26,26
2001,62516,2,1,0,0,0,0,0,0,0,0,0,0
2001,62517,1,1,0,0,0,0,0,0,0,0,0,0
2001,62517,2,1,0,0,0,11,0,0,0,0,0,0
2001,62517,3,1,0,8,0,0,0,0,0,0,0,0
2001,62518,1,1,0,0,0,0,0,0,0,0,0,0
2001,62519,1,1,20,21,22,0,9,6,18,16,22,27
2001,62520,0,1,0,0,0,0,0,0,0,0,0,0
2001,62520,1,1,0,0,0,0,0,0,0,0,0,0
2001,62521,1,1,19,19,19,19,19,19,19,19,19,19
2001,62522,1,1,0,0,0,0,0,0,0,0,0,0
2001,62522,2,1,0,0,0,0,0,0,0,0,0,0
2001,62523,1,1,0,0,0,0,0,0,0,0,0,0
2001,62523,2,1,0,0,0,0,0,0,0,0,0,0
2001,62524,1,1,29,29,29,29,29,29,29,29,29,29
2001,62524,2,1,2,2,2,2,2,2,2,2,2,2
2001,62524,3,1,0,0,0,0,0,0,18,0,0,0
2001,62525,0,1,0,0,0,0,0,0,0,0,0,0
2001,62525,1,1,17,17,17,17,17,17,17,17,17,17
2001,62526,1,1,0,0,0,0,0,0,0,0,0,0
2001,62526,2,1,0,0,0,0,0,0,0,0,0,0
2001,62527,1,1,0,5,0,0,0,0,0,0,0,0
2001,62528,1,1,31,19,17,31,13,18,19,12,5,4
2001,62528,2,1,0,0,0,0,0,0,0,0,0,0
2001,62528,3,1,0,0,0,0,0,0,0,0,7,0
2001,62529,1,1,25,25,25,25,25,25,25,25,25,25
2001,62530,1,1,0,0,0,0,0,0,0,0,0,0
2001,62530,2,1,0,0,0,0,0,0,0,0,0,0
2001,62531,1,1,2,2,2,2,2,2,2,2,2,2
2001,62532,1,1,0,0,0,0,0,0,0,0,0,0
2001,62533,0,1,0,0,0,0,0,0,0,0,0,0
2001,62533,1,1,4,13,0,0,0,19,0,7,0,5
2001,62534,1,1,11,11,11,11,11,11,11,11,11,11
2001,62535,0,1,0,0,0,0,0,0,0,0,0,0
2001,62535,1,1,0,0,0,0,0,0,0,0,0,0
2001,62536,1,1,8,8,8,8,8,8,8,8,8,8
2001,62537,1,1,14,19,8,17,29,9,6,22,10,21
2001,62538,1,1,0,0,0,0,0,0,0,0,0,0
2001,62538,2,1,0,0,0,0,0,0,0,0,0,0
2001,62539,1,1,0,0,0,0,0,0,0,0,0,0
2001,62540,0,1,30,29,0,0,0,40,0,11,12,0
2001,62540,1,1,0,0,0,0,0,0,0,0,0,0
2001,62541,1,1,0,0,0,0,0,0,0,0,0,0
2001,62542,1,1,3,3,3,3,3,3,3,3,3,3
2001,62543,1,1,9,9,9,9,9,9,9,9,9,9
2001,62544,0,1,0,0,0,0,0,0,0,0,0,0
2001,62544,1,1,0,0,0,0,0,0,0,0,0,0
2001,62545,1,1,10,10,10,10,10,10,10,10,10,10
2001,62545,2,1,0,0,0,0,0,0,0,0,0,0
2001,62546,1,1,0,0,0,0,0,0,0,0,0,0
2001,62546,2,1,0,0,0,0,0,0,0,0,0,0
2001,62547,1,1,7,7,7,7,7,7,7,7,7,7
2001,62548,1,1,0,0,0,0,0,0,0,0,0,0
2001,62549,1,1,0,0,0,0,0,0,0,0,0,0
2001,62549,2,1,0,0,0,0,0,0,0,0,0,0
2001,62549,3,1,0,0,0,0,0,0,0,0,0,0
2001,62549,4,1,0,0,0,0,0,0,0,0,0,0
2001,62550,1,1,17,18,23,9,9,13,8,6,18,16
2001,62550,2,1,0,0,0,0,0,0,0,0,0,0
2001,62551,1,1,20,20,20,20,20,20,20,20,20,20
2001,62552,0,1,20,20,20,20,20,20,20,20,20,20
2001,62552,1,1,0,0,0,0,0,0,0,0,0,0
2001,62553,1,1,0,0,0,0,0,0,0,0,0,0
2001,62553,2,1,0,0,0,0,0,0,7,0,0,0
2001,62553,3,1,0,0,0,0,0,0,10,0,0,0
2001,62554,1,1,0,0,0,0,0,0,0,0,0,0
2001,62554,2,1,0,0,0,0,0,0,0,0,0,0
2001,62555,1,1,0,0,0,0,0,0,0,0,0,0
2001,62555,2,1,0,0,0,0,0,0,0,0,0,0
2001,62556,1,1,0,0,6,19,20,26,0,0,11,0
2001,62557,1,1,0,0,0,0,0,0,0,0,0,0
2001,62558,0,1,32,32,32,32,32,32,32,32,32,32
2001,62558,1,1,15,15,15,15,15,15,15,15,15,15
2001,62559,1,1,0,0,0,0,0,0,0,0,0,0
2001,62559,2,1,0,0,0,0,0,0,0,0,0,0
2001,62560,0,1,0,0,0,0,0,0,0,0,0,0
2001,62560,0,2,0,0,0,0,14,11,0,0,0,36
2001,62560,1,1,0,0,0,0,0,0,0,0,0,0
2001,62561,0,1,16,16,16,16,16,16,16,16,16,16
2001,62561,1,1,0,0,0,0,9,0,0,0,19,0
2001,62562,1,1,18,18,18,18,18,18,18,18,18,18
2001,62563,1,1,0,0,0,0,0,0,0,0,0,0
2001,62564,1,1,13,13,13,13,13,13,13,13,13,13
2001,62565,0,1,0,0,0,0,0,0,0,0,0,0
2001,62565,1,1,0,0,0,0,0,0,0,0,0,0
2001,62566,0,1,0,0,0,0,0,0,0,0,0,0
2001,62566,1,1,0,0,0,0,0,0,0,0,0,0
2001,62567,0,1,14,14,14,14,14,14,14,14,14,14
2001,62567,1,1,0,0,0,0,0,0,0,0,7,0
2001,62568,1,1,0,0,0,0,0,0,0,0,0,0
2001,62568,2,1,0,0,0,0,0,0,0,0,0,0
2001,62569,0,1,0,0,13,0,0,0,0,0,0,0
2001,62569,0,2,0,0,0,0,20,0,0,0,0,0
2001,62569,1,1,7,0,0,0,0,0,0,0,0,0
2001,62570,1,1,27,27,27,27,27,27,27,27,27,27
2001,62571,1,1,0,0,0,0,0,0,0,0,0,0
2001,62571,2,1,0,0,0,0,0,0,0,0,0,0
2001,62571,3,1,0,0,0,0,0,0,0,0,0,0
2001,62572,1,1,0,0,0,0,0,0,0,0,0,0
2001,62572,2,1,16,29,0,26,23,3,51,4,19,11
2001,62572,3,1,12,0,0,0,0,0,0,0,19,0
2001,62573,1,1,0,0,0,0,0,0,0,0,0,0
2001,62573,2,1,0,0,0,0,0,0,0,0,0,0
2001,62574,1,1,0,0,0,0,0,0,0,0,0,0
2001,62574,2,1,0,0,0,0,0,0,0,0,0,0
2001,62575,1,1,0,0,0,0,0,0,0,0,0,0
2001,62575,2,1,0,0,0,0,0,0,0,0,0,0
2001,62575,3,1,0,0,9,0,0,0,0,0,0,0
2001,62576,1,1,0,0,0,0,0,0,0,0,0,0
2001,62576,2,1,15,15,15,15,15,15,15,15,15,15
2001,62577,0,1,0,0,0,0,0,0,0,0,0,0
2001,62577,1,1,0,0,0,0,0,0,0,0,0,0
2001,62577,2,1,0,0,0,0,21,10,21,12,15,0
2001,62578,1,1,8,0,0,0,0,0,0,25,0,0
2001,62579,1,1,18,0,0,0,0,0,22,0,0,0
2001,62579,2,1,0,0,0,0,0,0,0,0,0,0
2001,62579,3,1,0,0,0,0,0,0,0,0,0,0
2001,62579,4,1,0,0,0,0,0,0,0,0,0,0
2001,62579,5,1,0,0,0,0,0,0,0,0,0,0
2001,62579,6,1,0,0,0,0,0,0,0,0,0,5
2001,62580,1,1,0,0,0,0,0,0,0,0,0,0
2001,62581,1,1,0,0,22,0,0,13,0,0,0,0
2001,62582,0,1,0,0,0,0,0,0,0,0,0,0
2001,62582,1,1,0,0,0,0,0,0,0,0,0,0
2001,62583,1,1,0,0,0,0,0,4,10,27,0,0
2001,62584,1,1,17,17,17,17,17,17,17,17,17,17
2001,62585,1,1,2,2,2,2,2,2,2,2,2,2
2001,62585,2,1,0,0,0,0,0,0,7,0,0,0
2001,62586,1,1,2,2,2,2,2,2,2,2,2,2
2001,62586,2,1,0,0,0,0,0,0,0,0,0,0
2001,62586,3,1,0,0,6,0,0,0,0,0,0,0
2001,62587,1,1,26,26,26,26,26,26,26,26,26,26
2001,62588,1,1,0,0,0,0,0,0,0,0,0,0
2001,62588,2,1,0,0,0,0,0,0,0,0,0,0
2001,62588,3,1,0,0,0,0,0,0,0,0,0,0
2001,62589,1,1,0,0,0,0,0,0,0,0,0,0
2001,62589,2,1,0,0,0,17,0,0,0,0,0,0
2001,62590,1,1,0,0,0,0,0,0,0,0,0,0
2001,62590,2,1,0,0,0,0,0,0,0,0,0,0
2001,62591,0,1,26,26,26,26,26,26,26,26,26,26
2001,62591,1,1,0,7,0,0,0,0,0,8,0,0
2001,62592,0,1,0,0,0,0,0,0,0,0,0,0
2001,62592,1,1,0,17,0,11,0,5,0,5,16,0
2001,62593,1,1,0,0,0,0,0,0,0,0,0,0
2001,62594,1,1,19,19,19,19,19,19,19,19,19,19
2001,62595,1,1,0,0,0,0,0,0,0,0,0,0
2001,62596,1,1,19,19,19,19,19,19,19,19,19,19
2001,62597,1,1,0,0,0,0,0,0,0,0,0,0
2001,62597,2,1,0,0,0,0,0,0,0,0,0,0
2001,62598,1,1,0,0,0,0,0,0,0,0,0,0
2001,62598,2,1,0,0,0,0,0,0,0,0,0,0
2001,62599,1,1,0,0,0,0,0,0,0,0,0,0
2001,62599,2,1,0,0,5,0,0,0,0,0,0,0
2001,62600,1,1,0,0,0,0,0,0,0,0,0,0
2001,62600,2,1,0,0,0,0,0,0,0,0,0,0
2001,62601,1,1,0,0,0,0,0,0,0,0,0,0
2001,62601,2,1,0,0,0,0,0,0,0,0,0,0
2001,62602,1,1,0,0,0,0,0,0,0,0,0,0
2001,62602,2,1,0,0,0,0,0,0,0,0,0,0
2001,62603,1,1,0,0,0,0,0,0,0,12,0,0
2001,62603,2,1,0,25,0,0,0,0,0,11,0,0
2001,62604,1,1,28,28,28,28,28,28,28,28,28,28
2001,62604,2,1,0,0,0,0,0,0,0,0,0,0
2001,62605,1,1,0,0,0,0,0,0,0,0,0,0
2001,62606,0,1,0,0,0,0,0,0,0,0,0,0
2001,62606,1,1,0,0,0,0,0,0,0,0,0,0
2001,62607,1,1,0,0,0,0,0,0,0,0,21,0
2001,62607,2,1,2,2,2,2,2,2,2,2,2,2
2001,62607,3,1,0,0,0,0,0,0,0,0,0,0
2001,62608,1,1,0,0,0,0,0,0,0,0,0,0
2001,62609,1,1,6,6,6,6,6,6,6,6,6,6
2001,62609,2,1,18,18,18,18,18,18,18,18,18,18
2001,62610,1,1,8,8,8,8,8,8,8,8,8,8
2001,62610,2,1,4,4,4,4,4,4,4,4,4,4
2001,62611,0,1,0,0,0,0,0,0,0,0,0,0
2001,62611,1,1,3,3,3,3,3,3,3,3,3,3
2001,62612,1,1,0,20,0,7,5,10,8,29,10,3
2001,62612,2,1,0,0,0,0,0,0,0,0,0,0
2001,62613,1,1,0,0,0,0,0,0,0,0,0,0
2001,62613,2,1,0,0,0,0,0,0,0,0,0,0
2001,62614,1,1,21,21,21,21,21,21,21,21,21,21
2001,62615,0,1,0,0,0,0,0,0,0,0,0,0
2001,62615,1,1,0,0,0,0,0,0,0,0,0,0
2001,62616,1,1,9,9,9,9,9,9,9,9,9,9
2001,62617,1,1,0,0,0,0,0,0,0,0,0,0
2001,62618,1,1,0,0,0,0,0,0,0,0,0,0
2001,62619,0,1,0,0,0,0,0,0,0,0,0,0
2001,62619,1,1,0,0,0,0,0,0,9,0,0,0
2001,62620,0,1,0,0,0,0,0,0,0,0,0,0
2001,62620,1,1,0,0,2,0,6,0,0,20,0,0
2001,62621,0,1,0,0,0,0,0,0,0,0,0,0
2001,62621,1,1,0,0,0,0,0,0,0,0,0,0
2001,62622,1,1,0,0,0,0,0,0,0,0,0,0
2001,62622,2,1,0,0,0,13,0,0,0,0,0,0
2001,62623,1,1,0,0,0,0,0,0,0,0,0,0
2001,62623,2,1,0,0,0,0,0,0,6,0,0,0
2001,62624,1,1,0,0,0,0,0,0,0,0,0,0
2001,62625,1,1,0,0,0,0,0,0,0,0,0,0
2001,62625,2,1,0,0,0,0,0,0,0,0,0,0
2001,62626,1,1,23,23,23,23,23,23,23,23,23,23
2001,62627,1,1,9,9,9,9,9,9,9,9,9,9
2001,62628,1,1,9,9,9,9,9,9,9,9,9,9
2001,62629,1,1,9,23,26,10,12,17,0,0,0,10
2001,62630,1,1,14,14,14,14,14,14,14,14,14,14
2001,62631,1,1,0,0,0,0,0,0,0,0,0,0
2001,62632,1,1,21,21,21,21,21,21,21,21,21,21
2001,62633,1,1,0,4,7,5,14,2,15,23,2,10
2001,62634,0,1,0,0,0,0,0,0,0,0,0,0
2001,62634,1,1,0,0,0,0,0,0,0,0,0,0
2001,62634,2,1,0,0,0,0,0,0,0,0,0,0
2001,62635,1,1,0,0,0,0,0,0,0,0,0,0
2001,62635,2,1,0,0,0,0,0,0,0,0,0,0
2001,62635,3,1,2,8,0,20,0,10,15,32,6,0
2001,62636,1,1,0,0,0,0,0,0,0,0,0,0
2001,62636,2,1,0,0,0,0,0,0,0,0,0,0
2001,62637,0,1,7,7,7,7,7,7,7,7,7,7
2001,62637,1,1,0,0,0,0,0,0,0,0,0,0
2001,62638,0,1,0,0,0,0,0,0,0,0,0,0
2001,62638,1,1,0,0,0,0,0,0,0,0,0,0
2001,62638,2,1,0,0,0,0,18,0,0,0,0,0
2001,62639,0,1,0,0,0,0,0,0,0,0,0,0
2001,62639,1,1,25,25,25,25,25,25,25,25,25,25
2001,62640,1,1,20,20,20,20,20,20,20,20,20,20
2001,62640,2,1,0,0,0,0,0,0,0,0,0,0
2001,62641,0,1,24,24,24,24,24,24,24,24,24,24
2001,62641,1,1,0,0,0,0,0,11,0,0,9,0
2001,62642,1,1,0,0,0,0,0,0,0,0,0,0
2001,62642,2,1,0,0,0,0,0,0,0,0,0,0
2001,62643,1,1,27,27,27,27,27,27,27,27,27,27
2001,62644,1,1,0,0,0,0,0,0,0,0,0,0
2001,62644,2,1,0,0,0,0,0,0,0,0,0,16
2001,62645,0,1,0,0,0,0,0,0,0,0,0,0
2001,62645,1,1,0,0,0,0,0,0,0,0,0,0
2001,62646,1,1,10,10,10,10,10,10,10,10,10,10
2001,62647,0,1,31,31,31,31,31,31,31,31,31,31
2001,62647,1,1,6,6,6,6,6,6,6,6,6,6
2001,62648,1,1,10,10,10,10,10,10,10,10,10,10
2001,62649,1,1,0,0,0,0,0,0,0,0,0,0
2001,62650,1,1,13,13,13,13,13,13,13,13,13,13
2001,62651,1,1,0,0,0,0,0,0,0,0,0,0
2001,62652,1,1,0,0,0,0,0,0,0,0,0,0
2001,62652,2,1,0,0,0,0,0,0,0,0,0,0
2001,62652,3,1,0,0,4,0,0,0,0,0,0,0
2001,62653,1,1,0,0,0,0,0,0,0,0,0,0
2001,62654,1,1,19,19,19,19,19,19,19,19,19,19
2001,62654,2,1,0,0,7,0,0,0,0,0,0,0
2001,62655,1,1,0,0,0,0,0,0,0,0,0,0
2001,62655,2,1,2,2,2,2,2,2,2,2,2,2
2001,62656,0,1,0,0,0,0,0,0,0,0,0,0
2001,62656,1,1,28,28,28,28,28,28,28,28,28,28
2001,62657,1,1,7,7,7,7,7,7,7,7,7,7
2001,62657,2,1,2,2,2,2,2,2,2,2,2,2
2001,62658,1,1,0,0,0,0,0,0,0,0,0,0
2001,62658,2,1,0,0,0,0,0,0,0,0,0,0
2001,62659,1,1,0,0,0,0,0,0,0,0,0,0
2001,62659,2,1,0,0,0,0,0,0,0,0,0,0
2001,62660,1,1,0,0,0,0,0,0,0,0,0,0
2001,62660,2,1,0,0,0,0,0,0,0,0,0,0
2001,62661,1,1,0,0,0,0,0,0,0,0,0,0
2001,62661,2,1,0,0,0,0,0,0,0,0,0,0
2001,62662,1,1,0,0,0,0,0,0,0,0,0,0
2001,62663,1,1,0,0,0,0,0,0,0,0,0,0
2001,62664,1,1,18,18,18,18,18,18,18,18,18,18
2001,62664,2,1,0,0,0,0,0,0,11,0,17,7
2001,62665,1,1,30,30,30,30,30,30,30,30,30,30
2001,62665,2,1,0,0,0,0,0,0,0,0,0,0
2001,62666,1,1,20,20,20,20,20,20,20,20,20,20
2001,62666,2,1,6,0,16,8,0,0,15,18,7,0
2001,62667,1,1,0,0,0,0,0,0,0,0,0,0
2001,62668,1,1,0,0,0,0,0,0,0,0,0,0
2001,62669,1,1,20,20,20,20,20,20,20,20,20,20
2001,62670,1,1,0,0,0,0,0,0,0,0,0,0
2001,62671,1,1,7,7,7,7,7,7,7,7,7,7
2001,62671,2,1,0,0,0,0,0,0,0,0,0,0
2001,62671,3,1,0,0,0,0,0,0,0,0,0,0
2001,62672,1,1,0,0,0,0,0,0,0,0,0,0
2001,62672,2,1,0,0,0,0,0,0,0,0,0,0
2001,62673,1,1,0,0,0,0,0,0,0,0,0,0
2001,62673,2,1,0,0,0,0,0,0,0,0,0,0
2001,62673,3,1,0,0,0,0,0,0,0,0,0,0
2001,62674,0,1,0,0,0,0,0,0,0,0,0,0
2001,62674,1,1,0,26,0,0,0,0,0,15,16,0
2001,62674,2,1,0,0,0,0,0,0,20,0,0,0
2001,62675,1,1,0,0,0,0,0,0,0,0,0,0
2001,62675,2,1,12,12,12,12,12,12,12,12,12,12
2001,62676,0,1,0,0,0,0,0,0,0,0,0,0
2001,62676,1,1,19,17,0,8,18,15,28,12,14,21
2001,62677,1,1,0,0,0,0,0,0,0,0,0,0
2001,62677,2,1,0,0,0,0,0,0,0,0,0,0
2001,62677,3,1,0,0,0,0,0,0,0,0,0,0
2001,62678,1,1,0,0,0,0,0,0,0,0,0,0
2001,62678,2,1,0,0,0,0,0,0,0,0,0,0
2001,62679,0,1,0,0,0,0,0,0,0,0,0,0
2001,62679,1,1,16,0,20,13,14,0,0,9,9,0
2001,62680,1,1,12,12,12,12,12,12,12,12,12,12
2001,62680,2,1,0,0,0,0,0,0,0,0,0,0
2001,62681,1,1,0,0,0,0,0,0,0,0,0,0
2001,62681,2,1,0,0,0,0,0,0,0,0,0,0
2001,62682,1,1,0,0,0,0,0,0,0,0,0,0
2001,62682,2,1,0,0,0,0,0,0,0,0,0,0
2001,62683,1,1,0,0,0,0,0,0,0,0,0,0
2001,62684,0,1,0,0,0,0,0,0,0,0,0,0
2001,62684,1,1,0,0,0,0,0,0,0,0,0,0
2001,62685,1,1,0,0,0,0,0,0,0,0,0,0
2001,62686,1,1,0,0,0,0,0,0,0,0,0,0
2001,62687,1,1,0,0,0,0,0,0,0,0,0,0
2001,62688,1,1,19,19,19,19,19,19,19,19,19,19
2001,62689,1,1,0,0,0,0,0,0,0,0,0,0
2001,62691,1,1,0,0,3,0,0,0,0,0,0,0
2001,62692,1,1,10,10,10,10,10,10,10,10,10,10
2001,62693,1,1,0,0,0,0,0,0,0,0,0,0
2001,62694,0,1,0,0,0,0,0,0,0,0,0,0
2001,62694,1,1,0,0,0,0,0,0,0,0,0,0
2001,62695,0,1,0,0,0,0,0,0,0,0,0,0
2001,62695,1,1,0,0,0,0,0,0,0,0,0,0
2001,62696,0,1,22,22,22,22,22,22,22,22,22,22
2001,62696,1,1,0,0,0,0,0,0,0,0,0,0
2001,62697,1,1,23,0,14,22,23,17,10,16,7,24
2001,62697,2,1,2,2,2,2,2,2,2,2,2,2
2001,62697,3,1,0,0,0,0,0,0,0,15,0,0
2001,62698,1,1,0,0,0,0,0,0,0,0,3,0
2001,62698,2,1,0,0,6,0,0,0,0,0,0,0
2001,62699,0,1,0,0,0,0,0,0,0,0,0,0
2001,62699,0,2,0,0,0,18,0,0,0,35,0,24
2001,62699,1,1,13,13,13,13,13,13,13,13,13,13
2001,62700,1,1,29,29,29,29,29,29,29,29,29,29
2001,62701,0,1,3,3,3,3,3,3,3,3,3,3
2001,62701,1,1,0,0,0,0,0,0,0,0,0,0
2001,62702,1,1,19,19,19,19,19,19,19,19,19,19
2001,62702,2,1,0,0,0,0,0,0,0,0,0,0
2001,62702,3,1,0,0,0,0,0,0,0,0,0,0
2001,62703,1,1,0,0,0,0,0,0,0,0,0,0
2001,62703,2,1,0,0,0,0,0,0,0,0,0,0
2001,62704,1,1,0,0,0,0,0,0,0,0,0,0
2001,62704,2,1,14,8,0,0,0,12,0,0,0,0
2001,62705,1,1,15,13,0,0,24,42,16,0,27,21
2001,62706,0,1,0,0,0,0,0,0,0,0,0,0
2001,62706,1,1,0,0,0,17,0,0,0,0,0,0
2001,62707,0,1,0,0,0,0,0,0,0,0,0,0
2001,62707,1,1,0,7,0,0,0,7,0,10,0,0
2001,62708,1,1,0,0,0,0,0,0,0,0,0,0
2001,62708,2,1,0,0,0,0,0,0,0,0,0,0
2001,62709,1,1,0,0,0,0,0,0,0,0,0,0
2001,62709,2,1,0,0,0,0,0,0,0,0,0,0
2001,62709,3,1,0,0,0,0,0,0,0,0,0,0
2001,62709,4,1,0,0,0,0,0,0,0,0,0,0
2001,62710,1,1,20,20,20,20,20,20,20,20,20,20
2001,62710,2,1,0,0,0,0,0,0,0,0,0,0
2001,62711,1,1,0,0,0,0,0,0,0,0,0,0
2001,62711,2,1,0,0,0,0,0,0,0,0,0,0
2001,62712,1,1,0,0,0,0,0,0,0,0,0,0
2001,62712,2,1,0,0,0,0,0,0,0,0,0,0
2001,62712,3,1,0,0,0,0,0,0,0,0,0,0
2001,62712,4,1,0,0,0,0,0,15,0,0,5,0
2001,62712,5,1,12,0,0,0,0,0,0,0,0,0
2001,62713,1,1,0,0,0,0,0,0,0,0,0,0
2001,62713,2,1,0,0,0,0,0,0,0,0,0,0
2001,62714,1,1,13,13,13,13,13,13,13,13,13,13
2001,62715,1,1,0,0,0,0,0,0,0,0,0,0
2001,62716,0,1,0,0,0,0,0,0,0,0,0,0
2001,62716,0,2,0,0,0,0,0,0,0,0,0,0
2001,62716,1,1,0,0,0,0,0,0,0,0,0,0
2001,62717,0,1,0,0,0,0,0,0,0,0,0,0
2001,62717,1,1,0,8,0,0,0,0,0,0,0,0
2001,62718,1,1,0,6,0,0,0,0,0,0,0,0
2001,62719,1,1,0,0,0,0,0,0,0,0,0,0
2001,62720,1,1,0,0,0,0,0,0,0,0,0,0
2001,62720,2,1,0,0,0,0,0,0,0,0,0,0
2001,62720,3,1,0,0,0,0,0,0,0,0,0,0
2001,62721,1,1,21,21,21,21,21,21,21,21,21,21
2001,62722,1,1,0,0,0,0,0,10,0,0,0,0
2001,62723,0,1,0,0,0,0,0,0,0,0,0,0
2001,62723,1,1,23,7,5,4,9,0,0,9,6,0
2001,62724,1,1,0,0,0,0,0,0,0,0,0,0
2001,62724,2,1,0,0,0,0,0,0,0,0,0,0
2001,62725,1,1,0,0,0,16,0,0,0,0,0,0
2001,62725,2,1,4,4,4,4,4,4,4,4,4,4
2001,62726,1,1,0,0,0,0,0,0,0,0,0,0
2001,62727,0,1,0,0,0,0,0,0,0,0,0,0
2001,62727,1,1,0,0,0,0,0,0,0,0,0,6
2001,62728,1,1,26,26,26,26,26,26,26,26,26,26
2001,62729,1,1,0,0,0,0,0,0,0,0,0,0
2001,62730,1,1,0,0,0,10,0,0,0,0,0,22
2001,62730,2,1,0,0,0,0,0,0,0,0,0,0
2001,62731,1,1,0,0,0,0,0,0,0,0,0,0
2001,62731,2,1,0,0,0,0,0,0,0,0,0,0
2001,62732,0,1,0,0,0,0,0,0,0,0,0,0
2001,62732,1,1,0,0,0,0,0,0,0,0,0,0
2001,62733,0,1,0,0,0,0,0,0,0,0,0,0
2001,62733,1,1,0,0,0,0,0,0,0,0,0,0
2001,62734,1,1,12,7,0,0,0,9,0,0,0,0
2001,62734,2,1,0,0,0,0,0,0,16,0,0,0
2001,62735,1,1,0,0,0,0,0,0,0,0,0,0
2001,62736,0,1,7,7,7,7,7,7,7,7,7,7
2001,62736,1,1,0,0,0,16,0,0,0,0,0,0
2001,62737,1,1,0,0,0,0,0,0,0,0,0,0
2001,62738,1,1,0,0,0,0,0,0,0,0,0,0
2001,62739,1,1,0,0,0,0,0,0,0,0,0,0
2001,62740,0,1,0,0,0,0,0,0,0,0,0,0
2001,62740,1,1,0,0,0,0,0,0,0,0,0,0
2001,62741,1,1,4,0,0,0,0,0,0,0,0,0
2001,62742,1,1,0,0,0,0,0,0,0,0,0,0
2001,62743,1,1,0,0,0,0,14,0,9,0,0,13
2001,62744,1,1,0,0,0,0,0,0,0,0,0,0
2001,62745,0,1,0,0,0,0,0,0,0,0,0,0
2001,62745,1,1,0,0,0,0,0,0,0,0,0,0
2001,62746,0,1,17,17,17,17,17,17,17,17,17,17
2001,62746,1,1,8,16,8,9,7,9,0,21,5,15
2001,62747,1,1,1,1,1,1,1,1,1,1,1,1
2001,62747,2,1,1,1,1,1,1,1,1,1,1,1
2001,62748,1,1,6,0,0,0,0,0,0,0,0,0
2001,62748,2,1,0,0,0,8,0,0,0,0,0,0
2001,62749,1,1,16,16,16,16,16,16,16,16,16,16
2001,62749,2,1,0,0,0,0,0,0,0,0,0,0
2001,62750,1,1,0,0,0,0,0,0,0,0,0,0
2001,62751,1,1,0,0,0,0,0,0,0,0,0,0