YEAR,st_case,veh_no,per_no,P1,P2,P3,P4,P5,P6,P7,P8,P9,P10
2001,62751,2,1,0,0,0,0,0,0,0,0,0,0
2001,62752,1,1,0,0,0,0,0,0,0,0,0,0
2001,62752,2,1,0,0,0,0,0,0,0,0,0,0
2001,62753,1,1,19,19,19,19,19,19,19,19,19,19
2001,62753,2,1,0,0,0,0,0,0,0,0,0,0
2001,62754,1,1,0,0,0,0,0,0,0,0,0,0
2001,62754,2,1,0,0,0,0,0,0,0,0,0,0
2001,62755,0,1,0,0,0,0,0,0,0,0,0,0
2001,62755,1,1,0,0,0,0,0,0,0,0,0,0
2001,62756,1,1,0,0,0,0,0,0,0,0,0,0
2001,62756,2,1,0,0,0,0,0,0,0,0,0,0
2001,62757,1,1,0,0,0,0,0,0,0,0,0,0
2001,62757,2,1,0,0,0,0,0,0,0,0,0,0
2001,62758,0,1,4,4,4,4,4,4,4,4,4,4
2001,62758,1,1,0,0,0,0,0,0,0,0,0,0
2001,62759,0,1,19,19,19,19,19,19,19,19,19,19
2001,62759,0,2,0,19,36,24,23,0,32,0,17,0
2001,62759,1,1,0,0,0,0,0,0,0,0,0,0
2001,62760,1,1,0,0,0,0,0,0,0,0,0,0
2001,62761,1,1,0,0,0,0,0,0,0,0,0,0
2001,62761,2,1,0,0,0,0,0,0,0,0,0,0
2001,62762,1,1,0,20,0,0,0,0,0,0,0,0
2001,62762,2,1,0,0,0,0,0,0,0,0,0,0
2001,62763,1,1,0,0,0,0,0,0,0,0,0,0
2001,62764,0,1,0,0,0,0,0,0,0,0,0,0
2001,62764,1,1,0,0,0,0,0,10,0,0,0,0
2001,62765,1,1,0,0,0,0,0,0,0,0,0,0
2001,62765,2,1,0,0,0,0,0,0,0,0,9,11
2001,62766,1,1,0,0,0,0,0,0,0,0,0,0
2001,62766,2,1,0,0,0,0,0,0,0,0,0,0
2001,62767,0,1,2,2,2,2,2,2,2,2,2,2
2001,62767,0,2,0,0,0,0,7,0,0,0,0,0
2001,62767,1,1,8,0,0,0,0,0,0,0,0,0
2001,62768,0,1,0,0,0,0,0,0,0,0,0,0
2001,62768,1,1,0,0,0,0,0,0,0,0,0,0
2001,62769,1,1,0,0,0,0,0,0,0,0,0,0
2001,62769,2,1,0,0,0,0,0,0,0,0,9,0
2001,62770,1,1,0,0,0,0,0,0,0,0,0,0
2001,62771,0,1,0,0,0,0,0,0,0,0,0,0
2001,62771,1,1,0,0,0,0,0,0,0,0,0,0
2001,62772,1,1,0,0,0,0,0,0,0,0,0,0
2001,62772,2,1,0,0,0,0,0,0,0,0,0,0
2001,62773,1,1,0,0,0,0,0,0,0,0,0,0
2001,62774,1,1,0,0,0,0,0,0,0,0,0,0
2001,62774,2,1,14,14,14,14,14,14,14,14,14,14
2001,62775,1,1,0,0,0,0,0,0,0,0,0,0
2001,62775,2,1,0,0,0,0,0,0,0,0,0,0
2001,62775,3,1,0,0,0,0,0,0,0,0,0,0
2001,62775,4,1,0,0,0,0,0,0,0,0,0,0
2001,62776,1,1,0,0,0,0,0,0,0,0,0,0
2001,62777,1,1,0,0,0,0,0,0,0,0,0,0
2001,62777,2,1,0,0,0,0,0,0,0,0,0,0
2001,62778,1,1,0,0,0,0,0,0,0,0,0,0
2001,62779,1,1,0,0,0,0,0,0,0,0,0,0
2001,62779,2,1,0,0,0,0,0,0,0,0,0,0
2001,62780,1,1,0,13,21,0,0,0,10,0,7,0
2001,62780,2,1,0,0,0,0,0,9,0,12,0,0
2001,62781,1,1,0,0,0,0,0,0,0,0,0,0
2001,62782,1,1,0,0,0,0,0,0,0,0,0,0
2001,62782,2,1,0,0,0,0,0,0,0,0,0,0
2001,62783,1,1,0,0,0,0,0,0,0,0,0,0
2001,62783,2,1,0,0,0,0,0,0,0,0,0,5
2001,62784,0,1,2,2,2,2,2,2,2,2,2,2
2001,62784,1,1,0,0,0,0,0,0,0,0,0,0
2001,62785,1,1,0,0,0,0,0,0,0,0,0,0
2001,62785,2,1,0,11,0,0,0,0,0,0,0,0
2001,62786,1,1,0,0,0,0,0,0,0,0,0,0
2001,62787,1,1,0,0,0,0,0,0,0,0,0,0
2001,62787,2,1,0,0,0,0,0,0,0,0,0,0
2001,62788,1,1,20,20,20,20,20,20,20,20,20,20
2001,62788,2,1,0,0,0,0,0,0,0,0,0,0
2001,62789,1,1,0,0,0,0,0,0,0,0,0,0
2001,62789,2,1,0,0,0,0,0,0,0,0,0,0
2001,62790,0,1,0,0,0,0,0,0,0,0,0,0
2001,62790,0,2,0,0,0,0,0,0,0,0,0,0
2001,62790,1,1,0,0,0,0,0,0,0,0,0,0
2001,62791,1,1,0,0,0,0,0,0,0,0,0,0
2001,62791,2,1,0,0,0,0,0,0,0,0,0,0
2001,62791,3,1,0,0,0,0,0,0,0,0,0,0
2001,62792,0,1,0,0,0,0,0,0,0,0,0,0
2001,62792,0,2,0,0,0,23,0,0,0,0,0,0
2001,62792,1,1,0,17,22,26,21,0,11,0,28,0
2001,62793,1,1,0,10,0,0,15,14,0,0,0,11
2001,62793,2,1,0,0,0,0,0,0,0,0,0,0
2001,62793,3,1,0,0,0,0,0,0,0,0,0,0
2001,62794,1,1,5,5,5,5,5,5,5,5,5,5
2001,62794,2,1,3,3,3,3,3,3,3,3,3,3
2001,62795,1,1,0,0,0,0,0,0,0,0,0,0
2001,62795,2,1,0,0,0,0,0,0,0,0,0,0
2001,62796,1,1,1,1,1,1,1,1,1,1,1,1
2001,62796,2,1,0,0,0,0,0,0,0,0,0,0
2001,62796,3,1,0,0,0,13,7,0,0,0,0,0
2001,62797,1,1,0,0,0,0,0,0,0,0,0,0
2001,62797,2,1,0,0,0,0,0,0,0,0,0,0
2001,62798,1,1,2,2,2,2,2,2,2,2,2,2
2001,62798,2,1,13,13,13,13,13,13,13,13,13,13
2001,62799,1,1,0,0,0,0,0,6,0,0,0,0
2001,62799,2,1,0,0,0,0,0,0,0,0,0,0
2001,62800,1,1,0,0,0,0,0,0,0,0,0,0
2001,62800,2,1,0,0,0,0,0,0,0,0,0,0
2001,62801,0,1,0,0,0,0,0,0,0,0,0,0
2001,62801,0,2,0,0,0,0,0,0,0,0,0,0
2001,62801,1,1,0,28,0,0,0,0,0,0,18,26
2001,62802,1,1,15,0,4,0,0,0,0,25,0,16
2001,62802,2,1,0,0,0,0,0,0,0,0,0,0
2001,62803,1,1,0,0,0,7,0,0,0,0,0,0
2001,62804,0,1,0,0,0,0,0,0,0,0,0,0
2001,62804,1,1,0,17,0,0,0,0,9,0,0,0
2001,62805,1,1,0,0,0,0,0,0,0,0,0,0
2001,62806,1,1,4,0,0,17,0,0,0,9,0,0
2001,62807,1,1,0,0,0,0,0,0,0,0,0,0
2001,62808,0,1,0,0,0,0,0,0,0,0,0,0
2001,62808,1,1,0,0,0,0,0,0,0,0,0,0
2001,62809,0,1,0,0,0,0,0,0,0,0,0,0
2001,62809,1,1,0,0,0,0,0,17,0,0,0,0
2001,62810,0,1,0,0,0,0,0,0,0,0,0,0
2001,62810,1,1,22,22,22,22,22,22,22,22,22,22
2001,62811,1,1,4,6,10,4,6,10,23,14,0,5
2001,62812,1,1,0,0,0,0,0,0,0,14,23,0
2001,62812,2,1,0,0,0,0,0,0,0,0,0,0
2001,62813,1,1,23,23,23,23,23,23,23,23,23,23
2001,62814,1,1,0,0,0,0,0,0,0,0,0,0
2001,62815,1,1,0,0,0,0,0,0,0,0,0,0
2001,62816,1,1,0,0,0,0,0,0,0,0,0,0
2001,62817,1,1,2,2,2,2,2,2,2,2,2,2
2001,62818,0,1,14,14,14,14,14,14,14,14,14,14
2001,62818,1,1,0,0,0,0,0,0,0,0,0,0
2001,62819,0,1,0,0,0,0,0,0,0,0,0,0
2001,62819,1,1,0,0,0,0,0,0,20,0,0,0
2001,62820,0,1,5,5,5,5,5,5,5,5,5,5
2001,62820,1,1,0,0,0,0,0,0,0,10,0,21
2001,62821,1,1,0,0,0,0,0,0,0,0,0,0
2001,62822,1,1,15,15,15,15,15,15,15,15,15,15
2001,62823,0,1,0,4,0,0,0,0,0,0,0,0
2001,62824,1,1,0,0,0,0,7,0,0,0,0,0
2001,62824,2,1,0,0,0,0,7,0,0,0,0,0
2001,62825,0,1,0,0,0,0,0,0,0,0,0,0
2001,62825,1,1,0,0,0,0,0,0,0,0,0,0
2001,62826,0,1,20,20,20,20,20,20,20,20,20,20
2001,62826,1,1,0,0,0,0,0,0,0,0,0,0
2001,62827,0,1,0,0,0,0,0,0,0,0,0,0
2001,62827,1,1,4,4,4,4,4,4,4,4,4,4
2001,62828,1,1,0,0,14,0,0,0,0,0,22,0
2001,62828,2,1,0,0,0,0,0,0,0,0,0,0
2001,62829,1,1,14,12,19,4,21,11,7,7,6,7
2001,62829,2,1,15,15,15,15,15,15,15,15,15,15
2001,62830,1,1,22,0,0,0,0,0,0,0,0,0
2001,62831,1,1,0,0,0,0,0,0,0,0,0,0
2001,62832,0,1,0,0,0,0,0,0,0,0,0,0
2001,62832,1,1,0,0,0,0,0,0,0,0,0,0
2001,62833,1,1,9,9,9,9,9,9,9,9,9,9
2001,62834,1,1,27,27,27,27,27,27,27,27,27,27
2001,62835,1,1,0,0,0,0,0,0,0,0,0,0
2001,62836,1,1,0,0,0,0,0,0,0,0,0,0
2001,62837,1,1,26,26,26,26,26,26,26,26,26,26
2001,62838,1,1,7,7,7,7,7,7,7,7,7,7
2001,62839,1,1,20,20,20,20,20,20,20,20,20,20
2001,62840,0,1,4,4,4,4,4,4,4,4,4,4
2001,62840,1,1,0,0,0,0,0,0,0,0,0,0
2001,62840,2,1,0,0,0,0,0,0,0,0,19,0
2001,62841,2,1,11,0,0,0,0,0,0,0,0,0
2001,62841,3,1,0,0,0,0,0,0,0,0,0,0
2001,62841,4,1,0,0,0,0,0,0,24,0,0,0
2001,62842,1,1,0,0,0,0,0,0,0,0,0,0
2001,62842,2,1,0,0,0,0,0,0,0,0,0,0
2001,62843,0,1,0,0,0,0,0,0,0,0,0,0
2001,62843,1,1,0,0,0,0,0,0,0,0,0,0
2001,62844,1,1,0,0,0,0,0,0,0,0,0,0
2001,62845,0,1,42,24,0,21,29,15,10,22,0,34
2001,62845,1,1,6,0,0,0,0,0,0,0,0,0
2001,62846,1,1,0,0,0,0,0,0,0,0,0,0
2001,62846,2,1,0,0,0,0,0,0,0,0,0,0
2001,62847,1,1,0,0,0,0,0,0,0,0,0,0
2001,62848,0,1,0,0,0,0,0,0,0,0,0,0
2001,62848,2,1,0,7,13,13,10,17,13,17,15,18
2001,62849,1,1,0,0,0,0,0,0,0,0,0,0
2001,62849,2,1,0,0,0,0,0,0,0,0,0,0
2001,62850,0,1,60,60,60,60,60,60,60,60,60,60
2001,62850,1,1,23,33,10,0,0,19,6,0,0,0
2001,62850,2,1,0,0,0,0,0,0,0,0,0,0
2001,62850,3,1,0,0,0,17,0,0,0,15,0,0
2001,62850,4,1,0,0,0,0,0,0,0,0,0,0
2001,62850,5,1,0,0,0,0,0,0,0,0,0,0
2001,62851,1,1,7,0,0,0,0,0,0,0,0,0
2001,62851,2,1,0,0,0,0,0,0,0,0,0,0
2001,62852,1,1,0,0,0,0,0,0,0,0,0,0
2001,62852,2,1,0,0,0,0,0,0,0,0,0,0
2001,62853,1,1,6,21,11,15,6,18,4,28,16,15
2001,62853,2,1,0,0,0,0,0,0,0,0,0,0
2001,62854,1,1,0,0,0,0,0,0,0,0,0,0
2001,62854,2,1,0,0,0,0,0,0,0,0,0,0
2001,62855,1,1,0,0,0,0,0,0,0,0,0,0
2001,62855,2,1,0,0,0,0,0,0,0,0,0,0
2001,62856,1,1,0,0,0,0,0,0,0,0,0,0
2001,62856,2,1,0,0,0,0,0,0,0,0,0,0
2001,62856,3,1,0,0,0,0,0,0,0,0,0,0
2001,62857,1,1,12,12,12,12,12,12,12,12,12,12
2001,62858,1,1,0,0,0,0,0,0,0,0,0,0
2001,62859,1,1,0,0,0,0,0,0,0,0,0,0
2001,62860,1,1,1,1,1,1,1,1,1,1,1,1
2001,62860,2,1,0,0,0,0,0,0,15,0,0,0
2001,62861,1,1,0,0,0,0,0,0,0,0,0,0
2001,62861,2,1,0,0,0,0,0,0,0,0,0,0
2001,62861,3,1,0,0,0,0,0,0,0,0,0,0
2001,62861,4,1,0,0,0,0,0,0,0,0,0,0
2001,62862,1,1,7,7,7,7,7,7,7,7,7,7
2001,62863,1,1,31,31,31,31,31,31,31,31,31,31
2001,62863,2,1,0,8,0,0,0,0,0,0,0,0
2001,62864,0,1,0,0,0,0,0,0,0,0,0,0
2001,62864,1,1,0,0,0,0,0,0,0,0,0,0
2001,62865,1,1,0,0,0,0,0,0,0,0,17,0
2001,62865,2,1,0,0,0,0,0,0,0,0,0,0
2001,62866,1,1,25,25,25,25,25,25,25,25,25,25
2001,62867,1,1,0,0,0,0,0,0,0,0,0,0
2001,62867,2,1,0,0,0,0,0,0,0,0,0,0
2001,62868,1,1,0,0,0,0,0,0,0,0,0,0
2001,62868,2,1,0,0,0,0,0,0,0,0,0,0
2001,62869,0,1,0,0,0,0,0,0,0,0,0,0
2001,62869,1,1,0,0,0,0,0,0,0,0,0,0
2001,62870,1,1,0,0,0,0,0,0,0,0,0,0
2001,62870,2,1,0,0,0,0,0,0,0,0,0,0
2001,62871,1,1,2,2,2,2,2,2,2,2,2,2
2001,62871,2,1,0,0,0,0,0,0,0,0,0,0
2001,62872,0,1,7,7,7,7,7,7,7,7,7,7
2001,62872,1,1,0,0,0,0,0,0,0,0,0,0
2001,62873,1,1,0,0,0,0,0,0,0,0,0,0
2001,62873,2,1,0,0,0,0,0,0,0,0,0,0
2001,62873,3,1,0,0,0,0,0,0,0,0,0,0
2001,62873,4,1,0,0,0,0,0,0,0,0,0,0
2001,62873,5,1,0,0,0,0,0,0,0,0,0,0
2001,62874,1,1,0,0,0,0,0,0,0,0,0,0
2001,62874,2,1,0,0,0,0,0,0,0,0,0,0
2001,62875,0,1,29,29,29,29,29,29,29,29,29,29
2001,62875,1,1,0,0,0,0,0,0,0,0,0,0
2001,62875,2,1,0,15,0,8,0,7,0,5,14,0
2001,62876,1,1,0,0,0,0,0,0,0,0,0,0
2001,62876,2,2,0,15,0,0,0,0,0,0,0,24
2001,62877,0,1,12,15,0,0,14,0,0,0,0,0
2001,62877,0,2,0,0,0,0,0,0,0,0,0,0
2001,62877,1,1,0,0,0,0,0,0,0,0,0,0
2001,62878,1,1,0,0,0,0,0,0,0,0,0,0
2001,62878,2,1,0,0,0,0,0,0,0,0,0,0
2001,62878,3,1,0,0,0,0,0,0,0,0,0,0
2001,62879,1,1,0,0,0,0,0,0,0,0,0,0
2001,62879,2,1,0,0,0,0,0,0,0,0,0,0
2001,62880,0,1,0,0,0,0,0,0,0,0,0,0
2001,62880,1,1,0,0,0,0,0,0,0,0,0,0
2001,62881,1,1,0,0,0,0,0,0,0,0,0,0
2001,62881,2,1,6,6,6,6,6,6,6,6,6,6
2001,62882,1,1,14,14,14,14,14,14,14,14,14,14
2001,62882,2,1,0,0,0,0,0,0,0,0,0,0
2001,62883,0,1,44,44,44,44,44,44,44,44,44,44
2001,62883,1,1,0,0,0,0,0,0,0,0,0,0
2001,62884,0,1,0,0,0,0,0,0,0,0,0,0
2001,62884,1,1,0,0,0,0,19,0,0,0,0,0
2001,62885,1,1,0,25,19,9,18,14,16,20,11,21
2001,62885,2,1,0,0,0,0,0,0,0,0,0,0
2001,62886,0,1,0,0,0,0,0,0,0,0,0,0
2001,62886,1,1,0,0,0,0,26,0,0,23,0,0
2001,62887,1,1,16,16,16,16,16,16,16,16,16,16
2001,62887,2,1,0,0,0,0,0,0,0,0,0,0
2001,62888,1,1,0,0,0,0,0,0,0,0,0,0
2001,62888,2,1,0,0,0,0,0,0,0,0,0,0
2001,62889,1,1,0,0,0,0,0,0,0,0,0,0
2001,62889,2,1,0,0,0,0,0,0,0,0,0,0
2001,62890,1,1,0,0,0,0,0,0,0,0,0,0
2001,62890,2,1,0,0,0,0,0,0,0,0,0,0
2001,62891,0,1,0,0,0,0,0,0,0,0,0,0
2001,62891,1,1,4,4,3,0,0,8,2,2,0,0
2001,62892,1,1,0,0,0,21,0,0,0,0,0,0
2001,62893,1,1,0,0,0,0,0,0,0,0,0,0
2001,62894,1,1,12,12,12,12,12,12,12,12,12,12
2001,62895,1,1,0,0,0,0,0,0,0,0,0,0
2001,62896,0,1,6,6,6,6,6,6,6,6,6,6
2001,62896,1,1,0,0,0,0,0,0,0,0,0,0
2001,62897,1,1,27,27,27,27,27,27,27,27,27,27
2001,62898,1,1,0,0,0,0,0,0,0,0,0,0
2001,62899,0,1,25,25,25,25,25,25,25,25,25,25
2001,62899,1,1,0,0,0,0,0,0,0,19,13,0
2001,62900,1,1,0,0,0,0,0,0,0,0,0,0
2001,62901,0,1,0,0,0,0,0,0,0,0,0,0
2001,62901,1,1,0,0,0,0,0,28,0,0,0,4
2001,62902,1,1,0,0,0,0,0,0,0,0,0,0
2001,62902,2,1,0,0,0,0,0,0,0,0,0,0
2001,62903,1,1,0,0,0,0,0,0,0,0,0,0
2001,62903,2,1,0,0,0,0,22,0,0,15,0,0
2001,62904,0,1,0,0,0,0,0,0,0,0,0,0
2001,62904,1,1,34,20,11,21,9,17,5,10,37,11
2001,62905,1,1,0,0,0,0,0,0,0,0,0,0
2001,62906,1,1,13,20,16,0,20,17,4,27,18,21
2001,62907,1,1,5,5,5,5,5,5,5,5,5,5
2001,62908,0,1,12,12,12,12,12,12,12,12,12,12
2001,62908,1,1,0,0,0,0,0,0,0,0,0,0
2001,62909,1,1,0,0,0,0,0,0,0,0,0,0
2001,62909,2,1,0,0,0,0,0,0,0,0,0,0
2001,62910,0,1,0,0,0,0,0,0,0,0,0,0
2001,62910,0,2,0,0,0,0,15,0,0,0,0,0
2001,62910,1,1,0,0,0,0,0,0,0,0,0,0
2001,62910,2,1,0,0,0,0,0,0,0,0,0,0
2001,62910,3,1,7,0,0,0,0,0,0,0,0,0
2001,62910,4,1,0,0,0,0,0,0,0,0,0,0
2001,62911,0,1,0,0,0,0,0,0,0,0,0,0
2001,62911,1,1,0,0,0,0,0,0,0,0,0,0
2001,62912,0,1,0,0,0,0,0,0,0,0,0,0
2001,62912,1,1,0,0,0,0,0,0,0,0,0,0
2001,62913,0,1,0,0,0,0,0,0,0,0,0,0
2001,62913,1,1,0,0,0,0,0,0,0,0,0,0
2001,62914,0,1,0,0,0,0,0,0,0,0,0,0
2001,62914,0,2,4,4,4,4,4,4,4,4,4,4
2001,62914,1,1,0,0,0,0,0,0,0,0,0,0
2001,62915,0,1,0,0,0,0,0,0,0,0,0,0
2001,62915,1,1,0,0,0,0,0,0,0,0,0,0
2001,62916,1,1,0,0,0,0,0,0,0,0,0,0
2001,62916,2,1,0,0,0,0,0,0,0,0,0,0
2001,62917,1,1,0,0,0,0,0,0,0,0,0,0
2001,62917,2,1,0,0,0,0,0,0,0,0,0,0
2001,62918,0,1,26,26,26,26,26,26,26,26,26,26
2001,62918,1,1,0,0,0,0,0,0,0,0,0,0
2001,62919,1,1,0,0,0,0,0,0,0,0,0,0
2001,62919,2,1,0,19,0,0,0,0,0,0,0,0
2001,62920,0,1,33,21,11,40,26,22,24,32,35,26
2001,62920,1,1,0,0,0,0,0,0,0,0,0,0
2001,62921,1,1,0,0,0,0,0,0,0,0,0,0
2001,62921,2,1,0,0,0,0,0,0,0,0,0,0
2001,62922,0,1,0,0,0,0,0,0,0,0,0,0
2001,62922,1,1,0,0,0,0,0,0,0,0,0,0
2001,62923,1,1,0,0,0,0,0,0,0,0,0,0
2001,62924,1,1,0,0,0,0,0,0,0,0,0,0
2001,62924,2,1,0,0,0,0,0,0,0,0,0,0
2001,62924,3,1,0,0,13,0,0,0,0,0,0,0
2001,62925,1,1,0,0,0,0,0,0,0,0,0,0
2001,62925,2,1,0,0,0,0,0,0,0,0,0,0
2001,62926,1,1,0,0,0,0,0,0,0,0,0,0
2001,62927,1,1,6,6,6,6,6,6,6,6,6,6
2001,62927,2,1,0,0,0,0,0,0,0,0,0,0
2001,62928,0,1,0,0,0,0,0,0,0,0,0,0
2001,62928,1,1,0,0,0,0,0,0,0,0,0,0
2001,62929,1,1,0,0,0,0,0,0,0,0,0,0
2001,62929,2,1,0,0,0,0,0,0,0,0,0,0
2001,62930,1,1,0,0,0,0,0,0,0,0,0,0
2001,62931,1,1,0,0,0,0,0,0,0,0,0,0
2001,62931,2,1,0,0,0,0,0,0,0,0,0,0
2001,62932,1,1,21,21,21,21,21,21,21,21,21,21
2001,62933,1,1,19,19,19,19,19,19,19,19,19,19
2001,62934,1,1,0,0,0,0,0,0,0,19,0,0
2001,62934,2,1,0,0,0,0,0,0,0,0,0,0
2001,62935,1,1,14,14,14,14,14,14,14,14,14,14
2001,62935,2,1,0,0,0,0,0,0,0,0,0,0
2001,62936,1,1,0,0,0,0,0,0,0,0,0,0
2001,62936,2,1,0,0,0,0,0,0,0,0,0,0
2001,62937,1,1,0,4,0,0,0,0,0,0,0,0
2001,62938,0,1,0,0,0,0,0,0,0,0,0,0
2001,62938,1,1,7,7,0,17,0,0,0,11,7,0
2001,62939,1,1,0,0,0,0,0,0,0,0,0,0
2001,62939,2,1,0,0,0,0,10,0,0,0,0,0
2001,62940,1,1,0,0,0,0,0,0,0,0,0,0
2001,62940,2,1,0,0,0,0,0,0,0,0,0,0
2001,62941,0,1,0,0,0,0,0,0,0,0,0,0
2001,62941,1,1,0,0,0,0,0,0,0,0,0,0
2001,62942,0,1,0,0,0,0,0,0,0,0,0,0
2001,62942,1,1,0,0,0,0,0,0,0,0,0,0
2001,62943,1,1,0,0,0,0,0,0,0,0,0,0
2001,62943,2,1,0,0,0,0,0,0,0,0,0,0
2001,62944,1,1,0,0,0,15,5,18,8,8,0,0
2001,62945,0,1,0,0,0,0,0,0,0,0,0,0
2001,62945,1,1,22,22,22,22,22,22,22,22,22,22
2001,62946,1,1,0,0,0,0,0,0,0,0,0,0
2001,62946,2,1,0,0,0,0,0,0,0,0,0,0
2001,62946,3,1,0,0,0,0,0,0,0,0,0,0
2001,62947,1,1,9,9,9,9,9,9,9,9,9,9
2001,62948,1,1,0,0,0,0,0,0,0,0,0,0
2001,62948,2,1,0,0,0,0,0,0,0,0,0,0
2001,62949,1,1,0,0,0,0,0,0,0,0,0,0
2001,62949,2,1,0,0,0,2,0,0,0,0,0,0
2001,62950,0,1,0,0,0,0,0,0,0,0,0,0
2001,62950,0,2,0,0,0,0,0,0,0,0,0,0
2001,62950,1,1,0,0,0,0,0,0,0,0,0,0
2001,62950,2,1,0,0,0,0,0,0,0,0,0,8
2001,62950,3,1,0,16,10,0,5,0,0,0,0,0
2001,62951,0,1,0,0,0,0,0,0,0,0,0,0
2001,62951,1,1,0,0,0,0,0,0,0,0,0,0
2001,62952,1,1,0,0,25,15,0,11,15,7,22,0
2001,62952,2,1,0,0,0,0,0,0,0,0,0,0
2001,62953,1,1,7,0,0,0,0,5,0,0,0,0
2001,62953,2,1,3,3,3,3,3,3,3,3,3,3
2001,62954,0,1,0,0,0,0,0,0,0,0,0,0
2001,62954,1,1,0,0,25,0,0,0,0,0,0,0
2001,62955,0,1,3,3,3,3,3,3,3,3,3,3
2001,62955,1,1,0,0,0,0,0,0,0,0,0,27
2001,62956,0,1,0,0,0,0,0,0,0,0,0,0
2001,62956,1,1,0,0,0,0,0,0,0,0,0,0
2001,62957,1,1,2,2,2,2,2,2,2,2,2,2
2001,62957,2,1,0,0,0,0,0,0,0,0,0,0
2001,62958,1,1,0,0,0,0,0,0,0,0,0,0
2001,62958,2,1,0,0,0,0,0,0,0,0,0,0
2001,62958,3,1,0,0,0,0,0,0,0,0,0,0
2001,62959,1,1,9,9,9,9,9,9,9,9,9,9
2001,62959,2,1,0,0,0,0,0,0,0,0,0,3
2001,62960,1,1,0,0,0,0,0,0,0,0,0,0
2001,62960,2,1,3,3,3,3,3,3,3,3,3,3
2001,62960,3,1,0,0,0,0,0,0,0,0,0,0
2001,62961,1,1,0,0,0,0,0,0,0,0,0,0
2001,62961,2,1,0,0,0,0,0,0,0,0,0,0
2001,62962,0,1,0,0,0,0,0,0,0,0,0,0
2001,62962,1,1,0,0,0,0,0,4,3,0,0,15
2001,62963,1,1,0,0,0,0,0,0,0,0,0,0
2001,62964,1,1,0,0,0,0,0,0,0,0,0,0
2001,62964,2,1,0,0,0,0,0,0,0,0,0,0
2001,62965,1,1,10,12,33,20,10,13,0,19,22,5
2001,62965,2,1,0,0,0,0,0,0,0,0,0,0
2001,62966,0,1,0,0,0,0,0,0,0,0,0,0
2001,62966,1,1,0,0,0,0,0,0,0,0,0,0
2001,62967,1,1,0,0,0,0,0,0,0,0,0,0
2001,62967,2,1,0,0,0,0,0,0,0,0,0,0
2001,62968,0,1,0,0,0,0,0,0,0,0,0,0
2001,62968,1,1,30,30,30,30,30,30,30,30,30,30
2001,62968,2,1,0,0,0,0,0,0,0,0,0,0
2001,62969,1,1,0,0,0,0,0,0,0,0,0,0
2001,62969,2,1,0,0,0,14,0,0,0,0,0,0
2001,62969,3,1,0,0,0,0,0,0,0,0,0,0
2001,62969,4,1,0,0,0,0,0,0,0,0,0,0
2001,62970,1,1,0,0,0,0,0,14,0,0,0,0
2001,62970,2,1,0,0,0,0,0,0,0,0,0,0
2001,62971,1,1,0,0,0,0,0,0,0,0,8,0
2001,62971,2,1,0,0,0,9,0,0,0,0,0,0
2001,62972,0,1,0,0,0,0,0,0,0,0,0,0
2001,62972,1,1,0,0,0,0,0,0,0,0,0,0
2001,62973,1,1,0,0,0,0,0,0,0,0,0,0
2001,62973,2,1,0,0,0,0,0,0,0,0,0,0
2001,62974,1,1,0,0,0,0,0,0,0,0,0,0
2001,62975,1,1,2,2,2,2,2,2,2,2,2,2
2001,62975,2,1,0,0,0,0,0,0,0,0,0,0
2001,62976,1,1,0,0,0,0,0,0,0,0,0,0
2001,62976,2,1,0,0,0,0,0,0,0,0,0,0
2001,62977,1,1,12,12,12,12,12,12,12,12,12,12
2001,62978,1,1,0,0,0,0,0,0,0,0,0,0
2001,62978,2,1,0,0,0,0,0,0,0,0,0,0
2001,62979,1,1,0,0,0,0,0,0,0,0,0,0
2001,62979,2,1,0,0,0,0,0,0,0,0,0,0
2001,62980,0,1,0,0,0,0,0,0,0,0,0,0
2001,62980,1,1,0,0,0,0,0,0,0,0,0,0
2001,62981,1,1,23,23,23,23,23,23,23,23,23,23
2001,62982,1,1,6,6,6,6,6,6,6,6,6,6
2001,62982,2,1,0,0,0,8,13,17,0,0,22,0
2001,62983,1,1,0,0,0,0,0,0,0,0,0,0
2001,62984,1,1,0,0,0,0,0,0,0,0,0,0
2001,62984,2,1,0,0,0,0,0,0,0,0,0,0
2001,62985,1,1,0,0,0,0,0,0,0,0,0,0
2001,62986,1,1,0,0,0,0,0,0,0,0,0,0
2001,62987,0,1,0,0,0,6,0,0,0,0,0,0
2001,62987,1,1,0,0,0,0,0,0,0,0,0,0
2001,62988,1,1,0,0,0,0,22,0,0,0,0,0
2001,62989,0,1,0,0,0,0,0,0,0,0,0,0
2001,62989,1,1,0,0,0,0,0,0,0,0,0,0
2001,62990,1,1,0,0,0,0,0,0,0,0,0,0
2001,62991,1,1,0,0,0,0,0,0,0,0,0,0
2001,62992,1,1,0,0,0,0,0,0,0,0,0,0
2001,62993,1,1,0,0,0,0,0,0,0,0,0,0
2001,62994,1,1,0,0,0,0,0,0,0,0,0,0
2001,62995,1,1,0,0,2,3,4,0,9,0,11,8
2001,62995,2,1,0,0,0,0,0,0,0,0,0,0
2001,62995,3,1,1,1,1,1,1,1,1,1,1,1
2001,62996,1,1,0,0,0,0,0,0,0,0,0,0
2001,62996,2,1,0,0,0,0,0,0,0,0,0,0
2001,62997,1,1,0,0,0,0,0,0,0,0,0,0
2001,62997,2,1,0,0,0,0,0,0,0,0,0,0
2001,62998,0,1,33,33,33,33,33,33,33,33,33,33
2001,62998,1,1,0,9,16,16,0,2,0,9,3,22
2001,62999,1,1,34,34,34,34,34,34,34,34,34,34
2001,63000,1,1,0,0,0,0,0,0,0,0,0,0
2001,63000,2,1,0,0,0,0,0,0,0,0,0,0
2001,63000,3,1,0,0,0,0,0,0,0,0,0,0
2001,63001,1,1,0,0,0,0,0,0,0,0,0,0
2001,63001,2,1,0,0,0,0,0,0,0,0,0,0
2001,63002,1,1,11,11,11,11,11,11,11,11,11,11
2001,63003,0,1,0,0,0,0,0,0,0,0,0,0
2001,63003,1,1,0,0,0,0,0,0,0,0,0,0
2001,63004,1,1,0,0,0,0,0,0,0,0,0,0
2001,63004,2,1,0,0,0,0,0,0,0,0,0,0
2001,63005,1,1,0,0,0,0,0,0,0,0,0,0
2001,63005,2,1,0,0,0,0,0,0,0,0,0,0
2001,63005,3,1,0,0,0,0,0,0,0,9,0,0
2001,63006,0,1,0,0,0,19,0,0,0,0,0,17
2001,63006,1,1,0,0,0,0,7,8,0,0,0,19
2001,63007,1,1,9,0,43,0,0,0,14,8,0,22
2001,63008,1,1,18,18,18,18,18,18,18,18,18,18
2001,63008,2,1,0,0,0,0,0,0,0,0,0,0