YEAR,st_case,veh_no,per_no,P1,P2,P3,P4,P5,P6,P7,P8,P9,P10
2001,63009,1,1,27,27,27,27,27,27,27,27,27,27
2001,63010,1,1,20,20,20,20,20,20,20,20,20,20
2001,63011,1,1,0,0,0,0,0,0,0,0,0,0
2001,63012,1,1,0,0,0,0,0,0,0,0,0,0
2001,63013,1,1,0,0,0,0,0,0,0,0,0,0
2001,63014,1,1,0,0,0,0,0,0,0,0,0,0
2001,63015,1,1,0,0,0,0,0,0,0,0,0,0
2001,63016,0,1,0,0,0,0,0,0,0,0,0,0
2001,63016,1,1,0,0,0,0,0,0,0,0,0,0
2001,63017,1,1,25,25,25,25,25,25,25,25,25,25
2001,63018,1,1,0,0,0,0,0,0,0,0,0,0
2001,63019,1,1,11,11,11,11,11,11,11,11,11,11
2001,63019,2,1,0,0,0,0,0,0,0,0,0,0
2001,63020,0,1,3,3,3,3,3,3,3,3,3,3
2001,63020,1,1,0,0,0,0,0,0,0,0,0,0
2001,63021,1,1,0,0,0,0,0,0,0,0,0,0
2001,63021,2,1,0,0,0,0,0,0,0,0,0,0
2001,63022,0,1,0,0,0,0,0,0,0,0,0,0
2001,63022,1,1,0,0,0,0,0,0,0,0,0,0
2001,63023,0,1,0,0,0,0,0,0,0,0,0,0
2001,63023,1,1,0,0,0,0,0,0,0,0,0,0
2001,63024,0,1,24,24,24,24,24,24,24,24,24,24
2001,63024,1,1,0,0,0,0,0,0,0,0,0,0
2001,63025,1,1,0,0,0,0,0,0,0,0,0,0
2001,63025,2,1,0,0,0,0,0,0,16,0,0,0
2001,63026,1,1,0,0,5,0,0,3,0,10,10,0
2001,63026,2,1,25,25,25,25,25,25,25,25,25,25
2001,63027,1,1,0,0,0,0,0,0,0,0,0,0
2001,63027,2,1,0,0,0,0,0,0,0,0,0,0
2001,63028,1,1,0,0,20,0,0,0,0,0,0,0
2001,63029,1,1,25,25,25,25,25,25,25,25,25,25
2001,63030,1,1,0,0,0,0,0,0,0,0,0,0
2001,63031,1,1,0,0,0,0,0,0,0,0,0,0
2001,63032,1,1,0,0,0,0,0,0,0,0,0,0
2001,63033,1,1,0,11,0,0,0,0,0,19,0,0
2001,63034,1,1,0,0,0,0,0,0,0,0,0,0
2001,63035,1,1,0,0,0,0,0,0,0,0,0,0
2001,63036,1,1,21,21,21,21,21,21,21,21,21,21
2001,63037,0,1,0,0,0,0,0,0,21,0,0,0
2001,63037,1,1,0,0,0,0,0,0,0,0,0,0
2001,63038,1,1,0,0,0,0,0,0,0,0,0,0
2001,63039,1,1,13,13,13,13,13,13,13,13,13,13
2001,63040,0,1,29,29,29,29,29,29,29,29,29,29
2001,63040,1,1,0,0,0,0,0,0,0,0,0,0
2001,63041,1,1,0,0,0,0,0,0,0,0,0,0
2001,63042,1,1,25,25,25,25,25,25,25,25,25,25
2001,63043,0,1,0,0,0,0,0,0,0,0,0,0
2001,63043,1,1,0,0,0,0,0,0,0,6,0,0
2001,63044,1,1,0,0,0,0,0,0,0,0,0,0
2001,63045,0,1,0,0,0,0,0,0,0,0,0,0
2001,63045,1,1,0,0,0,0,0,0,0,0,0,0
2001,63046,1,1,15,15,15,15,15,15,15,15,15,15
2001,63047,1,1,0,0,0,0,0,0,0,0,0,0
2001,63048,0,1,0,0,29,0,0,0,0,26,0,0
2001,63048,1,1,16,20,0,0,0,0,0,9,0,0
2001,63049,0,1,0,0,0,0,0,0,0,0,0,0
2001,63049,1,1,0,0,0,0,0,0,0,0,0,0
2001,63050,1,1,0,0,0,0,0,0,0,0,0,0
2001,63050,2,1,0,0,2,0,0,0,0,0,0,0
2001,63051,1,1,2,2,2,2,2,2,2,2,2,2
2001,63051,2,1,0,0,0,0,0,0,0,0,0,0
2001,63051,3,1,0,0,0,0,0,0,0,0,0,0
2001,63052,1,1,0,9,0,17,0,0,26,0,0,0
2001,63052,2,1,22,22,22,22,22,22,22,22,22,22
2001,63053,1,1,21,21,21,21,21,21,21,21,21,21
2001,63053,2,1,0,0,0,0,0,0,0,0,0,0
2001,63054,1,1,17,17,17,17,17,17,17,17,17,17
2001,63054,2,1,6,0,0,0,0,0,0,0,3,0
2001,63054,3,1,9,41,28,15,13,0,12,11,11,13
2001,63055,1,1,0,0,0,0,0,0,0,0,0,0
2001,63055,2,1,0,0,0,0,0,0,0,0,0,0
2001,63055,3,1,0,0,0,0,0,0,0,0,0,0
2001,63056,0,1,0,0,0,0,0,0,0,0,0,0
2001,63056,1,1,0,0,0,0,0,0,0,0,0,0
2001,63057,1,1,0,0,0,0,0,0,0,0,0,0
2001,63057,2,1,0,0,0,0,0,0,0,0,0,0
2001,63058,1,1,19,23,7,24,21,28,17,15,23,13
2001,63059,1,1,21,21,21,21,21,21,21,21,21,21
2001,63059,2,1,0,0,6,0,0,0,0,0,15,5
2001,63060,1,1,0,0,0,0,0,0,0,0,0,0
2001,63061,0,1,0,0,0,0,0,0,0,0,0,0
2001,63061,1,1,0,0,0,0,0,0,0,0,0,0
2001,63062,0,1,14,14,14,14,14,14,14,14,14,14
2001,63062,1,1,16,15,19,18,10,39,13,0,0,37
2001,63063,1,1,21,21,21,21,21,21,21,21,21,21
2001,63064,1,1,0,0,0,0,10,0,0,15,0,11
2001,63065,1,1,0,0,0,0,0,0,0,0,0,0
2001,63066,1,1,0,0,0,0,0,0,32,0,0,0
2001,63067,1,1,0,0,0,0,0,0,0,0,0,0
2001,63068,0,1,0,0,0,0,0,0,0,0,0,0
2001,63068,1,1,0,0,0,0,0,9,0,0,0,0
2001,63069,1,1,0,0,0,0,0,0,0,0,0,0
2001,63070,1,1,0,0,0,0,0,0,0,0,0,0
2001,63070,2,1,0,0,0,0,0,0,0,0,0,0
2001,63070,3,1,0,0,0,0,0,0,0,0,0,0
2001,63071,0,1,0,0,0,0,0,0,0,0,0,0
2001,63071,0,2,20,0,0,10,2,11,0,0,17,13
2001,63071,0,3,0,0,33,9,4,0,19,17,0,25
2001,63071,1,1,0,0,0,0,0,0,0,0,0,0
2001,63071,2,1,0,0,0,0,0,0,0,0,0,0
2001,63072,0,1,0,0,0,0,0,0,0,0,0,0
2001,63072,0,2,0,0,0,0,0,0,0,0,0,0
2001,63072,1,1,0,0,0,0,0,0,0,0,0,0
2001,63073,1,1,0,0,0,0,0,0,0,0,0,0
2001,63073,2,1,0,0,0,0,0,0,0,0,0,0
2001,63074,1,1,7,7,7,7,7,7,7,7,7,7
2001,63075,1,1,0,0,0,0,0,0,0,0,0,0
2001,63075,2,1,0,0,0,0,0,0,0,0,0,0
2001,63076,1,1,0,0,0,0,0,0,0,0,0,0
2001,63076,2,1,0,0,0,0,0,0,0,0,0,0
2001,63076,3,1,0,0,0,0,0,13,0,0,8,0
2001,63076,4,1,0,0,20,0,0,0,0,0,0,0
2001,63076,5,1,0,0,0,0,0,0,0,0,0,0
2001,63077,0,1,0,0,0,0,0,0,0,0,0,0
2001,63077,1,1,0,0,0,0,0,0,0,9,0,0
2001,63078,1,1,8,0,0,0,0,0,0,0,0,0
2001,63079,1,1,0,0,0,0,0,0,0,0,0,0
2001,63079,2,1,0,0,0,0,0,0,0,0,0,0
2001,63080,1,1,14,14,14,14,14,14,14,14,14,14
2001,63080,2,1,0,0,0,0,0,0,0,0,0,0
2001,63081,1,1,0,0,0,0,0,0,0,0,0,0
2001,63081,2,1,0,0,0,5,0,0,0,0,0,0
2001,63082,1,1,0,0,0,0,0,0,0,0,0,0
2001,63082,2,1,0,0,0,0,0,0,0,0,0,0
2001,63083,1,1,2,2,2,2,2,2,2,2,2,2
2001,63083,2,1,0,0,0,0,0,0,0,0,0,0
2001,63084,1,1,0,0,0,0,0,0,0,0,0,0
2001,63084,2,1,0,0,0,0,0,0,0,0,0,0
2001,63085,0,1,23,23,23,23,23,23,23,23,23,23
2001,63085,1,1,0,0,0,0,0,0,0,0,0,0
2001,63086,1,1,0,0,0,0,0,0,0,0,0,0
2001,63086,2,1,0,0,0,0,0,0,0,0,0,0
2001,63087,1,1,0,0,0,0,0,0,0,0,0,0
2001,63087,2,1,0,0,0,0,0,0,0,0,0,0
2001,63087,3,1,0,0,0,0,0,0,0,0,0,0
2001,63088,1,1,32,32,32,32,32,32,32,32,32,32
2001,63088,2,1,0,0,0,0,0,0,0,8,0,0
2001,63089,1,1,0,0,0,0,0,0,0,0,0,0
2001,63089,2,1,0,0,0,0,0,0,0,0,0,0
2001,63090,1,1,0,0,0,0,13,0,0,0,0,0
2001,63090,2,1,0,0,0,0,0,0,0,19,0,12
2001,63091,1,1,15,0,0,0,0,0,0,0,0,0
2001,63091,2,1,0,0,0,0,0,0,0,0,0,0
2001,63092,1,1,0,0,0,0,0,0,0,0,0,0
2001,63093,1,1,0,0,0,0,0,0,0,0,0,0
2001,63094,1,1,0,0,0,0,0,0,0,0,0,0
2001,63095,1,1,0,0,0,0,0,0,0,0,0,0
2001,63096,1,1,0,0,0,0,0,0,0,0,0,0
2001,63097,1,1,0,0,0,0,0,0,0,0,0,0
2001,63098,1,1,0,0,0,0,0,0,0,0,0,0
2001,63099,1,1,0,0,0,0,0,0,0,0,0,0
2001,63099,2,1,0,0,0,0,0,0,0,0,0,0
2001,63100,1,1,0,0,0,0,0,0,0,0,0,0
2001,63100,2,1,0,0,0,0,0,15,0,0,0,0
2001,63100,3,1,0,0,0,17,0,0,0,0,0,0
2001,63100,4,1,0,0,0,0,0,0,0,0,0,0
2001,63101,1,1,0,0,0,0,0,0,0,0,0,0
2001,63102,1,1,3,3,3,3,3,3,3,3,3,3
2001,63103,1,1,0,0,0,0,0,0,0,0,0,0
2001,63103,2,1,0,0,0,0,0,0,0,0,0,0
2001,63103,3,1,0,0,0,0,0,0,0,0,0,0
2001,63104,1,1,0,0,0,0,0,0,0,0,0,0
2001,63104,2,1,0,0,0,0,0,0,0,0,0,0
2001,63104,3,1,0,0,0,0,0,0,0,0,0,0
2001,63105,1,1,0,0,1,0,0,0,0,0,0,0
2001,63105,2,1,0,0,0,0,0,0,0,0,15,0
2001,63105,3,1,0,0,0,0,0,0,0,0,0,0
2001,63105,4,1,0,0,0,0,0,0,0,0,0,0
2001,63105,5,1,0,0,0,0,0,0,0,0,0,0
2001,63105,6,1,0,0,0,0,0,0,0,0,0,0
2001,63105,7,1,0,0,0,0,0,0,0,0,0,0
2001,63105,8,1,0,0,0,0,0,0,0,0,0,0
2001,63105,9,1,0,0,0,0,0,0,0,0,0,0
2001,63105,10,1,0,0,0,0,0,0,0,0,0,0
2001,63105,11,1,0,0,0,0,0,0,0,0,0,0
2001,63105,12,1,0,0,0,0,0,0,0,0,0,0
2001,63105,13,1,0,0,0,0,0,0,0,0,0,0
2001,63105,14,1,8,0,0,0,0,0,0,0,0,0
2001,63105,15,1,0,0,0,0,0,0,0,0,0,0
2001,63105,16,1,0,0,0,0,0,0,0,0,0,0
2001,63106,1,1,0,0,0,0,0,0,0,0,0,0
2001,63107,1,1,18,18,18,18,18,18,18,18,18,18
2001,63108,1,1,0,18,0,12,12,0,29,0,0,0
2001,63109,0,1,0,0,0,0,0,0,0,0,0,0
2001,63109,1,1,0,0,0,0,0,0,0,0,0,0
2001,63110,1,1,0,0,0,0,0,0,0,0,0,0
2001,63110,2,1,0,0,0,0,0,0,0,0,0,0
2001,63111,1,1,16,16,16,16,16,16,16,16,16,16
2001,63111,2,1,0,0,0,0,0,0,0,0,0,0
2001,63111,3,1,0,0,0,0,0,0,0,0,0,0
2001,63112,1,1,0,0,0,0,0,0,0,0,0,0
2001,63112,2,1,1,1,1,1,1,1,1,1,1,1
2001,63113,0,1,0,0,0,0,0,0,0,0,0,0
2001,63113,0,2,0,21,0,0,0,29,22,0,32,0
2001,63113,1,1,0,0,0,0,0,0,0,0,0,0
2001,63114,1,1,24,24,24,24,24,24,24,24,24,24
2001,63115,1,1,0,0,0,0,0,0,0,0,0,0
2001,63115,2,1,0,0,0,0,0,0,0,0,0,0
2001,63116,1,1,0,0,0,0,0,0,0,0,0,0
2001,63116,2,1,0,0,0,0,0,0,0,0,0,0
2001,63117,1,1,0,0,0,0,0,0,0,0,0,0
2001,63117,2,1,0,0,0,0,0,0,0,0,0,0
2001,63118,0,1,30,30,30,30,30,30,30,30,30,30
2001,63118,1,1,30,30,30,30,30,30,30,30,30,30
2001,63119,1,1,0,0,0,0,0,0,0,0,0,0
2001,63119,2,1,0,0,0,0,0,0,0,0,0,0
2001,63120,1,1,0,0,0,0,0,0,0,0,0,0
2001,63121,1,1,0,0,0,0,0,0,0,0,0,0
2001,63121,2,1,0,0,0,0,9,0,0,0,0,0
2001,63122,1,1,14,14,14,14,14,14,14,14,14,14
2001,63123,1,1,0,0,0,0,0,0,0,0,0,0
2001,63123,2,1,0,0,0,0,0,0,0,0,0,0
2001,63124,1,1,0,0,0,0,0,0,0,0,0,0
2001,63125,0,1,0,0,0,0,0,0,0,0,0,0
2001,63125,1,1,0,0,0,0,0,0,0,0,0,0
2001,63126,1,1,0,0,0,0,0,0,0,0,0,0
2001,63127,1,1,12,12,12,12,12,12,12,12,12,12
2001,63128,1,1,24,24,24,24,24,24,24,24,24,24
2001,63129,1,1,22,22,22,22,22,22,22,22,22,22
2001,63130,1,1,0,0,0,0,0,0,0,0,0,0
2001,63131,1,1,9,9,9,9,9,9,9,9,9,9
2001,63132,1,1,16,16,16,16,16,16,16,16,16,16
2001,63133,1,1,0,0,0,0,0,0,0,0,0,0
2001,63134,1,1,20,20,20,20,20,20,20,20,20,20
2001,63135,1,1,18,18,18,18,18,18,18,18,18,18
2001,63135,2,1,8,8,8,8,8,8,8,8,8,8
2001,63136,1,1,0,0,0,0,0,0,0,0,0,0
2001,63137,1,1,5,0,0,0,0,0,0,0,0,0
2001,63138,1,1,0,0,0,0,0,0,0,0,0,0
2001,63138,2,1,0,0,0,0,0,0,0,0,0,0
2001,63138,3,1,0,0,0,0,0,0,0,0,0,0
2001,63138,4,1,0,0,10,0,0,0,0,0,0,0
2001,63139,1,1,0,0,0,0,12,0,0,0,0,0
2001,63139,2,1,0,0,0,0,0,0,0,0,0,0
2001,63140,0,1,0,0,0,0,0,0,0,0,0,0
2001,63140,1,1,0,0,0,0,0,0,0,0,0,0
2001,63140,2,1,0,0,0,0,0,0,0,0,0,0
2001,63141,1,1,8,8,8,8,8,8,8,8,8,8
2001,63141,2,1,0,0,0,0,0,0,0,0,0,0
2001,63142,1,1,0,0,0,0,0,0,0,0,0,0
2001,63142,2,1,0,0,0,0,24,0,0,0,0,0
2001,63143,1,1,0,0,0,0,0,15,5,0,0,11
2001,63143,2,1,0,0,0,22,8,5,0,0,0,0
2001,63144,1,1,0,0,0,0,0,0,0,0,0,0
2001,63144,2,1,0,0,0,0,0,0,0,0,0,0
2001,63145,1,1,0,0,0,0,0,0,0,0,0,0
2001,63145,2,1,0,0,0,0,0,0,0,0,0,0
2001,63145,3,1,0,0,0,0,0,0,0,0,0,0
2001,63146,0,1,0,0,0,0,0,0,0,0,0,0
2001,63146,0,2,16,0,0,0,0,0,0,0,0,0
2001,63146,1,1,14,19,17,13,13,11,0,8,15,19
2001,63147,0,1,0,0,0,0,0,0,0,0,0,0
2001,63147,1,1,0,0,0,0,0,0,0,0,15,0
2001,63147,2,1,0,0,0,0,0,0,0,0,0,0
2001,63148,1,1,0,0,0,0,0,0,0,0,0,0
2001,63148,2,1,0,0,0,0,0,0,0,0,0,0
2001,63149,1,1,0,0,0,0,0,0,0,0,0,0
2001,63150,1,1,0,0,0,0,0,0,0,0,0,0
2001,63151,0,1,0,0,0,0,0,0,0,0,0,0
2001,63151,1,1,0,0,0,0,0,0,0,0,0,0
2001,63152,1,1,0,0,0,0,0,0,0,0,0,0
2001,63152,2,1,0,0,0,0,0,0,0,0,0,0
2001,63153,1,1,0,0,0,0,0,0,0,0,0,0
2001,63154,0,1,28,28,28,28,28,28,28,28,28,28
2001,63154,1,1,0,0,0,0,0,0,0,0,0,0
2001,63155,1,1,0,0,0,0,0,0,0,0,0,0
2001,63155,2,1,0,0,0,0,0,0,0,0,0,0
2001,63156,1,1,0,13,0,0,0,0,17,0,0,0
2001,63156,2,1,0,0,0,0,0,23,0,0,0,20
2001,63157,0,1,20,20,20,20,20,20,20,20,20,20
2001,63157,1,1,0,15,10,14,0,11,0,0,13,0
2001,63158,1,1,0,0,0,0,0,0,0,0,0,0
2001,63158,2,1,0,0,0,0,0,0,0,0,0,0
2001,63159,1,1,5,5,5,5,5,5,5,5,5,5
2001,63159,2,1,0,0,0,0,0,0,19,0,0,0
2001,63159,3,1,0,0,0,0,0,0,0,0,0,0
2001,63160,1,1,0,0,0,0,0,0,0,0,0,0
2001,63160,2,1,0,0,0,0,0,0,0,0,0,0
2001,63161,0,1,0,0,0,0,0,0,0,0,0,0
2001,63161,1,1,0,5,0,14,0,0,0,16,18,0
2001,63162,0,1,0,0,0,0,0,0,0,0,0,0
2001,63162,1,1,0,0,0,0,0,0,0,0,0,0
2001,63163,1,1,19,19,19,19,19,19,19,19,19,19
2001,63164,1,1,18,18,18,18,18,18,18,18,18,18
2001,63165,0,1,0,0,0,0,0,0,0,0,0,0
2001,63165,1,1,0,0,0,0,0,0,0,0,0,0
2001,63166,1,1,0,0,0,0,0,0,0,0,0,0
2001,63167,1,1,0,0,18,0,0,0,0,0,0,0
2001,63168,1,1,0,15,0,0,0,0,0,0,15,0
2001,63169,1,1,0,0,0,0,0,0,0,0,0,0
2001,63170,1,1,0,0,0,0,0,0,0,0,0,0
2001,63171,1,1,0,0,0,0,0,0,0,0,0,0
2001,63171,2,1,0,0,0,0,0,0,0,0,0,0
2001,63172,1,1,0,0,0,0,0,21,0,0,0,0
2001,63173,1,1,0,0,0,0,0,0,0,0,0,0
2001,63173,2,1,0,0,0,0,0,0,0,0,0,0
2001,63174,1,1,0,0,12,0,14,0,0,0,12,5
2001,63175,1,1,0,0,0,0,0,0,0,0,0,0
2001,63176,1,1,0,0,0,0,0,0,0,0,15,0
2001,63177,0,1,0,0,0,0,0,0,0,0,0,0
2001,63177,0,2,0,0,0,0,0,0,0,0,0,0
2001,63177,0,3,0,0,0,0,0,0,0,0,0,0
2001,63177,1,1,0,0,0,0,0,0,0,0,0,0
2001,63178,1,1,0,0,0,0,0,0,0,0,0,0
2001,63178,2,1,0,0,0,0,0,0,0,0,0,0
2001,63179,0,1,0,0,0,0,0,0,0,0,0,0
2001,63179,1,1,16,0,19,14,0,0,0,0,0,0
2001,63180,0,1,0,0,0,0,0,0,0,0,0,0
2001,63180,1,1,0,0,0,0,0,0,0,0,0,0
2001,63181,0,1,0,0,0,0,0,0,0,0,0,0
2001,63181,1,1,0,0,0,0,0,0,0,0,0,0
2001,63182,0,1,27,27,27,27,27,27,27,27,27,27
2001,63182,1,1,22,20,12,27,20,27,0,0,21,6
2001,63183,1,1,0,0,0,0,0,0,0,0,0,0
2001,63184,0,1,0,0,0,0,0,0,0,0,0,0
2001,63184,1,1,0,0,0,0,0,0,0,0,0,0
2001,63184,2,1,0,0,0,0,0,0,0,0,0,0
2001,63185,0,1,14,0,0,27,0,0,0,32,0,32
2001,63185,1,1,0,0,0,0,0,0,0,0,0,0
2001,63186,1,1,0,0,0,0,0,0,0,0,0,0
2001,63186,2,1,4,4,4,4,4,4,4,4,4,4
2001,63187,1,1,0,0,0,0,0,0,0,0,0,0
2001,63187,2,1,0,18,0,11,0,0,0,0,0,0
2001,63188,1,1,0,0,0,0,0,0,0,0,0,0
2001,63188,2,1,0,0,0,0,0,0,0,0,0,0
2001,63189,1,1,8,8,8,8,8,8,8,8,8,8
2001,63190,0,1,0,0,0,0,0,0,0,0,0,0
2001,63190,1,1,0,0,0,0,0,0,0,0,0,0
2001,63191,0,1,0,0,0,0,0,0,0,0,0,0
2001,63191,1,1,0,0,0,0,0,0,0,0,0,11
2001,63192,1,1,7,7,7,7,7,7,7,7,7,7
2001,63193,0,1,3,3,3,3,3,3,3,3,3,3
2001,63193,1,1,0,0,0,0,0,0,0,0,0,0
2001,63194,1,1,0,0,0,0,0,0,0,0,0,0
2001,63195,0,1,11,11,11,11,11,11,11,11,11,11
2001,63195,1,1,0,0,0,24,6,0,0,0,0,0
2001,63196,1,1,15,15,15,15,15,15,15,15,15,15
2001,63197,1,1,25,25,25,25,25,25,25,25,25,25
2001,63198,1,1,0,0,0,0,0,0,0,0,0,0
2001,63198,2,1,0,0,0,0,0,0,0,0,0,0
2001,63198,3,1,0,0,0,0,0,0,0,0,0,0
2001,63199,1,1,0,0,0,0,0,0,0,0,0,0
2001,63199,2,1,0,0,0,0,0,0,0,0,0,0
2001,63200,0,1,0,0,0,0,0,0,0,0,0,0
2001,63200,1,1,0,0,0,0,0,0,0,0,0,0
2001,63201,1,1,0,0,0,0,0,0,0,0,0,0
2001,63202,0,1,0,0,0,0,0,0,0,0,0,0
2001,63202,0,2,0,0,7,0,13,0,0,0,0,0
2001,63202,1,1,0,0,0,0,0,0,0,0,0,0
2001,63203,0,1,33,33,33,33,33,33,33,33,33,33
2001,63203,1,1,0,0,0,0,0,0,0,0,0,0
2001,63204,1,1,0,0,0,0,0,0,0,0,0,0
2001,63204,2,1,0,0,0,0,0,0,0,0,0,0
2001,63205,0,1,0,0,0,0,0,0,0,0,0,0
2001,63205,1,1,0,0,0,0,0,0,0,0,0,0
2001,63206,1,1,0,0,0,0,0,0,0,0,0,0
2001,63207,1,1,16,16,16,16,16,16,16,16,16,16
2001,63208,1,1,6,6,6,6,6,6,6,6,6,6
2001,63209,1,1,12,12,12,12,12,12,12,12,12,12
2001,63210,0,1,0,0,0,0,0,0,0,0,0,0
2001,63210,1,1,14,9,4,0,0,0,0,0,6,0
2001,63211,1,1,17,17,17,17,17,17,17,17,17,17
2001,63212,1,1,14,14,14,14,14,14,14,14,14,14
2001,63212,2,1,0,0,0,0,0,0,0,0,0,0
2001,63213,1,1,24,24,24,24,24,24,24,24,24,24
2001,63214,1,1,10,10,10,10,10,10,10,10,10,10
2001,63214,2,1,0,0,0,0,0,0,0,0,0,0
2001,63215,1,1,0,0,0,0,0,0,0,0,0,0
2001,63215,2,1,0,0,0,0,0,0,0,16,0,0
2001,63216,0,1,18,18,18,18,18,18,18,18,18,18
2001,63216,1,1,0,0,0,0,0,0,0,0,9,0
2001,63217,1,1,0,0,0,0,0,0,0,0,0,0
2001,63217,2,1,0,0,0,0,0,0,0,0,0,0
2001,63218,1,1,0,0,0,0,0,0,0,0,0,0
2001,63218,2,1,0,0,0,0,0,0,0,0,0,0
2001,63219,0,1,8,8,8,8,8,8,8,8,8,8
2001,63219,1,1,5,5,5,5,5,5,5,5,5,5
2001,63220,1,1,0,0,0,0,0,0,0,0,0,0
2001,63221,1,1,0,0,0,0,0,0,0,0,0,0
2001,63222,1,1,4,0,0,0,0,0,0,0,0,0
2001,63222,2,1,0,0,0,5,0,0,0,0,0,0
2001,63223,1,1,0,0,0,0,0,0,0,0,0,0
2001,63224,1,1,0,0,0,0,0,0,0,0,0,0
2001,63224,2,1,2,2,2,2,2,2,2,2,2,2
2001,63225,1,1,14,14,14,14,14,14,14,14,14,14
2001,63225,2,1,0,0,0,0,0,0,0,0,0,0
2001,63226,1,1,0,0,0,0,0,0,0,0,0,0
2001,63226,2,1,0,0,0,0,0,0,0,0,0,0
2001,63227,1,1,0,0,0,0,0,0,0,0,0,0
2001,63227,2,1,0,0,0,0,0,0,0,0,0,0
2001,63228,1,1,17,17,17,17,17,17,17,17,17,17
2001,63229,1,1,33,33,33,33,33,33,33,33,33,33
2001,63230,1,1,0,0,0,0,0,0,0,0,0,0
2001,63230,2,1,0,0,0,0,0,0,0,0,0,0
2001,63231,1,1,14,0,0,0,0,0,0,0,0,0
2001,63231,2,1,0,0,0,0,0,0,0,0,0,0
2001,63231,3,1,0,0,0,0,0,0,0,0,0,10
2001,63232,0,1,0,0,0,0,0,0,0,0,0,0
2001,63232,1,1,0,0,0,16,0,0,0,0,0,6
2001,63233,0,1,0,0,0,0,0,0,0,0,0,0
2001,63233,1,1,0,0,0,0,0,0,0,0,0,0
2001,63234,1,1,0,0,0,0,0,0,0,0,0,0
2001,63235,1,1,6,0,21,26,0,0,0,0,0,0
2001,63236,1,1,24,24,24,24,24,24,24,24,24,24
2001,63237,1,1,27,27,27,27,27,27,27,27,27,27
2001,63238,0,1,22,22,22,22,22,22,22,22,22,22
2001,63238,1,1,0,0,0,0,0,0,0,0,0,0
2001,63239,0,1,16,16,16,16,16,16,16,16,16,16
2001,63239,1,1,0,0,0,0,0,0,0,0,0,0
2001,63240,1,1,20,20,20,20,20,20,20,20,20,20
2001,63241,0,1,0,0,0,0,0,0,0,0,0,0
2001,63241,1,1,0,0,0,0,0,0,0,0,0,0
2001,63242,0,1,0,0,0,0,0,0,0,0,0,0
2001,63242,1,1,0,0,0,0,0,0,0,0,0,0
2001,63243,0,1,12,12,12,12,12,12,12,12,12,12
2001,63243,1,1,0,0,0,0,0,13,12,0,16,0
2001,63244,0,1,0,0,0,0,0,0,0,0,0,0
2001,63244,1,1,0,33,7,0,0,14,13,0,15,12
2001,63245,1,1,0,0,0,0,0,0,0,0,0,0
2001,63245,2,1,0,0,0,0,0,0,0,0,0,0
2001,63246,1,1,6,6,6,6,6,6,6,6,6,6
2001,63246,2,1,0,0,0,0,0,0,0,0,0,0
2001,63247,1,1,35,35,35,35,35,35,35,35,35,35
2001,63248,1,1,0,0,0,0,0,0,0,0,0,0
2001,63249,1,1,25,25,25,25,25,25,25,25,25,25
2001,63249,2,1,0,0,0,0,0,0,0,0,0,0
2001,63250,1,1,0,0,0,0,0,0,0,0,0,0
2001,63250,2,1,0,0,0,0,0,0,0,0,0,0
2001,63251,1,1,0,0,0,0,0,0,0,0,0,0
2001,63251,2,1,0,0,0,0,0,0,0,0,0,15
2001,63252,1,1,0,0,0,0,0,0,10,0,0,0
2001,63252,2,1,0,0,0,0,0,0,0,0,0,0
2001,63253,1,1,0,0,0,0,0,0,0,0,0,0
2001,63254,1,1,0,0,0,0,0,0,0,0,0,0
2001,63255,1,1,0,0,0,0,0,0,0,0,0,0
2001,63255,2,1,0,0,0,0,0,0,0,0,0,0
2001,63255,3,1,0,0,0,0,0,0,0,0,0,0
2001,63256,1,1,0,0,0,0,0,0,0,0,0,0
2001,63257,1,1,0,0,0,0,0,0,0,0,0,0
2001,63257,2,1,0,0,0,0,0,0,0,0,0,0
2001,63258,1,1,12,12,12,12,12,12,12,12,12,12
2001,63258,2,1,0,0,0,0,0,0,0,0,0,0
2001,63259,1,1,4,4,4,4,4,4,4,4,4,4
2001,63259,2,1,0,0,0,0,0,0,0,0,0,0
2001,63260,1,1,26,26,26,26,26,26,26,26,26,26
2001,63261,1,1,0,0,0,0,0,0,0,0,0,0
2001,63261,2,1,0,0,0,0,0,0,0,0,0,0
2001,63262,1,1,0,0,0,0,0,0,0,0,0,0
2001,63263,1,1,28,28,28,28,28,28,28,28,28,28
2001,63264,1,1,21,21,21,21,21,21,21,21,21,21
2001,63265,1,1,0,0,0,0,0,0,0,0,0,0
2001,63266,1,1,0,0,0,0,0,0,0,0,0,0
2001,63267,0,1,24,24,24,24,24,24,24,24,24,24
2001,63267,1,1,0,13,0,2,0,0,0,0,16,0
2001,63268,1,1,10,10,10,10,10,10,10,10,10,10
2001,63269,1,1,0,0,0,0,0,7,0,0,0,0
2001,63269,2,1,0,0,0,0,0,0,0,0,0,0
2001,63269,3,1,0,0,0,0,0,0,0,0,0,0
2001,63270,0,1,0,0,0,0,0,0,0,0,0,0
2001,63270,1,1,0,0,11,8,19,18,27,0,17,0
2001,63271,1,1,0,0,0,0,0,0,0,0,0,0
2001,63271,2,1,0,0,0,0,0,0,0,0,0,0
2001,63272,1,1,0,0,0,0,0,0,0,0,0,0
2001,63273,1,1,2,2,2,2,2,2,2,2,2,2
2001,63273,2,1,0,0,0,0,0,0,0,0,0,0
2001,63274,1,1,14,14,14,14,14,14,14,14,14,14
2001,63275,1,1,23,23,23,23,23,23,23,23,23,23
2001,63275,2,1,0,0,0,10,0,0,0,0,0,0
2001,63276,1,1,0,0,0,0,0,0,0,0,0,0
2001,63276,2,1,0,0,0,0,0,0,0,0,0,0
2001,63277,1,1,0,0,0,0,0,0,0,0,0,0
2001,63278,1,1,0,0,0,0,0,0,0,0,0,0
2001,63279,1,1,0,0,0,0,4,0,11,0,0,0
2001,63279,2,1,0,0,0,0,0,0,0,0,0,0
2001,63280,1,1,7,7,7,7,7,7,7,7,7,7
2001,63280,2,1,0,0,0,0,0,0,0,0,0,0
2001,63281,1,1,24,24,24,24,24,24,24,24,24,24
2001,63282,0,1,23,23,23,23,23,23,23,23,23,23