YEAR,st_case,veh_no,per_no,P1,P2,P3,P4,P5,P6,P7,P8,P9,P10
2001,63282,1,1,0,0,0,0,0,0,0,0,0,0
2001,63283,1,1,0,0,0,0,0,0,0,0,0,0
2001,63284,1,1,0,0,0,0,0,0,0,0,0,0
2001,63284,2,1,0,0,0,0,0,0,0,0,0,0
2001,63284,3,1,0,0,0,0,0,0,0,0,0,0
2001,63284,4,1,0,0,0,0,0,0,0,0,0,0
2001,63285,0,1,14,14,14,14,14,14,14,14,14,14
2001,63285,1,1,0,0,0,0,0,11,0,0,0,0
2001,63286,0,1,17,17,17,17,17,17,17,17,17,17
2001,63286,1,1,0,24,0,0,0,0,0,0,0,0
2001,63287,1,1,0,0,0,0,0,0,0,0,0,0
2001,63287,2,1,0,0,0,0,0,0,0,0,0,0
2001,63287,3,1,0,0,0,0,0,0,0,0,0,0
2001,63288,1,1,22,22,22,22,22,22,22,22,22,22
2001,63289,1,1,20,20,20,20,20,20,20,20,20,20
2001,63290,0,1,5,5,5,5,5,5,5,5,5,5
2001,63290,1,1,0,0,0,0,0,0,0,0,0,0
2001,63290,2,1,0,0,0,0,0,0,0,0,0,0
2001,63291,0,1,0,0,0,0,0,0,0,0,0,0
2001,63291,1,1,0,0,0,0,0,0,0,0,0,0
2001,63292,1,1,0,0,0,0,0,0,0,0,0,0
2001,63292,2,1,0,0,0,0,0,0,0,0,0,0
2001,63293,1,1,0,0,0,0,0,0,0,0,0,0
2001,63293,2,1,0,0,0,0,0,0,0,0,0,0
2001,63294,1,1,0,0,0,0,0,0,0,0,0,0
2001,63294,2,1,0,0,0,0,0,0,0,0,0,0
2001,63295,1,1,0,0,0,0,0,0,0,0,0,0
2001,63295,2,1,0,0,0,0,0,0,0,0,0,0
2001,63296,0,1,0,0,0,0,0,0,0,0,0,0
2001,63296,1,1,0,0,0,0,0,0,0,0,0,0
2001,63297,1,1,19,19,19,19,19,19,19,19,19,19
2001,63298,1,1,23,23,23,23,23,23,23,23,23,23
2001,63298,2,1,0,0,0,0,0,0,0,0,0,0
2001,63299,1,1,8,8,8,8,8,8,8,8,8,8
2001,63299,2,1,0,0,0,0,0,0,0,0,0,0
2001,63300,0,1,0,0,0,0,0,0,0,0,0,0
2001,63300,1,1,0,0,0,0,0,0,9,0,0,0
2001,63301,1,1,17,17,17,17,17,17,17,17,17,17
2001,63302,1,1,0,0,0,0,0,0,0,0,0,0
2001,63303,0,1,0,0,0,0,0,0,0,0,0,0
2001,63303,0,2,37,0,5,9,11,0,0,22,0,0
2001,63303,1,1,0,0,0,0,0,0,0,0,0,0
2001,63304,1,1,24,24,24,24,24,24,24,24,24,24
2001,63304,2,1,0,0,0,0,0,0,0,0,0,0
2001,63305,1,1,0,0,0,0,0,0,0,0,0,0
2001,63306,0,1,0,0,0,0,0,0,0,0,0,0
2001,63306,1,1,0,0,0,0,0,0,0,0,0,0
2001,63307,0,1,0,0,0,0,0,0,0,0,0,0
2001,63307,1,1,0,0,0,0,0,0,0,15,14,14
2001,63308,0,1,0,0,0,0,0,0,0,0,0,0
2001,63308,1,1,0,0,0,0,0,0,0,0,0,0
2001,63309,0,1,25,25,25,25,25,25,25,25,25,25
2001,63309,1,1,0,0,0,10,0,0,0,0,0,0
2001,63310,1,1,18,18,18,18,18,18,18,18,18,18
2001,63311,1,1,0,0,0,0,0,0,0,0,0,0
2001,63312,1,1,0,0,0,0,0,0,0,0,0,0
2001,63313,1,1,0,0,0,0,0,0,0,0,0,0
2001,63314,1,1,5,5,5,5,5,5,5,5,5,5
2001,63315,1,1,0,18,15,11,0,43,16,0,12,7
2001,63316,1,1,0,20,0,18,0,6,0,0,16,0
2001,63317,1,1,0,0,0,0,0,0,0,0,0,0
2001,63317,2,1,0,0,0,0,0,0,0,0,0,0
2001,63318,1,1,8,8,8,8,8,8,8,8,8,8
2001,63318,2,1,0,0,0,0,0,0,0,0,0,0
2001,63319,0,1,0,0,0,0,0,0,0,0,0,0
2001,63319,1,1,1,1,1,1,1,1,1,1,1,1
2001,63320,1,1,0,0,0,0,0,0,0,0,0,0
2001,63320,2,1,0,0,0,0,0,0,0,0,0,0
2001,63321,0,1,0,0,0,0,0,0,0,0,0,0
2001,63321,1,1,0,0,0,0,0,0,0,0,0,0
2001,63322,1,1,0,0,0,0,0,0,0,0,0,0
2001,63322,2,1,0,0,0,0,0,0,0,0,0,0
2001,63323,1,1,22,22,22,22,22,22,22,22,22,22
2001,63323,2,1,0,7,18,0,0,0,0,0,0,14
2001,63323,3,1,0,0,0,22,0,0,3,0,0,0
2001,63324,1,1,0,0,0,0,0,0,0,4,0,0
2001,63325,1,1,0,0,0,0,0,0,0,0,0,0
2001,63326,1,1,26,26,26,26,26,26,26,26,26,26
2001,63327,0,1,31,16,0,0,0,0,29,0,20,0
2001,63327,1,1,0,0,12,0,0,0,0,0,0,0
2001,63328,1,1,0,0,0,0,0,0,0,0,0,0
2001,63329,1,1,7,0,0,0,0,0,0,0,0,0
2001,63329,2,1,0,0,0,0,0,0,0,0,0,0
2001,63329,3,1,0,0,0,0,0,0,0,0,0,0
2001,63330,1,1,0,0,0,0,0,0,0,0,0,0
2001,63330,2,1,0,0,0,0,0,0,0,0,0,0
2001,63330,3,1,0,0,0,18,0,0,22,0,0,0
2001,63331,1,1,0,0,0,0,0,0,0,0,0,0
2001,63331,2,1,0,0,0,0,0,0,0,0,0,0
2001,63331,3,1,8,8,8,8,8,8,8,8,8,8
2001,63332,0,1,28,26,0,27,15,14,10,14,18,28
2001,63332,1,1,0,0,0,0,0,0,0,0,0,0
2001,63333,1,1,0,0,0,0,0,11,0,0,0,0
2001,63334,0,1,23,29,28,14,10,13,7,25,13,4
2001,63334,1,1,0,0,0,0,0,0,0,24,0,0
2001,63335,1,1,0,0,0,0,0,0,0,0,0,0
2001,63335,2,1,0,0,0,0,0,0,0,0,0,0
2001,63336,0,1,0,0,0,0,0,0,0,0,0,0
2001,63336,1,1,0,0,0,0,0,11,0,0,0,0
2001,63337,1,1,0,0,0,0,0,0,0,0,0,18
2001,63338,0,1,16,0,0,0,0,0,0,0,0,22
2001,63338,1,1,13,0,0,26,0,0,0,0,0,0
2001,63339,1,1,0,0,0,0,0,0,0,0,0,0
2001,63339,2,1,0,0,0,0,0,0,0,0,0,0
2001,63340,1,1,3,3,3,3,3,3,3,3,3,3
2001,63341,1,1,0,0,0,0,0,0,0,0,0,0
2001,63342,1,1,0,0,0,0,0,0,0,0,0,0
2001,63343,1,1,0,0,0,0,0,0,0,0,0,0
2001,63344,1,1,18,18,18,18,18,18,18,18,18,18
2001,63345,1,1,27,27,27,27,27,27,27,27,27,27
2001,63346,1,1,0,0,0,0,0,17,0,0,0,0
2001,63347,1,1,0,12,7,16,6,0,10,8,7,5
2001,63348,1,1,0,0,0,0,0,0,0,0,0,0
2001,63349,0,1,0,0,0,0,0,0,0,0,0,0
2001,63349,1,1,0,0,0,0,0,0,0,0,0,0
2001,63350,0,1,0,0,0,0,0,0,0,0,0,0
2001,63350,1,1,0,0,0,0,0,0,0,0,0,0
2001,63350,2,1,0,0,0,9,0,8,0,6,5,0
2001,63351,1,1,0,0,0,0,0,0,0,0,0,0
2001,63352,1,1,0,0,0,0,0,0,0,0,0,0
2001,63353,1,1,0,0,0,0,0,25,0,0,15,0
2001,63354,1,1,0,0,0,0,0,0,0,0,0,0
2001,63354,2,1,2,2,2,2,2,2,2,2,2,2
2001,63354,3,1,0,0,0,0,0,0,0,0,0,0
2001,63355,1,1,15,21,29,33,31,5,29,14,9,30
2001,63355,2,1,0,0,0,0,0,0,0,0,0,0
2001,63356,0,1,0,0,0,0,0,0,0,0,0,0
2001,63356,1,1,0,0,0,0,0,0,0,0,0,0
2001,63357,0,1,0,0,0,0,0,0,0,0,0,0
2001,63357,1,1,0,0,0,0,0,0,0,0,0,0
2001,63358,0,1,0,0,0,0,0,0,0,0,0,0
2001,63358,1,1,0,0,0,10,0,0,0,0,0,0
2001,63359,0,1,27,0,0,0,0,0,0,26,0,0
2001,63359,1,1,0,0,0,0,0,0,0,0,0,0
2001,63360,1,1,0,0,0,0,0,0,0,0,0,0
2001,63360,2,1,0,0,0,0,0,0,0,0,0,0
2001,63361,0,1,0,0,0,0,0,0,0,0,0,0
2001,63361,1,1,0,0,0,0,0,0,16,0,0,0
2001,63362,1,1,18,18,18,18,18,18,18,18,18,18
2001,63363,0,1,26,26,26,26,26,26,26,26,26,26
2001,63363,1,1,18,0,17,0,0,0,0,0,21,0
2001,63364,0,1,0,0,0,0,0,0,0,0,0,0
2001,63364,1,1,4,0,0,0,0,0,0,0,0,0
2001,63365,0,1,27,27,27,27,27,27,27,27,27,27
2001,63365,1,1,0,0,0,0,0,0,0,0,0,0
2001,63366,0,1,0,0,0,0,0,0,0,0,0,0
2001,63366,1,1,0,0,6,0,0,0,0,0,0,0
2001,63367,1,1,22,22,22,22,22,22,22,22,22,22
2001,63368,1,1,27,27,27,27,27,27,27,27,27,27
2001,63369,1,1,29,29,29,29,29,29,29,29,29,29
2001,63370,0,1,0,0,0,0,0,0,0,0,0,0
2001,63370,1,1,12,8,0,0,0,4,0,0,0,0
2001,63371,1,1,0,0,0,0,0,0,0,0,0,0
2001,63371,2,1,0,0,0,0,0,0,0,0,0,0
2001,63372,1,1,0,0,0,0,0,0,0,0,0,0
2001,63373,1,1,0,0,0,0,0,0,0,0,0,0
2001,63374,0,1,0,0,0,0,0,0,0,0,0,0
2001,63374,1,1,0,0,0,0,0,0,0,22,0,0
2001,63375,1,1,0,0,0,0,0,0,0,0,0,0
2001,63376,1,1,14,14,14,14,14,14,14,14,14,14
2001,63377,1,1,0,0,0,0,0,0,0,0,0,0
2001,63378,1,1,0,0,0,0,0,0,0,0,0,0
2001,63379,1,1,0,0,0,0,0,0,0,0,0,0
2001,63380,0,1,0,0,0,0,0,0,0,0,0,0
2001,63380,0,2,0,0,0,0,0,0,0,0,0,0
2001,63380,1,1,11,0,0,0,0,0,0,0,0,0
2001,63381,1,1,0,0,0,0,0,0,0,0,0,0
2001,63381,2,1,0,0,0,0,0,0,0,0,0,0
2001,63382,0,1,48,48,48,48,48,48,48,48,48,48
2001,63382,1,1,0,0,0,0,0,0,0,0,0,0
2001,63383,1,1,18,18,18,18,18,18,18,18,18,18
2001,63384,0,1,0,0,0,0,0,0,0,0,14,0
2001,63384,1,1,0,0,0,0,0,0,0,0,0,0
2001,63384,2,1,0,0,0,0,0,0,0,0,0,0
2001,63385,1,1,0,0,0,0,0,0,0,0,0,0
2001,63386,1,1,0,0,0,0,0,0,0,0,0,0
2001,63387,1,1,0,0,0,0,0,0,0,0,0,0
2001,63388,1,1,0,0,0,0,0,0,0,0,0,0
2001,63389,1,1,21,21,21,21,21,21,21,21,21,21
2001,63390,1,1,6,6,6,6,6,6,6,6,6,6
2001,63391,0,1,0,0,0,0,0,0,0,0,0,0
2001,63391,1,1,0,0,0,0,0,0,0,0,0,0
2001,63392,1,1,0,0,0,0,0,0,0,0,0,0
2001,63392,2,1,0,0,0,0,0,0,0,0,0,0
2001,63392,3,1,0,0,0,0,0,0,0,0,0,0
2001,63392,4,1,16,0,0,0,0,18,0,0,0,0
2001,63392,5,1,0,0,0,0,0,0,0,0,0,0
2001,63393,1,1,20,20,20,20,20,20,20,20,20,20
2001,63393,2,1,0,0,0,0,0,0,14,0,0,0
2001,63393,3,1,0,0,0,0,0,0,0,0,0,0
2001,63394,1,1,9,9,9,9,9,9,9,9,9,9
2001,63394,2,1,8,24,16,8,0,13,9,24,7,0
2001,63395,1,1,0,10,30,29,14,15,0,31,30,14
2001,63396,0,1,0,0,0,0,0,0,0,0,0,0
2001,63396,1,1,0,0,0,0,0,0,0,0,0,0
2001,63397,1,1,0,0,0,0,0,0,0,0,0,0
2001,63398,1,1,0,17,7,0,0,0,0,0,0,0
2001,63399,1,1,0,0,0,0,17,0,0,19,0,0
2001,63399,2,1,0,0,0,0,0,0,0,0,0,0
2001,63400,1,1,26,26,26,26,26,26,26,26,26,26
2001,63400,2,1,0,0,0,0,0,0,0,0,0,0
2001,63401,1,1,11,11,11,11,11,11,11,11,11,11
2001,63401,2,1,0,0,10,0,0,0,14,0,0,0
2001,63402,0,1,0,0,0,0,0,0,0,0,0,0
2001,63402,1,1,0,0,0,0,0,0,0,0,0,0
2001,63403,0,1,0,0,0,0,0,0,0,0,0,0
2001,63403,1,1,0,0,8,14,14,0,13,12,3,11
2001,63404,0,1,0,0,0,0,0,0,0,0,0,0
2001,63404,1,1,0,19,0,0,0,0,0,0,0,0
2001,63405,1,1,0,0,0,0,0,0,0,0,0,0
2001,63406,1,1,0,0,0,0,0,0,0,0,0,0
2001,63406,2,1,20,10,8,29,5,5,0,0,16,0
2001,63407,1,1,0,0,10,0,0,0,0,0,0,0
2001,63407,2,1,0,0,16,0,0,0,0,0,0,0
2001,63407,3,1,0,0,0,0,0,0,0,0,0,0
2001,63408,1,1,0,0,0,0,0,0,0,0,0,0
2001,63409,1,1,0,0,0,0,0,0,0,0,0,0
2001,63409,2,1,0,0,0,0,0,0,0,0,0,0
2001,63409,3,1,0,0,0,0,0,0,0,0,0,0
2001,63410,1,1,27,27,27,27,27,27,27,27,27,27
2001,63411,0,1,0,0,0,0,0,0,0,0,0,0
2001,63411,1,1,0,0,0,0,0,0,0,0,0,0
2001,63412,1,1,22,22,22,22,22,22,22,22,22,22
2001,63413,1,1,0,0,0,0,0,0,0,0,0,0
2001,63414,0,1,0,0,0,0,0,0,0,0,0,0
2001,63414,1,1,0,0,0,0,0,0,0,0,0,0
2001,63415,0,1,0,0,0,0,0,0,0,0,0,0
2001,63415,1,1,0,0,0,0,0,0,0,0,0,0
2001,63415,2,1,0,0,0,0,0,0,0,0,0,0
2001,63416,0,1,0,0,0,0,0,0,0,0,0,0
2001,63416,1,1,0,0,0,0,0,0,0,0,0,0
2001,63417,0,1,0,0,0,0,0,0,0,0,0,0
2001,63417,1,1,17,8,7,9,0,0,9,9,10,7
2001,63418,1,1,0,0,0,0,0,0,0,0,0,0
2001,63418,2,1,0,0,0,0,0,0,0,0,0,0
2001,63419,0,1,0,0,0,12,0,0,0,0,19,19
2001,63419,0,2,0,16,18,6,9,3,0,0,0,14
2001,63419,1,1,21,21,21,21,21,21,21,21,21,21
2001,63420,1,1,12,12,12,12,12,12,12,12,12,12
2001,63421,1,1,0,0,0,0,0,0,0,0,0,0
2001,63421,2,1,0,0,0,0,0,0,0,0,0,0
2001,63422,0,1,0,0,0,0,0,0,0,0,0,0
2001,63422,1,1,0,0,0,0,0,0,0,0,0,0
2001,63423,1,1,0,0,0,0,0,0,0,0,0,0
2001,63424,0,1,0,0,0,0,0,0,0,0,0,0
2001,63424,0,2,0,0,0,0,0,0,0,0,0,0
2001,63424,1,1,0,0,0,0,0,0,0,0,0,0
2001,63425,0,1,0,0,0,0,0,0,0,0,5,0
2001,63425,1,1,0,0,0,0,0,0,0,0,0,0
2001,63426,1,1,1,1,1,1,1,1,1,1,1,1
2001,63426,2,1,24,24,24,24,24,24,24,24,24,24
2001,63427,1,1,0,0,0,0,0,0,0,0,0,0
2001,63427,2,1,19,19,19,19,19,19,19,19,19,19
2001,63428,1,1,8,0,3,4,7,8,0,21,12,12
2001,63428,2,1,0,0,0,0,0,0,0,0,0,0
2001,63428,3,1,0,0,0,0,0,0,0,0,0,0
2001,63428,4,1,0,0,0,0,0,0,0,0,0,0
2001,63429,1,1,19,19,19,19,19,19,19,19,19,19
2001,63430,1,1,0,23,0,0,30,0,16,11,0,0
2001,63430,2,1,0,0,0,0,0,0,0,0,0,0
2001,63431,1,1,0,0,18,0,0,0,0,0,0,0
2001,63432,1,1,0,0,0,0,0,0,0,0,0,0
2001,63433,1,1,20,20,20,20,20,20,20,20,20,20
2001,63434,1,1,0,0,0,0,0,0,0,0,0,0
2001,63434,2,1,0,0,0,0,0,0,0,0,0,0
2001,63435,0,1,27,27,27,27,27,27,27,27,27,27
2001,63435,1,1,0,0,0,0,0,0,0,0,0,0
2001,63436,1,1,0,0,0,0,0,0,0,7,0,0
2001,63436,2,1,0,0,0,0,0,0,0,0,0,0
2001,63437,1,1,0,0,0,0,0,0,0,0,0,0
2001,63437,2,1,0,0,0,0,0,0,0,0,0,0
2001,63438,0,1,0,0,0,0,0,0,0,0,0,0
2001,63438,0,2,0,0,0,0,0,0,0,0,0,0
2001,63438,0,3,0,0,0,0,0,0,0,0,0,0
2001,63438,1,1,0,0,0,0,0,0,0,0,0,0
2001,63439,0,1,0,0,0,0,0,0,0,0,0,0
2001,63439,1,1,0,0,0,9,0,13,0,0,17,11
2001,63440,1,1,1,1,1,1,1,1,1,1,1,1
2001,63440,2,1,0,0,0,0,0,0,0,0,0,0
2001,63441,1,1,0,0,0,0,0,0,0,0,0,0
2001,63441,2,1,0,0,0,0,0,0,0,0,0,0
2001,63442,1,1,0,0,0,0,0,0,0,0,0,0
2001,63443,0,1,0,0,0,0,0,0,0,0,0,0
2001,63443,1,1,0,0,0,0,0,0,0,0,11,0
2001,63443,2,1,0,0,0,0,0,0,0,0,18,0
2001,63443,3,1,0,0,6,22,0,0,0,15,14,0
2001,63443,4,1,0,0,0,0,0,0,0,0,7,0
2001,63444,0,1,10,10,10,10,10,10,10,10,10,10
2001,63444,1,1,0,0,0,0,0,0,0,0,18,0
2001,63445,1,1,0,0,0,0,0,0,0,0,0,0
2001,63446,0,1,34,34,34,34,34,34,34,34,34,34
2001,63446,1,1,0,0,0,0,0,18,0,0,0,0
2001,63447,1,1,19,19,19,19,19,19,19,19,19,19
2001,63448,1,1,0,0,0,0,0,0,0,0,0,0
2001,63449,1,1,15,15,15,15,15,15,15,15,15,15
2001,63450,1,1,0,0,0,0,0,0,0,0,0,0
2001,63451,1,1,0,0,0,0,0,0,0,0,0,0
2001,63452,1,1,20,20,20,20,20,20,20,20,20,20
2001,63452,2,1,0,0,0,0,0,0,0,0,0,0
2001,63453,1,1,0,0,0,0,0,0,0,0,0,0
2001,63453,2,1,0,0,0,11,0,0,0,0,0,0
2001,63454,1,1,0,0,5,0,0,0,0,0,0,0
2001,63454,2,1,0,0,0,0,0,0,0,0,0,0
2001,63454,3,1,0,0,0,0,0,0,0,0,0,0
2001,63455,0,1,0,0,0,0,0,0,0,0,0,0
2001,63455,1,1,0,9,0,0,0,0,0,0,0,0
2001,63456,1,1,0,0,0,0,0,0,0,0,0,0
2001,63456,2,1,0,0,0,0,0,0,0,0,0,0
2001,63457,0,1,0,0,0,0,0,0,0,0,0,0
2001,63457,1,1,0,0,0,0,0,0,0,0,0,0
2001,63458,1,1,13,13,13,13,13,13,13,13,13,13
2001,63458,2,1,0,0,0,0,0,0,0,0,0,0
2001,63459,0,1,3,3,3,3,3,3,3,3,3,3
2001,63459,1,1,4,8,0,0,0,0,0,6,0,0
2001,63460,0,1,0,25,0,0,20,16,0,0,0,0
2001,63460,0,2,0,0,0,0,0,0,0,0,0,0
2001,63460,1,1,14,7,0,27,0,19,2,12,17,16
2001,63461,0,1,0,0,0,0,0,0,0,0,0,0
2001,63461,1,1,0,0,0,0,0,0,0,0,0,0
2001,63462,1,1,0,0,0,0,0,0,0,0,0,0
2001,63462,2,1,0,0,0,0,0,15,0,0,0,0
2001,63463,0,1,0,0,0,0,0,0,0,0,0,0
2001,63463,1,1,0,0,0,0,0,0,0,0,0,0
2001,63464,1,1,0,0,0,0,0,0,0,0,0,0
2001,63465,1,1,22,22,22,22,22,22,22,22,22,22
2001,63465,2,1,0,0,0,0,0,0,0,0,0,0
2001,63466,1,1,12,12,12,12,12,12,12,12,12,12
2001,63466,2,1,0,0,0,0,0,0,0,0,0,0
2001,63467,1,1,0,0,0,0,0,0,0,0,0,0
2001,63467,2,1,0,0,0,0,0,0,0,0,0,0
2001,63468,0,1,0,0,0,0,0,0,0,0,0,0
2001,63468,1,1,0,0,0,0,0,0,0,0,0,0
2001,63469,1,1,0,0,0,0,3,0,0,0,0,0
2001,63470,0,1,0,0,0,0,0,0,0,0,0,0
2001,63470,0,2,0,19,18,21,0,0,17,0,25,8
2001,63470,1,1,0,0,0,0,0,0,0,0,0,0
2001,63471,1,1,0,0,0,0,0,0,0,0,0,0
2001,63471,2,1,0,0,0,0,0,0,0,0,0,0
2001,63471,3,1,0,0,0,0,0,0,0,0,0,0
2001,63472,1,1,0,0,0,0,0,0,0,0,0,0
2001,63473,1,1,0,0,0,0,0,0,0,0,0,0
2001,63473,2,1,0,0,0,0,0,0,0,0,0,0
2001,63474,0,1,0,0,0,0,0,0,0,0,0,0
2001,63474,1,1,0,0,0,0,0,0,0,31,0,0
2001,63475,1,1,0,0,0,0,0,0,0,0,0,0
2001,63476,1,1,0,0,0,0,0,0,0,0,0,0
2001,63477,1,1,0,0,0,0,19,12,12,15,8,0
2001,63478,1,1,0,0,0,0,0,0,0,0,0,0
2001,63478,2,1,0,0,0,0,0,0,0,16,0,0
2001,63479,1,1,13,13,13,13,13,13,13,13,13,13
2001,63480,1,1,8,8,8,8,8,8,8,8,8,8
2001,63481,0,1,14,14,14,14,14,14,14,14,14,14
2001,63481,1,1,16,16,16,16,16,16,16,16,16,16
2001,63482,1,1,16,4,3,35,16,9,15,8,15,11
2001,63483,0,1,0,0,21,9,0,0,7,0,0,28
2001,63483,1,1,0,0,0,0,0,0,0,0,0,0
2001,63484,1,1,9,9,9,9,9,9,9,9,9,9
2001,63484,2,1,43,17,5,11,18,21,3,5,10,0
2001,63485,0,1,20,20,20,20,20,20,20,20,20,20
2001,63485,1,1,7,23,4,10,11,0,6,0,13,25
2001,63486,1,1,0,0,0,0,0,0,0,0,0,0
2001,63486,2,1,0,0,0,0,0,0,0,0,0,0
2001,63486,3,1,0,0,0,0,0,0,0,0,0,0
2001,63487,0,1,10,10,10,10,10,10,10,10,10,10
2001,63487,1,1,0,0,0,0,0,0,5,0,0,0
2001,63488,0,1,0,0,0,0,0,0,0,0,0,0
2001,63488,1,1,0,0,0,0,0,0,0,0,0,0
2001,63489,1,1,6,6,6,6,6,6,6,6,6,6
2001,63489,2,1,0,0,0,0,0,0,0,0,0,0
2001,63490,0,1,0,0,0,0,0,0,0,0,0,0
2001,63490,1,1,0,0,0,0,0,0,0,0,0,0
2001,63491,1,1,0,0,15,3,0,0,28,0,0,0
2001,63491,2,1,0,0,0,0,0,0,0,0,0,0
2001,63492,0,1,0,0,0,0,0,0,0,0,0,0
2001,63492,1,1,8,8,8,8,8,8,8,8,8,8
2001,63493,1,1,26,11,26,7,19,14,7,13,11,13
2001,63494,1,1,0,0,0,0,0,0,0,0,0,0
2001,63494,2,1,0,0,0,0,0,0,0,0,0,0
2001,63495,0,1,0,0,0,0,0,0,0,0,0,0
2001,63495,0,2,0,0,0,0,0,0,0,0,0,0
2001,63495,1,1,0,0,0,0,0,0,0,0,0,0
2001,63496,0,1,0,0,0,0,0,0,0,0,0,0
2001,63496,1,1,7,25,16,14,28,21,14,0,19,19
2001,63497,1,1,0,0,0,0,0,0,0,0,0,0
2001,63497,2,1,0,0,0,0,0,0,0,0,0,0
2001,63498,1,1,2,2,2,2,2,2,2,2,2,2
2001,63499,0,1,0,0,0,0,0,0,0,0,0,0
2001,63499,1,1,0,18,0,0,0,0,0,0,0,0
2001,63500,0,1,0,0,0,13,0,0,0,2,0,0
2001,63500,1,1,0,0,0,0,0,0,0,0,0,0
2001,63501,0,1,0,0,0,0,0,0,0,0,28,0
2001,63501,1,1,4,0,0,13,0,0,4,0,0,0
2001,63502,1,1,20,20,20,20,20,20,20,20,20,20
2001,63502,2,1,0,0,0,23,0,0,0,0,0,2
2001,63503,1,1,15,22,24,0,7,7,16,6,13,5
2001,63503,2,1,4,4,4,4,4,4,4,4,4,4
2001,63504,0,1,0,0,0,0,0,0,0,0,0,0
2001,63504,0,2,0,0,0,0,0,0,0,0,0,0
2001,63504,1,1,0,0,0,0,0,0,0,0,0,0
2001,63505,1,1,0,0,0,0,0,0,0,0,24,10
2001,63505,2,1,0,0,0,0,0,0,11,0,0,9
2001,63506,1,1,0,0,0,0,0,0,0,0,0,0
2001,63506,2,1,0,0,0,0,0,0,0,0,0,0
2001,63507,0,1,0,0,0,0,0,0,0,0,0,0
2001,63507,1,1,0,0,0,0,0,0,0,0,0,0
2001,63508,1,1,0,0,0,0,0,0,0,0,0,0
2001,63508,2,1,4,4,4,4,4,4,4,4,4,4
2001,63509,1,1,0,0,0,0,0,0,0,0,0,0
2001,63510,0,1,25,25,25,25,25,25,25,25,25,25
2001,63510,1,1,0,0,0,0,0,0,0,12,0,0
2001,63511,1,1,21,21,21,21,21,21,21,21,21,21
2001,63512,0,1,0,0,0,0,0,0,0,0,0,0
2001,63512,1,1,0,0,0,0,0,0,0,0,0,0
2001,63513,0,1,0,0,18,0,15,28,19,53,0,23
2001,63513,1,1,0,0,0,0,0,0,0,22,0,0
2001,63514,1,1,0,0,0,0,0,0,0,0,0,0
2001,63515,1,1,13,13,13,13,13,13,13,13,13,13
2001,63516,1,1,0,0,0,0,0,0,0,0,0,0
2001,63517,1,1,0,0,0,0,0,0,0,0,0,0
2001,63517,2,1,0,0,0,0,0,0,0,0,0,0
2001,63517,3,1,0,0,0,0,0,0,0,0,0,0
2001,63518,1,1,0,0,0,0,0,0,0,0,0,0
2001,63518,2,1,0,0,0,0,0,0,0,0,0,0
2001,63519,1,1,11,7,13,11,3,7,0,0,20,5
2001,63519,2,1,0,0,0,0,0,0,0,0,0,0
2001,63520,1,1,0,0,0,0,0,0,0,0,0,0
2001,63520,2,1,0,0,0,0,0,0,0,0,0,0
2001,63520,3,1,0,0,0,0,0,0,0,0,0,0
2001,63520,4,1,0,0,0,0,0,0,0,0,0,0
2001,63521,0,1,0,0,0,0,0,0,0,0,0,0
2001,63521,1,1,0,0,0,0,0,0,0,0,0,0
2001,63522,0,1,0,0,0,0,0,0,0,0,0,0
2001,63522,1,1,0,0,0,0,0,0,0,0,0,0
2001,63523,0,1,0,24,0,0,19,0,0,15,0,0
2001,63523,1,1,0,0,0,0,0,0,0,4,0,0
2001,63524,1,1,0,0,0,0,0,0,0,0,0,0
2001,63524,2,1,0,0,10,0,0,0,0,0,0,0
2001,63525,1,1,0,0,0,0,0,0,0,0,0,0
2001,63525,2,1,0,0,0,0,0,0,0,0,0,0
2001,63525,3,1,0,0,0,0,0,0,0,0,0,0
2001,63526,1,1,0,0,0,0,0,0,0,0,0,0
2001,63526,2,1,0,0,0,0,0,0,0,0,0,0
2001,63526,3,1,0,0,0,0,0,0,0,0,0,0
2001,63526,4,1,0,0,0,0,0,0,0,0,0,0
2001,63527,0,1,16,16,16,16,16,16,16,16,16,16
2001,63527,1,1,0,0,0,11,0,0,0,0,0,0
2001,63528,1,1,1,1,1,1,1,1,1,1,1,1
2001,63529,0,1,0,0,0,0,0,0,0,0,0,0
2001,63529,1,1,0,0,0,0,0,0,0,0,0,0
2001,63530,0,1,0,0,0,0,0,0,0,0,0,0
2001,63530,1,1,0,0,0,0,0,0,0,0,0,0
2001,63531,0,1,15,15,15,15,15,15,15,15,15,15
2001,63531,1,1,0,0,0,0,0,0,0,0,0,0
2001,63532,0,1,25,25,25,25,25,25,25,25,25,25
2001,63532,1,1,17,17,13,6,10,9,5,25,9,16
2001,63533,1,1,0,0,0,0,0,0,0,0,29,0
2001,63534,1,1,0,0,0,0,0,0,0,0,0,0
2001,63535,1,1,0,0,0,0,0,0,0,0,0,0
2001,63535,2,1,0,0,0,30,0,0,0,0,0,0
2001,63536,0,1,19,19,19,19,19,19,19,19,19,19
2001,63536,1,1,7,10,0,0,2,23,0,13,16,22
2001,63537,0,1,0,0,0,0,0,0,0,0,0,0
2001,63537,1,1,18,18,18,18,18,18,18,18,18,18
2001,63538,0,1,6,6,6,6,6,6,6,6,6,6
2001,63538,1,1,17,17,17,17,17,17,17,17,17,17
2001,63539,1,1,17,17,17,17,17,17,17,17,17,17
2001,63540,0,1,0,0,0,0,0,0,0,0,0,0
2001,63541,1,1,10,10,10,10,10,10,10,10,10,10
2001,63542,0,1,0,0,0,0,0,0,0,0,0,0
2001,63542,1,1,12,12,12,12,12,12,12,12,12,12
2001,63543,0,1,0,0,0,14,0,0,0,0,4,3
2001,63543,1,1,0,0,0,0,0,0,0,0,0,0
2001,63543,2,1,0,0,0,0,0,0,0,0,0,0
2001,63544,0,1,0,0,0,0,0,0,0,0,0,0
2001,63544,1,1,0,0,0,0,0,0,0,0,0,0
2001,63545,1,1,0,0,0,0,0,0,0,0,0,0
2001,63546,1,1,21,21,21,21,21,21,21,21,21,21
2001,63547,1,1,10,0,0,10,0,17,0,0,0,22